"","date","mean_snow","snow_pixels","available_pixels","total_pixels","available_percent","snow_cover_percent"
"1",2000-06-01,83.9652827487473,8237,8382,6265136,0.133787997578983,98.2701026008113
"2",2000-06-02,70.6141164090101,39556,39911,6265136,0.637033258336291,99.1105209090226
"3",2000-06-03,75.4134993973483,24497,24890,6265136,0.397277888301228,98.4210526315789
"4",2000-06-04,77.0746781531314,20368,20662,6265136,0.329793319730011,98.5770980543994
"5",2000-06-05,76.8521670493685,69196,69680,6265136,1.11218655109801,99.3053960964409
"6",2000-06-06,73.6580634045486,28501,29020,6265136,0.463198245018145,98.2115782219159
"7",2000-06-07,76.7844536237326,83753,85216,6265136,1.36016201404088,98.2831862561021
"8",2000-06-08,77.1491766498751,23275,23623,6265136,0.377054863613495,98.5268594166702
"9",2000-06-09,72.3509957754979,40469,41425,6265136,0.661198735350677,97.6922148461074
"10",2000-06-10,75.6418973466569,54156,55741,6265136,0.889701356842054,97.1564916309359
"11",2000-06-11,73.3761565067012,91239,92520,6265136,1.47674368122256,98.6154345006485
"12",2000-06-12,71.52506498329,43946,45781,6265136,0.730726356139755,95.9917869858675
"13",2000-06-13,80.1679166456939,98505,99335,6265136,1.5855202504782,99.1644435496049
"14",2000-06-14,77.5303216974675,35866,36525,6265136,0.582988142635691,98.19575633128
"15",2000-06-15,78.4402939160089,55558,56887,6265136,0.90799305873009,97.6637896180147
"16",2000-06-16,74.9808202407672,43024,44109,6265136,0.704038986543947,97.5401845428371
"17",2000-06-17,75.909371436238,28904,29814,6265136,0.475871553307063,96.9477426712283
"18",2000-06-18,74.3088188248676,54096,56266,6265136,0.898081063204374,96.1433192336402
"19",2000-06-19,77.5806477977141,153686,159062,6265136,2.53884353029208,96.620185839484
"20",2000-06-20,78.5679527508506,102989,109039,6265136,1.74040914674478,94.4515265180348
"21",2000-06-21,74.8977026142665,28014,29033,6265136,0.463405742509021,96.4902008059794
"22",2000-06-22,79.828109073382,121385,126557,6265136,2.02001999637358,95.9133038867862
"23",2000-06-23,85.0953768863493,147620,156453,6265136,2.49720038000771,94.354215003867
"24",2000-06-24,77.803954168761,71038,77589,6265136,1.23842483227818,91.5567928443465
"25",2000-06-25,82.2175146079125,128957,134345,6265136,2.14432695475405,95.9894301983699
"26",2000-06-26,79.7292016778019,68172,73191,6265136,1.16822683498012,93.1425994999385
"27",2000-06-28,79.667912421112,27286,28363,6265136,0.452711641056156,96.2027994217819
"28",2000-06-29,69.9706950761623,55013,65518,6265136,1.04575543132663,83.966238285662
"29",2000-06-30,63.7197484704283,4590,5884,6265136,0.093916556639792,78.0081577158396
"30",2000-07-01,66.3073530658977,18522,23582,6265136,0.376400448449962,78.5429564922399
"31",2000-07-02,53.8254098360656,735,1220,6265136,0.0194728414514865,60.2459016393443
"32",2000-07-03,74.1196143154969,10656,11512,6265136,0.183747008843862,92.5642807505212
"33",2000-07-04,77.8500600102875,31764,34994,6265136,0.55855132274862,90.7698462593587
"34",2000-07-05,78.262550071447,38806,42689,6265136,0.681373876002053,90.903979947996
"35",2000-07-06,75.4004668786792,51774,59116,6265136,0.943570897742683,87.5803504973273
"36",2000-07-07,69.6639278785804,24702,26289,6265136,0.419607810588629,93.9632545931758
"37",2000-07-08,63.2030432715169,9381,10515,6265136,0.16783354742818,89.2154065620542
"38",2000-07-09,63.5436077852806,13799,17623,6265136,0.281286790901267,78.3010838109289
"39",2000-07-10,76.0684045569872,17605,20101,6265136,0.320839004931417,87.5827073279936
"40",2000-07-11,67.9724824739566,49767,61052,6265136,0.974472062537828,81.5157570595558
"41",2000-07-12,73.7455591404835,116711,138543,6265136,2.21133268296171,84.2417155684517
"42",2000-07-13,80.1435580451999,92102,103540,6265136,1.65263770810402,88.9530616186981
"43",2000-07-14,70.0175035990707,54592,70157,6265136,1.11980011287864,77.814045640492
"44",2000-07-15,71.0246029595799,63026,77511,6265136,1.23717984733292,81.3123298628582
"45",2000-07-16,71.6913647585692,30114,34834,6265136,0.555997507476294,86.4500200953092
"46",2000-07-17,69.3063372226035,14245,17484,6265136,0.279068163883434,81.4744909631663
"47",2000-07-18,43.5808823529412,1623,3264,6265136,0.0520978315554523,49.7242647058824
"48",2000-07-19,67.0940683200097,87289,114959,6265136,1.83490031182084,75.9305491523065
"49",2000-07-20,65.1087840891969,10736,13274,6265136,0.211870899530353,80.8799156245291
"50",2000-07-21,60.066998362782,32530,47031,6265136,0.750678037954803,69.1671450745253
"51",2000-07-22,60.4865449676625,54954,83649,6265136,1.33515058571753,65.6959437650181
"52",2000-07-23,50.446384089996,27841,49780,6265136,0.794555776602455,55.9280835676979
"53",2000-07-24,60.0326369642344,87351,128811,6265136,2.05599686902248,67.8133078696695
"54",2000-07-25,55.7754791522076,69573,112386,6265136,1.79383176997275,61.9053974694357
"55",2000-07-26,56.7733559795859,77026,123052,6265136,1.96407548056419,62.5963007509021
"56",2000-07-27,53.0603765861646,5832,9772,6265136,0.155974267757316,59.6807204257061
"57",2000-07-28,59.4373663578047,9211,11224,6265136,0.179150141353675,82.0652173913043
"58",2000-07-29,64.0069224600059,19619,23691,6265136,0.378140235104234,82.8120383267908
"59",2000-07-30,57.9819828115408,24694,32580,6265136,0.5200206348274,75.7949662369552
"60",2000-07-31,60.5802223987291,13671,17626,6265136,0.281334674937623,77.5615567911041
"61",2000-08-01,50.4036811814529,11733,18418,6265136,0.293976060535637,63.7039852318384
"62",2000-08-02,66.0793007143241,36526,37238,6265136,0.594368581942994,98.0879746495515
"63",2000-08-03,60.3140977486399,33151,43929,6265136,0.70116594436258,75.464954813449
"64",2000-08-04,67.775288340387,53312,61906,6265136,0.988103051553869,86.1176622621394
"65",2000-08-05,42.2558594484782,13301,26581,6265136,0.424268523460624,50.0395018998533
"66",2000-08-18,59.9450602790446,56372,88588,6265136,1.41398367090515,63.6339007540525
"67",2000-08-19,64.3724501430408,134191,192952,6265136,3.07977352766165,69.5463120361541
"68",2000-08-20,62.8053108675612,108623,156208,6265136,2.49328985037196,69.5374116562532
"69",2000-08-21,69.7628368486689,30056,36886,6265136,0.588750188343876,81.4834896708778
"70",2000-08-22,49.2370058889567,64939,101546,6265136,1.62081078527266,63.9503279301991
"71",2000-08-23,56.9008743936205,94605,132549,6265136,2.11566037832219,71.3736052327818
"72",2000-08-24,55.5287212651486,26483,36802,6265136,0.587409435325905,71.9607630020108
"73",2000-08-25,48.7352153386646,30809,51895,6265136,0.828314022233516,59.3679545235572
"74",2000-08-26,55.692774501295,97480,146329,6265136,2.33560771865128,66.6170068817528
"75",2000-08-27,46.3426959825026,19622,34748,6265136,0.554624831767419,56.4694370899045
"76",2000-08-28,53.8877385326538,111833,168740,6265136,2.6933174315769,66.2753348346569
"77",2000-08-29,42.3516802320896,13288,24818,6265136,0.396128671428681,53.5417841888952
"78",2000-08-30,54.2652212652213,28743,40404,6265136,0.644902201644146,71.1389961389961
"79",2000-08-31,59.7288346976954,57663,75371,6265136,1.20302256806556,76.5055525334678
"80",2000-09-01,60.5192913305837,38093,49219,6265136,0.785601461803862,77.3949084703062
"81",2000-09-02,64.1348463540404,96018,123726,6265136,1.97483342739886,77.6053537655788
"82",2000-09-03,57.6323081185924,35065,50526,6265136,0.806462940309676,69.3999129161224
"83",2000-09-04,38.1570117955439,5044,11445,6265136,0.182677598698576,44.0716470074268
"84",2000-09-05,54.7790504736927,37151,56049,6265136,0.894617451241282,66.2830737390498
"85",2000-09-06,50.5943614878985,15944,26319,6265136,0.42008665095219,60.5798092632699
"86",2000-09-07,61.5459361366719,41472,54554,6265136,0.870755239790485,76.0200901858709
"87",2000-09-08,50.4359562088256,36374,62387,6265136,0.995780458716299,58.3038132944363
"88",2000-09-09,50.674611926372,7098,11789,6265136,0.188168301534077,60.208669098312
"89",2000-09-10,42.1553481517868,3558,8143,6265136,0.129973236015946,43.6939702812231
"90",2000-09-11,51.2677394338891,3456,5158,6265136,0.0823286198416124,67.0027142303218
"91",2000-09-12,53.1413882480276,43917,70218,6265136,1.12077375495121,62.5437921900367
"92",2000-09-13,57.9455530385108,42548,50765,6265136,0.810277701872713,83.8136511375948
"93",2000-09-14,50.1674629996504,10505,17162,6265136,0.273928610647877,61.2108145903741
"94",2000-09-15,50.1521829443311,28681,52956,6265136,0.845249009758128,54.1600574061485
"95",2000-09-16,57.2874887366657,71240,103211,6265136,1.6473864254503,69.02365057988
"96",2000-09-17,58.2187381178707,60997,84160,6265136,1.34330683324352,72.4774239543726
"97",2000-09-18,61.7793314974523,49159,60643,6265136,0.967943872247945,81.0629421367676
"98",2000-09-19,59.8086743020962,54509,70461,6265136,1.12465236189605,77.3605256808731
"99",2000-09-20,59.9504714482466,16063,18878,6265136,0.301318279443575,85.0884627608857
"100",2000-09-21,55.6005721716515,38366,57675,6265136,0.920570598946296,66.5210229735587
"101",2000-09-22,53.8614695243751,12837,18523,6265136,0.295652001808101,69.3030286670626
"102",2000-09-23,51.821935483871,812,1550,6265136,0.024740085450659,52.3870967741936
"103",2000-09-24,56.9805167536027,62240,90488,6265136,1.44431022726402,68.7826010078685
"104",2000-09-25,48.86339195472,13465,24735,6265136,0.394803879756162,54.4370325449768
"105",2000-09-26,58.8910040674747,37957,48433,6265136,0.77305584427856,78.3701195465901
"106",2000-09-27,52.781935023206,17988,28010,6265136,0.447077286111586,64.2199214566226
"107",2000-09-28,64.3914648354934,75909,96987,6265136,1.54804301135682,78.2671904482044
"108",2000-09-29,60.6037348949442,85705,104849,6265136,1.67353110930074,81.7413613863747
"109",2000-09-30,53.339488320356,21699,31465,6265136,0.502223734648378,68.9623391069442
"110",2000-10-01,69.784047926987,73745,81958,6265136,1.30815995055814,89.9790136411333
"111",2000-10-02,69.0231866146334,130483,148879,6265136,2.37630914955398,87.6436569294528
"112",2000-10-03,68.6191179781605,60687,71064,6265136,1.13427705320363,85.3976697061804
"113",2000-10-04,54.0308724832215,11199,18625,6265136,0.297280059044209,60.1288590604027
"114",2000-10-05,56.5081440697408,18172,26154,6265136,0.417453028952604,69.4807677601897
"115",2000-10-06,66.7949399609048,70451,89525,6265136,1.42893945159371,78.6942194917621
"116",2000-10-07,53.8929164277307,21359,33133,6265136,0.528847258862377,64.4644312317025
"117",2000-10-08,59.0640210176991,30146,43392,6265136,0.692594701854836,69.4736356932153
"118",2000-10-09,53.5434686996042,8640,13642,6265136,0.217744674656703,63.3338220202316
"119",2000-10-10,58.1570377717167,25386,36297,6265136,0.579348955872626,69.9396644350773
"120",2000-10-11,56.0673618940248,2257,3548,6265136,0.0566308536638311,63.6133032694476
"121",2000-10-12,44.7961075069509,529,1079,6265136,0.0172222917427491,49.0268767377201
"122",2000-10-13,37.6737400530504,264,754,6265136,0.0120348544708367,35.0132625994695
"123",2000-10-14,47.3210191082803,484,785,6265136,0.0125296561798499,61.656050955414
"124",2000-10-15,37.2748538011696,334,855,6265136,0.0136469503614926,39.0643274853801
"125",2000-10-16,22.6066790352505,11,539,6265136,0.00860316519864852,2.04081632653061
"126",2000-10-17,58.0771028037383,297,428,6265136,0.00683145585347229,69.392523364486
"127",2000-10-18,32.2051282051282,29,234,6265136,0.00373495483577691,12.3931623931624
"128",2000-10-19,75.617823479006,1113,1167,6265136,0.0186268901425284,95.3727506426735
"129",2000-10-20,52.229381443299,217,388,6265136,0.00619300203539077,55.9278350515464
"130",2000-10-21,63.0631704410012,549,839,6265136,0.0133915688342599,65.435041716329
"131",2000-10-22,63.0170454545455,140,176,6265136,0.0028091967995587,79.5454545454545
"132",2000-10-23,76.9494079655544,876,929,6265136,0.0148280899249434,94.2949407965554
"133",2000-10-24,69.6705685618729,510,598,6265136,0.00954488458031877,85.2842809364548
"134",2000-10-25,52.530487804878,110,164,6265136,0.00261766065413424,67.0731707317073
"135",2000-10-26,64.3002070393375,862,966,6265136,0.0154186597066688,89.2339544513458
"136",2000-10-28,68.6380753138075,396,478,6265136,0.0076295231260742,82.8451882845188
"137",2000-10-29,58.582,359,500,6265136,0.00798067272601904,71.8
"138",2000-10-30,NA,NA,0,6265136,0,NA
"139",2000-10-31,NA,NA,0,6265136,0,NA
"140",2000-11-01,NA,NA,0,6265136,0,NA
"141",2000-11-02,NA,NA,0,6265136,0,NA
"142",2000-11-03,NA,NA,0,6265136,0,NA
"143",2000-11-04,NA,NA,0,6265136,0,NA
"144",2000-11-05,NA,NA,0,6265136,0,NA
"145",2000-11-06,NA,NA,0,6265136,0,NA
"146",2000-11-07,NA,NA,0,6265136,0,NA
"147",2000-11-08,NA,NA,0,6265136,0,NA
"148",2000-11-09,NA,NA,0,6265136,0,NA
"149",2000-11-10,NA,NA,0,6265136,0,NA
"150",2000-11-11,NA,NA,0,6265136,0,NA
"151",2000-11-12,NA,NA,0,6265136,0,NA
"152",2000-11-13,NA,NA,0,6265136,0,NA
"153",2000-11-14,NA,NA,0,6265136,0,NA
"154",2000-11-15,NA,NA,0,6265136,0,NA
"155",2000-11-16,NA,NA,0,6265136,0,NA
"156",2000-11-17,NA,NA,0,6265136,0,NA
"157",2000-11-18,NA,NA,0,6265136,0,NA
"158",2000-11-19,NA,NA,0,6265136,0,NA
"159",2000-11-20,NA,NA,0,6265136,0,NA
"160",2000-11-21,NA,NA,0,6265136,0,NA
"161",2000-11-22,NA,NA,0,6265136,0,NA
"162",2000-11-23,NA,NA,0,6265136,0,NA
"163",2000-11-24,NA,NA,0,6265136,0,NA
"164",2001-01-17,NA,NA,0,6265136,0,NA
"165",2001-01-18,NA,NA,0,6265136,0,NA
"166",2001-01-19,NA,NA,0,6265136,0,NA
"167",2001-01-20,NA,NA,0,6265136,0,NA
"168",2001-01-21,NA,NA,0,6265136,0,NA
"169",2001-01-22,NA,NA,0,6265136,0,NA
"170",2001-01-23,NA,NA,0,6265136,0,NA
"171",2001-01-24,NA,NA,0,6265136,0,NA
"172",2001-01-25,NA,NA,0,6265136,0,NA
"173",2001-01-26,NA,NA,0,6265136,0,NA
"174",2001-01-27,NA,NA,0,6265136,0,NA
"175",2001-01-28,NA,NA,0,6265136,0,NA
"176",2001-01-29,NA,NA,0,6265136,0,NA
"177",2001-01-30,NA,NA,0,6265136,0,NA
"178",2001-01-31,NA,NA,0,6265136,0,NA
"179",2001-02-01,NA,NA,0,6265136,0,NA
"180",2001-02-02,NA,NA,0,6265136,0,NA
"181",2001-02-03,NA,NA,0,6265136,0,NA
"182",2001-02-04,NA,NA,0,6265136,0,NA
"183",2001-02-05,NA,NA,0,6265136,0,NA
"184",2001-02-06,NA,NA,0,6265136,0,NA
"185",2001-02-07,NA,NA,0,6265136,0,NA
"186",2001-02-08,NA,NA,0,6265136,0,NA
"187",2001-02-09,NA,NA,0,6265136,0,NA
"188",2001-02-10,NA,NA,0,6265136,0,NA
"189",2001-02-11,NA,NA,0,6265136,0,NA
"190",2001-02-12,57.6525423728814,170,236,6265136,0.00376687752668098,72.0338983050847
"191",2001-02-13,70.8778280542986,580,663,6265136,0.0105823720347012,87.4811463046757
"192",2001-02-14,51.1139705882353,161,272,6265136,0.00434148596295436,59.1911764705882
"193",2001-02-15,46.6239130434783,244,460,6265136,0.00734221890793751,53.0434782608696
"194",2001-02-16,NA,NA,0,6265136,0,NA
"195",2001-02-17,NA,NA,0,6265136,0,NA
"196",2001-02-18,72.3147751605996,864,934,6265136,0.0149078966522036,92.5053533190578
"197",2001-02-19,55.2542857142857,244,350,6265136,0.00558647090821333,69.7142857142857
"198",2001-02-20,59.1495016611296,405,602,6265136,0.00960872996212692,67.2757475083057
"199",2001-02-21,57.859793814433,346,485,6265136,0.00774125254423847,71.340206185567
"200",2001-02-22,49.8513513513514,82,148,6265136,0.00236227912690163,55.4054054054054
"201",2001-02-23,61.6690476190476,355,420,6265136,0.00670376508985599,84.5238095238095
"202",2001-02-24,NA,NA,0,6265136,0,NA
"203",2001-02-25,48.8360655737705,87,183,6265136,0.00292092621772297,47.5409836065574
"204",2001-02-26,61.0687116564417,651,815,6265136,0.013008496543411,79.8773006134969
"205",2001-02-27,59.139599170698,1153,1447,6265136,0.0230960668690991,79.6821008984105
"206",2001-02-28,59.0429509853461,2920,3958,6265136,0.0631750052991667,73.7746336533603
"207",2001-03-01,50.5786471067645,1331,2454,6265136,0.0391691417393014,54.2379788101059
"208",2001-03-02,66.9701999775306,33769,35604,6265136,0.568287743474364,94.8460847095832
"209",2001-03-03,66.8471534102709,31782,33707,6265136,0.538009071151847,94.2890200848488
"210",2001-03-04,70.4205973680319,51676,54104,6265136,0.863572634337068,95.5123465917492
"211",2001-03-05,60.5122070930969,56975,63160,6265136,1.00811857875072,90.2074097530082
"212",2001-03-06,65.5476906451158,74942,85132,6265136,1.35882126102291,88.030352863788
"213",2001-03-07,59.610292606044,51914,58372,6265136,0.931695656726366,88.9364763927911
"214",2001-03-08,66.0269364211064,89591,93962,6265136,1.4997599413644,95.3481194525446
"215",2001-03-09,57.6270378263186,29833,37540,6265136,0.599188908269509,79.4698987746404
"216",2001-03-10,63.4573785973458,54620,60357,6265136,0.963378927448662,90.4948887452988
"217",2001-03-11,64.3603498871332,82088,88600,6265136,1.41417520705057,92.6501128668172
"218",2001-03-12,66.2639569140122,103885,108620,6265136,1.73372134300038,95.6407659731173
"219",2001-03-13,67.744979064366,120029,124429,6265136,1.98605425325165,96.4638468524219
"220",2001-03-14,68.8035847297083,168193,170501,6265136,2.72142536091794,98.6463422501921
"221",2001-03-15,65.0881244861144,161377,162974,6265136,2.60128431370045,99.0200890939659
"222",2001-03-16,56.3854023051894,29491,36266,6265136,0.578854154163613,81.318590415265
"223",2001-03-17,64.0676822551572,74418,79888,6265136,1.27511996547242,93.1529140797116
"224",2001-03-18,66.1978551491112,134409,136140,6265136,2.17297756984046,98.7285147642133
"225",2001-03-19,68.0750421706723,136915,138722,6265136,2.21418976379763,98.6973947895792
"226",2001-03-20,70.2185729763195,160704,161525,6265136,2.57815632414045,99.4917195480576
"227",2001-03-21,70.1153302541582,157543,158484,6265136,2.5296178726208,99.4062492112769
"228",2001-03-22,71.7109794940331,169230,169853,6265136,2.71108240906502,99.6332122482382
"229",2001-03-23,69.8439871413377,166854,167358,6265136,2.67125885216219,99.6988491736278
"230",2001-03-24,71.4002266378538,189568,189730,6265136,3.02834607261518,99.9146155062457
"231",2001-03-25,67.6136213647763,90269,90916,6265136,1.45114168311749,99.2883540850895
"232",2001-03-26,68.419058160366,87313,87637,6265136,1.39880443138026,99.6302931410249
"233",2001-03-27,64.1569768857929,41048,41057,6265136,0.655324960224327,99.9780792556689
"234",2001-03-28,70.1823359201072,173619,173833,6265136,2.77460856396413,99.8768933401598
"235",2001-03-29,70.5034498757249,150675,150875,6265136,2.40816799507624,99.86743993372
"236",2001-03-30,67.7047962116965,82337,83837,6265136,1.33815131866252,98.2108138411441
"237",2001-03-31,67.4929746021896,89587,90244,6265136,1.44041565897372,99.2719737600284
"238",2001-04-01,68.5014847483131,124537,124937,6265136,1.99416261674128,99.6798386386739
"239",2001-04-02,68.7901244588745,73478,73920,6265136,1.17986265581465,99.4020562770563
"240",2001-04-03,68.3219334631338,58777,59065,6265136,0.942756869124629,99.512401591467
"241",2001-04-04,71.6648085967768,166265,166481,6265136,2.65726075220075,99.8702554645876
"242",2001-04-05,73.2861601260242,201705,201866,6265136,3.22205296102112,99.9202441223386
"243",2001-04-06,74.5308814215419,225696,225783,6265136,3.60380046019751,99.9614674266885
"244",2001-04-07,64.3159803593349,35688,35844,6265136,0.572118466382853,99.5647807164379
"245",2001-04-08,68.6074983299933,119610,119760,6265136,1.91153073133608,99.874749498998
"246",2001-04-09,70.3687013933895,148032,148128,6265136,2.3643221791195,99.9351911860013
"247",2001-04-10,70.7771381895801,129718,129771,6265136,2.07131976065643,99.9591588259318
"248",2001-04-11,72.7105952975353,176216,176248,6265136,2.81315521323081,99.981843765603
"249",2001-04-12,73.1329051639302,212352,212377,6265136,3.38982266306749,99.9882284804852
"250",2001-04-13,69.9772129143597,138747,139070,6265136,2.21974431201493,99.7677428633063
"251",2001-04-14,68.9752934349964,98191,98233,6265136,1.56793084779006,99.9572445105005
"252",2001-04-15,69.70900857068,53311,53438,6265136,0.85294237826601,99.7623414049927
"253",2001-04-16,64.5951270951271,17783,18018,6265136,0.287591522354822,98.6957486957487
"254",2001-04-17,74.4124792200387,248985,249038,6265136,3.97498154868466,99.9787181072768
"255",2001-04-18,73.0277155016815,210124,210532,6265136,3.36037398070848,99.8062052324587
"256",2001-04-19,70.2473033302831,144148,144252,6265136,2.3024560041474,99.9279039458725
"257",2001-04-20,71.9853291214285,112636,113013,6265136,1.80383953357118,99.6664100590198
"258",2001-04-21,67.725872529047,44497,44669,6265136,0.712977339997089,99.6149454879223
"259",2001-04-22,72.5990839076367,143087,143217,6265136,2.28593601160454,99.909228653023
"260",2001-04-23,73.8814567014796,183638,183840,6265136,2.93433374790268,99.8901218450827
"261",2001-04-24,75.1430784182713,131402,131704,6265136,2.10217304141522,99.7706979286886
"262",2001-04-25,74.2329815661941,43874,44158,6265136,0.704821092471097,99.356854930024
"263",2001-04-26,78.3879685080502,107012,107202,6265136,1.71108815514939,99.8227645006623
"264",2001-04-27,75.5902306979466,40566,41006,6265136,0.654510931606273,98.9269862946886
"265",2001-04-28,74.1936643087233,61444,61777,6265136,0.986044037990556,99.4609644366026
"266",2001-04-29,66.8343272537326,22786,22973,6265136,0.366679989069671,99.1860009576459
"267",2001-04-30,72.8657588265645,54031,54268,6265136,0.866190294991202,99.5632785435247
"268",2001-05-01,73.6245194833928,36083,36159,6265136,0.577146290200245,99.789817196272
"269",2001-05-02,71.0716779934667,26552,26633,6265136,0.42509851342413,99.695866030864
"270",2001-05-03,73.0306727135299,65779,66150,6265136,1.05584300165232,99.4391534391534
"271",2001-05-04,75.1182277946706,127693,127931,6265136,2.04195088502468,99.813962214006
"272",2001-05-05,75.8891486966312,57421,57735,6265136,0.921528279673418,99.4561357928466
"273",2001-05-06,75.5683485755683,161272,161503,6265136,2.5778051745405,99.8569686012025
"274",2001-05-07,74.8942212552727,172566,172823,6265136,2.75848760505758,99.851292941333
"275",2001-05-08,65.8645107332032,17841,17935,6265136,0.286266730682303,99.4758851407862
"276",2001-05-09,69.8196198574465,15812,15994,6265136,0.255285759159897,98.8620732774791
"277",2001-05-10,72.9745005444302,168771,168984,6265136,2.6972119998672,99.8739525635563
"278",2001-05-11,76.6470153467978,240546,240832,6265136,3.84400274790523,99.8812450172735
"279",2001-05-12,79.3451584784863,132949,133078,6265136,2.12410393006632,99.9030643682652
"280",2001-05-13,78.9050362316109,132417,132619,6265136,2.11677767250384,99.8476839668524
"281",2001-05-14,77.395161973621,141282,141628,6265136,2.26057343368125,99.7556980258141
"282",2001-05-15,78.3208164398227,100575,100877,6265136,1.61013264516524,99.7006255142401
"283",2001-05-16,79.0357628122496,57112,57406,6265136,0.916276997019698,99.4878584120127
"284",2001-05-17,77.1528632699257,100392,100724,6265136,1.60769055931108,99.6703864024463
"285",2001-05-18,75.9710304385231,170409,170869,6265136,2.72729913604429,99.7307879135478
"286",2001-05-19,71.5459361542142,29236,29258,6265136,0.46699704523573,99.9248068904231
"287",2001-05-20,67.0511098130841,6703,6848,6265136,0.109303293655557,97.8825934579439
"288",2001-05-21,76.0710330883048,52659,52919,6265136,0.844658439976403,99.5086830816909
"289",2001-05-22,78.3707195119154,86719,87198,6265136,1.39179740072682,99.4506754742081
"290",2001-05-23,78.9602979241008,172497,173467,6265136,2.76876671152869,99.4408158324062
"291",2001-05-24,78.2890165617514,95880,96427,6265136,1.53910465790368,99.4327314963651
"292",2001-05-25,79.5127413708736,52783,53134,6265136,0.848090129248591,99.3394060300373
"293",2001-05-26,80.7675270873168,18732,18828,6265136,0.300520212170973,99.4901210962396
"294",2001-05-27,74.5492403689637,7346,7372,6265136,0.117667038672425,99.6473141616929
"295",2001-05-28,74.2730904442314,6101,6258,6265136,0.0998860998388542,97.4912112496005
"296",2001-05-29,72.6931650328992,103504,104258,6265136,1.66409795413859,99.276794106927
"297",2001-05-30,72.5579076374575,17924,17951,6265136,0.286522112209535,99.8495905520584
"298",2001-05-31,68.6955414012739,5444,5495,6265136,0.0877075932589492,99.0718835304823
"299",2001-06-01,75.2948071667173,16302,16465,6265136,0.262803552867807,99.0100212572123
"300",2001-06-02,72.5843866171004,55323,56490,6265136,0.901656404585631,97.9341476367499
"301",2001-06-03,73.9715368661947,41432,41949,6265136,0.669562480367545,98.7675510739231
"302",2001-06-04,71.2416303084782,44789,45611,6265136,0.728012927412909,98.1978031615181
"303",2001-06-05,73.4588062697861,25622,25902,6265136,0.41343076989869,98.9190023936376
"304",2001-06-06,74.7559394258746,42936,43649,6265136,0.69669676763601,98.3665146967857
"305",2001-06-07,75.3957071658312,136626,138044,6265136,2.20336797158114,98.9727912839384
"306",2001-06-08,77.6026473233488,50171,51146,6265136,0.816358974489939,98.0936925663786
"307",2001-06-09,78.5654504225933,153074,155232,6265136,2.47771157721077,98.6098227169656
"308",2001-06-10,79.789773355445,17893,18090,6265136,0.288740739227369,98.9110005527916
"309",2001-06-11,75.9236900679781,30856,33246,6265136,0.530650890898458,92.8111652529628
"310",2001-06-12,68.9267348203222,6271,6456,6265136,0.103046446238358,97.134448574969
"311",2001-06-13,79.6515568231979,28283,29451,6265136,0.470077584907973,96.034090523242
"312",2001-06-14,76.3490151248681,31536,34116,6265136,0.544537261441731,92.4375659514597
"313",2001-07-03,43.0235092260919,14272,33221,6265136,0.530251857262157,42.9607778212576
"314",2001-07-04,55.3787390608435,29562,48107,6265136,0.767852445661196,61.450516556842
"315",2001-07-05,55.3976434754729,8371,12476,6265136,0.199133745859627,67.096825905739
"316",2001-07-06,63.4601531089938,25998,36314,6265136,0.579620298745311,71.5922233849204
"317",2001-07-07,68.7172119262911,57771,75866,6265136,1.21092343406432,76.1487359291382
"318",2001-07-08,69.2651902921411,21518,28719,6265136,0.458393880037081,74.9260071729517
"319",2001-07-09,46.0365268995543,40440,77176,6265136,1.23183279660649,52.3997097543278
"320",2001-07-10,67.7465731462926,58818,74850,6265136,1.19470670708505,78.5811623246493
"321",2001-07-11,53.8063594026016,20631,31135,6265136,0.496956490649205,66.2630480167015
"322",2001-07-12,51.9293122482934,38330,64311,6265136,1.02649008736602,59.6010013839001
"323",2001-07-13,59.5596529284165,9201,11525,6265136,0.183954506334739,79.8351409978308
"324",2001-07-14,59.0176485107783,33085,48616,6265136,0.775976770496283,68.0537271680105
"325",2001-07-15,51.687442279536,51585,88790,6265136,1.41720786268646,58.0977587566167
"326",2001-07-16,60.9004538746415,24315,35913,6265136,0.573219799219043,67.7052877787988
"327",2001-07-17,74.7244199632783,24729,29955,6265136,0.4781221030158,82.5538307461192
"328",2001-07-18,67.5146351022968,47321,63785,6265136,1.01809441965825,74.1882887826291
"329",2001-07-19,49.0909090909091,6030,11484,6265136,0.183300091171205,52.5078369905956
"330",2001-07-20,69.597593883517,67325,88940,6265136,1.41960206450427,75.6970991679784
"331",2001-07-21,77.6351765306523,43238,50926,6265136,0.812847478490491,84.9035855947846
"332",2001-07-22,52.2414206803469,24045,40009,6265136,0.638597470190591,60.0989777300108
"333",2001-07-23,59.4019306827644,125421,192160,6265136,3.06713214206364,65.2690466278102
"334",2001-07-24,62.9774234595512,42085,51868,6265136,0.827883065906311,81.1386596745585
"335",2001-07-25,60.9238856144947,76723,114525,6265136,1.82797308789466,66.9923597467802
"336",2001-07-26,54.3650717602215,86100,141931,6265136,2.26540972135322,60.6632800445287
"337",2001-07-27,63.366199320662,95315,138370,6265136,2.20857137019851,68.8841511888415
"338",2001-07-28,63.8459366299881,52941,75430,6265136,1.20396428744723,70.1856025454063
"339",2001-07-29,54.2554552294959,17951,29238,6265136,0.466677818326689,61.3961283261509
"340",2001-07-30,38.1970586650865,8921,18563,6265136,0.296290455626183,48.0579647686258
"341",2001-07-31,45.8005329752188,24701,47657,6265136,0.760669840207778,51.8307908596848
"342",2001-08-01,51.3832160875435,8749,14073,6265136,0.224624014546532,62.1686918212179
"343",2001-08-02,52.2093060612551,95552,149408,6265136,2.3847527012981,63.9537374170058
"344",2001-08-03,68.8861980910918,40203,47776,6265136,0.762569240316571,84.1489450770261
"345",2001-08-04,47.5973342915945,16907,30611,6265136,0.488592745632337,55.2317794256967
"346",2001-08-05,51.8918767737002,126461,194861,6265136,3.11024373612959,64.8980555370238
"347",2001-08-06,55.3519366677788,151707,230783,6265136,3.6836071874577,65.73577776526
"348",2001-08-07,55.818621138075,155589,238385,6265136,3.8049453355841,65.2679489061812
"349",2001-08-08,52.1733452195231,53247,89740,6265136,1.4323711408659,59.3347448183642
"350",2001-08-09,65.7890457924573,86308,117836,6265136,1.88082110268636,73.2441698631997
"351",2001-08-10,46.323700992536,31798,62567,6265136,0.998653500897666,50.8223184745952
"352",2001-08-11,54.571203008598,83287,139334,6265136,2.22395810721427,59.7750728465414
"353",2001-08-12,44.8707409798436,21106,41823,6265136,0.667551350840588,50.4650551132152
"354",2001-08-13,57.3170586322748,11418,18454,6265136,0.294550668971911,61.8727647122575
"355",2001-08-14,38.7911629845769,621,2399,6265136,0.0382912677394393,25.88578574406
"356",2001-08-15,51.9180116959064,14662,25650,6265136,0.409408510844777,57.1617933723197
"357",2001-08-16,48.7153044432255,17404,29168,6265136,0.465560524145047,59.6681294569391
"358",2001-08-17,42.9969123372265,17627,37245,6265136,0.594480311361158,47.3271580077863
"359",2001-08-18,39.7803926543817,14153,31529,6265136,0.503245260757308,44.8888325034096
"360",2001-08-19,61.5787564832545,108963,157714,6265136,2.51732763662273,69.0889838568548
"361",2001-08-20,59.3936854496279,93329,142718,6265136,2.27797130022397,65.3939937499124
"362",2001-08-21,55.1008310037146,15782,26113,6265136,0.41679861378907,60.4373300654846
"363",2001-08-22,56.5013577791231,35991,57815,6265136,0.922805187309581,62.2520107238606
"364",2001-08-23,57.8405209323334,68668,106271,6265136,1.69622814253354,64.6159347328998
"365",2001-08-24,53.4693906810036,12598,20925,6265136,0.333991153583897,60.205495818399
"366",2001-08-25,64.8027966142841,44635,61789,6265136,0.986235574135981,72.2377769505899
"367",2001-08-26,59.7634707994046,111858,171315,6265136,2.7344178961159,65.2937571140881
"368",2001-08-27,52.3541557366537,97965,171546,6265136,2.73810496691532,57.1071316148438
"369",2001-08-28,53.7243348521216,117186,196648,6265136,3.13876666045238,59.5917578617631
"370",2001-08-29,49.3841402169546,20067,39824,6265136,0.635644621281964,50.3892125351547
"371",2001-08-30,45.4461545466964,10119,21961,6265136,0.350527107472208,46.077136742407
"372",2001-08-31,32.1110187110187,1045,4810,6265136,0.0767740716243031,21.7255717255717
"373",2001-09-01,37.9515158806545,6024,16624,6265136,0.265341406794681,36.2367661212705
"374",2001-09-02,53.2630099521386,9255,13163,6265136,0.210099190185177,70.310719440857
"375",2001-09-03,39.1994914031958,10272,26347,6265136,0.420533568624847,38.987360989866
"376",2001-09-04,44.2318834905845,11732,25543,6265136,0.407700646881409,45.9303918881885
"377",2001-09-05,42.2473462664714,9227,21856,6265136,0.348851166199744,42.2172401171303
"378",2001-09-06,44.0363053821137,50668,103621,6265136,1.65393057708564,48.8974242672817
"379",2001-09-07,45.0067702644216,51384,97042,6265136,1.54892088535668,52.9502689557099
"380",2001-09-08,45.0461925681153,69031,129523,6265136,2.06736134698433,53.2963257490948
"381",2001-09-09,47.5713375499231,37869,64349,6265136,1.0270966184932,58.8493993690656
"382",2001-09-10,54.4832691450116,82263,123335,6265136,1.96859254132712,66.6988283942109
"383",2001-09-11,58.6965899071871,68892,105481,6265136,1.68361867962643,65.3122363269214
"384",2001-09-12,34.741845979615,3489,17660,6265136,0.281877360682992,19.7565118912797
"385",2001-09-13,39.5732464726929,12162,29626,6265136,0.47287082036208,41.0517788429083
"386",2001-09-14,32.8379921651949,3025,15061,6265136,0.240393823853145,20.0849877166191
"387",2001-09-15,31.2381544614334,11345,41007,6265136,0.654526892951725,27.6660082424952
"388",2001-09-16,36.9180884282934,6078,22097,6265136,0.352697850453685,27.505996289089
"389",2001-09-17,44.7424326575951,33617,72020,6265136,1.14953609945578,46.6773118578173
"390",2001-09-18,45.072106399579,23587,55113,6265136,0.879677631898174,42.7975250848257
"391",2001-09-19,50.3940148238795,42218,71911,6265136,1.14779631280151,58.7086815647119
"392",2001-09-20,47.0947340539329,55615,98159,6265136,1.56674970822661,56.6580751637649
"393",2001-09-21,24.6201377159932,7655,38485,6265136,0.614272379721685,19.8908665713915
"394",2001-09-22,49.2805630957642,48484,79205,6265136,1.26421836652868,61.2133072407045
"395",2001-09-23,43.252926585143,9136,22979,6265136,0.366775757142383,39.7580399495191
"396",2001-09-24,53.87697048714,5951,8437,6265136,0.134665871578845,70.5345501955671
"397",2001-09-25,58.6200695439826,57834,75348,6265136,1.20265545712016,76.7558528428094
"398",2001-09-26,63.2401949241905,83046,97679,6265136,1.55908826240963,85.0192979043602
"399",2001-09-27,64.6126501667403,88868,99556,6265136,1.5890477078231,89.2643336413677
"400",2001-09-28,64.1225616488774,72995,84227,6265136,1.34437624338881,86.664608735916
"401",2001-09-29,67.5357954433181,92391,101214,6265136,1.61551161858258,91.2828264864544
"402",2001-09-30,66.1405042491463,71210,77898,6265136,1.24335688802286,91.4144137205063
"403",2001-10-01,59.9322823912231,38120,45483,6265136,0.725969875195048,83.8115339797287
"404",2001-10-02,69.0250977787617,130103,135510,6265136,2.16292192220568,96.0098885691093
"405",2001-10-03,61.1398206302625,30842,36461,6265136,0.58196661652676,84.5890129179123
"406",2001-10-04,66.0364973055281,76715,84061,6265136,1.34172666004377,91.2611080049012
"407",2001-10-05,68.4416159020113,117885,122953,6265136,1.96249530736444,95.8780997616976
"408",2001-10-06,68.8236916061297,126398,132013,6265136,2.1071050971599,95.7466310136123
"409",2001-10-07,68.3154328545127,101798,106999,6265136,1.70784800202262,95.1392069084758
"410",2001-10-08,64.9099203832875,51960,56772,6265136,0.906157504003105,91.5239906996407
"411",2001-10-09,58.4039401783146,10970,13908,6265136,0.221990392546945,78.8754673569169
"412",2001-10-10,69.9188287500405,29363,30873,6265136,0.492774618140771,95.1089949146504
"413",2001-10-11,62.9995804195804,6087,7150,6265136,0.114123619982072,85.1328671328671
"414",2001-10-12,61.4144349223353,5976,7468,6265136,0.11919932783582,80.0214247455811
"415",2001-10-13,15.820202020202,28,495,6265136,0.00790086599875884,5.65656565656566
"416",2001-10-14,57.7341463414634,1668,2460,6265136,0.0392649098120137,67.8048780487805
"417",2001-10-15,16.9557823129252,24,588,6265136,0.00938527112579839,4.08163265306122
"418",2001-10-16,15.3180515759312,7,349,6265136,0.00557050956276129,2.00573065902579
"419",2001-10-17,52.2613185067514,668,1259,6265136,0.0200953339241159,53.0579825258141
"420",2001-10-18,62.5114573785518,720,1091,6265136,0.0174138278881735,65.9945004582951
"421",2001-10-19,18.3333333333333,0,3,6265136,4.78840363561142e-05,0
"422",2001-10-20,39.6978335233751,572,1754,6265136,0.0279961999228748,32.6111744583808
"423",2001-10-21,45.3996366939146,527,1101,6265136,0.0175734413426939,47.8655767484105
"424",2001-10-22,44.2387096774194,105,155,6265136,0.0024740085450659,67.741935483871
"425",2001-10-23,45.5,0,10,6265136,0.000159613454520381,0
"426",2001-10-24,40.2189973614776,102,379,6265136,0.00604934992632243,26.9129287598945
"427",2001-10-25,58.102766798419,333,506,6265136,0.00807644079873127,65.8102766798419
"428",2001-10-26,16.6019417475728,12,103,6265136,0.00164401858155992,11.6504854368932
"429",2001-10-27,62.7248322147651,129,149,6265136,0.00237824047235367,86.5771812080537
"430",2001-10-28,51.72,281,400,6265136,0.00638453818081523,70.25
"431",2001-10-29,52.2638888888889,111,144,6265136,0.00229843374509348,77.0833333333333
"432",2001-10-30,47.3970588235294,54,136,6265136,0.00217074298147718,39.7058823529412
"433",2001-10-31,NA,NA,0,6265136,0,NA
"434",2001-11-01,NA,NA,0,6265136,0,NA
"435",2001-11-02,NA,NA,0,6265136,0,NA
"436",2001-11-03,NA,NA,0,6265136,0,NA
"437",2001-11-04,NA,NA,0,6265136,0,NA
"438",2001-11-05,NA,NA,0,6265136,0,NA
"439",2001-11-06,NA,NA,0,6265136,0,NA
"440",2001-11-07,NA,NA,0,6265136,0,NA
"441",2001-11-08,NA,NA,0,6265136,0,NA
"442",2001-11-09,NA,NA,0,6265136,0,NA
"443",2001-11-10,NA,NA,0,6265136,0,NA
"444",2001-11-11,NA,NA,0,6265136,0,NA
"445",2001-11-12,NA,NA,0,6265136,0,NA
"446",2001-11-13,NA,NA,0,6265136,0,NA
"447",2001-11-14,NA,NA,0,6265136,0,NA
"448",2001-11-15,NA,NA,0,6265136,0,NA
"449",2001-11-16,NA,NA,0,6265136,0,NA
"450",2001-11-17,NA,NA,0,6265136,0,NA
"451",2001-11-18,NA,NA,0,6265136,0,NA
"452",2001-11-19,NA,NA,0,6265136,0,NA
"453",2001-11-20,NA,NA,0,6265136,0,NA
"454",2001-11-21,NA,NA,0,6265136,0,NA
"455",2001-11-22,NA,NA,0,6265136,0,NA
"456",2001-11-23,NA,NA,0,6265136,0,NA
"457",2001-11-24,NA,NA,0,6265136,0,NA
"458",2002-01-16,NA,NA,0,6265136,0,NA
"459",2002-01-18,NA,NA,0,6265136,0,NA
"460",2002-01-19,NA,NA,0,6265136,0,NA
"461",2002-01-20,NA,NA,0,6265136,0,NA
"462",2002-01-21,NA,NA,0,6265136,0,NA
"463",2002-01-22,NA,NA,0,6265136,0,NA
"464",2002-01-23,NA,NA,0,6265136,0,NA
"465",2002-01-24,NA,NA,0,6265136,0,NA
"466",2002-01-25,NA,NA,0,6265136,0,NA
"467",2002-01-26,NA,NA,0,6265136,0,NA
"468",2002-01-27,NA,NA,0,6265136,0,NA
"469",2002-01-28,NA,NA,0,6265136,0,NA
"470",2002-01-29,NA,NA,0,6265136,0,NA
"471",2002-01-30,NA,NA,0,6265136,0,NA
"472",2002-01-31,NA,NA,0,6265136,0,NA
"473",2002-02-01,NA,NA,0,6265136,0,NA
"474",2002-02-02,NA,NA,0,6265136,0,NA
"475",2002-02-03,NA,NA,0,6265136,0,NA
"476",2002-02-04,NA,NA,0,6265136,0,NA
"477",2002-02-05,NA,NA,0,6265136,0,NA
"478",2002-02-06,NA,NA,0,6265136,0,NA
"479",2002-02-07,NA,NA,0,6265136,0,NA
"480",2002-02-08,NA,NA,0,6265136,0,NA
"481",2002-02-09,NA,NA,0,6265136,0,NA
"482",2002-02-10,NA,NA,0,6265136,0,NA
"483",2002-02-11,28.8333333333333,0,12,6265136,0.000191536145424457,0
"484",2002-02-12,55.9395348837209,151,215,6265136,0.00343168927218819,70.2325581395349
"485",2002-02-13,NA,NA,0,6265136,0,NA
"486",2002-02-14,66.5971049457177,711,829,6265136,0.0132319553797396,85.7659831121833
"487",2002-02-15,60.3973128598848,406,521,6265136,0.00831586098051184,77.9270633397313
"488",2002-02-16,37.4647887323944,22,71,6265136,0.0011332555270947,30.9859154929577
"489",2002-02-17,63.2591240875912,212,274,6265136,0.00437340865385843,77.3722627737226
"490",2002-02-18,47.9894736842105,51,95,6265136,0.00151632781794362,53.6842105263158
"491",2002-02-19,57.2421602787456,439,574,6265136,0.00916181228946985,76.4808362369338
"492",2002-02-20,NA,NA,0,6265136,0,NA
"493",2002-02-21,50.5893223819302,248,487,6265136,0.00777317523514254,50.9240246406571
"494",2002-02-22,64.4754098360656,1225,1403,6265136,0.0223937676692094,87.3129009265859
"495",2002-02-23,48.4,87,160,6265136,0.00255381527232609,54.375
"496",2002-02-24,48.1901709401709,215,468,6265136,0.00746990967155382,45.9401709401709
"497",2002-02-25,52.6895223420647,789,1298,6265136,0.0207178263967454,60.7858243451464
"498",2002-02-26,78.3700598802395,769,835,6265136,0.0133277234524518,92.0958083832335
"499",2002-02-27,55.8646616541353,196,266,6265136,0.00424571789024213,73.6842105263158
"500",2002-02-28,63.1369863013699,1498,1752,6265136,0.0279642772319707,85.5022831050228
"501",2002-03-01,60.3216885007278,4967,6183,6265136,0.0986889989299514,80.3331715995471
"502",2002-03-02,64.6473164516643,22830,25116,6265136,0.400885152373388,90.89823220258
"503",2002-03-03,64.001705115346,38920,39880,6265136,0.636538456627278,97.592778335005
"504",2002-03-04,71.4791793290541,65696,67457,6265136,1.07670448015813,97.3894480928592
"505",2002-03-05,70.2526724775923,44956,48644,6265136,0.77642368816894,92.418386645835
"506",2002-03-06,52.0215107553777,1088,1999,6265136,0.0319067295586241,54.4272136068034
"507",2002-03-07,68.8301640448965,90176,94974,6265136,1.51591282296186,94.9480910564997
"508",2002-03-08,57.1407958331378,34882,42622,6265136,0.680304465856767,81.8403641311998
"509",2002-03-09,55.5308029551419,50767,65919,6265136,1.0521559308529,77.0142144146604
"510",2002-03-10,66.0154269321868,138085,143969,6265136,2.29793894338447,95.9130090505595
"511",2002-03-11,68.3654120067525,148311,151648,6265136,2.42050611511067,97.7995093901667
"512",2002-03-12,68.4923780125846,166147,168460,6265136,2.68884825485033,98.6269737623175
"513",2002-03-13,68.0723371751357,159521,162337,6265136,2.5911169366475,98.2653369225746
"514",2002-03-14,66.8187522858078,48598,51951,6265136,0.82920785757883,93.5458412735077
"515",2002-03-15,63.8504135012131,51490,56469,6265136,0.901321216331138,91.1827728488197
"516",2002-03-16,65.6533274090212,67681,69769,6265136,1.11360711084324,97.0072668377073
"517",2002-03-17,68.0399837816419,106093,108519,6265136,1.73210924710972,97.7644467789051
"518",2002-03-18,68.4813068246124,104978,106028,6265136,1.69234953558869,99.0096955521183
"519",2002-03-19,68.9579138037462,97823,98821,6265136,1.57731611891585,98.990093198814
"520",2002-03-28,NA,NA,0,6265136,0,NA
"521",2002-03-29,70.6359390637162,78345,80937,6265136,1.29186341685161,96.7975091738018
"522",2002-03-30,70.2878684437057,32678,33689,6265136,0.537721766933711,96.9990204517795
"523",2002-03-31,73.7950117995465,20704,21611,6265136,0.344940636563995,95.8030632548239
"524",2002-04-01,73.0037975687628,99211,100854,6265136,1.60976553421985,98.3709124080354
"525",2002-04-02,72.6851889587285,127281,127594,6265136,2.03657191160735,99.7546906594354
"526",2002-04-03,58.1044538706257,5030,5658,6265136,0.0903092925676314,88.9006716154118
"527",2002-04-04,72.5804271940556,88014,89093,6265136,1.42204415035843,98.7889059746557
"528",2002-04-05,55.4770642201835,4205,5232,6265136,0.0835097594050632,80.3707951070336
"529",2002-04-06,70.1466891938806,86086,86414,6265136,1.37928370589242,99.6204318744648
"530",2002-04-07,74.6273914534177,160310,160415,6265136,2.56043923068869,99.9345447744912
"531",2002-04-08,65.3844017414803,26457,26644,6265136,0.425274088224102,99.2981534304159
"532",2002-04-09,60.5888830372959,20347,20887,6265136,0.333384622456719,97.4146598362618
"533",2002-04-10,68.0142010309278,38472,38800,6265136,0.619300203539077,99.1546391752577
"534",2002-04-11,71.0293702058942,78897,79264,6265136,1.26516008591035,99.5369903108599
"535",2002-04-12,73.7099712014178,121708,121881,6265136,1.94538474503985,99.8580582699518
"536",2002-04-13,73.5079845076717,201341,201390,6265136,3.21445536058595,99.9756690997567
"537",2002-04-14,74.1484027366266,92683,92815,6265136,1.48145227813091,99.8577816085762
"538",2002-04-16,72.2972100796062,119740,121473,6265136,1.93887251609542,98.5733455171108
"539",2002-04-17,67.7429448972145,31898,32884,6265136,0.52487288384482,97.0015813161416
"540",2002-04-18,74.5393822296941,39077,39853,6265136,0.636107500300073,98.052844202444
"541",2002-04-19,72.9129680138854,3857,4033,6265136,0.0643721062080695,95.6360029754525
"542",2002-04-20,68.7941275167785,5792,5960,6265136,0.0951296188941469,97.1812080536913
"543",2002-04-21,71.9688156146891,93054,93348,6265136,1.48995967525685,99.6850494922227
"544",2002-04-22,69.2164806269495,77543,77582,6265136,1.23831310286002,99.9497306076152
"545",2002-04-23,73.5743806928247,179894,180161,6265136,2.87561195798463,99.8517992240274
"546",2002-04-24,74.3584777227723,161527,161600,6265136,2.57935342504935,99.9548267326733
"547",2002-04-25,73.0891953630367,140482,140523,6265136,2.24293614695675,99.970823281598
"548",2002-04-26,68.9563821047128,13275,13389,6265136,0.213706454257338,99.1485547837777
"549",2002-04-27,67.971247074557,2988,2991,6265136,0.0477403842470459,99.8996990972919
"550",2002-04-28,73.6805508007151,52448,52578,6265136,0.839215621177258,99.7527482977671
"551",2002-04-29,75.1869095902254,78410,78653,6265136,1.25540770383915,99.6910480210545
"552",2002-04-30,74.4969593218701,144526,144869,6265136,2.3123041542913,99.7632343703622
"553",2002-05-01,71.5878450944469,31542,31658,6265136,0.505304274320621,99.633583928233
"554",2002-05-02,71.4727174378507,44107,44369,6265136,0.708188936361477,99.4094976222137
"555",2002-05-03,73.3606645327902,109920,109972,6265136,1.75530108205153,99.9527152366057
"556",2002-05-04,74.7754901261852,140179,140270,6265136,2.23889792655738,99.935125115848
"557",2002-05-05,75.6385931798163,158818,158940,6265136,2.53689624614693,99.9232414747704
"558",2002-05-06,75.8623873772917,66748,66927,6265136,1.06824496706855,99.7325444140631
"559",2002-05-07,73.4451529582694,123794,123890,6265136,1.977451088053,99.9225119057228
"560",2002-05-08,74.7139728405146,195739,195880,6265136,3.12650834714522,99.9280171533592
"561",2002-05-09,78.0517993208736,109647,109847,6265136,1.75330591387003,99.8179285733793
"562",2002-05-10,76.7571731050351,152356,152549,6265136,2.43488728736296,99.8734832742266
"563",2002-05-11,78.5385014939095,217166,217550,6265136,3.47239070309088,99.8234888531372
"564",2002-05-12,80.5199496085665,221947,222260,6265136,3.54756864016998,99.8591739404301
"565",2002-05-13,80.3255382440432,169588,169765,6265136,2.70967781066524,99.8957382263717
"566",2002-05-14,79.0707515321492,153829,154032,6265136,2.45855796266833,99.8682092032824
"567",2002-05-15,79.1033202503448,141206,141405,6265136,2.25701405364544,99.8592694742053
"568",2002-05-16,79.8533410334577,105344,105626,6265136,1.68593307471697,99.733020279098
"569",2002-05-17,75.6396519365296,17400,17583,6265136,0.280648337083185,98.9592219757721
"570",2002-05-18,71.6663909701275,20374,20554,6265136,0.328069494421191,99.1242580519607
"571",2002-05-19,72.3927769643729,20432,20490,6265136,0.32704796831226,99.7169350902879
"572",2002-05-20,73.4534733419506,74816,75043,6265136,1.19778724675729,99.6975067627893
"573",2002-05-21,72.4733397939916,99788,100093,6265136,1.59761895033085,99.6952833864506
"574",2002-05-22,74.3001627656404,217685,218105,6265136,3.48124924981676,99.8074322000871
"575",2002-05-23,79.3759376545099,211674,212365,6265136,3.38963112692206,99.6746168153886
"576",2002-05-24,80.4199300790524,229224,229974,6265136,3.670694458987,99.673876177307
"577",2002-05-25,83.029496048537,266762,268002,6265136,4.27767250383711,99.5373168856949
"578",2002-05-26,84.7939144249261,261840,263114,6265136,4.19965344726755,99.5157992353125
"579",2002-05-27,84.1448723354081,138402,139937,6265136,2.23358279852185,98.9030778135875
"580",2002-05-28,72.3498349834984,3418,3939,6265136,0.062871739735578,86.7732927138868
"581",2002-05-29,81.8467044561215,23227,24169,6265136,0.385769758230308,96.1024452811453
"582",2002-05-30,81.7237046632124,7166,7720,6265136,0.123221586889734,92.8238341968912
"583",2002-05-31,87.2274565020618,96889,99430,6265136,1.58703657829615,97.4444332696369
"584",2002-06-01,87.7334113012434,79782,81230,6265136,1.29654009106905,98.2174073618121
"585",2002-06-02,85.8301779755284,86767,89900,6265136,1.43492495613822,96.5150166852058
"586",2002-06-03,81.4464385629678,88555,94723,6265136,1.5119065252534,93.4883819135796
"587",2002-06-04,73.8436018957346,6260,7174,6265136,0.114506692272921,87.2595483691107
"588",2002-06-05,81.4300784167289,70641,74984,6265136,1.19684552737562,94.2080977275152
"589",2002-06-06,77.6034866598885,105557,114092,6265136,1.82106182531393,92.5191950355853
"590",2002-06-07,82.6601140430487,53018,58399,6265136,0.932126613053571,90.7858011267316
"591",2002-06-08,74.0907971683595,11328,12996,6265136,0.207433645494687,87.1652816251154
"592",2002-06-09,77.7796832011112,34007,37437,6265136,0.597544889687949,90.8379410743382
"593",2002-06-10,76.2213034947704,120603,135574,6265136,2.16394344831461,88.9573222004219
"594",2002-06-11,76.0072837882276,103923,121640,6265136,1.94153806078591,85.4348898388688
"595",2002-06-12,72.2276429020302,127813,155946,6265136,2.48910797786353,81.959780949816
"596",2002-06-13,69.5309194751178,103091,128867,6265136,2.05689070436779,79.9979824159793
"597",2002-06-14,77.7773497979684,23158,26481,6265136,0.42267238891542,87.4513802348854
"598",2002-06-15,62.0683767692838,44585,60971,6265136,0.973179193556213,73.1249282445753
"599",2002-06-16,57.6999307921635,27915,37568,6265136,0.599635825942166,74.3052597955707
"600",2002-06-17,62.1149444702504,20919,23681,6265136,0.377980621649714,88.336641189139
"601",2002-06-18,66.1869591294662,29980,35013,6265136,0.558854588312209,85.6253391597407
"602",2002-06-19,70.0264279624894,8266,9384,6265136,0.149781265721925,88.0861040068201
"603",2002-06-20,68.9249863113707,34255,38353,6265136,0.612165482122016,89.3150470628112
"604",2002-06-21,63.5095162457588,83648,106397,6265136,1.69823927206049,78.6187580476893
"605",2002-06-22,68.3944954568109,176101,208664,6265136,3.33055818740407,84.3945290035655
"606",2002-06-23,73.9908035291115,94725,109716,6265136,1.75121497761581,86.3365416165372
"607",2002-06-24,69.2310542270125,61191,77194,6265136,1.23212010082463,79.2691141798585
"608",2002-06-25,64.7776800168931,21471,28414,6265136,0.45352566967421,75.5648623917787
"609",2002-06-26,23.8416838252116,1148,4371,6265136,0.0697670409708584,26.2640128117136
"610",2002-06-27,64.3662960155658,100851,127973,6265136,2.04262126153367,78.8064669891305
"611",2002-06-28,66.2880708187704,133362,174530,6265136,2.7857336217442,76.4120781527531
"612",2002-06-29,63.5784707034657,52104,74531,6265136,1.18961503788585,69.9091653137621
"613",2002-06-30,65.5041288142802,123789,169298,6265136,2.70222386233914,73.1189972710841
"614",2002-07-01,71.6717069295339,150625,191326,6265136,3.05382037995664,78.7268850025611
"615",2002-07-02,71.9532999623853,27871,34561,6265136,0.551640060167888,80.6429212117705
"616",2002-07-03,56.2283019983446,21033,33828,6265136,0.539940393951544,62.1763036537779
"617",2002-07-04,59.8463097803926,56319,85835,6265136,1.37004208687569,65.6130948913613
"618",2002-07-05,67.6479364894052,62875,85655,6265136,1.36716904469432,73.4049384157375
"619",2002-07-06,62.7695722567504,39954,57441,6265136,0.916835644110519,69.5565884995038
"620",2002-07-07,60.370216675114,21315,31568,6265136,0.503867753229938,67.5209072478459
"621",2002-07-08,53.9707232499951,31659,50757,6265136,0.810150011109096,62.3736627460252
"622",2002-07-09,41.7481292543139,31611,65081,6265136,1.03878032336409,48.5717797821177
"623",2002-07-10,62.6273449215044,91181,130708,6265136,2.08627554134499,69.7593108302476
"624",2002-07-11,58.4240565626,109831,171845,6265136,2.74287740920548,63.9128284209608
"625",2002-07-12,59.2403987336938,151665,235646,6265136,3.76122721039096,64.3613725673256
"626",2002-07-13,57.209187258338,147290,237677,6265136,3.79364470300405,61.9706576572407
"627",2002-07-14,57.3088917689282,137282,220676,6265136,3.52228586897395,62.2097554786202
"628",2002-07-15,62.8681558326352,56307,81164,6265136,1.29548664226922,69.3743531615002
"629",2002-07-16,44.7666583400987,31994,64052,6265136,1.02235609889394,49.950040592019
"630",2002-07-17,63.4569774080418,18144,24522,6265136,0.391404113174878,73.9907022265721
"631",2002-07-18,61.3982784154017,7640,10804,6265136,0.172446376263819,70.714550166605
"632",2002-07-19,47.5921815889029,2049,3965,6265136,0.063286734717331,51.6771752837327
"633",2002-07-20,42.6235373234701,3439,7435,6265136,0.118672603435903,46.2542030934768
"634",2002-07-21,47.9271778821075,6358,9585,6265136,0.152989496157785,66.3328116849244
"635",2002-07-22,50.3499154188334,19226,31922,6265136,0.509518069519959,60.2280558862227
"636",2002-07-23,63.9820584027602,44801,59415,6265136,0.948343340032842,75.4035176302281
"637",2002-07-24,62.611978080458,51104,69527,6265136,1.10974446524385,73.5023803702159
"638",2002-07-25,54.3981787036804,47806,79394,6265136,1.26723506081911,60.2136181575434
"639",2002-07-26,61.2426524452779,23501,34127,6265136,0.544712836241703,68.8633633193659
"640",2002-07-27,51.0846277450455,64369,115754,6265136,1.84758958145522,55.6084454964839
"641",2002-07-28,59.8504189435337,24589,27450,6265136,0.438138932658445,89.5774134790528
"642",2002-07-29,55.4678245873368,28346,40590,6265136,0.647871011898225,69.8349347129835
"643",2002-07-30,44.0075974824029,13485,26851,6265136,0.428578086732674,50.221593236751
"644",2002-07-31,33.2387810974884,2839,8401,6265136,0.134091263142572,33.7935960004761
"645",2002-08-01,40.2309611344538,3495,7616,6265136,0.121561606962722,45.890231092437
"646",2002-08-02,44.3932751700435,22050,41607,6265136,0.664103700222948,52.9958901146442
"647",2002-08-03,51.8159412330084,17127,29132,6265136,0.464985915708773,58.7910201839901
"648",2002-08-04,61.0633299284985,11416,16643,6265136,0.26564467235827,68.5934026317371
"649",2002-08-05,37.2792318821518,2757,7603,6265136,0.121354109471845,36.2620018413784
"650",2002-08-06,49.9291618420902,48249,87227,6265136,1.39226027974493,55.3142948857579
"651",2002-08-07,63.9833238428374,51913,73758,6265136,1.17727691785142,70.3828737221725
"652",2002-08-08,42.9142743076979,26208,55106,6265136,0.87956590248001,47.5592494465212
"653",2002-08-09,45.5476549729662,16260,31812,6265136,0.507762321520235,51.1127876273105
"654",2002-08-10,41.0195270693241,21933,49521,6265136,0.790421788130377,44.2903010843884
"655",2002-08-11,56.9798543092629,49590,77287,6265136,1.23360450595167,64.1634427523387
"656",2002-08-12,53.3241079476168,123601,207471,6265136,3.31151630227979,59.5750731427525
"657",2002-08-13,53.4391100216055,141175,240680,6265136,3.84157662339652,58.6567226192455
"658",2002-08-14,57.4340779220779,96769,154000,6265136,2.45804719961386,62.837012987013
"659",2002-08-15,70.4492295535362,30599,40496,6265136,0.646370645425734,75.5605491900435
"660",2002-08-16,43.7191813338491,26948,56873,6265136,0.907769599893761,47.3827651082236
"661",2002-08-17,51.7971475589687,4476,9115,6265136,0.145487663795327,49.1058694459682
"662",2002-08-18,43.1181176965996,20048,47495,6265136,0.758084102244548,42.210759027266
"663",2002-08-19,42.2490331157844,46188,99288,6265136,1.58477006724196,46.5192168237854
"664",2002-08-20,32.4584341183959,1981,7855,6265136,0.125376368525759,25.2196053469128
"665",2002-08-21,52.2132180678625,67218,115675,6265136,1.8463286351645,58.1093581154095
"666",2002-08-22,35.6133405639913,1762,5532,6265136,0.0882981630406746,31.8510484454085
"667",2002-08-23,46.4145569620253,10407,21172,6265136,0.33793360591055,49.1545437370111
"668",2002-08-24,54.1691640957837,15646,27228,6265136,0.434595513968093,57.4629058322315
"669",2002-08-25,54.6608888069334,3888,5423,6265136,0.0865583763864025,71.6946339664392
"670",2002-08-26,37.0815004767071,9227,30417,6265136,0.485496244614642,30.3350100272874
"671",2002-08-27,45.8098667921671,24862,48871,6265136,0.780046913586553,50.8727056945837
"672",2002-08-28,31.8838301030358,20999,57941,6265136,0.924816316836538,36.2420393158558
"673",2002-08-29,51.1244099367562,68445,109734,6265136,1.75150228183395,62.3735578763191
"674",2002-08-30,56.3805829843172,90321,130844,6265136,2.08844628432647,69.0295313503103
"675",2002-08-31,53.3425870959481,109988,171822,6265136,2.74251029826009,64.0127573884601
"676",2002-09-01,53.7038471743168,13069,18845,6265136,0.300791555043657,69.349960201645
"677",2002-09-02,53.0988575425507,78834,115803,6265136,1.84837168738237,68.0759565814357
"678",2002-09-03,44.8864202537512,19158,34522,6265136,0.551017567695258,55.4950466369272
"679",2002-09-04,58.7376753846806,73976,94364,6265136,1.50617640223612,78.3943029121275
"680",2002-09-05,56.3662985941146,27418,35138,6265136,0.560849756493714,78.0294837497866
"681",2002-09-06,62.3570804260551,57027,67503,6265136,1.07743870204893,84.4806897471224
"682",2002-09-07,64.0004029110322,71703,79422,6265136,1.26768197849177,90.2810304449649
"683",2002-09-08,66.5627103379627,77859,84388,6265136,1.34694602000659,92.2631179788596
"684",2002-09-09,69.9156666292821,148892,160494,6265136,2.5617001769794,92.7710693234638
"685",2002-09-10,60.6483455542547,37115,48687,6265136,0.777110026023378,76.2318483373385
"686",2002-09-11,66.6858149813549,132174,156341,6265136,2.49541270931708,84.5421226677583
"687",2002-09-12,60.6668509035125,70995,88654,6265136,1.41503711970498,80.0809890134681
"688",2002-09-13,61.5976467853407,89422,111847,6265136,1.7852286047741,79.9502892344006
"689",2002-09-14,58.5336517710701,27365,34753,6265136,0.554704638494679,78.7414036198314
"690",2002-09-15,62.7703099300158,25459,31007,6265136,0.494913438431344,82.107266101203
"691",2002-09-16,61.3082248887762,121067,149923,6265136,2.3929727942059,80.7527864303676
"692",2002-09-17,64.2056659835427,131154,160537,6265136,2.56238651483384,81.6970542616344
"693",2002-09-18,54.664800542264,26815,39833,6265136,0.635788273391032,67.3185549669872
"694",2002-09-19,63.3031509201561,138552,164809,6265136,2.63057338260494,84.0682244294911
"695",2002-09-20,69.6058510005158,134309,151222,6265136,2.4137065819481,88.8157807726389
"696",2002-09-21,64.7052639171911,48098,55453,6265136,0.885104489351867,86.736515607812
"697",2002-09-22,52.9094006963479,9118,13499,6265136,0.215462202257062,67.5457441291947
"698",2002-09-23,59.2079915775041,31489,40843,6265136,0.651909232297591,77.097666674828
"699",2002-09-24,55.8335499215379,57107,81568,6265136,1.30193502583184,70.0115241271087
"700",2002-09-25,63.743988042306,88968,105706,6265136,1.68720998235314,84.165515675553
"701",2002-09-26,66.4953429846409,131284,154176,6265136,2.46085639641342,85.1520340390203
"702",2002-09-27,65.0755014690413,91765,110276,6265136,1.76015333106895,83.2139359425442
"703",2002-09-28,60.3407774149373,59761,75944,6265136,1.21216841900958,78.6908774886759
"704",2002-09-29,64.6344157831761,123640,143748,6265136,2.29441148603957,86.0116314661769
"705",2002-09-30,66.0343103356562,82229,93995,6265136,1.50028666576432,87.4823128889835
"706",2002-10-01,64.4013511412133,47079,57877,6265136,0.923794790727608,81.3431933237728
"707",2002-10-02,63.7642199497798,120191,137395,6265136,2.19300905838277,87.4784380799884
"708",2002-10-03,55.7724975546136,8575,12268,6265136,0.195813786005603,69.897293772416
"709",2002-10-04,56.1571484071484,3784,5148,6265136,0.082169006387092,73.5042735042735
"710",2002-10-05,67.4987387297385,72843,80078,6265136,1.2781526211083,90.9650590674093
"711",2002-10-06,71.6007441234855,82612,92189,6265136,1.47146047587794,89.611558862771
"712",2002-10-07,63.0053159318797,25360,31415,6265136,0.501425667375776,80.7257679452491
"713",2002-10-08,54.8601666731875,17621,25559,6265136,0.407956028408641,68.9424468875934
"714",2002-10-09,58.6713395638629,16877,24396,6265136,0.389392983647921,69.1793736678144
"715",2002-10-10,60.002397675665,24954,35451,6265136,0.565845657620202,70.3901159346704
"716",2002-10-11,59.9152290495574,11877,15477,6265136,0.247033743561193,76.7396782322156
"717",2002-10-12,60.8848223896663,9636,13006,6265136,0.207593258949207,74.0888820544364
"718",2002-10-13,33.352,340,1125,6265136,0.0179565136335428,30.2222222222222
"719",2002-10-14,48.2622377622378,147,286,6265136,0.00456494479928289,51.3986013986014
"720",2002-10-15,35.1796536796537,47,462,6265136,0.00737414159884159,10.1731601731602
"721",2002-10-16,40.8063909774436,212,532,6265136,0.00849143578048425,39.8496240601504
"722",2002-10-17,45.2685851318945,401,834,6265136,0.0133117621069998,48.0815347721823
"723",2002-10-18,61.7825793382849,1139,1481,6265136,0.0236387526144684,76.9074949358541
"724",2002-10-19,52.3877005347594,229,374,6265136,0.00596954319906224,61.2299465240642
"725",2002-10-20,59.536443148688,264,343,6265136,0.00547474149004906,76.9679300291545
"726",2002-10-21,56.0020161290323,369,496,6265136,0.00791682734421088,74.3951612903226
"727",2002-10-22,52.1145374449339,140,227,6265136,0.00362322541761264,61.6740088105727
"728",2002-10-23,59.8979591836735,303,392,6265136,0.00625684741719892,77.2959183673469
"729",2002-10-24,59.2223340040241,765,994,6265136,0.0158655773793258,76.9617706237425
"730",2002-10-25,46.615,95,200,6265136,0.00319226909040761,47.5
"731",2002-10-26,47.5623471882641,163,409,6265136,0.00652819028988357,39.8533007334963
"732",2002-10-27,48.7916666666667,124,192,6265136,0.00306457832679131,64.5833333333333
"733",2002-10-28,51.8779840848806,260,377,6265136,0.00601742723541835,68.9655172413793
"734",2002-10-29,81.8432108027007,1266,1333,6265136,0.0212764734875668,94.973743435859
"735",2002-10-30,70.2573913043478,546,575,6265136,0.00917777363492189,94.9565217391304
"736",2002-10-31,NA,NA,0,6265136,0,NA
"737",2002-11-01,NA,NA,0,6265136,0,NA
"738",2002-11-02,NA,NA,0,6265136,0,NA
"739",2002-11-03,NA,NA,0,6265136,0,NA
"740",2002-11-04,NA,NA,0,6265136,0,NA
"741",2002-11-05,NA,NA,0,6265136,0,NA
"742",2002-11-06,NA,NA,0,6265136,0,NA
"743",2002-11-07,NA,NA,0,6265136,0,NA
"744",2002-11-08,NA,NA,0,6265136,0,NA
"745",2002-11-09,NA,NA,0,6265136,0,NA
"746",2002-11-10,NA,NA,0,6265136,0,NA
"747",2002-11-11,NA,NA,0,6265136,0,NA
"748",2002-11-12,NA,NA,0,6265136,0,NA
"749",2002-11-13,NA,NA,0,6265136,0,NA
"750",2002-11-14,NA,NA,0,6265136,0,NA
"751",2002-11-15,NA,NA,0,6265136,0,NA
"752",2002-11-16,NA,NA,0,6265136,0,NA
"753",2002-11-17,NA,NA,0,6265136,0,NA
"754",2002-11-18,NA,NA,0,6265136,0,NA
"755",2002-11-19,NA,NA,0,6265136,0,NA
"756",2002-11-20,NA,NA,0,6265136,0,NA
"757",2002-11-21,NA,NA,0,6265136,0,NA
"758",2002-11-22,NA,NA,0,6265136,0,NA
"759",2002-11-23,NA,NA,0,6265136,0,NA
"760",2002-11-25,NA,NA,0,6265136,0,NA
"761",2002-12-05,NA,NA,0,6265136,0,NA
"762",2002-12-06,NA,NA,0,6265136,0,NA
"763",2002-12-11,NA,NA,0,6265136,0,NA
"764",2003-01-15,NA,NA,0,6265136,0,NA
"765",2003-01-16,NA,NA,0,6265136,0,NA
"766",2003-01-17,NA,NA,0,6265136,0,NA
"767",2003-01-19,NA,NA,0,6265136,0,NA
"768",2003-01-20,NA,NA,0,6265136,0,NA
"769",2003-01-21,NA,NA,0,6265136,0,NA
"770",2003-01-22,NA,NA,0,6265136,0,NA
"771",2003-01-23,NA,NA,0,6265136,0,NA
"772",2003-01-24,NA,NA,0,6265136,0,NA
"773",2003-01-25,NA,NA,0,6265136,0,NA
"774",2003-01-26,NA,NA,0,6265136,0,NA
"775",2003-01-27,NA,NA,0,6265136,0,NA
"776",2003-01-28,NA,NA,0,6265136,0,NA
"777",2003-01-29,NA,NA,0,6265136,0,NA
"778",2003-01-30,NA,NA,0,6265136,0,NA
"779",2003-01-31,NA,NA,0,6265136,0,NA
"780",2003-02-02,NA,NA,0,6265136,0,NA
"781",2003-02-03,NA,NA,0,6265136,0,NA
"782",2003-02-04,NA,NA,0,6265136,0,NA
"783",2003-02-05,NA,NA,0,6265136,0,NA
"784",2003-02-06,NA,NA,0,6265136,0,NA
"785",2003-02-07,NA,NA,0,6265136,0,NA
"786",2003-02-08,NA,NA,0,6265136,0,NA
"787",2003-02-09,NA,NA,0,6265136,0,NA
"788",2003-02-10,NA,NA,0,6265136,0,NA
"789",2003-02-11,NA,NA,0,6265136,0,NA
"790",2003-02-12,NA,NA,0,6265136,0,NA
"791",2003-02-13,NA,NA,0,6265136,0,NA
"792",2003-02-14,54.5468227424749,455,598,6265136,0.00954488458031877,76.0869565217391
"793",2003-02-15,67.4160839160839,478,572,6265136,0.00912988959856578,83.5664335664336
"794",2003-02-16,NA,NA,0,6265136,0,NA
"795",2003-02-17,NA,NA,0,6265136,0,NA
"796",2003-02-18,NA,NA,0,6265136,0,NA
"797",2003-02-19,59.4203980099502,278,402,6265136,0.00641646087171931,69.1542288557214
"798",2003-02-20,44.6712328767123,16,73,6265136,0.00116517821799878,21.9178082191781
"799",2003-02-21,NA,NA,0,6265136,0,NA
"800",2003-02-22,55.2666151468315,825,1294,6265136,0.0206539810149373,63.7557959814529
"801",2003-02-23,53.896,75,125,6265136,0.00199516818150476,60
"802",2003-02-24,45.4991789819376,189,609,6265136,0.00972045938029119,31.0344827586207
"803",2003-02-25,NA,NA,0,6265136,0,NA
"804",2003-02-26,57.4600938967136,298,426,6265136,0.00679953316256822,69.9530516431925
"805",2003-02-27,64.8,509,620,6265136,0.00989603418026361,82.0967741935484
"806",2003-02-28,62.9372909698997,1009,1196,6265136,0.0190897691606375,84.3645484949833
"807",2003-03-01,59.2900114810563,8200,8710,6265136,0.139023318887252,94.1446613088404
"808",2003-03-02,36.1366742596811,0,439,6265136,0.00700703065344471,0
"809",2003-03-03,51.8794516465504,4459,6711,6265136,0.107116589328627,66.443153032335
"810",2003-03-04,54.0622418879056,10178,13560,6265136,0.216435844329636,75.0589970501475
"811",2003-03-05,57.7092642240095,11631,13428,6265136,0.214328946729967,86.6175156389634
"812",2003-03-06,57.3800071658904,26256,27910,6265136,0.445481151566383,94.0738086707273
"813",2003-03-07,54.6857466704449,2937,3529,6265136,0.0563275881002424,83.2247095494474
"814",2003-03-08,51.5935408103347,5824,8515,6265136,0.135910856524104,68.3969465648855
"815",2003-03-09,66.5509846098691,72841,78102,6265136,1.24661300249508,93.2639369030242
"816",2003-03-10,64.5642051300245,108149,112748,6265136,1.79960977702639,95.9209919466421
"817",2003-03-11,61.8827852783135,123019,125991,6265136,2.01098587484773,97.641101348509
"818",2003-03-12,69.2181930797601,104298,106557,6265136,1.70079308733282,97.8800078831048
"819",2003-03-13,66.2443833022163,109446,111943,6265136,1.7867608939375,97.769400498468
"820",2003-03-14,67.6233179996748,102287,104563,6265136,1.66896616450146,97.8233218251198
"821",2003-03-15,63.9965221794342,70333,75047,6265136,1.1978510921391,93.7186030087812
"822",2003-03-16,63.4829282443904,75856,79283,6265136,1.26546335147393,95.6775096805116
"823",2003-03-17,63.0789243858463,65466,70992,6265136,1.13312783633109,92.2160243407708
"824",2003-03-18,60.7263460727661,38123,40321,6265136,0.643577409971627,94.5487463108554
"825",2003-03-19,70.1200560728948,148480,149805,6265136,2.39108935544256,99.1155168385568
"826",2003-03-20,57.1171097318187,16485,17078,6265136,0.272587857629906,96.5276964515751
"827",2003-03-21,63.2391603498542,38847,42875,6265136,0.684342686256132,90.6052478134111
"828",2003-03-22,62.1046609682242,50010,52178,6265136,0.832831082996443,95.8449921422822
"829",2003-03-23,66.4298880746655,136234,137145,6265136,2.18901872201976,99.3357395457363
"830",2003-03-24,69.4259819515679,153140,154030,6265136,2.45852603997742,99.4221904823736
"831",2003-03-25,71.4455828779599,183314,184464,6265136,2.94429362746475,99.3765721224738
"832",2003-03-26,60.9827481324671,40219,41097,6265136,0.655963414042409,97.8635910163759
"833",2003-03-27,66.0803355621081,119557,120395,6265136,1.92166618569812,99.3039578055567
"834",2003-03-28,68.2224139430054,149137,149523,6265136,2.38658825602509,99.7418457361075
"835",2003-03-29,70.8324583552835,164819,165147,6265136,2.63596831736773,99.8013890654992
"836",2003-03-30,71.0874701492537,133521,134000,6265136,2.1388202905731,99.6425373134328
"837",2003-03-31,70.2250166947263,106076,106321,6265136,1.69702620980614,99.7695657490054
"838",2003-04-01,70.865497964392,131424,131656,6265136,2.10140689683352,99.8237831925624
"839",2003-04-02,69.9360568383659,10676,10697,6265136,0.170738512300451,99.8036832756848
"840",2003-04-03,62.9835225192237,5347,5462,6265136,0.087180868859032,97.8945441230319
"841",2003-04-04,61.6782886723508,6497,6568,6265136,0.104834116928986,98.9190012180268
"842",2003-04-05,71.8748189487702,145507,145677,6265136,2.32520092141655,99.8833034727514
"843",2003-04-06,62.6019198489299,18365,19064,6265136,0.304287089697654,96.3334032731851
"844",2003-04-07,64.0291616038882,1596,1646,6265136,0.0262723746140547,96.9623329283111
"845",2003-04-08,71.745244639912,71348,72760,6265136,1.16134749509029,98.0593732820231
"846",2003-04-09,72.5104413989597,89785,90553,6265136,1.4453477147184,99.1518779057568
"847",2003-04-10,71.0222320867088,80930,81099,6265136,1.29444915481484,99.7916127202555
"848",2003-04-11,73.8658364018137,131290,131444,6265136,2.09802309159769,99.8828398405405
"849",2003-04-12,76.1092788849785,99826,100303,6265136,1.60097083287577,99.5244409439399
"850",2003-04-13,72.0978933172116,42496,43006,6265136,0.686433622510349,98.8141189601451
"851",2003-04-14,74.6497768730917,62784,63865,6265136,1.01937132729441,98.3073671024818
"852",2003-04-15,74.3577944675673,128201,129021,6265136,2.0593487515674,99.3644445477868
"853",2003-04-16,71.0940166452257,75086,76178,6265136,1.21590337384536,98.566515266875
"854",2003-04-17,78.0859580502756,85984,87438,6265136,1.3956281236353,98.3371074361262
"855",2003-04-18,76.0182244867756,45581,47299,6265136,0.754955678535949,96.3677879024927
"856",2003-04-19,80.2204194533895,166583,169554,6265136,2.70630996677486,98.2477558771837
"857",2003-04-20,68.9085048579454,42804,43434,6265136,0.693265078363822,98.5495234148363
"858",2003-04-21,70.620328148604,141726,142984,6265136,2.28221701811421,99.1201812790242
"859",2003-04-22,69.9988864897315,102237,103277,6265136,1.64843987425014,98.9929994093554
"860",2003-04-23,73.0946429773201,147995,148590,6265136,2.37169632071834,99.5995692846087
"861",2003-04-24,75.2662326281496,193324,193992,6265136,3.09637332693177,99.6556559033362
"862",2003-04-25,76.8014963596516,242694,243658,6265136,3.88910951015269,99.6043634930928
"863",2003-04-26,79.2941564577782,233826,234926,6265136,3.7497350416655,99.5317674501758
"864",2003-04-27,77.9729959942907,130064,130314,6265136,2.07998677123689,99.8081556854981
"865",2003-04-28,74.1538061193744,72755,73014,6265136,1.16540167683511,99.64527350919
"866",2003-04-29,73.9575473965929,124703,124798,6265136,1.99194398972345,99.9238769852081
"867",2003-04-30,70.1812156984571,19293,19314,6265136,0.308277426060663,99.8912705809257
"868",2003-05-01,71.3894006757958,28051,28115,6265136,0.44875322738405,99.7723635070247
"869",2003-05-02,67.0352372904869,79043,79291,6265136,1.26559104223755,99.68722805867
"870",2003-05-03,71.7783491800306,154138,154396,6265136,2.46436789241287,99.8328972253167
"871",2003-05-04,73.5738049700179,146701,146921,6265136,2.34505683515889,99.8502596633565
"872",2003-05-05,74.6112195792658,108770,109095,6265136,1.74130298209009,99.7020945047894
"873",2003-05-06,72.0218308496226,77327,77505,6265136,1.23708407926021,99.7703373975873
"874",2003-05-07,73.4975940586868,109843,110144,6265136,1.75804643346928,99.7267213829169
"875",2003-05-08,76.8281678312814,126014,126222,6265136,2.01467294564715,99.8352109774841
"876",2003-05-09,77.1129529071798,93968,94473,6265136,1.50791618889039,99.4654557386767
"877",2003-05-10,80.1326793648883,98839,99699,6265136,1.59133018022274,99.1374035847902
"878",2003-05-11,76.9955445679046,73326,73618,6265136,1.17504232948814,99.6033578744329
"879",2003-05-12,74.1731475579031,32647,32943,6265136,0.52581460322649,99.1014783110221
"880",2003-05-13,73.0804421852638,59427,60789,6265136,0.970274228683942,97.7594630607511
"881",2003-05-14,67.1530484476836,30852,31147,6265136,0.49714802679463,99.0528782868334
"882",2003-05-15,73.7465270299375,36971,37144,6265136,0.592868215470502,99.5342451001508
"883",2003-05-16,74.0045983572765,62693,63066,6265136,1.00661821227823,99.4085561158152
"884",2003-05-17,73.5352900755865,39807,40748,6265136,0.650392904479647,97.6906842053598
"885",2003-05-18,77.0823009427595,44621,45929,6265136,0.733088635266657,97.1521261076879
"886",2003-05-19,76.3651724829523,19704,19944,6265136,0.318333073695447,98.7966305655836
"887",2003-05-20,66.1464007782101,3879,4112,6265136,0.0656330524987806,94.3336575875486
"888",2003-05-21,76.4510681059354,30445,30849,6265136,0.492391545849922,98.6903951505721
"889",2003-05-22,75.1909702470754,79564,80866,6265136,1.29073016132451,98.3899290183761
"890",2003-05-23,76.4617605504024,32077,32558,6265136,0.519669485227456,98.5226365255851
"891",2003-05-24,75.8307148468185,106498,109478,6265136,1.74741617739822,97.2779919253183
"892",2003-05-25,76.5420454545455,113567,115280,6265136,1.84002390371095,98.514052741152
"893",2003-05-26,76.9948243131917,109286,111676,6265136,1.7824992147018,97.859880368208
"894",2003-05-27,75.6999041544105,30157,30257,6265136,0.482942429342316,99.6694979674125
"895",2003-05-28,78.3442466502946,76234,78589,6265136,1.25438617773022,97.0033974220311
"896",2003-05-29,80.928230904757,19136,19298,6265136,0.308022044533431,99.1605347704425
"897",2003-05-30,75.8435897435897,6836,7020,6265136,0.112048645073307,97.3789173789174
"898",2003-05-31,78.1712158808933,4372,4433,6265136,0.0707566443888848,98.6239566884728
"899",2003-06-01,78.4604398319743,20102,20235,6265136,0.32297782522199,99.3427230046948
"900",2003-06-02,73.6631054775917,10649,11045,6265136,0.176293060517761,96.414667270258
"901",2003-06-03,75.852859131806,196023,200393,6265136,3.19854189917026,97.8192851047691
"902",2003-06-04,78.539640166752,52495,54692,6265136,0.872957905462866,95.982959116507
"903",2003-06-05,74.4144243089877,21172,21852,6265136,0.348787320817936,96.8881566904631
"904",2003-06-06,67.9430390638444,5470,5811,6265136,0.0927513784217932,94.1318189640337
"905",2003-06-07,71.1763184079602,4323,5025,6265136,0.0802057608964913,86.0298507462687
"906",2003-06-08,70.3522160426581,17118,17441,6265136,0.278381826028996,98.1480419700705
"907",2003-06-09,71.7012010443864,36386,38300,6265136,0.611319530813058,95.0026109660574
"908",2003-06-10,72.2765698276387,15248,16419,6265136,0.262069330977013,92.8680187587551
"909",2003-06-11,72.787431476434,31136,32653,6265136,0.521185813045399,95.3541787890852
"910",2003-06-12,71.7056132849401,18497,20113,6265136,0.321030541076842,91.9653955153383
"911",2003-06-13,74.226009776177,14457,15548,6265136,0.248166999088288,92.9830203241575
"912",2003-06-14,69.7839077948326,15955,18307,6265136,0.292204351190461,87.15245534495
"913",2003-06-15,76.4425600818135,21315,23468,6265136,0.374580855068429,90.8258053519686
"914",2003-06-16,70.7078916372203,28240,33960,6265136,0.542047291551213,83.1566548881037
"915",2003-06-17,68.8807071903764,9286,10973,6265136,0.175143843645214,84.625899936207
"916",2003-06-18,70.6566134406236,57592,63628,6265136,1.01558848842228,90.5136103602188
"917",2003-06-19,77.1862612235642,171290,185213,6265136,2.95624867520833,92.4827090970936
"918",2003-06-20,79.2873723426428,69910,76768,6265136,1.22532056766206,91.0665902459358
"919",2003-06-21,74.6520381431416,42376,47715,6265136,0.761595598243997,88.8106465472074
"920",2003-06-22,77.0104415358256,129633,142412,6265136,2.27308712851565,91.0267393197202
"921",2003-06-23,78.7485310798548,158546,176320,6265136,2.81430443010335,89.9194646098004
"922",2003-06-24,74.2142837331854,61195,72110,6265136,1.15097262054647,84.8634031341007
"923",2003-06-25,72.1902314924015,50977,59354,6265136,0.947369697960268,85.8863766553223
"924",2003-06-26,63.7975377196507,21467,27373,6265136,0.436909909058638,78.4239944470829
"925",2003-06-27,77.2212808615963,97494,112721,6265136,1.79917882069918,86.4914257325609
"926",2003-06-28,74.7567833808979,56608,69029,6265136,1.10179571520874,82.0061133726405
"927",2003-06-29,66.951952123928,52343,69847,6265136,1.1148520957885,74.9395106446948
"928",2003-06-30,58.0721451008208,37848,59214,6265136,0.945135109596982,63.9173168507448
"929",2003-07-01,51.2289102707541,2603,4469,6265136,0.0713312528251581,58.2456925486686
"930",2003-07-02,62.1985013561348,32427,43506,6265136,0.694414295236368,74.5345469590401
"931",2003-07-03,62.3851333675674,82438,103211,6265136,1.6473864254503,79.8732693220684
"932",2003-07-04,55.0438318772225,71581,107707,6265136,1.71914863460266,66.459004521526
"933",2003-07-05,47.9410955424798,26209,47246,6265136,0.754109727226991,55.4734792363375
"934",2003-07-06,58.0545416738019,105275,163508,6265136,2.60980767217184,64.3852288573036
"935",2003-07-07,57.4634590706738,42478,63121,6265136,1.0074960862781,67.2961454983286
"936",2003-07-08,60.1944140034949,24379,33763,6265136,0.538902906497161,72.2062612919468
"937",2003-07-09,57.696524186327,70313,109442,6265136,1.74684156896195,64.2468156649184
"938",2003-07-10,68.5843619190727,14747,18634,6265136,0.297423711153277,79.1402812063969
"939",2003-07-11,63.3547736537224,18825,23305,6265136,0.371979155759747,80.7766573696632
"940",2003-07-12,54.1607981379488,91339,147794,6265136,2.35899108973851,61.8015616330839
"941",2003-07-13,61.1966886381992,54501,76766,6265136,1.22528864497115,70.9962743923091
"942",2003-07-14,55.860189059869,75948,119962,6265136,1.91475492311739,63.3100481819243
"943",2003-07-15,41.2035506744149,8191,18757,6265136,0.299386956643878,43.6690302287146
"944",2003-07-16,40.2913381360259,7586,17629,6265136,0.281382558973979,43.0313687673719
"945",2003-07-17,49.321164866652,40694,72592,6265136,1.15866598905435,56.0585188450518
"946",2003-07-18,64.6037685862834,43582,60394,6265136,0.963969497230387,72.1627976289035
"947",2003-07-19,58.2367264520727,11393,16838,6265136,0.268757134721417,67.6624302173655
"948",2003-07-20,49.824942021396,23673,40101,6265136,0.640065913972179,59.0334405625795
"949",2003-07-21,50.6349398127287,114642,201953,6265136,3.22344159807544,56.7666734339178
"950",2003-07-22,54.9229597705805,111836,185163,6265136,2.95545060793573,60.3986757613562
"951",2003-07-23,65.8284818684696,57968,81350,6265136,1.2984554525233,71.2575291948371
"952",2003-07-24,49.5386068005477,96164,175280,6265136,2.79770463083323,54.8630762209037
"953",2003-07-25,56.3389677208902,85736,134886,6265136,2.15296204264361,63.5618225761013
"954",2003-07-26,53.5573051809187,82078,140284,6265136,2.23912138539371,58.5084542784637
"955",2003-07-27,54.476711180689,77014,126477,6265136,2.01874308873742,60.891703629909
"956",2003-07-28,53.4090392729633,8907,12324,6265136,0.196707621350917,72.2736124634859
"957",2003-07-29,74.6609944451971,29796,36905,6265136,0.589053453907465,80.7370275030484
"958",2003-07-30,54.6832643264326,47906,83325,6265136,1.32997910979107,57.4929492949295
"959",2003-07-31,44.1381061797073,7622,16538,6265136,0.263968731085806,46.0877977990083
"960",2003-08-01,55.0324183555807,121644,204668,6265136,3.26677665097773,59.4347919557527
"961",2003-08-02,54.5336853788974,141771,237848,6265136,3.79637409307635,59.6057145740137
"962",2003-08-03,41.6586076817558,29491,64152,6265136,1.02395223343915,45.9705075445816
"963",2003-08-04,49.7073375114429,77196,142010,6265136,2.26667066764393,54.3595521442152
"964",2003-08-05,51.9382316887562,69920,121551,6265136,1.94011750104068,57.5231795707152
"965",2003-08-06,61.2688196712462,49505,74098,6265136,1.18270377530512,66.8101703149883
"966",2003-08-07,50.8040372670807,64485,115920,6265136,1.85023916480025,55.6288819875776
"967",2003-08-08,54.3635332111373,95794,160398,6265136,2.560167887816,59.7226898090999
"968",2003-08-09,50.8543399253487,69020,122168,6265136,1.94996565118459,56.4959727588239
"969",2003-08-10,44.0047652828326,31100,64844,6265136,1.03499748449196,47.9612608722472
"970",2003-08-11,50.9213960622595,28213,39769,6265136,0.634766747282102,70.9421911539139
"971",2003-08-12,57.8454488211012,55702,85758,6265136,1.36881306327588,64.9525408708225
"972",2003-08-13,59.8190623691921,76682,119450,6265136,1.90658271424595,64.1958978652156
"973",2003-08-14,58.848735844445,46514,73646,6265136,1.1754892471608,63.1588952556826
"974",2003-08-15,53.5318911877132,103084,175017,6265136,2.79350679697935,58.8994211990835
"975",2003-08-16,63.9811754059453,80932,117134,6265136,1.86961623817903,69.093516826882
"976",2003-08-17,47.8594002820456,71453,134730,6265136,2.15047207275309,53.0342165813108
"977",2003-08-18,51.4905299739357,93724,166895,6265136,2.66386874921789,56.1574642739447
"978",2003-08-19,54.4122537633991,124406,205798,6265136,3.28481297133853,60.4505388779288
"979",2003-08-20,54.4267604397008,74862,125267,6265136,1.99942986074045,59.7619484780509
"980",2003-08-21,52.03481731085,80752,140074,6265136,2.23576950284878,57.6495281065722
"981",2003-08-22,58.780082027982,95453,147023,6265136,2.34668489239499,64.9238554511879
"982",2003-08-23,63.468570405096,89775,128414,6265136,2.04966021487802,69.9106016477954
"983",2003-08-24,55.657650891407,68174,106517,6265136,1.70015463351474,64.0029291099073
"984",2003-08-25,51.081981945182,58679,97924,6265136,1.56299879204538,59.9230015113762
"985",2003-08-26,46.2602646467334,69007,127793,6265136,2.0397482193523,53.9990453311214
"986",2003-08-27,52.0670105166241,136204,223741,6265136,3.57120739278445,60.8757447226928
"987",2003-08-28,56.3614371697147,68630,103509,6265136,1.65214290639501,66.3034132297675
"988",2003-08-29,45.5117018927761,54347,99642,6265136,1.59042038353198,54.5422612954377
"989",2003-08-30,45.636773053527,35094,63949,6265136,1.02071208031238,54.8781059907113
"990",2003-08-31,35.7982697404611,16526,39994,6265136,0.638358050008811,41.321198179727
"991",2003-09-01,38.9561518169071,19931,42077,6265136,0.671605532585406,47.3679207167811
"992",2003-09-02,46.8431273855962,11788,23841,6265136,0.38053443692204,49.4442347216979
"993",2003-09-03,42.726472706774,14959,31931,6265136,0.509661721629028,46.8478907644609
"994",2003-09-04,46.1957065811273,31559,56738,6265136,0.905614818257736,55.6223342380768
"995",2003-09-05,42.8401411144642,11815,23527,6265136,0.3755225744501,50.2188974369873
"996",2003-09-06,39.7072414615405,34867,75482,6265136,1.20479427741074,46.1924697278821
"997",2003-09-07,49.323683684032,67936,114961,6265136,1.83493223451175,59.0948234618697
"998",2003-09-08,44.131625891947,18843,39240,6265136,0.626323195537974,48.019877675841
"999",2003-09-09,46.4484380860526,49162,93315,6265136,1.48943295085693,52.6839200557252
"1000",2003-09-10,49.9752475247525,7504,13938,6265136,0.222469232910507,53.838427320993
"1001",2003-09-11,43.662262935959,23425,48141,6265136,0.768395131406565,48.6591470887601
"1002",2003-09-12,48.305922527681,29321,57982,6265136,0.925470732000071,50.569142147563
"1003",2003-09-13,54.3750862169935,52184,76841,6265136,1.22648574588006,67.9116617430799
"1004",2003-09-14,58.1903676982469,44711,63204,6265136,1.00882087795061,70.7407759002595
"1005",2003-09-15,56.9914063889054,27112,33746,6265136,0.538631563624477,80.3413737924495
"1006",2003-09-16,54.4117436661699,12468,16775,6265136,0.267751569957939,74.3248882265276
"1007",2003-09-17,59.4049308731536,45942,57069,6265136,0.910898023602361,80.5025495452873
"1008",2003-09-18,58.0670164529084,60807,77190,6265136,1.23205625544282,78.775748153906
"1009",2003-09-19,60.8072711275904,53797,63649,6265136,1.01592367667677,84.5213593300759
"1010",2003-09-20,62.0671597364465,82205,99107,6265136,1.58188106371514,82.9457051469624
"1011",2003-09-21,62.1288468099625,47687,58620,6265136,0.935654070398472,81.3493688161037
"1012",2003-09-22,61.5253787878788,46789,58080,6265136,0.927034943854371,80.5595730027548
"1013",2003-09-23,66.0051860541639,127545,139798,6265136,2.23136417150402,91.2352108041603
"1014",2003-09-24,55.141412880679,5655,8012,6265136,0.127882299761729,70.581627558662
"1015",2003-09-25,65.3661832372299,29857,34338,6265136,0.548080680132083,86.950317432582
"1016",2003-09-26,61.9169333333333,29876,37500,6265136,0.598550454451428,79.6693333333333
"1017",2003-09-27,63.1334008642873,102888,122413,6265136,1.95387618082034,84.0498966613023
"1018",2003-09-28,59.8792750234991,71608,82982,6265136,1.32450436830102,86.2934130293317
"1019",2003-09-29,61.2239713998996,40968,47832,6265136,0.763463075661885,85.6497742097341
"1020",2003-09-30,55.5019967026928,19350,27295,6265136,0.435664924113379,70.8921047810954
"1021",2003-10-01,53.1044705882353,26644,38250,6265136,0.610521463540456,69.6575163398693
"1022",2003-10-02,59.1265582718505,35679,43237,6265136,0.69012069330977,82.519601267433
"1023",2003-10-03,59.0834727480849,50725,56785,6265136,0.906365001493982,89.3281676499075
"1024",2003-10-04,48.2765317919075,2428,4325,6265136,0.0690328190800647,56.1387283236994
"1025",2003-10-05,64.6077809218238,73435,84463,6265136,1.34814312091549,86.9433953328677
"1026",2003-10-06,63.0644403191405,43614,50636,6265136,0.8082186883094,86.1323959238486
"1027",2003-10-07,58.0139239762646,13699,17021,6265136,0.27167806093914,80.4829328476588
"1028",2003-10-08,73.7864686937577,81187,84456,6265136,1.34803139149733,96.12934545799
"1029",2003-10-09,49.7704180064309,868,1555,6265136,0.0248198921779192,55.8199356913183
"1030",2003-10-10,66.9851657599123,22675,25549,6265136,0.407796414954121,88.7510274374731
"1031",2003-10-11,57.9600708639956,5668,7338,6265136,0.117124352927055,77.2417552466612
"1032",2003-10-12,54.226489265195,2145,3307,6265136,0.0527841694098899,64.8624130631993
"1033",2003-10-13,62.8368304803976,3297,3622,6265136,0.0578119932272819,91.0270568746549
"1034",2003-10-14,51.1685314685315,731,1430,6265136,0.0228247239964144,51.1188811188811
"1035",2003-10-15,31.1494845360825,64,194,6265136,0.00309650101769539,32.9896907216495
"1036",2003-10-16,61.0097719869707,926,1228,6265136,0.0196005322151028,75.4071661237785
"1037",2003-10-17,61.0861538461538,186,325,6265136,0.00518743727191237,57.2307692307692
"1038",2003-10-18,63.8665511265165,420,577,6265136,0.00920969632582597,72.790294627383
"1039",2003-10-19,56.0969899665552,561,897,6265136,0.0143173268704782,62.5418060200669
"1040",2003-10-20,65.5745647236942,1021,1321,6265136,0.0210849373421423,77.2899318697956
"1041",2003-10-21,63.9432918395574,509,723,6265136,0.0115400527618235,70.4011065006916
"1042",2003-10-22,67.7028301886792,475,636,6265136,0.0101514157074962,74.685534591195
"1043",2003-10-23,59.6202723146747,506,661,6265136,0.0105504493437972,76.5506807866868
"1044",2003-10-24,NA,NA,0,6265136,0,NA
"1045",2003-10-25,41.6,0,5,6265136,7.98067272601904e-05,0
"1046",2003-10-26,NA,NA,0,6265136,0,NA
"1047",2003-10-27,43.8955223880597,21,67,6265136,0.00106941014528655,31.3432835820896
"1048",2003-10-28,NA,NA,0,6265136,0,NA
"1049",2003-10-29,49.1346153846154,27,52,6265136,0.00082998996350598,51.9230769230769
"1050",2003-10-30,NA,NA,0,6265136,0,NA
"1051",2003-10-31,NA,NA,0,6265136,0,NA
"1052",2003-11-01,NA,NA,0,6265136,0,NA
"1053",2003-11-02,NA,NA,0,6265136,0,NA
"1054",2003-11-03,NA,NA,0,6265136,0,NA
"1055",2003-11-04,NA,NA,0,6265136,0,NA
"1056",2003-11-05,NA,NA,0,6265136,0,NA
"1057",2003-11-06,NA,NA,0,6265136,0,NA
"1058",2003-11-07,NA,NA,0,6265136,0,NA
"1059",2003-11-08,NA,NA,0,6265136,0,NA
"1060",2003-11-09,NA,NA,0,6265136,0,NA
"1061",2003-11-10,NA,NA,0,6265136,0,NA
"1062",2003-11-11,NA,NA,0,6265136,0,NA
"1063",2003-11-12,NA,NA,0,6265136,0,NA
"1064",2003-11-13,NA,NA,0,6265136,0,NA
"1065",2003-11-14,NA,NA,0,6265136,0,NA
"1066",2003-11-15,NA,NA,0,6265136,0,NA
"1067",2003-11-16,NA,NA,0,6265136,0,NA
"1068",2003-11-17,NA,NA,0,6265136,0,NA
"1069",2003-11-18,NA,NA,0,6265136,0,NA
"1070",2003-11-19,NA,NA,0,6265136,0,NA
"1071",2003-11-20,NA,NA,0,6265136,0,NA
"1072",2003-11-21,NA,NA,0,6265136,0,NA
"1073",2003-11-22,NA,NA,0,6265136,0,NA
"1074",2003-11-23,NA,NA,0,6265136,0,NA
"1075",2003-11-24,NA,NA,0,6265136,0,NA
"1076",2003-11-25,NA,NA,0,6265136,0,NA
"1077",2004-01-17,NA,NA,0,6265136,0,NA
"1078",2004-01-18,NA,NA,0,6265136,0,NA
"1079",2004-01-19,NA,NA,0,6265136,0,NA
"1080",2004-01-20,NA,NA,0,6265136,0,NA
"1081",2004-01-21,NA,NA,0,6265136,0,NA
"1082",2004-01-22,NA,NA,0,6265136,0,NA
"1083",2004-01-23,NA,NA,0,6265136,0,NA
"1084",2004-01-24,NA,NA,0,6265136,0,NA
"1085",2004-01-25,NA,NA,0,6265136,0,NA
"1086",2004-01-26,NA,NA,0,6265136,0,NA
"1087",2004-01-27,NA,NA,0,6265136,0,NA
"1088",2004-01-28,NA,NA,0,6265136,0,NA
"1089",2004-01-29,NA,NA,0,6265136,0,NA
"1090",2004-01-30,NA,NA,0,6265136,0,NA
"1091",2004-01-31,NA,NA,0,6265136,0,NA
"1092",2004-02-01,NA,NA,0,6265136,0,NA
"1093",2004-02-02,NA,NA,0,6265136,0,NA
"1094",2004-02-03,NA,NA,0,6265136,0,NA
"1095",2004-02-04,NA,NA,0,6265136,0,NA
"1096",2004-02-05,NA,NA,0,6265136,0,NA
"1097",2004-02-06,NA,NA,0,6265136,0,NA
"1098",2004-02-07,NA,NA,0,6265136,0,NA
"1099",2004-02-08,NA,NA,0,6265136,0,NA
"1100",2004-02-09,NA,NA,0,6265136,0,NA
"1101",2004-02-10,NA,NA,0,6265136,0,NA
"1102",2004-02-11,NA,NA,0,6265136,0,NA
"1103",2004-02-12,46.1865942028985,197,552,6265136,0.00881066268952502,35.6884057971014
"1104",2004-02-13,74.8114942528736,803,870,6265136,0.0138863705432731,92.2988505747126
"1105",2004-02-14,75.4027954256671,741,787,6265136,0.012561578870754,94.1550190597205
"1106",2004-02-15,69.6206896551724,265,319,6265136,0.00509166919920015,83.0721003134796
"1107",2004-02-16,64.0386740331492,583,724,6265136,0.0115560141072756,80.524861878453
"1108",2004-02-17,NA,NA,0,6265136,0,NA
"1109",2004-02-18,57.5284552845528,208,246,6265136,0.00392649098120137,84.5528455284553
"1110",2004-02-20,54.6984126984127,130,189,6265136,0.0030166942904352,68.7830687830688
"1111",2004-02-21,54.2074643249177,513,911,6265136,0.0145407857068067,56.3117453347969
"1112",2004-02-22,51.7054409005628,346,533,6265136,0.00850739712593629,64.9155722326454
"1113",2004-02-23,48.7507598784195,164,329,6265136,0.00525128265372053,49.8480243161094
"1114",2004-02-24,61.5557986870897,349,457,6265136,0.0072943348715814,76.3676148796499
"1115",2004-02-25,63.7226890756302,522,595,6265136,0.00949700054396265,87.7310924369748
"1116",2004-02-26,58.5195402298851,348,435,6265136,0.00694318527163656,80
"1117",2004-02-27,66.0748603351955,848,895,6265136,0.0142854041795741,94.7486033519553
"1118",2004-02-28,61.7275471698113,1088,1325,6265136,0.0211487827239504,82.1132075471698
"1119",2004-02-29,54.4632768361582,551,708,6265136,0.011300632580043,77.8248587570621
"1120",2004-03-01,62.0879106938983,15458,15766,6265136,0.251646572396832,98.0464290244831
"1121",2004-03-02,65.6266912103083,10815,10865,6265136,0.173420018336394,99.5398067188219
"1122",2004-03-03,67.3557692307692,409,520,6265136,0.0082998996350598,78.6538461538461
"1123",2004-03-04,60.9416318678741,17121,21313,6265136,0.340184155619287,80.3312532257308
"1124",2004-03-05,57.0628567434709,35326,42923,6265136,0.68510883083783,82.3008643384666
"1125",2004-03-06,58.3994937990382,15559,19755,6265136,0.315316379405012,78.7598076436345
"1126",2004-03-07,60.4345268480031,37550,41139,6265136,0.656633790551394,91.275918228445
"1127",2004-03-08,51.6347336065574,1362,1952,6265136,0.0311565463223783,69.7745901639344
"1128",2004-03-09,62.4606896134718,56195,66153,6265136,1.05589088568867,84.9470167641679
"1129",2004-03-10,56.0848037204213,19572,29244,6265136,0.466773586399401,66.9265490356996
"1130",2004-03-11,64.6659347861707,81685,91545,6265136,1.46118136940683,89.2293407613742
"1131",2004-03-12,64.0233752090545,23015,25711,6265136,0.410382152917351,89.5142157053401
"1132",2004-03-13,67.8138276980395,80608,89111,6265136,1.42233145457656,90.45796815208
"1133",2004-03-14,65.5549931624842,51268,56307,6265136,0.898735478367908,91.0508462535742
"1134",2004-03-15,69.8359635048732,40064,41759,6265136,0.666529824731658,95.9409947556215
"1135",2004-03-16,58.563890012131,11512,14838,6265136,0.236834443817341,77.5845801320933
"1136",2004-03-17,69.3775342077445,167025,169333,6265136,2.70278250942996,98.6370051909551
"1137",2004-03-18,67.5753743065455,108425,110137,6265136,1.75793470405112,98.4455723326403
"1138",2004-03-19,59.8029072016802,15665,18093,6265136,0.288788623263725,86.580445476151
"1139",2004-03-20,66.4882393338484,66231,69894,6265136,1.11560227902475,94.7592067988669
"1140",2004-03-21,59.5595961958216,22746,25656,6265136,0.409504278917489,88.6576239476146
"1141",2004-03-22,69.011753397125,44307,45774,6265136,0.730614626721591,96.7951238694455
"1142",2004-03-23,70.5694321504251,73002,74562,6265136,1.19010983959486,97.9077814436308
"1143",2004-03-24,68.3705999873153,61883,63068,6265136,1.00665013496914,98.1210756643623
"1144",2004-03-25,68.063420076504,64165,69016,6265136,1.10158821771786,92.9711950851976
"1145",2004-03-26,59.6973694604629,10607,12659,6265136,0.20205467207735,83.7901887984833
"1146",2004-03-27,67.9885812038918,44089,46765,6265136,0.74643232006456,94.277771837913
"1147",2004-03-28,69.0217524913297,43631,45558,6265136,0.72716697610395,95.7702269634312
"1148",2004-03-29,73.9514906289451,154355,154465,6265136,2.46546922524906,99.9287864564788
"1149",2004-03-30,76.1611529876557,140149,140227,6265136,2.23821158870294,99.944375904783
"1150",2004-03-31,72.963029257237,77554,77656,6265136,1.23949424242347,99.8686514886165
"1151",2004-04-01,60.8228133453562,2117,2218,6265136,0.0354022642126204,95.4463480613165
"1152",2004-04-02,65.0460092579604,6711,7129,6265136,0.113788431727579,94.1366250526021
"1153",2004-04-03,73.8796959540864,91069,91302,6265136,1.45730276246198,99.7448029616
"1154",2004-04-04,67.6881631087818,46572,46938,6265136,0.749193632827763,99.2202479867059
"1155",2004-04-05,60.7201986754967,8881,9060,6265136,0.144609789795465,98.0242825607064
"1156",2004-04-06,63.1464213572091,18106,18317,6265136,0.292363964644981,98.848064639406
"1157",2004-04-07,62.7948791303104,13875,13982,6265136,0.223171532110396,99.2347303676155
"1158",2004-04-08,61.7830860534125,16550,16850,6265136,0.268948670866842,98.2195845697329
"1159",2004-04-09,70.8019497355412,86344,86781,6265136,1.38514151967332,99.4964335511229
"1160",2004-04-10,67.8593054787668,36685,37983,6265136,0.606259784304762,96.5826817260353
"1161",2004-04-11,70.6906928881775,64631,65595,6265136,1.04698445492644,98.5303757908377
"1162",2004-04-12,70.5783333333333,54349,55200,6265136,0.881066268952502,98.4583333333333
"1163",2004-04-13,73.7881223988742,66088,66798,6265136,1.06618595350524,98.9370939249678
"1164",2004-04-14,74.1952176044447,54588,55077,6265136,0.879103023461901,99.1121520779999
"1165",2004-04-15,73.6453971296569,81235,81384,6265136,1.29899813826867,99.8169173301877
"1166",2004-04-16,73.4555800692945,128419,128726,6265136,2.05464015465905,99.7615089414726
"1167",2004-04-17,72.3854011541325,42731,42976,6265136,0.685954782146788,99.4299143708116
"1168",2004-04-18,74.657208130748,84902,85355,6265136,1.36238064105871,99.4692753792982
"1169",2004-04-19,74.810593679027,93853,94226,6265136,1.50397373656374,99.6041432301063
"1170",2004-04-20,76.1202861996678,211167,211321,6265136,3.37296748227014,99.9271250845869
"1171",2004-04-21,73.8061839845035,54263,54722,6265136,0.873436745826427,99.1612148678776
"1172",2004-04-22,76.3348179850208,80195,80378,6265136,1.28294102474392,99.7723257607803
"1173",2004-04-23,76.0067866194675,47324,47741,6265136,0.76201059322575,99.1265369388995
"1174",2004-04-24,76.1269605765155,28241,28308,6265136,0.451833767056294,99.763317790024
"1175",2004-04-25,76.9578553032077,42412,42710,6265136,0.681709064256546,99.3022711308827
"1176",2004-04-26,75.8748084315253,38828,39803,6265136,0.635309433027471,97.5504358967917
"1177",2004-04-27,69.2086977947518,15725,16234,6265136,0.259116482068386,96.8646051496858
"1178",2004-04-28,66.1684452140297,24344,24833,6265136,0.396368091610461,98.0308460516248
"1179",2004-04-29,66.9343934615555,22205,22513,6265136,0.359337770161733,98.6319015679829
"1180",2004-04-30,69.6836757543526,35316,35726,6265136,0.570235027619512,98.8523764205341
"1181",2004-05-01,69.150197735522,36724,36918,6265136,0.589260951398342,99.4745110786066
"1182",2004-05-02,72.0321066308995,11831,11929,6265136,0.190402889897362,99.1784726297259
"1183",2004-05-03,69.2803210725942,33838,34011,6265136,0.542861320169267,99.4913410367234
"1184",2004-05-04,77.3010565297898,73082,73448,6265136,1.17232890076129,99.5016882692517
"1185",2004-05-05,66.9208325228555,20214,20564,6265136,0.328229107875711,98.2979964987357
"1186",2004-05-06,72.8417740485466,13256,13348,6265136,0.213052039093804,99.3107581660174
"1187",2004-05-07,68.7433373110581,40036,40224,6265136,0.642029159462779,99.5326173428799
"1188",2004-05-08,71.8914294787821,49805,50382,6265136,0.804164506564582,98.8547497121988
"1189",2004-05-09,70.1169704861111,4538,4608,6265136,0.0735498798429914,98.4809027777778
"1190",2004-05-10,72.7646700342628,73319,73841,6265136,1.17860170952394,99.2930756625723
"1191",2004-05-11,74.1846848698778,169685,170263,6265136,2.71762656070036,99.660525187504
"1192",2004-05-12,75.0124387867438,78424,79027,6265136,1.26137724703821,99.2369696432865
"1193",2004-05-13,77.5382224430262,77969,78501,6265136,1.25298157933044,99.3223016267309
"1194",2004-05-14,74.9266945775762,88747,89093,6265136,1.42204415035843,99.6116417675912
"1195",2004-05-15,75.4340742786138,28787,28972,6265136,0.462432100436447,99.3614524368356
"1196",2004-05-16,71.105836311043,23092,23508,6265136,0.375219308886511,98.2303896545857
"1197",2004-05-17,72.7587912409247,119176,119693,6265136,1.91046132119079,99.5680616243222
"1198",2004-05-18,75.2014185759803,124093,124914,6265136,1.99379550579588,99.3427478104936
"1199",2004-05-19,77.3667250945609,75115,75877,6265136,1.21109900886429,98.9957431105605
"1200",2004-05-20,67.6721702439919,10876,10902,6265136,0.174010588118119,99.7615116492387
"1201",2004-05-21,74.8350370251127,48963,49696,6265136,0.793215023584484,98.5250321957502
"1202",2004-05-22,69.0190293553622,6478,6779,6265136,0.108201960819366,95.5598170821655
"1203",2004-05-23,79.2939766358296,29123,29618,6265136,0.472743129598464,98.3287190222162
"1204",2004-05-24,83.5119404428116,40867,41372,6265136,0.660352784041719,98.7793676882916
"1205",2004-05-25,73.1290185450874,18553,18819,6265136,0.300376560061904,98.5865348849567
"1206",2004-05-26,74.3289499067584,30544,31102,6265136,0.496429766249288,98.2059031573532
"1207",2004-05-27,72.0500926304646,39816,41563,6265136,0.663401401023058,95.7967422948295
"1208",2004-05-28,77.8821704541129,102460,105084,6265136,1.67728202548197,97.5029500209356
"1209",2004-05-29,75.3870387476299,39870,41138,6265136,0.656617829205942,96.9176916719335
"1210",2004-05-30,76.1411074498318,110523,114714,6265136,1.8309897821851,96.3465662430043
"1211",2004-05-31,75.7740134369769,84016,87222,6265136,1.39218047301766,96.324321845406
"1212",2004-06-01,77.6555234239445,33437,34580,6265136,0.551943325731477,96.6946211683054
"1213",2004-06-02,70.9887505739503,38791,39202,6265136,0.625716664410797,98.9515841028519
"1214",2004-06-03,70.3801501715998,55036,57401,6265136,0.916197190292437,95.8798627201617
"1215",2004-06-04,71.2546488362366,86845,88463,6265136,1.41198850272364,98.1709867402191
"1216",2004-06-05,66.3062341553353,16628,17356,6265136,0.277025111665573,95.8054851348237
"1217",2004-06-06,74.7317627476713,31067,31241,6265136,0.498648393267121,99.4430395954035
"1218",2004-06-07,69.3528417324102,24338,24844,6265136,0.396543666410434,97.9632909354371
"1219",2004-06-08,66.3834052797609,22763,24092,6265136,0.384540734630501,94.4836460235763
"1220",2004-06-09,69.7831846321923,21310,21968,6265136,0.350638836890372,97.0047341587764
"1221",2004-06-10,71.4743151212597,31848,32451,6265136,0.517961621264088,98.1418138115929
"1222",2004-06-11,77.3010882584793,95842,97679,6265136,1.55908826240963,98.1193501161969
"1223",2004-06-12,79.1054117597666,93068,95274,6265136,1.52070122659748,97.6845729160107
"1224",2004-06-13,75.4213988750306,38504,40890,6265136,0.652659415533837,94.1648324773783
"1225",2004-06-14,55.742078440062,6681,9026,6265136,0.144067104050096,74.0194992244627
"1226",2004-06-15,72.743237154818,99434,106538,6265136,1.70048982176923,93.3319566727365
"1227",2004-06-16,65.6294892048447,9054,9495,6265136,0.151552975067101,95.3554502369668
"1228",2004-06-17,76.7492025855986,31894,35427,6265136,0.565462585329353,90.0273802467045
"1229",2004-06-18,85.2930272658692,17646,18558,6265136,0.296210648898923,95.0856773359198
"1230",2004-06-19,85.5085832471562,32088,33845,6265136,0.540211736824229,94.8086866597725
"1231",2004-06-20,83.6434671439529,18378,19555,6265136,0.312124110314605,93.9810790079264
"1232",2004-06-21,85.4522513229029,50787,52347,6265136,0.835528550377837,97.0198865264485
"1233",2004-06-22,79.9288039440805,67612,74035,6265136,1.18169821054164,91.3243736070777
"1234",2004-06-23,66.3613301662708,17282,21050,6265136,0.335986321765401,82.0997624703088
"1235",2004-06-24,72.3683454713304,25713,29247,6265136,0.466821470435758,87.9167094060929
"1236",2004-06-25,70.902137910268,3210,3321,6265136,0.0530076282462184,96.6576332429991
"1237",2004-06-26,72.5314549927114,35775,43904,6265136,0.70076691072628,81.4846027696793
"1238",2004-06-27,61.4605140082847,16006,22451,6265136,0.358348166743707,71.2930381720191
"1239",2004-06-28,50.9954639175258,1383,2425,6265136,0.0387062627211923,57.0309278350515
"1240",2004-06-29,82.1233619990714,131410,144307,6265136,2.30333387814726,91.0628036062007
"1241",2004-06-30,78.6414789333471,138417,154652,6265136,2.46845399684859,89.5022372811215
"1242",2004-07-01,60.5180082447386,7365,9218,6265136,0.147131682376887,79.8980256020829
"1243",2004-07-02,54.25118713301,24275,39170,6265136,0.625205901356331,61.9734490681644
"1244",2004-07-03,72.0490699928672,44159,54677,6265136,0.872718485281086,80.7633922856046
"1245",2004-07-04,62.3105354973365,44966,64202,6265136,1.02475030071175,70.0383165633469
"1246",2004-07-05,55.239404641776,2652,3964,6265136,0.0632707733718789,66.9021190716448
"1247",2004-07-06,58.2192635386072,26786,41197,6265136,0.657559548587612,65.0192975216642
"1248",2004-07-07,68.7238709284733,172653,230012,6265136,3.67130099011418,75.0626054292819
"1249",2004-07-08,48.8666802672515,10508,19607,6265136,0.31295410027811,53.5931045034936
"1250",2004-07-09,63.7215433200604,36015,50981,6265136,0.813725352490353,70.6439653988741
"1251",2004-07-10,56.2106312292359,18306,30100,6265136,0.480436498106346,60.8172757475083
"1252",2004-07-11,59.9371465503312,125947,191859,6265136,3.06232777708257,65.6456043240088
"1253",2004-07-12,60.2662049202273,133794,201698,6265136,3.21937145498518,66.3338258187984
"1254",2004-07-13,62.7697797024142,143823,209217,6265136,3.33938481143905,68.7434577496093
"1255",2004-07-14,62.9670864086283,148231,215291,6265136,3.43633402371473,68.851461510235
"1256",2004-07-15,57.1244531933508,131165,210312,6265136,3.35686248470903,62.3668644680284
"1257",2004-07-16,67.2577501100421,12713,15903,6265136,0.253833276723761,79.9408916556625
"1258",2004-07-17,27.893440624238,2512,8202,6265136,0.130914955397616,30.6266764203853
"1259",2004-07-18,62.8401758635429,68265,98258,6265136,1.56832988142636,69.4752590119888
"1260",2004-07-19,51.2288895134595,72824,128088,6265136,2.04445681626065,56.8546624195865
"1261",2004-07-20,59.4669846267827,16233,21596,6265136,0.344701216382214,75.1666975365809
"1262",2004-07-21,42.5691347923911,13381,29334,6265136,0.468210107490085,45.6160087270744
"1263",2004-07-22,37.9393384080444,8371,21282,6265136,0.339689353910274,39.3337092378536
"1264",2004-07-23,62.3150569934561,66868,98871,6265136,1.57811418618846,67.6315603159673
"1265",2004-07-24,60.8577980683329,96053,142157,6265136,2.26901698542538,67.568252003067
"1266",2004-07-25,49.5157895349921,93972,171696,6265136,2.74049916873313,54.7316186748672
"1267",2004-07-26,30.2778054862843,1175,4010,6265136,0.0640049952626727,29.3017456359102
"1268",2004-07-27,50.7599143512879,45266,77993,6265136,1.24487321584081,58.0385419204288
"1269",2004-07-28,55.3619103664013,19500,32287,6265136,0.515343960609953,60.3958249450243
"1270",2004-07-29,46.887869399428,25292,50352,6265136,0.803685666201021,50.2303781379091
"1271",2004-07-30,57.1581250298334,38130,62849,6265136,1.00315460031514,60.6692230584417
"1272",2004-07-31,54.0933306222041,31428,54098,6265136,0.863476866264356,58.0945691153093
"1273",2004-08-01,54.2119955898567,13326,22675,6265136,0.361923508124963,58.7695700110254
"1274",2004-08-02,54.9125935828877,65222,112200,6265136,1.79086295971867,58.1301247771836
"1275",2004-08-03,42.3799366310577,53419,115514,6265136,1.84375885854673,46.2446110428173
"1276",2004-08-04,56.5741329666079,28471,46538,6265136,0.742809094646948,61.1779620954919
"1277",2004-08-05,45.8208587939282,37043,72334,6265136,1.15454796192772,51.2110487460945
"1278",2004-08-06,53.5393087002231,45369,77998,6265136,1.24495302256807,58.1668760737455
"1279",2004-08-07,44.6870947950335,78557,158099,6265136,2.52347275462177,49.6884863281868
"1280",2004-08-08,46.9851972779133,30051,54517,6265136,0.87016467000876,55.1222554432562
"1281",2004-08-09,52.1370054504649,45110,77975,6265136,1.24458591162267,57.8518756011542
"1282",2004-08-10,62.3407162571984,61620,88041,6265136,1.40525281494288,69.9901182403653
"1283",2004-08-11,47.7666513381771,29727,54365,6265136,0.86773854550005,54.6804009932861
"1284",2004-08-12,35.2526748461189,19088,48414,6265136,0.772752578714971,39.4266121369852
"1285",2004-08-13,41.9408347245409,44314,89850,6265136,1.43412688886562,49.3199777406789
"1286",2004-08-14,39.0211399382997,35170,79092,6265136,1.2624147344926,44.4672027512264
"1287",2004-08-15,47.654303845528,49589,92185,6265136,1.47139663049613,53.7929164180724
"1288",2004-08-16,42.1784557117212,44554,91356,6265136,1.45816467511639,48.7696484084242
"1289",2004-08-17,50.9343489421673,35056,59603,6265136,0.951344072977825,58.8158314178816
"1290",2004-08-18,46.2339646506674,16066,30043,6265136,0.47952670141558,53.4766834204307
"1291",2004-08-19,53.3944826850221,50349,74964,6265136,1.19652630046658,67.1642388346406
"1292",2004-08-20,50.7437991299702,74874,117927,6265136,1.88227358512249,63.4918212114274
"1293",2004-08-21,47.3662608012569,2722,5092,6265136,0.0812751710417779,53.4564021995287
"1294",2004-08-22,42.1308346587373,14101,28922,6265136,0.461634033163845,48.7552728027107
"1295",2004-08-23,53.4434163172318,72344,121148,6265136,1.93368507882351,59.7153894410143
"1296",2004-08-24,55.1054160874881,72181,119422,6265136,1.90613579657329,60.4419621175328
"1297",2004-08-25,52.2398874926648,27869,49419,6265136,0.78879373089427,56.3932900301503
"1298",2004-08-26,45.5151862259052,28013,55873,6265136,0.891808254441723,50.1369176525334
"1299",2004-08-27,37.8572093487151,25339,60158,6265136,0.960202619703706,42.1207486951029
"1300",2004-08-28,36.7988505747126,43961,102834,6265136,1.64136899821488,42.7494797440535
"1301",2004-08-29,38.2929376552251,6226,15703,6265136,0.250641007633354,39.6484748137299
"1302",2004-08-30,48.4821586988664,22545,40580,6265136,0.647711398443705,55.5569245933958
"1303",2004-08-31,46.1584396009757,52221,100846,6265136,1.60963784345623,51.7829165261885
"1304",2004-09-01,48.8797346140516,104307,181773,6265136,2.90134164685332,57.3831097027611
"1305",2004-09-02,43.7386082809452,69737,138390,6265136,2.20889059710755,50.3916467952887
"1306",2004-09-03,66.2907377562897,32053,44676,6265136,0.713089069415253,71.7454561733369
"1307",2004-09-04,55.7673393943302,26896,46527,6265136,0.742633519846975,57.8072946891052
"1308",2004-09-05,43.2716267461835,27428,61706,6265136,0.984910782463461,44.4494862736201
"1309",2004-09-06,26.9432353315515,3231,15714,6265136,0.250816582433326,20.561282932417
"1310",2004-09-07,33.118455383545,3593,11498,6265136,0.183523550007534,31.2489128544095
"1311",2004-09-08,58.9293346284604,34989,45298,6265136,0.723017026286421,77.2418208309418
"1312",2004-09-09,64.2592403720627,40780,49024,6265136,0.782488999440714,83.1837467362924
"1313",2004-09-10,58.3097979692243,15593,19106,6265136,0.304957466206639,81.6131058306291
"1314",2004-09-11,62.6902653113793,40863,50469,6265136,0.80555314361891,80.9665339119063
"1315",2004-09-12,56.3578320428827,11727,16790,6265136,0.267990990139719,69.8451459201906
"1316",2004-09-13,59.2127632499841,12716,15717,6265136,0.250864466469682,80.9060253228988
"1317",2004-09-14,53.5303525219531,16368,23573,6265136,0.376256796340893,69.4353709752683
"1318",2004-09-15,56.4348544111256,35509,46020,6265136,0.734541117702792,77.1599304650152
"1319",2004-09-16,58.465889894746,35442,46174,6265136,0.736999164902406,76.7574825659462
"1320",2004-09-17,67.2861536997986,58008,63071,6265136,1.00669801900549,91.9725388847489
"1321",2004-09-18,70.1591524505822,105956,118176,6265136,1.88624796014005,89.6594909287842
"1322",2004-09-19,66.518702716372,80970,94906,6265136,1.51482745147113,85.3159968811245
"1323",2004-09-20,66.025409271164,72094,88511,6265136,1.41275464730534,81.4520229124064
"1324",2004-09-21,63.2856089673776,44414,59683,6265136,0.952620980613988,74.4165005110333
"1325",2004-09-22,61.2828969359331,47774,62825,6265136,1.00277152802429,76.0429765220852
"1326",2004-09-23,63.7876385982099,89649,112285,6265136,1.7922196740821,79.840584227635
"1327",2004-09-24,54.9000933248195,12176,20359,6265136,0.324957032058043,59.8064737953731
"1328",2004-09-25,50.3578447305913,26425,39995,6265136,0.638374011354263,66.0707588448556
"1329",2004-09-26,52.5426280167592,36339,52747,6265136,0.841913088558652,68.8930176123761
"1330",2004-09-27,47.4742761773456,7861,13781,6265136,0.219963301674537,57.0423046223061
"1331",2004-09-28,57.8058589099943,43007,57963,6265136,0.925167466436483,74.197332781257
"1332",2004-09-29,69.1461734891279,57356,64615,6265136,1.03134233638344,88.7657664628956
"1333",2004-09-30,67.0450787804379,79201,97740,6265136,1.5600619044822,81.0323306732146
"1334",2004-10-01,53.3630513714635,19966,27817,6265136,0.443996746439343,71.7762519322716
"1335",2004-10-02,57.0742526947439,29938,44995,6265136,0.718180738614453,66.5362818090899
"1336",2004-10-03,62.5734785803712,113811,146968,6265136,2.34580701839513,77.4393065157041
"1337",2004-10-04,48.9431559066725,22720,43417,6265136,0.692993735491137,52.3297325932239
"1338",2004-10-05,60.3417232579867,56544,71713,6265136,1.14463596640201,78.847628742348
"1339",2004-10-06,63.4550465643091,64563,79460,6265136,1.26828850961895,81.2522023659703
"1340",2004-10-07,63.1350595792771,41871,50437,6265136,0.805042380564444,83.0164363463331
"1341",2004-10-08,65.5525535778023,54966,64439,6265136,1.02853313958388,85.2992752836015
"1342",2004-10-09,59.0330016632138,25834,34271,6265136,0.547011269986797,75.3815179014327
"1343",2004-10-10,52.1115625,2315,3200,6265136,0.0510763054465218,72.34375
"1344",2004-10-11,51.7027600849257,691,1413,6265136,0.0225533811237298,48.9030431705591
"1345",2004-10-12,58.2793650793651,2663,3465,6265136,0.0553060619913119,76.8542568542568
"1346",2004-10-13,54.3683023124647,1215,1773,6265136,0.0282994654864635,68.5279187817259
"1347",2004-10-14,22.1481481481481,20,243,6265136,0.00387860694484525,8.23045267489712
"1348",2004-10-15,61.7200902934537,619,886,6265136,0.0141417520705057,69.8645598194131
"1349",2004-10-16,51.480198019802,239,404,6265136,0.00644838356262338,59.1584158415842
"1350",2004-10-17,58.8301886792453,187,212,6265136,0.00338380523583207,88.2075471698113
"1351",2004-10-18,20.3721682847896,61,309,6265136,0.00493205574467976,19.7411003236246
"1352",2004-10-19,63.1659863945578,607,735,6265136,0.011731588907248,82.5850340136054
"1353",2004-10-20,63.2503311258278,583,755,6265136,0.0120508158162887,77.2185430463576
"1354",2004-10-21,71.1551724137931,58,58,6265136,0.000925758036218208,100
"1355",2004-10-22,NA,NA,0,6265136,0,NA
"1356",2004-10-23,53.5454545454545,235,308,6265136,0.00491609439922773,76.2987012987013
"1357",2004-10-24,NA,NA,0,6265136,0,NA
"1358",2004-10-25,53.0666666666667,343,495,6265136,0.00790086599875884,69.2929292929293
"1359",2004-10-26,48.6344086021505,83,186,6265136,0.00296881025407908,44.6236559139785
"1360",2004-10-27,55.3267605633803,232,355,6265136,0.00566627763547352,65.3521126760563
"1361",2004-10-28,55.6666666666667,85,111,6265136,0.00177170934517623,76.5765765765766
"1362",2004-10-29,46.2857142857143,8,28,6265136,0.000446917672657066,28.5714285714286
"1363",2004-10-30,NA,NA,0,6265136,0,NA
"1364",2004-10-31,NA,NA,0,6265136,0,NA
"1365",2004-11-01,NA,NA,0,6265136,0,NA
"1366",2004-11-02,NA,NA,0,6265136,0,NA
"1367",2004-11-03,NA,NA,0,6265136,0,NA
"1368",2004-11-04,NA,NA,0,6265136,0,NA
"1369",2004-11-05,NA,NA,0,6265136,0,NA
"1370",2004-11-06,NA,NA,0,6265136,0,NA
"1371",2004-11-07,NA,NA,0,6265136,0,NA
"1372",2004-11-08,NA,NA,0,6265136,0,NA
"1373",2004-11-09,NA,NA,0,6265136,0,NA
"1374",2004-11-10,NA,NA,0,6265136,0,NA
"1375",2004-11-11,NA,NA,0,6265136,0,NA
"1376",2004-11-12,NA,NA,0,6265136,0,NA
"1377",2004-11-13,NA,NA,0,6265136,0,NA
"1378",2004-11-14,NA,NA,0,6265136,0,NA
"1379",2004-11-15,NA,NA,0,6265136,0,NA
"1380",2004-11-16,NA,NA,0,6265136,0,NA
"1381",2004-11-17,NA,NA,0,6265136,0,NA
"1382",2004-11-18,NA,NA,0,6265136,0,NA
"1383",2004-11-19,NA,NA,0,6265136,0,NA
"1384",2004-11-20,NA,NA,0,6265136,0,NA
"1385",2004-11-21,NA,NA,0,6265136,0,NA
"1386",2004-11-22,NA,NA,0,6265136,0,NA
"1387",2004-11-23,NA,NA,0,6265136,0,NA
"1388",2004-12-01,NA,NA,0,6265136,0,NA
"1389",2005-01-17,NA,NA,0,6265136,0,NA
"1390",2005-01-18,NA,NA,0,6265136,0,NA
"1391",2005-01-19,NA,NA,0,6265136,0,NA
"1392",2005-01-20,NA,NA,0,6265136,0,NA
"1393",2005-01-21,NA,NA,0,6265136,0,NA
"1394",2005-01-22,NA,NA,0,6265136,0,NA
"1395",2005-01-23,NA,NA,0,6265136,0,NA
"1396",2005-01-24,NA,NA,0,6265136,0,NA
"1397",2005-01-25,NA,NA,0,6265136,0,NA
"1398",2005-01-26,NA,NA,0,6265136,0,NA
"1399",2005-01-27,NA,NA,0,6265136,0,NA
"1400",2005-01-28,NA,NA,0,6265136,0,NA
"1401",2005-01-29,NA,NA,0,6265136,0,NA
"1402",2005-01-30,NA,NA,0,6265136,0,NA
"1403",2005-01-31,NA,NA,0,6265136,0,NA
"1404",2005-02-01,NA,NA,0,6265136,0,NA
"1405",2005-02-02,NA,NA,0,6265136,0,NA
"1406",2005-02-03,NA,NA,0,6265136,0,NA
"1407",2005-02-04,NA,NA,0,6265136,0,NA
"1408",2005-02-05,NA,NA,0,6265136,0,NA
"1409",2005-02-06,NA,NA,0,6265136,0,NA
"1410",2005-02-07,NA,NA,0,6265136,0,NA
"1411",2005-02-08,NA,NA,0,6265136,0,NA
"1412",2005-02-09,NA,NA,0,6265136,0,NA
"1413",2005-02-10,NA,NA,0,6265136,0,NA
"1414",2005-02-11,53.48730964467,142,197,6265136,0.0031443850540515,72.0812182741117
"1415",2005-02-12,54.072131147541,199,305,6265136,0.00486821036287161,65.2459016393443
"1416",2005-02-13,54.0247524752475,159,202,6265136,0.00322419178131169,78.7128712871287
"1417",2005-02-14,54.2723311546841,308,459,6265136,0.00732625756248547,67.1023965141612
"1418",2005-02-15,NA,NA,0,6265136,0,NA
"1419",2005-02-16,56.3419689119171,327,386,6265136,0.0061610793444867,84.7150259067357
"1420",2005-02-17,47.2988047808765,157,251,6265136,0.00400629770846156,62.5498007968127
"1421",2005-02-18,53.8252427184466,189,309,6265136,0.00493205574467976,61.1650485436893
"1422",2005-02-19,63.0529801324503,132,151,6265136,0.00241016316325775,87.4172185430464
"1423",2005-02-20,62.3265700483092,911,1035,6265136,0.0165199925428594,88.0193236714976
"1424",2005-02-21,NA,NA,0,6265136,0,NA
"1425",2005-02-22,82.3882352941176,1522,1530,6265136,0.0244208585416182,99.4771241830065
"1426",2005-02-23,79.2454274776691,2285,2351,6265136,0.0375251231577415,97.1926839642705
"1427",2005-02-24,70.5439024390244,1093,1230,6265136,0.0196324549060068,88.8617886178862
"1428",2005-02-25,70.2877697841727,464,556,6265136,0.00887450807133317,83.4532374100719
"1429",2005-02-26,50.1616766467066,168,334,6265136,0.00533108938098072,50.2994011976048
"1430",2005-02-27,59.8116147308782,674,706,6265136,0.0112687098891389,95.4674220963173
"1431",2005-02-28,49.7918215613383,293,538,6265136,0.00858720385319648,54.4609665427509
"1432",2005-03-01,72.8651375529697,14675,14867,6265136,0.23729732283545,98.7085491356696
"1433",2005-03-02,62.0984749455338,4054,4590,6265136,0.0732625756248547,88.322440087146
"1434",2005-03-03,68.4336734693878,29475,31360,6265136,0.500547793375914,93.9891581632653
"1435",2005-03-04,51.8900523560209,141,191,6265136,0.00304861698133927,73.8219895287958
"1436",2005-03-05,63.52317770128,58531,59842,6265136,0.955158834540862,97.8092309749006
"1437",2005-03-06,60.7963340761432,28207,31861,6265136,0.508544427447385,88.5314334138916
"1438",2005-03-07,71.7599543152076,112077,114699,6265136,1.83075036200331,97.7140166871551
"1439",2005-03-08,73.5018872354258,109358,110744,6265136,1.7676232407405,98.7484649281225
"1440",2005-03-09,70.6047444942729,137727,140036,6265136,2.2351629717216,98.3511382787283
"1441",2005-03-10,66.9500193679861,177287,178129,6265136,2.84317850402609,99.5273088604326
"1442",2005-03-11,70.345438882127,123909,126526,6265136,2.01952519466457,97.9316504117731
"1443",2005-03-12,68.2368078625793,135419,137563,6265136,2.19569056441871,98.4414413759514
"1444",2005-03-13,68.5022520988783,99500,102793,6265136,1.64071458305135,96.7964744681058
"1445",2005-03-14,71.3159567406652,146529,149147,6265136,2.38058679013512,98.2446847740819
"1446",2005-03-15,67.7028376774512,128832,129754,6265136,2.07104841778375,99.2894246034804
"1447",2005-03-16,70.4017492675252,160216,161439,6265136,2.57678364843157,99.2424383203563
"1448",2005-03-17,67.6044733302608,106072,106319,6265136,1.69699428711524,99.7676802829221
"1449",2005-03-18,72.4677952238999,184727,185842,6265136,2.96628836149766,99.4000279807578
"1450",2005-03-19,68.4418450419235,144433,147769,6265136,2.35859205610221,97.7424222942566
"1451",2005-03-20,66.0073843927561,91380,93982,6265136,1.50007916827344,97.2313847332468
"1452",2005-03-21,66.073314278378,147401,147993,6265136,2.36216739748347,99.5999810801862
"1453",2005-03-22,58.4954430770815,18127,19421,6265136,0.309985290024031,93.3371093146594
"1454",2005-03-23,66.4198279289,68781,70436,6265136,1.12425332825975,97.6503492532228
"1455",2005-03-24,68.5278685910214,37036,37623,6265136,0.600513699942028,98.4397841745741
"1456",2005-03-25,66.6892553338465,99461,101334,6265136,1.61742698003683,98.1516568969941
"1457",2005-03-26,63.8944829152004,16164,17618,6265136,0.281206984174007,91.7470768532183
"1458",2005-03-27,61.2208212452578,15914,17924,6265136,0.28609115588233,88.7859852711448
"1459",2005-03-28,74.9191095141584,155398,156409,6265136,2.49649808080782,99.3536177585689
"1460",2005-03-29,68.2912289443452,69898,72249,6265136,1.1531912475643,96.7459757228474
"1461",2005-03-30,60.5780260979647,40525,41076,6265136,0.655628225787916,98.6585840880319
"1462",2005-03-31,61.5446299293076,22946,23482,6265136,0.374804313904758,97.7174005621327
"1463",2005-04-01,67.719602251163,91903,92219,6265136,1.4719393162415,99.6573374250426
"1464",2005-04-02,68.5402430754786,114833,115026,6265136,1.83596972196613,99.8322118477562
"1465",2005-04-03,67.9889499389499,97803,98280,6265136,1.5686810310263,99.514652014652
"1466",2005-04-04,68.4053630084154,115249,115383,6265136,1.84166792229251,99.8838650407772
"1467",2005-04-05,68.1509467055316,119471,119731,6265136,1.91106785231797,99.7828465476777
"1468",2005-04-06,63.5631088082902,33431,33775,6265136,0.539094442642586,98.9814951887491
"1469",2005-04-07,70.3158385731915,136095,136136,6265136,2.17291372445866,99.9698830581183
"1470",2005-04-08,69.9230203916136,118371,118382,6265136,1.88953599730317,99.9907080468314
"1471",2005-04-09,66.6940932990267,35708,35756,6265136,0.570713867983073,99.8657567960622
"1472",2005-04-10,65.1733333333333,18303,18675,6265136,0.298078126316811,98.0080321285141
"1473",2005-04-11,62.4947011445528,2176,2359,6265136,0.0376528139213578,92.2424756252649
"1474",2005-04-12,71.0374038304141,60395,61090,6265136,0.975078593665006,98.8623342609265
"1475",2005-04-13,73.1917265251042,164647,165251,6265136,2.63762829729474,99.6344954039612
"1476",2005-04-14,75.3214350947976,246295,246367,6265136,3.93234879498226,99.9707753067578
"1477",2005-04-15,77.1234478712237,250328,250543,6265136,3.99900337358997,99.9141863871671
"1478",2005-04-16,76.3779662698413,201510,201600,6265136,3.21780724313088,99.9553571428571
"1479",2005-04-17,77.6885689775347,186309,186510,6265136,2.97695054025962,99.8922309795721
"1480",2005-04-18,78.9261785520427,97048,97641,6265136,1.55848173128245,99.3926731598406
"1481",2005-04-19,76.3134382796201,68338,68543,6265136,1.09403850131905,99.7009176721182
"1482",2005-04-20,76.5469260462783,229101,229265,6265136,3.65937786506151,99.9284670577716
"1483",2005-04-21,71.6170034713613,31933,32264,6265136,0.514976849664556,98.9740887676667
"1484",2005-04-22,74.9862016098122,23085,23481,6265136,0.374788352559306,98.3135300881564
"1485",2005-04-23,76.5743638988776,146726,146832,6265136,2.34363627541365,99.9278086520649
"1486",2005-04-24,66.0129388964888,17227,17544,6265136,0.280025844610556,98.1931144550844
"1487",2005-04-25,72.8875950460385,129600,129674,6265136,2.06977151014758,99.9429338186529
"1488",2005-04-26,73.7986114113283,115560,115657,6265136,1.84604133094637,99.9161313193322
"1489",2005-04-27,74.501796593227,148008,148058,6265136,2.36320488493785,99.9662294506207
"1490",2005-04-28,75.3566827368306,146796,146856,6265136,2.3440193477045,99.9591436509234
"1491",2005-04-29,74.5715506656065,184786,184869,6265136,2.95075797237283,99.9551033434486
"1492",2005-04-30,73.7195604193489,108715,108740,6265136,1.73563670445462,99.9770093801729
"1493",2005-05-01,70.5983767028306,24169,24518,6265136,0.39134026779307,98.5765559996737
"1494",2005-05-02,76.9349650842915,70602,70885,6265136,1.13141997236772,99.6007617972773
"1495",2005-05-03,77.5791943051286,49178,49448,6265136,0.789256609912379,99.4539718492153
"1496",2005-05-04,78.3663280221307,82615,82781,6265136,1.32129613786516,99.7994708930793
"1497",2005-05-05,78.4420266640381,121572,121737,6265136,1.94308631129476,99.8644619137978
"1498",2005-05-06,78.6082835955869,220963,221160,6265136,3.53001116017274,99.9109242177609
"1499",2005-05-07,80.4194764790727,154409,154607,6265136,2.46773573630325,99.8719333535998
"1500",2005-05-08,80.7378868174506,126550,126804,6265136,2.02396244870024,99.799690861487
"1501",2005-05-09,79.4343361708877,94437,94565,6265136,1.50938463267198,99.8646433669962
"1502",2005-05-10,77.1962287360115,132939,133324,6265136,2.12803042104752,99.711229786085
"1503",2005-05-11,70.655527732205,34532,34743,6265136,0.554545025040159,99.3926834182425
"1504",2005-05-12,68.1650619889211,30249,30328,6265136,0.484075684869411,99.7395146399367
"1505",2005-05-13,75.5222937229487,43577,43667,6265136,0.696984071854146,99.7938947030939
"1506",2005-05-14,67.7145690587811,5377,5546,6265136,0.0885216218770031,96.9527587450415
"1507",2005-05-15,69.087949743004,6874,7004,6265136,0.111793263546075,98.1439177612793
"1508",2005-05-16,76.9090374810831,67902,68061,6265136,1.08634513281116,99.7663860360559
"1509",2005-05-17,69.9620114285714,21786,21875,6265136,0.349154431763333,99.5931428571429
"1510",2005-05-18,76.1368047264824,65036,65334,6265136,1.04281854376346,99.5438822052836
"1511",2005-05-19,72.8497980352067,39901,40106,6265136,0.640145720699439,99.488854535481
"1512",2005-05-20,69.5728501892915,27667,27735,6265136,0.442687916112276,99.7548224265369
"1513",2005-05-21,73.6628456474901,83757,84009,6265136,1.34089667008027,99.7000321394136
"1514",2005-05-22,75.1266562279666,108835,109209,6265136,1.74312257547163,99.6575373824502
"1515",2005-05-23,75.9635897905041,76066,76517,6265136,1.2213142699536,99.410588496674
"1516",2005-05-24,71.0357560058916,19312,19689,6265136,0.314262930605178,98.0852252526792
"1517",2005-05-25,74.5019030079804,8100,8145,6265136,0.13000515870685,99.4475138121547
"1518",2005-05-26,72.4883580284246,22423,23149,6265136,0.369489185869229,96.8637954123288
"1519",2005-05-27,73.832281170329,16225,16474,6265136,0.262947204976875,98.488527376472
"1520",2005-05-28,77.0096471392084,61161,61469,6265136,0.981127943591328,99.4989344222291
"1521",2005-05-29,71.0046356855995,43296,43575,6265136,0.695515628072559,99.3597246127367
"1522",2005-05-30,73.8442353070296,72418,72892,6265136,1.16345439268996,99.349722877682
"1523",2005-05-31,74.8221874946918,58505,58871,6265136,0.939660368106933,99.3783017105196
"1524",2005-06-01,64.796599690881,3093,3235,6265136,0.0516349525373432,95.6105100463678
"1525",2005-06-02,77.2358551185363,28960,29569,6265136,0.471961023671314,97.9404105651189
"1526",2005-06-03,71.1654601861427,1865,1934,6265136,0.0308692421042416,96.4322647362978
"1527",2005-06-04,79.4255822600818,87583,88749,6265136,1.41655344752293,98.6861823795198
"1528",2005-06-05,79.8894240328745,44350,45263,6265136,0.722458379195599,97.9828999403486
"1529",2005-06-06,84.1365485183033,35283,36141,6265136,0.576858985982108,97.6259649705321
"1530",2005-06-07,82.0452336305538,25652,26131,6265136,0.417085918007207,98.166928169607
"1531",2005-06-08,81.9088268365817,10158,10672,6265136,0.17033947866415,95.1836581709145
"1532",2005-06-09,82.2766199142228,41849,43135,6265136,0.688492636073662,97.0186623391677
"1533",2005-06-10,83.2671284526221,181639,185656,6265136,2.96331955124358,97.8363209376481
"1534",2005-06-11,83.8516009756552,62586,64367,6265136,1.02738392271133,97.2330542047944
"1535",2005-06-12,83.1296805513121,85673,88371,6265136,1.41052005894206,96.9469622387435
"1536",2005-06-13,77.1504299699467,190950,201642,6265136,3.21847761963986,94.6975332520011
"1537",2005-06-14,81.0613056208503,115941,121245,6265136,1.93523332933236,95.625386613881
"1538",2005-06-15,81.9631212470906,98410,102254,6265136,1.6321114178527,96.2407338588222
"1539",2005-06-16,81.789045923007,147927,158352,6265136,2.52751097502113,93.4165656259473
"1540",2005-06-17,83.8070927950659,101799,107010,6265136,1.70802357682259,95.1303616484441
"1541",2005-06-18,81.43868427086,71585,74149,6265136,1.18351780392317,96.5420976682086
"1542",2005-06-19,82.5043769662153,13672,14622,6265136,0.233386793199701,93.5029407741759
"1543",2005-06-20,58.6139673845388,5440,8033,6265136,0.128217488016222,67.7206523092244
"1544",2005-06-21,73.5312251822973,12204,13851,6265136,0.221080595856179,88.1091617933723
"1545",2005-06-22,69.6308375685302,104146,124945,6265136,1.9942903075049,83.3534755292329
"1546",2005-06-23,73.8311890741749,35767,40418,6265136,0.645125660480475,88.4927507546143
"1547",2005-06-24,69.0245832326649,13259,16556,6265136,0.264256035303942,80.0857695095434
"1548",2005-06-25,67.5357299430075,37494,47901,6265136,0.764564408498076,78.2739400012526
"1549",2005-06-26,62.8053003999473,16456,22753,6265136,0.363168493070222,72.3245286335868
"1550",2005-06-27,64.6992732972357,10022,14036,6265136,0.224033444764806,71.4021088629239
"1551",2005-06-28,76.4045172973312,187292,223098,6265136,3.56094424765879,83.9505508789859
"1552",2005-06-29,79.5154618419263,161965,183775,6265136,2.9332962604483,88.1322269079037
"1553",2005-06-30,71.7442841741329,43538,53798,6265136,0.858688462628744,80.9286590579575
"1554",2005-07-01,65.7107000716693,47599,65579,6265136,1.0467290733992,72.5826865307492
"1555",2005-07-02,76.024017310635,139634,167296,6265136,2.67026924874416,83.4652352716144
"1556",2005-07-03,68.4919212877546,125381,165311,6265136,2.63858597802187,75.8455275208546
"1557",2005-07-04,72.9941929477482,138122,171860,6265136,2.74311682938726,80.3689049226114
"1558",2005-07-05,70.8824611768333,160279,207608,6265136,3.31370300660672,77.2027089514855
"1559",2005-07-06,69.4596009531248,153654,202282,6265136,3.22869288072917,75.9602930562284
"1560",2005-07-07,61.4534073289812,133445,199291,6265136,3.18095249648212,66.9598727488948
"1561",2005-07-08,64.2039019950087,140013,199949,6265136,3.19145506178956,70.0243562108338
"1562",2005-07-09,55.9630963919317,33702,54683,6265136,0.872814253353798,61.6315856847649
"1563",2005-07-10,50.5808517858658,12378,23574,6265136,0.376272757686345,52.5069992364469
"1564",2005-07-11,62.4508145184338,24629,34990,6265136,0.558487477366812,70.3886824807088
"1565",2005-07-12,56.2132003949925,19576,31393,6265136,0.501074517775831,62.3578504762208
"1566",2005-07-13,57.766511627907,23966,37625,6265136,0.600545622632932,63.6970099667774
"1567",2005-07-14,56.7694384952044,20027,32217,6265136,0.51422666642831,62.1628332867741
"1568",2005-07-15,52.4825876736642,9709,16339,6265136,0.26079242334085,59.4222412632352
"1569",2005-07-16,42.1810606060606,4493,9240,6265136,0.147482831976832,48.6255411255411
"1570",2005-07-17,59.8301819030688,37815,55689,6265136,0.888871366878548,67.9038948445833
"1571",2005-07-18,55.5147557980227,49110,81019,6265136,1.29317224717867,60.615411199842
"1572",2005-07-19,47.0365556458164,3193,6155,6265136,0.0982420812572943,51.876523151909
"1573",2005-07-20,55.2522867966368,41855,64938,6265136,1.03649785096445,64.4537866888417
"1574",2005-07-21,62.4349293697169,24819,35254,6265136,0.56270127256615,70.4005219265899
"1575",2005-07-22,55.5709568259469,40083,61171,6265136,0.976371462646621,65.5261480113125
"1576",2005-07-23,52.182304921555,100814,174071,6265136,2.77840736418172,57.9154482940869
"1577",2005-07-24,53.2165907347244,61876,105577,6265136,1.68515096878982,58.6074618524868
"1578",2005-07-25,44.6938701045974,13589,24666,6265136,0.393702546919971,55.0920295143112
"1579",2005-07-26,62.0120641884091,15777,17324,6265136,0.276514348611108,91.0701916416532
"1580",2005-07-27,27.9508294545889,2510,8379,6265136,0.133740113542627,29.9558419859172
"1581",2005-07-28,38.9731853240107,5986,13873,6265136,0.221431745456124,43.1485619548764
"1582",2005-07-29,64.5375145302758,13428,18926,6265136,0.302084424025273,70.95001585121
"1583",2005-07-30,68.2791601631338,74625,99305,6265136,1.58504141011464,75.1472735511807
"1584",2005-07-31,50.3616596968745,46517,82738,6265136,1.32060980001073,56.2220503275399
"1585",2005-08-01,29.9999662321875,9518,29614,6265136,0.472679284216656,32.1402039575876
"1586",2005-08-02,43.9603377184371,8816,15279,6265136,0.24387339716169,57.7001112638262
"1587",2005-08-03,39.4126167484565,22748,50536,6265136,0.806622553764196,45.0134557543138
"1588",2005-08-04,57.1151524222921,39403,60129,6265136,0.959739740685597,65.5307754993431
"1589",2005-08-05,38.3108889762453,7695,17807,6265136,0.284223678464442,43.2133430673331
"1590",2005-08-06,48.3460170697013,3717,5624,6265136,0.0897666068222621,66.0917496443812
"1591",2005-08-07,38.8171756507481,3985,9758,6265136,0.155750808920988,40.8382865341258
"1592",2005-08-08,56.5291990436342,22353,33460,6265136,0.534066618825194,66.8051404662283
"1593",2005-08-09,59.8820046766945,41594,60299,6265136,0.962453169412444,68.9795850677457
"1594",2005-08-10,66.7230602342525,50467,68217,6265136,1.08883510270168,73.9800929387103
"1595",2005-08-11,44.9241741741742,598,1332,6265136,0.0212605121421147,44.8948948948949
"1596",2005-08-12,53.3850377487989,7637,13113,6265136,0.209301122912575,58.2399145885762
"1597",2005-08-13,41.0522994992909,15398,34551,6265136,0.551480446713367,44.5660038783248
"1598",2005-08-14,45.1498584368503,47701,95717,6265136,1.52777210263273,49.8354524274685
"1599",2005-08-15,44.3224208934995,9334,19183,6265136,0.306186489806446,48.6576656414534
"1600",2005-08-16,56.1515109795553,38309,58108,6265136,0.927481861527028,65.927238934398
"1601",2005-08-17,67.0068793131555,69260,92015,6265136,1.46868320176928,75.2703363582025
"1602",2005-08-18,52.1022921483864,11377,19894,6265136,0.317535006422845,57.1880969136423
"1603",2005-08-19,27.1865729898517,1677,7686,6265136,0.122678901144365,21.8188914910226
"1604",2005-08-20,47.3133083020442,3608,7191,6265136,0.114778035145606,50.1738283966069
"1605",2005-08-21,45.382242359973,5096,10373,6265136,0.165567036373991,49.1275426588258
"1606",2005-08-22,52.2673402868318,10187,15340,6265136,0.244847039234264,66.4080834419817
"1607",2005-08-23,45.8775817124524,5211,9974,6265136,0.159198459538628,52.2458391818729
"1608",2005-08-24,30.7721307563827,8572,25146,6265136,0.401363992736949,34.0889207030939
"1609",2005-08-25,36.1742212794462,6797,17914,6265136,0.28593154242781,37.9423914257006
"1610",2005-08-26,40.8446171356804,11553,25479,6265136,0.406679120772478,45.3432238313906
"1611",2005-08-27,37.7390278433223,2908,6357,6265136,0.101466273038606,45.7448481988359
"1612",2005-08-28,39.6507489300999,10702,28040,6265136,0.447556126475148,38.1669044222539
"1613",2005-08-29,48.2256175456447,45798,88455,6265136,1.41186081196003,51.7754790571477
"1614",2005-08-30,41.6197318509973,26869,57207,6265136,0.913100689274742,46.9680283881343
"1615",2005-08-31,49.5111075899224,17006,31555,6265136,0.503660255739061,53.8932023451117
"1616",2005-09-01,54.7305252026789,12971,17022,6265136,0.271694022284592,76.2013864410763
"1617",2005-09-02,51.9995767290063,59651,89777,6265136,1.43296171064762,66.443521169119
"1618",2005-09-03,58.5878366835602,62361,87805,6265136,1.4014859374162,71.0221513581231
"1619",2005-09-04,52.1559868702726,42243,70070,6265136,1.11841147582431,60.2868560011417
"1620",2005-09-05,40.3795822324967,11210,24224,6265136,0.38664763223017,46.2764200792602
"1621",2005-09-06,51.8470555785409,14868,21753,6265136,0.347207147618184,68.349193214729
"1622",2005-09-07,44.3166140130696,24829,46214,6265136,0.737637618720487,53.7261435928506
"1623",2005-09-08,55.9017765097936,30253,41711,6265136,0.66576368014996,72.5300280501546
"1624",2005-09-09,55.5084,21074,30000,6265136,0.478840363561142,70.2466666666667
"1625",2005-09-10,58.9173211721983,19864,23682,6265136,0.377996582995166,83.8780508403007
"1626",2005-09-11,58.2636842712621,21144,25997,6265136,0.414947097716634,81.3324614378582
"1627",2005-09-12,57.7085494093921,23634,27768,6265136,0.443214640512193,85.1123595505618
"1628",2005-09-13,62.7083614512034,56020,62238,6265136,0.993402218243945,90.0093190655227
"1629",2005-09-14,66.1155745062837,74000,80208,6265136,1.28022759601707,92.2601236784361
"1630",2005-09-15,59.7539805172993,13052,14885,6265136,0.237584627053587,87.6855895196506
"1631",2005-09-16,61.9110327919093,27168,32630,6265136,0.520818702100002,83.2608029420778
"1632",2005-09-17,59.4929543762629,30567,37612,6265136,0.600338125142056,81.2692757630544
"1633",2005-09-18,69.2728334542623,161235,169521,6265136,2.70578324237495,95.1121100040703
"1634",2005-09-19,71.1852930144498,104336,111974,6265136,1.78725569564651,93.1787736438816
"1635",2005-09-20,60.2641359277386,19816,25131,6265136,0.401124572555169,78.8508216943218
"1636",2005-09-21,58.5155850229717,28232,36349,6265136,0.580178945836132,77.6692618779059
"1637",2005-09-22,50.9608536729159,5850,8481,6265136,0.135368170778735,68.9777148921118
"1638",2005-09-23,64.6089388947597,41934,48261,6265136,0.770310492860809,86.8900354323367
"1639",2005-09-24,69.4009506392895,121118,129597,6265136,2.06854248654778,93.4574102795589
"1640",2005-09-25,67.865864211227,81970,90140,6265136,1.43875567904671,90.936321278012
"1641",2005-09-26,65.2572285009466,59691,69724,6265136,1.1128888502979,85.6104067466009
"1642",2005-09-27,69.5521183338652,99071,106546,6265136,1.70061751253285,92.9842509338689
"1643",2005-09-28,67.2951864340517,92942,102315,6265136,1.63308505992528,90.8390754043884
"1644",2005-09-29,71.8351334241372,147736,156381,6265136,2.49605116313517,94.4718348136922
"1645",2005-09-30,58.0208247024056,56866,72414,6265136,1.15582486956389,78.5290137266275
"1646",2005-10-01,55.7716481964363,27569,36816,6265136,0.587632894162234,74.8832029552369
"1647",2005-10-02,64.1816874590928,90228,100838,6265136,1.60951015269262,89.4781729110058
"1648",2005-10-03,58.1996545836359,37774,50953,6265136,0.813278434817696,74.134987145016
"1649",2005-10-04,60.5224389528489,50174,54548,6265136,0.870659471717773,91.9813742025372
"1650",2005-10-05,58.7227146166762,42827,47049,6265136,0.750965342172939,91.0263767561478
"1651",2005-10-06,66.2919677171407,48070,52040,6265136,0.830628417324061,92.3712528823982
"1652",2005-10-07,63.3792325056433,693,886,6265136,0.0141417520705057,78.2167042889391
"1653",2005-10-08,57.2541520517263,17771,23663,6265136,0.377693317431577,75.1003676625956
"1654",2005-10-09,57.5239884690621,14181,19426,6265136,0.310065096751292,73.0001029548028
"1655",2005-10-10,68.2781532928191,28173,32252,6265136,0.514785313519132,87.3527223117946
"1656",2005-10-11,62.0581165452653,16435,19220,6265136,0.306777059588172,85.5098855359001
"1657",2005-10-12,54.6993967131267,3442,4807,6265136,0.076726187587947,71.6039109631787
"1658",2005-10-13,65.1456608402331,2791,3261,6265136,0.0520499475190962,85.5872431769396
"1659",2005-10-14,70.3398305084746,1001,1180,6265136,0.0188343876334049,84.8305084745763
"1660",2005-10-15,35.4145299145299,32,702,6265136,0.0112048645073307,4.55840455840456
"1661",2005-10-16,53.9157472417252,621,997,6265136,0.015913461415682,62.2868605817452
"1662",2005-10-17,63.974358974359,1093,1599,6265136,0.0255221913778089,68.3552220137586
"1663",2005-10-18,15.775,0,80,6265136,0.00127690763616305,0
"1664",2005-10-19,72.4387464387464,302,351,6265136,0.00560243225366536,86.039886039886
"1665",2005-10-20,64.1339130434783,493,575,6265136,0.00917777363492189,85.7391304347826
"1666",2005-10-21,53.7015706806283,245,382,6265136,0.00609723396267854,64.1361256544503
"1667",2005-10-22,52.0457516339869,179,306,6265136,0.00488417170832365,58.4967320261438
"1668",2005-10-23,68.2082825822168,691,821,6265136,0.0131042646161233,84.1656516443362
"1669",2005-10-24,47.4761904761905,56,105,6265136,0.001675941272464,53.3333333333333
"1670",2005-10-25,57.0872483221477,245,298,6265136,0.00475648094470735,82.2147651006711
"1671",2005-10-26,61.4747474747475,406,495,6265136,0.00790086599875884,82.020202020202
"1672",2005-10-27,52.4041450777202,409,579,6265136,0.00924161901673004,70.6390328151986
"1673",2005-10-28,46.0769230769231,46,78,6265136,0.00124498494525897,58.974358974359
"1674",2005-10-29,52.8384615384615,97,130,6265136,0.00207497490876495,74.6153846153846
"1675",2005-10-30,53.5161290322581,20,31,6265136,0.00049480170901318,64.5161290322581
"1676",2005-10-31,NA,NA,0,6265136,0,NA
"1677",2005-11-01,NA,NA,0,6265136,0,NA
"1678",2005-11-02,NA,NA,0,6265136,0,NA
"1679",2005-11-03,NA,NA,0,6265136,0,NA
"1680",2005-11-04,NA,NA,0,6265136,0,NA
"1681",2005-11-05,NA,NA,0,6265136,0,NA
"1682",2005-11-06,NA,NA,0,6265136,0,NA
"1683",2005-11-07,NA,NA,0,6265136,0,NA
"1684",2005-11-08,NA,NA,0,6265136,0,NA
"1685",2005-11-09,NA,NA,0,6265136,0,NA
"1686",2005-11-10,NA,NA,0,6265136,0,NA
"1687",2005-11-11,NA,NA,0,6265136,0,NA
"1688",2005-11-12,NA,NA,0,6265136,0,NA
"1689",2005-11-13,NA,NA,0,6265136,0,NA
"1690",2005-11-14,NA,NA,0,6265136,0,NA
"1691",2005-11-15,NA,NA,0,6265136,0,NA
"1692",2005-11-16,NA,NA,0,6265136,0,NA
"1693",2005-11-17,NA,NA,0,6265136,0,NA
"1694",2005-11-18,NA,NA,0,6265136,0,NA
"1695",2005-11-19,NA,NA,0,6265136,0,NA
"1696",2005-11-20,NA,NA,0,6265136,0,NA
"1697",2005-11-21,NA,NA,0,6265136,0,NA
"1698",2005-11-22,NA,NA,0,6265136,0,NA
"1699",2005-11-24,NA,NA,0,6265136,0,NA
"1700",2005-11-26,NA,NA,0,6265136,0,NA
"1701",2006-01-16,NA,NA,0,6265136,0,NA
"1702",2006-01-17,NA,NA,0,6265136,0,NA
"1703",2006-01-18,NA,NA,0,6265136,0,NA
"1704",2006-01-20,NA,NA,0,6265136,0,NA
"1705",2006-01-21,NA,NA,0,6265136,0,NA
"1706",2006-01-22,NA,NA,0,6265136,0,NA
"1707",2006-01-23,NA,NA,0,6265136,0,NA
"1708",2006-01-24,NA,NA,0,6265136,0,NA
"1709",2006-01-25,NA,NA,0,6265136,0,NA
"1710",2006-01-26,NA,NA,0,6265136,0,NA
"1711",2006-01-27,NA,NA,0,6265136,0,NA
"1712",2006-01-28,NA,NA,0,6265136,0,NA
"1713",2006-01-29,NA,NA,0,6265136,0,NA
"1714",2006-01-30,NA,NA,0,6265136,0,NA
"1715",2006-01-31,NA,NA,0,6265136,0,NA
"1716",2006-02-01,NA,NA,0,6265136,0,NA
"1717",2006-02-02,NA,NA,0,6265136,0,NA
"1718",2006-02-03,NA,NA,0,6265136,0,NA
"1719",2006-02-04,NA,NA,0,6265136,0,NA
"1720",2006-02-05,NA,NA,0,6265136,0,NA
"1721",2006-02-06,NA,NA,0,6265136,0,NA
"1722",2006-02-07,NA,NA,0,6265136,0,NA
"1723",2006-02-08,NA,NA,0,6265136,0,NA
"1724",2006-02-09,NA,NA,0,6265136,0,NA
"1725",2006-02-10,NA,NA,0,6265136,0,NA
"1726",2006-02-11,NA,NA,0,6265136,0,NA
"1727",2006-02-12,49.1286764705882,136,272,6265136,0.00434148596295436,50
"1728",2006-02-13,NA,NA,0,6265136,0,NA
"1729",2006-02-14,47.8283582089552,60,134,6265136,0.0021388202905731,44.7761194029851
"1730",2006-02-15,NA,NA,0,6265136,0,NA
"1731",2006-02-16,52.1818181818182,7,11,6265136,0.000175574799972419,63.6363636363636
"1732",2006-02-17,58.4317673378076,385,447,6265136,0.00713472141706102,86.1297539149888
"1733",2006-02-18,52.584487534626,212,361,6265136,0.00576204570818574,58.7257617728532
"1734",2006-02-19,70.9108669108669,726,819,6265136,0.0130723419252192,88.6446886446886
"1735",2006-02-20,65.2767379679144,581,748,6265136,0.0119390863981245,77.6737967914438
"1736",2006-02-21,45.48,10,25,6265136,0.000399033636300952,40
"1737",2006-02-22,61.6206225680934,743,1028,6265136,0.0164082631246951,72.2762645914397
"1738",2006-02-23,59.308,179,250,6265136,0.00399033636300952,71.6
"1739",2006-02-24,36.0299401197605,109,334,6265136,0.00533108938098072,32.6347305389222
"1740",2006-02-25,49.90625,211,352,6265136,0.0056183935991174,59.9431818181818
"1741",2006-02-26,67.6170568561873,973,1196,6265136,0.0190897691606375,81.3545150501672
"1742",2006-02-27,49.0220125786164,184,318,6265136,0.00507570785374811,57.8616352201258
"1743",2006-02-28,63.1425389755011,3069,3592,6265136,0.0573331528637208,85.4398663697105
"1744",2006-03-01,68.4800526910049,9918,10628,6265136,0.169637179464261,93.3195333082424
"1745",2006-03-02,54.3628942999447,5326,7228,6265136,0.115368604927331,73.6856668511345
"1746",2006-03-03,67.6084539698582,30677,33641,6265136,0.536955622352013,91.1893225528373
"1747",2006-03-04,67.6080122055526,39531,43259,6265136,0.690471842909715,91.3821401326891
"1748",2006-03-05,65.2503246505233,23880,26182,6265136,0.417899946625261,91.2076999465282
"1749",2006-03-06,70.0522823201775,88346,91924,6265136,1.46723071933315,96.1076541490797
"1750",2006-03-07,66.2880047556367,111397,117755,6265136,1.87952823370474,94.6006539000467
"1751",2006-03-08,54.9975230991874,28261,35932,6265136,0.573523064782632,78.6513414226873
"1752",2006-03-09,58.6308324871406,47289,60073,6265136,0.958845905340283,78.719224942986
"1753",2006-03-10,64.6563226536372,156238,160866,6265136,2.56763779748756,97.1230713761764
"1754",2006-03-11,57.9946884869365,40047,48762,6265136,0.77830712693228,82.1274763135228
"1755",2006-03-12,63.9695904730993,82152,89347,6265136,1.42609833210325,91.9471274916897
"1756",2006-03-13,58.8883088761286,46654,51723,6265136,0.825568670815765,90.1997177271233
"1757",2006-03-14,66.4759236311397,82710,91189,6265136,1.4554991304259,90.7017293752536
"1758",2006-03-15,62.8412357968499,53428,61078,6265136,0.974887057519581,87.4750319263892
"1759",2006-03-16,66.7106953364982,122454,125335,6265136,2.00051523223119,97.7013603542506
"1760",2006-03-17,65.8926851926948,132887,135629,6265136,2.16482132231447,97.9783084738515
"1761",2006-03-18,58.9850976530445,55166,60930,6265136,0.97252477839268,90.539963892992
"1762",2006-03-19,58.2829668179684,44432,51112,6265136,0.81581628874457,86.9306620754422
"1763",2006-03-20,67.120286853515,101781,103328,6265136,1.64925390286819,98.5028259523072
"1764",2006-03-21,65.2591890345953,92902,94406,6265136,1.50684677874511,98.4068809185857
"1765",2006-03-22,63.1466013056034,39184,41207,6265136,0.657719162042133,95.090639939816
"1766",2006-03-23,60.1080774067914,20935,24649,6265136,0.393431204047286,84.9324516207554
"1767",2006-03-24,66.9155681248004,63736,65769,6265136,1.04976172903509,96.9088780428469
"1768",2006-03-25,71.313172859432,172661,172863,6265136,2.75912605887566,99.8831444554358
"1769",2006-03-26,71.1750214456857,202789,202838,6265136,3.2375673888005,99.9758427907986
"1770",2006-03-27,74.388927541185,245703,245781,6265136,3.92299544654737,99.9682644305296
"1771",2006-03-28,74.845511171964,221897,222029,6265136,3.54388156937056,99.9405483067527
"1772",2006-03-29,76.1789078006414,237242,237301,6265136,3.78764323711409,99.9751370622121
"1773",2006-03-30,74.388251404354,200026,200092,6265136,3.1937375341892,99.9670151730204
"1774",2006-03-31,74.7432985421817,164139,164218,6265136,2.62114022744279,99.9518932151165
"1775",2006-04-01,68.034099547795,127204,127597,6265136,2.0366197956437,99.6919990281903
"1776",2006-04-02,61.3000375164134,10534,10662,6265136,0.17017986520963,98.799474770212
"1777",2006-04-03,68.2631111549657,39761,40538,6265136,0.647041021934719,98.0832798855395
"1778",2006-04-04,68.0223733637823,58554,60429,6265136,0.964528144321209,96.8971851263466
"1779",2006-04-05,65.0193028590612,17199,17873,6265136,0.285277127264276,96.2289486935601
"1780",2006-04-06,68.8477118955492,45558,46261,6265136,0.738387801956733,98.4803614275524
"1781",2006-04-07,69.6638533178114,20388,20616,6265136,0.329059097839217,98.8940628637951
"1782",2006-04-08,62.218343383053,12078,12604,6265136,0.201176798077488,95.8267216756585
"1783",2006-04-09,63.0228387751649,11284,11822,6265136,0.188695025933994,95.449162578244
"1784",2006-04-10,66.521678451805,20265,21496,6265136,0.34310508183701,94.2733531819873
"1785",2006-04-11,69.5238537044507,73928,74370,6265136,1.18704526126807,99.4056743310475
"1786",2006-04-12,74.7099136455282,51876,52574,6265136,0.83915177579545,98.6723475482178
"1787",2006-04-13,73.1882562014069,66154,67525,6265136,1.07778985164887,97.9696408737505
"1788",2006-04-14,70.6983396860262,76551,77395,6265136,1.23532833126049,98.9094902771497
"1789",2006-04-15,73.4161341853035,55771,56340,6265136,0.899262202767825,98.9900603478878
"1790",2006-04-16,71.2067279519484,54245,54608,6265136,0.871617152444895,99.3352622326399
"1791",2006-04-17,64.2872904910301,11489,11873,6265136,0.189509054552048,96.7657710772341
"1792",2006-04-18,73.2463698912595,45009,46073,6265136,0.73538706901175,97.6906214051614
"1793",2006-04-19,74.6607606849848,48023,48877,6265136,0.780142681659265,98.2527569204329
"1794",2006-04-20,76.5352295583042,125812,126286,6265136,2.01569447175608,99.6246614826663
"1795",2006-04-21,74.8023308921962,63302,63495,6265136,1.01346562947716,99.6960390581936
"1796",2006-04-22,73.7668658833063,58527,59232,6265136,0.945422413815119,98.8097649918963
"1797",2006-04-23,68.3463848186404,12228,12489,6265136,0.199341243350503,97.9101609416286
"1798",2006-04-24,75.4564468062188,54767,55702,6265136,0.889078864369425,98.3214247244264
"1799",2006-04-25,75.1032378668172,27707,28352,6265136,0.452536066256183,97.7250282167043
"1800",2006-04-26,81.931519252764,82512,83936,6265136,1.33973149186227,98.3034693099504
"1801",2006-04-27,82.7050260610573,79663,80580,6265136,1.28616521652523,98.8620004964011
"1802",2006-04-28,84.5393410997127,118479,120777,6265136,1.9277634196608,98.0973198539457
"1803",2006-04-29,82.1965436711817,73153,74935,6265136,1.19606342144847,97.621939013812
"1804",2006-04-30,75.6733700296087,49190,50323,6265136,0.803222787182912,97.7485444031556
"1805",2006-05-01,71.0456570753704,36626,37256,6265136,0.59465588616113,98.3089972085033
"1806",2006-05-02,84.791106363199,241775,245254,6265136,3.91458381749415,98.5814706386032
"1807",2006-05-03,85.1917727810651,208354,211250,6265136,3.37183422674304,98.6291124260355
"1808",2006-05-04,81.0575380941397,144334,147398,6265136,2.35267039693951,97.9212743727866
"1809",2006-05-05,81.8006941539224,63256,64539,6265136,1.03012927412909,98.0120547265994
"1810",2006-05-06,79.2719072726481,20958,22949,6265136,0.366296916778822,91.3242407076561
"1811",2006-05-07,82.3705526116578,66274,68692,6265136,1.0964167417914,96.4799394398183
"1812",2006-05-08,70.9137666416818,54579,56034,6265136,0.894378031059501,97.4033622443516
"1813",2006-05-09,75.9492300880602,119287,121962,6265136,1.94667761402147,97.8066938882603
"1814",2006-05-10,76.3675615377675,117696,121917,6265136,1.94595935347613,96.5378085090676
"1815",2006-05-11,69.4241459334017,17492,18529,6265136,0.295747769880813,94.4033676938853
"1816",2006-05-12,72.7880479273647,26195,26874,6265136,0.428945197678071,97.4733943588599
"1817",2006-05-13,69.2716545174245,50582,52541,6265136,0.838625051395532,96.2714832226261
"1818",2006-05-14,71.5063026805376,50272,52676,6265136,0.840779833031557,95.4362518034779
"1819",2006-05-15,73.7668013041997,58845,61647,6265136,0.983969063081791,95.4547666553117
"1820",2006-05-16,70.7333002017131,33490,34207,6265136,0.545989743877866,97.9039377905107
"1821",2006-05-17,66.6408294831847,44197,46535,6265136,0.742761210610592,94.9758246481143
"1822",2006-05-18,67.6355227138537,53890,55891,6265136,0.89209555865986,96.419817144084
"1823",2006-05-19,66.0736231636852,44623,46901,6265136,0.748603063046038,95.1429607044626
"1824",2006-05-20,66.0891572273278,25477,28074,6265136,0.448098812220517,90.7494478877253
"1825",2006-05-21,68.9937113832758,43851,45479,6265136,0.725906029813239,96.4203258646848
"1826",2006-05-22,70.7610653177517,64002,65633,6265136,1.04759098605361,97.5149696037055
"1827",2006-05-23,72.6993240811103,119887,125015,6265136,1.99540760168654,95.8980922289325
"1828",2006-05-24,75.9744490424406,99784,103910,6265136,1.65854340592128,96.0292560869984
"1829",2006-05-25,79.055348773943,77816,80869,6265136,1.29077804536087,96.2247585601405
"1830",2006-05-26,77.861004102201,45685,48023,6265136,0.766511692643224,95.1314994898278
"1831",2006-05-27,69.3111413043478,8717,9568,6265136,0.1527181532851,91.1057692307692
"1832",2006-05-28,68.293423019432,6444,6690,6265136,0.106781401074135,96.322869955157
"1833",2006-05-29,73.341826878852,41054,43484,6265136,0.694063145636424,94.4117376506301
"1834",2006-05-30,72.7690288713911,17446,18288,6265136,0.291901085626872,95.3958880139983
"1835",2006-05-31,69.7991915841841,17823,19297,6265136,0.308006083187979,92.3615069699953
"1836",2006-06-01,71.1251050210042,47152,49990,6265136,0.797907659147383,94.3228645729146
"1837",2006-06-02,74.5714632141943,71798,74227,6265136,1.18476278886843,96.7276058577068
"1838",2006-06-03,75.9471430751805,115969,124487,6265136,1.98698001128786,93.1575184557424
"1839",2006-06-04,76.6024050286964,34242,36590,6265136,0.584025630090073,93.582946160153
"1840",2006-06-05,75.822567300961,57775,62852,6265136,1.0032024843515,91.9222936422071
"1841",2006-06-06,70.3857824013871,8035,9228,6265136,0.147291295831407,87.0719549198093
"1842",2006-06-07,78.4212885528869,43355,44841,6265136,0.715722691414839,96.6860685533329
"1843",2006-06-08,66.6676012204173,10825,12127,6265136,0.193563236296866,89.2636266182898
"1844",2006-06-09,68.7555981064837,29751,37602,6265136,0.600178511687536,79.1207914472634
"1845",2006-06-10,70.9720785250033,13403,15078,6265136,0.24066516672583,88.8910996153336
"1846",2006-06-11,67.2774846924723,44543,47199,6265136,0.753359543990745,94.372762134791
"1847",2006-06-12,75.5030893287255,18182,19098,6265136,0.304829775443023,95.2036862498691
"1848",2006-06-13,66.6608359133127,10835,12920,6265136,0.206220583240332,83.8622291021672
"1849",2006-06-14,61.6128370014793,27830,33123,6265136,0.528687645407857,84.0201672553815
"1850",2006-06-15,70.7036499797598,28093,29644,6265136,0.473158124580217,94.7679125624072
"1851",2006-06-16,67.5200566227182,51375,60753,6265136,0.969699620247669,84.5637252481359
"1852",2006-06-17,75.8052133297907,68761,71509,6265136,1.14137985192979,96.1571270749136
"1853",2006-06-18,76.5118999268946,23609,24622,6265136,0.393000247720081,95.8857931930794
"1854",2006-06-19,78.8044524150299,53232,57991,6265136,0.92561438410914,91.7935541721991
"1855",2006-06-20,79.6340502237693,71606,80440,6265136,1.28393062816194,89.0179015415216
"1856",2006-06-21,69.0278195488722,42526,46550,6265136,0.743000630792372,91.3555316863587
"1857",2006-06-22,68.5602912720236,65187,78552,6265136,1.25379560794849,82.9857928505958
"1858",2006-06-23,64.5261135790611,6735,8329,6265136,0.132942046270025,80.8620482650979
"1859",2006-06-24,64.1115023474178,3971,4260,6265136,0.0679953316256822,93.2159624413146
"1860",2006-06-25,63.2262657988916,51688,66223,6265136,1.05700817987032,78.0514322818356
"1861",2006-06-26,65.6903166165935,42909,51924,6265136,0.828776901251625,82.638086434019
"1862",2006-06-27,68.6408872901679,16627,20016,6265136,0.319482290567994,83.0685451638689
"1863",2006-06-28,62.457015130674,8101,8724,6265136,0.13924677772358,92.8587803759743
"1864",2006-06-29,82.3107090743756,88396,94574,6265136,1.50952828478105,93.4675492207161
"1865",2006-06-30,78.9449024690833,41880,47062,6265136,0.751172839663816,88.9889932429561
"1866",2006-07-01,78.4028018537517,73074,84801,6265136,1.35353805567828,86.1711536420561
"1867",2006-07-02,71.5965607274692,9593,11107,6265136,0.177282663935787,86.3689565139101
"1868",2006-07-03,49.4856395200408,9053,15668,6265136,0.250082360542533,57.7801889200919
"1869",2006-07-04,54.2804214526298,14048,23158,6265136,0.369632837978298,60.6615424475343
"1870",2006-07-05,73.6975756503274,4818,5651,6265136,0.0901975631494672,85.2592461511237
"1871",2006-07-06,68.3010756948434,39369,50479,6265136,0.80571275707343,77.9908476792329
"1872",2006-07-07,36.5078459343795,1735,4206,6265136,0.0671334189712721,41.2505943889681
"1873",2006-07-08,64.6419734322279,24688,32897,6265136,0.525080381335696,75.0463568106514
"1874",2006-07-09,62.6142235672404,18824,26435,6265136,0.421938167024626,71.2086249290713
"1875",2006-07-10,53.7752712243844,7044,11614,6265136,0.18537506607997,60.6509385224729
"1876",2006-07-11,70.7207530700101,78249,100814,6265136,1.60912708040177,77.6171960243617
"1877",2006-07-12,70.8431000994836,32360,42218,6265136,0.673856082294143,76.6497702401819
"1878",2006-07-13,61.2729164443496,16146,18742,6265136,0.299147536462098,86.1487568029026
"1879",2006-07-14,56.3541975674874,4589,6742,6265136,0.107611391037641,68.0658558291308
"1880",2006-07-15,55.4214048777636,42819,68433,6265136,1.09228275331932,62.5706895795888
"1881",2006-07-16,53.3095911060863,3783,5307,6265136,0.084706860313966,71.2832108535896
"1882",2006-07-17,72.2819901863781,40456,49523,6265136,0.790453710821281,81.6913353391353
"1883",2006-07-18,47.4355999280446,35750,66708,6265136,1.06474943241456,53.5917731006776
"1884",2006-07-19,58.1717126385197,57119,86901,6265136,1.38705688112756,65.7288178501973
"1885",2006-07-20,59.2819876271141,100759,150652,6265136,2.40460861504044,66.8819531104798
"1886",2006-07-21,55.1602468877498,31383,47795,6265136,0.76287250588016,65.6616800920598
"1887",2006-07-22,40.1252329725665,13454,30583,6265136,0.48814582795968,43.9917601281758
"1888",2006-07-23,59.3804131860619,93162,140421,6265136,2.24130808972064,66.3447774905463
"1889",2006-07-24,72.5507953903889,49625,60222,6265136,0.961224145812637,82.4034406031019
"1890",2006-07-25,69.4411463289657,84395,109288,6265136,1.74438352176234,77.2225678940048
"1891",2006-07-26,64.9876229862208,120837,169023,6265136,2.69783449233983,71.4914538258107
"1892",2006-07-27,67.221860615123,126102,170535,6265136,2.72196804666331,73.9449379892691
"1893",2006-07-28,68.1558377912401,126775,169362,6265136,2.70324538844807,74.8544537735738
"1894",2006-07-29,68.0574651271441,35661,44949,6265136,0.717446516723659,79.3365814589869
"1895",2006-07-30,63.8792514239219,4477,6145,6265136,0.098082467802774,72.8559804719284
"1896",2006-07-31,50.9443544972227,23142,40147,6265136,0.640800135862972,57.6431613819214
"1897",2006-08-01,46.3493595763062,14493,26623,6265136,0.42493889996961,54.437892048229
"1898",2006-08-02,60.2453953075511,36672,49569,6265136,0.791187932712075,73.9817224474974
"1899",2006-08-03,47.8482638490104,28455,52242,6265136,0.833852609105373,54.4676696910532
"1900",2006-08-04,72.98636993767,77486,94497,6265136,1.50829926118124,81.9983703186345
"1901",2006-08-05,70.8407469848269,23711,30844,6265136,0.492311739122662,76.8739463104656
"1902",2006-08-06,51.1843890895727,63747,111563,6265136,1.78069558266572,57.1399119779855
"1903",2006-08-07,50.2126853484878,9511,15309,6265136,0.244352237525251,62.1268534848782
"1904",2006-08-08,48.4998588965712,7957,14174,6265136,0.226236110437188,56.1379991533794
"1905",2006-08-09,59.1344384502207,69625,101950,6265136,1.62725916883528,68.2932810201079
"1906",2006-08-10,53.0756939183139,37811,58076,6265136,0.926971098472563,65.1060679110132
"1907",2006-08-11,51.2460127411557,14549,22133,6265136,0.353272458889959,65.7344237112005
"1908",2006-08-12,51.7375263021359,40127,69386,6265136,1.10749391553511,57.8315510333497
"1909",2006-08-13,52.7770298386899,72785,122559,6265136,1.95620653725633,59.3877234638011
"1910",2006-08-14,57.8955270744726,22543,35033,6265136,0.55917381522125,64.3479005509091
"1911",2006-08-15,50.1256380167339,59711,104817,6265136,1.67302034624627,56.9669042235515
"1912",2006-08-16,47.2082416186929,49634,94496,6265136,1.50828329983579,52.5249746020996
"1913",2006-08-17,56.4128266424862,16120,24262,6265136,0.387254163357348,66.4413486109966
"1914",2006-08-18,51.2658563069784,78733,128009,6265136,2.04319586996994,61.5058316212141
"1915",2006-08-19,58.7716944588785,19628,21169,6265136,0.337885721874194,92.7204875053144
"1916",2006-08-20,44.0494667245789,21044,41442,6265136,0.661470078223362,50.7794025384875
"1917",2006-08-21,56.9746483074017,14204,20117,6265136,0.32109438645865,70.606949346324
"1918",2006-08-22,53.78221761884,12241,18344,6265136,0.292794920972186,66.7302660270388
"1919",2006-08-23,NA,NA,0,6265136,0,NA
"1920",2006-08-24,41.4795391338896,12288,25170,6265136,0.401747065027798,48.8200238379023
"1921",2006-08-25,42.947272215973,6614,14224,6265136,0.22703417770979,46.4988751406074
"1922",2006-08-26,56.6295309382574,48071,74681,6265136,1.19200923970366,64.368447128453
"1923",2006-08-27,45.6214935115394,6525,12869,6265136,0.205406554622278,50.7032403450152
"1924",2006-08-28,58.8789491004827,36395,54696,6265136,0.873021750844674,66.5405148456926
"1925",2006-08-29,44.8298261479216,52686,98417,6265136,1.57086773535323,53.5334342644055
"1926",2006-08-30,52.7042395389892,121253,188629,6265136,3.01077263127249,64.2812080857132
"1927",2006-08-31,55.1474876827638,130640,200532,6265136,3.2007605261881,65.1467097520595
"1928",2006-09-01,53.7288501373733,72895,115379,6265136,1.8416040769107,63.1787413654131
"1929",2006-09-02,42.4282837046447,33658,64546,6265136,1.03024100354725,52.1457565147337
"1930",2006-09-03,42.0733480982858,29278,57343,6265136,0.915271432256219,51.0576705090421
"1931",2006-09-04,50.731230102377,66732,107739,6265136,1.71965939765713,61.938573775513
"1932",2006-09-05,51.656945466084,42553,69333,6265136,1.10664796422616,61.3748143019918
"1933",2006-09-06,49.7881932744794,59780,103873,6265136,1.65795283613955,57.5510479142799
"1934",2006-09-07,51.8121169437667,77723,119271,6265136,1.90372563341003,65.1650443108551
"1935",2006-09-08,50.3440435425152,86983,138715,6265136,2.21407803437946,62.7062682478463
"1936",2006-09-09,46.4115568358711,63449,111778,6265136,1.78412727193791,56.7634060369661
"1937",2006-09-10,57.5724255991572,9908,15188,6265136,0.242420914725554,65.2357124045299
"1938",2006-09-11,51.5118603587187,76866,128959,6265136,2.05835914814938,59.6049907334889
"1939",2006-09-12,42.3971698212242,45114,95259,6265136,1.52046180641569,47.3593046326331
"1940",2006-09-13,56.1362673458215,30091,42013,6265136,0.670584006476476,71.6230690500559
"1941",2006-09-14,50.6848599034622,76831,119953,6265136,1.91461127100832,64.0509199436446
"1942",2006-09-15,50.6452833326404,44091,72159,6265136,1.15175472647362,61.102565168586
"1943",2006-09-16,60.2664405320349,101637,134728,6265136,2.15044015006219,75.4386615996675
"1944",2006-09-17,59.295438075848,46643,57958,6265136,0.925087659709223,80.4772421408606
"1945",2006-09-18,60.0400740340224,38937,48086,6265136,0.767517257406703,80.9736721706942
"1946",2006-09-19,61.2025636301424,65054,75986,6265136,1.21283879551857,85.6131392624957
"1947",2006-09-20,63.7708374776208,26080,30162,6265136,0.481426101524372,86.4664146939858
"1948",2006-09-21,60.6962374945629,35225,45980,6265136,0.733902663884711,76.6093953892997
"1949",2006-09-22,54.7062844750365,15874,21211,6265136,0.33855609838318,74.8385271792938
"1950",2006-09-23,57.2008103983582,33598,38006,6265136,0.606626895250159,88.4018312897963
"1951",2006-09-24,62.8992063186778,68809,77991,6265136,1.2448412931499,88.2268466874383
"1952",2006-09-25,61.9998119947359,43804,53190,6265136,0.848983964593905,82.3538259071254
"1953",2006-09-26,62.6153745385257,69652,83970,6265136,1.34027417760764,82.9486721448136
"1954",2006-09-27,68.6053738874236,99520,113363,6265136,1.80942600447939,87.7887847004755
"1955",2006-09-28,69.5345391755626,92767,104823,6265136,1.67311611431899,88.4987073447621
"1956",2006-09-29,67.2652814058418,114124,126330,6265136,2.01639677095597,90.338003641257
"1957",2006-09-30,66.6259942479666,78033,89012,6265136,1.42075128137681,87.6657079944277
"1958",2006-10-01,65.4042820678883,45960,52498,6265136,0.837938713541095,87.5461922358947
"1959",2006-10-02,63.9699590690448,61130,66942,6265136,1.06848438725033,91.3178572495593
"1960",2006-10-03,64.3965721135933,113830,123458,6265136,1.97055578681772,92.201396426315
"1961",2006-10-04,62.864494542369,94005,103708,6265136,1.65531921413996,90.6439233231766
"1962",2006-10-05,59.2449421022208,45801,53629,6265136,0.85599099524735,85.4034197915307
"1963",2006-10-06,61.7531770291868,59823,64447,6265136,1.0286608303475,92.8251121076233
"1964",2006-10-07,69.3230485730486,58624,63492,6265136,1.0134177454408,92.3328923328923
"1965",2006-10-08,66.7891880419623,30691,32982,6265136,0.52643709569912,93.0537869140743
"1966",2006-10-09,70.0524662702724,47819,50623,6265136,0.808011190818523,94.4610157438319
"1967",2006-10-10,61.3165240719258,25893,27584,6265136,0.440277752949018,93.8696345707657
"1968",2006-10-11,68.7934052667321,12139,13253,6265136,0.211535711275861,91.5943559948691
"1969",2006-10-12,67.5910043406676,12252,13362,6265136,0.213275497930133,91.692860350247
"1970",2006-10-13,56.8487654320988,1163,1620,6265136,0.0258573796323017,71.7901234567901
"1971",2006-10-14,30.2860606060606,254,825,6265136,0.0131681099979314,30.7878787878788
"1972",2006-10-15,58.4811320754717,253,318,6265136,0.00507570785374811,79.559748427673
"1973",2006-10-16,59.5875,345,480,6265136,0.00766144581697828,71.875
"1974",2006-10-17,49.3942766295707,278,629,6265136,0.0100396862893319,44.1971383147854
"1975",2006-10-18,51.7811320754717,340,530,6265136,0.00845951308958018,64.1509433962264
"1976",2006-10-19,43.5805722891566,594,1328,6265136,0.0211966667603066,44.7289156626506
"1977",2006-10-20,63.533527696793,295,343,6265136,0.00547474149004906,86.0058309037901
"1978",2006-10-21,53.0130434782609,123,230,6265136,0.00367110945396876,53.4782608695652
"1979",2006-10-22,44.277027027027,46,148,6265136,0.00236227912690163,31.0810810810811
"1980",2006-10-23,54.3255813953488,30,43,6265136,0.000686337854437637,69.7674418604651
"1981",2006-10-24,46.495145631068,12,103,6265136,0.00164401858155992,11.6504854368932
"1982",2006-10-25,47.5859375,67,128,6265136,0.00204305221786087,52.34375
"1983",2006-10-26,54.5945945945946,142,222,6265136,0.00354341869035245,63.963963963964
"1984",2006-10-27,60.5738498789346,313,413,6265136,0.00659203567169172,75.7869249394673
"1985",2006-10-28,67.7073170731707,791,902,6265136,0.0143971335977383,87.6940133037694
"1986",2006-10-29,66.8879736408567,518,607,6265136,0.00968853668938711,85.337726523888
"1987",2006-10-30,63.7670807453416,270,322,6265136,0.00513955323555626,83.8509316770186
"1988",2006-10-31,NA,NA,0,6265136,0,NA
"1989",2006-11-01,NA,NA,0,6265136,0,NA
"1990",2006-11-02,NA,NA,0,6265136,0,NA
"1991",2006-11-03,NA,NA,0,6265136,0,NA
"1992",2006-11-04,NA,NA,0,6265136,0,NA
"1993",2006-11-05,NA,NA,0,6265136,0,NA
"1994",2006-11-06,NA,NA,0,6265136,0,NA
"1995",2006-11-07,NA,NA,0,6265136,0,NA
"1996",2006-11-08,NA,NA,0,6265136,0,NA
"1997",2006-11-09,NA,NA,0,6265136,0,NA
"1998",2006-11-10,NA,NA,0,6265136,0,NA
"1999",2006-11-11,NA,NA,0,6265136,0,NA
"2000",2006-11-12,NA,NA,0,6265136,0,NA
"2001",2006-11-13,NA,NA,0,6265136,0,NA
"2002",2006-11-14,NA,NA,0,6265136,0,NA
"2003",2006-11-15,NA,NA,0,6265136,0,NA
"2004",2006-11-16,NA,NA,0,6265136,0,NA
"2005",2006-11-17,NA,NA,0,6265136,0,NA
"2006",2006-11-18,NA,NA,0,6265136,0,NA
"2007",2006-11-19,NA,NA,0,6265136,0,NA
"2008",2006-11-20,NA,NA,0,6265136,0,NA
"2009",2006-11-21,NA,NA,0,6265136,0,NA
"2010",2006-11-22,NA,NA,0,6265136,0,NA
"2011",2006-11-23,NA,NA,0,6265136,0,NA
"2012",2006-11-24,NA,NA,0,6265136,0,NA
"2013",2006-11-25,NA,NA,0,6265136,0,NA
"2014",2007-01-16,NA,NA,0,6265136,0,NA
"2015",2007-01-18,NA,NA,0,6265136,0,NA
"2016",2007-01-19,NA,NA,0,6265136,0,NA
"2017",2007-01-20,NA,NA,0,6265136,0,NA
"2018",2007-01-21,NA,NA,0,6265136,0,NA
"2019",2007-01-22,NA,NA,0,6265136,0,NA
"2020",2007-01-23,NA,NA,0,6265136,0,NA
"2021",2007-01-24,NA,NA,0,6265136,0,NA
"2022",2007-01-25,NA,NA,0,6265136,0,NA
"2023",2007-01-26,NA,NA,0,6265136,0,NA
"2024",2007-01-27,NA,NA,0,6265136,0,NA
"2025",2007-01-28,NA,NA,0,6265136,0,NA
"2026",2007-01-29,NA,NA,0,6265136,0,NA
"2027",2007-01-30,NA,NA,0,6265136,0,NA
"2028",2007-01-31,NA,NA,0,6265136,0,NA
"2029",2007-02-01,NA,NA,0,6265136,0,NA
"2030",2007-02-02,NA,NA,0,6265136,0,NA
"2031",2007-02-03,NA,NA,0,6265136,0,NA
"2032",2007-02-04,NA,NA,0,6265136,0,NA
"2033",2007-02-05,NA,NA,0,6265136,0,NA
"2034",2007-02-06,NA,NA,0,6265136,0,NA
"2035",2007-02-07,NA,NA,0,6265136,0,NA
"2036",2007-02-08,NA,NA,0,6265136,0,NA
"2037",2007-02-09,NA,NA,0,6265136,0,NA
"2038",2007-02-10,NA,NA,0,6265136,0,NA
"2039",2007-02-11,15.5675675675676,0,37,6265136,0.000590569781725409,0
"2040",2007-02-12,58.4324786324786,466,585,6265136,0.00933738708944227,79.6581196581197
"2041",2007-02-13,62.4836471754212,788,1009,6265136,0.0161049975611064,78.0971258671952
"2042",2007-02-14,57.6657004830918,870,1035,6265136,0.0165199925428594,84.0579710144928
"2043",2007-02-15,43.4,2,10,6265136,0.000159613454520381,20
"2044",2007-02-16,79.5942307692308,1556,1560,6265136,0.0248996989051794,99.7435897435898
"2045",2007-02-17,51.9618573797678,358,603,6265136,0.00962469130757896,59.3698175787728
"2046",2007-02-18,60.1487684729064,723,1015,6265136,0.0162007656338186,71.2315270935961
"2047",2007-02-19,63.117770767613,717,951,6265136,0.0151792395248882,75.3943217665615
"2048",2007-02-20,58.9795121951219,820,1025,6265136,0.016360379088339,80
"2049",2007-02-21,66.8096885813149,496,578,6265136,0.00922565767127801,85.8131487889273
"2050",2007-02-22,68.3086340206186,1420,1552,6265136,0.0247720081415631,91.4948453608247
"2051",2007-02-23,61.0657342657343,589,715,6265136,0.0114123619982072,82.3776223776224
"2052",2007-02-24,56.6852941176471,230,340,6265136,0.00542685745369294,67.6470588235294
"2053",2007-02-25,60.9446902654867,368,452,6265136,0.00721452814432121,81.4159292035398
"2054",2007-02-26,54.207336523126,425,627,6265136,0.0100077635984279,67.7830940988836
"2055",2007-02-27,64.25,259,304,6265136,0.00485224901741957,85.1973684210526
"2056",2007-02-28,59.219387755102,491,588,6265136,0.00938527112579839,83.5034013605442
"2057",2007-03-01,75.1264284776041,14925,15226,6265136,0.243027445852732,98.0231183501905
"2058",2007-03-02,54.6192766448634,3808,5198,6265136,0.0829670736596939,73.2589457483648
"2059",2007-03-03,65.757883039311,19961,21597,6265136,0.344717177727666,92.4248738250683
"2060",2007-03-04,67.1305159110394,37875,39658,6265136,0.632995037936926,95.504059710525
"2061",2007-03-05,65.51167710508,33309,35925,6265136,0.573411335364468,92.7181628392484
"2062",2007-03-06,49.9652777777778,79,144,6265136,0.00229843374509348,54.8611111111111
"2063",2007-03-07,61.6947340367159,51389,63787,6265136,1.01812634234915,80.5634376910656
"2064",2007-03-08,67.2571197157339,36546,38274,6265136,0.610904535831305,95.485185765794
"2065",2007-03-09,73.2061292248004,52089,53612,6265136,0.855719652374665,97.1592180855032
"2066",2007-03-10,70.923454917722,61770,65935,6265136,1.05241131238013,93.6831728217184
"2067",2007-03-11,74.9473365530167,66845,69365,6265136,1.10715872728062,96.3670438982196
"2068",2007-03-12,67.7177972342689,57303,61105,6265136,0.975318013846786,93.7779232468701
"2069",2007-03-13,66.6324483319142,58805,64595,6265136,1.0310231094744,91.0364579301804
"2070",2007-03-14,75.5631630508503,117788,119429,6265136,1.90624752599146,98.6259618685579
"2071",2007-03-15,72.5093883976676,130056,130853,6265136,2.08858993643554,99.3909195815151
"2072",2007-03-16,55.8342236024845,13174,16100,6265136,0.256977661777813,81.8260869565217
"2073",2007-03-17,59.602810960492,54060,62114,6265136,0.991423011407893,87.0335190134269
"2074",2007-03-18,69.6290294041951,122741,124336,6265136,1.98456984812461,98.7171856903873
"2075",2007-03-19,69.8383256473927,68990,70475,6265136,1.12487582073238,97.8928698119901
"2076",2007-03-20,71.7940920873226,132739,133482,6265136,2.13055231362895,99.4433706417345
"2077",2007-03-21,66.6890211106629,59241,59496,6265136,0.949636209014457,99.5713997579669
"2078",2007-03-22,61.9545940843298,28232,31780,6265136,0.50725155846577,88.8357457520453
"2079",2007-03-23,68.4889161789953,78817,79801,6265136,1.27373132841809,98.7669327452037
"2080",2007-03-24,69.4954388461141,82657,87149,6265136,1.39101529479967,94.8456092439385
"2081",2007-03-25,71.4371645224504,104634,105633,6265136,1.68604480413514,99.0542728124734
"2082",2007-03-26,69.2054477032435,83153,83705,6265136,1.33604442106285,99.3405411863091
"2083",2007-03-27,63.0497568093385,40205,41120,6265136,0.656330524987806,97.7748054474708
"2084",2007-03-28,67.3937539565309,89072,90041,6265136,1.43717550584696,98.923823591475
"2085",2007-03-29,66.9627085377821,73584,74387,6265136,1.18731660414076,98.9205103042198
"2086",2007-03-30,67.5306394888508,108307,108618,6265136,1.73368942030947,99.7136754497413
"2087",2007-03-31,68.1021267329607,96119,96439,6265136,1.5392961940491,99.6681840334305
"2088",2007-04-01,70.1946464737857,143576,143681,6265136,2.29334207589428,99.9269214440323
"2089",2007-04-02,70.6521884702015,131171,131416,6265136,2.09757617392504,99.8135691240032
"2090",2007-04-03,73.8513575787769,160186,160580,6265136,2.56307285268827,99.7546394320588
"2091",2007-04-04,71.2863695530899,80550,80665,6265136,1.28752193088865,99.8574350709725
"2092",2007-04-05,63.8424824565769,40067,40186,6265136,0.641422628335602,99.7038769720798
"2093",2007-04-06,69.8125891881784,101455,101611,6265136,1.62184827272704,99.846473314897
"2094",2007-04-07,75.3369274928242,120112,120195,6265136,1.91847391660772,99.9309455468197
"2095",2007-04-08,75.5203337055151,127089,127178,6265136,2.0299319918993,99.9300193429681
"2096",2007-04-09,74.5147267176182,200426,200452,6265136,3.19948361855194,99.9870293137509
"2097",2007-04-10,75.0842350883696,210390,210423,6265136,3.35863419405421,99.9843173037168
"2098",2007-04-11,75.9179961173523,219910,219953,6265136,3.51074581621213,99.9804503689425
"2099",2007-04-12,68.6660586640375,20135,20285,6265136,0.323775892494592,99.2605373428642
"2100",2007-04-13,73.4146341463415,2659,2747,6265136,0.0438458159567486,96.7965052784856
"2101",2007-04-14,72.0440511696058,95529,96229,6265136,1.53594431150417,99.2725685604132
"2102",2007-04-15,66.2243465111255,64748,64806,6265136,1.03439095336478,99.9105021140018
"2103",2007-04-16,70.5255728910276,99437,99539,6265136,1.58877636495042,99.8975276022464
"2104",2007-04-17,71.8737395041061,151451,151726,6265136,2.42175110005593,99.8187522244045
"2105",2007-04-18,70.589486385814,95216,95305,6265136,1.52119602830649,99.9066156025392
"2106",2007-04-19,73.0507034691847,126226,126658,6265136,2.02163209226424,99.6589240316443
"2107",2007-04-20,74.1143992728729,129719,129826,6265136,2.07219763465629,99.9175819943617
"2108",2007-04-21,73.4740389479009,157748,158160,6265136,2.52444639669434,99.7395042994436
"2109",2007-04-22,70.4011080184135,74515,74728,6265136,1.1927594229399,99.7149662777005
"2110",2007-04-23,69.1075829557529,81677,81881,6265136,1.30693092695833,99.7508579523943
"2111",2007-04-24,72.7015336762034,64844,64942,6265136,1.03656169634626,99.8490961165348
"2112",2007-04-25,72.9437656104608,81515,81676,6265136,1.30365885114066,99.8028796708948
"2113",2007-04-26,73.2971115632097,84478,84544,6265136,1.34943598989711,99.9219341408024
"2114",2007-04-27,74.5012728314135,94210,94278,6265136,1.50480372652725,99.9278728865695
"2115",2007-04-28,73.9223844364274,118518,118636,6265136,1.89359017904799,99.9005360935972
"2116",2007-04-29,75.1159883621761,205045,205193,6265136,3.27515635734005,99.9278727831846
"2117",2007-04-30,70.6793163914261,37970,38209,6265136,0.609867048376923,99.3744929205161
"2118",2007-05-01,75.3455155963678,97533,97683,6265136,1.55915210779143,99.8464420625902
"2119",2007-05-02,69.4836329382212,25334,25478,6265136,0.406663159427026,99.4348064997253
"2120",2007-05-03,74.2143791794106,124536,124569,6265136,1.98828884161493,99.9735086578523
"2121",2007-05-04,72.8046893502803,63230,63335,6265136,1.01091181420483,99.8342148890819
"2122",2007-05-05,73.4649006886385,150557,150587,6265136,2.40357112758606,99.980077961577
"2123",2007-05-06,76.0252392040877,90575,90613,6265136,1.44630539544553,99.9580634125346
"2124",2007-05-07,76.7213229978312,99510,99592,6265136,1.58962231625938,99.9176640694032
"2125",2007-05-08,78.7229834024177,115297,115318,6265136,1.84063043483813,99.9817894864635
"2126",2007-05-09,67.548480463097,5503,5528,6265136,0.0882343176588665,99.5477568740955
"2127",2007-05-10,76.9556881860751,52051,52108,6265136,0.8317137888148,99.8906118062486
"2128",2007-05-11,75.9785328185328,25810,25900,6265136,0.413398847207786,99.6525096525097
"2129",2007-05-12,79.3911045152006,111127,111180,6265136,1.77458238735759,99.9523295556755
"2130",2007-05-13,80.5238585606343,77538,77687,6265136,1.23998904413248,99.8082047189362
"2131",2007-05-14,78.8725037494551,135201,135353,6265136,2.16041599096971,99.8877010483698
"2132",2007-05-15,81.6180352656291,87867,87961,6265136,1.40397590730672,99.8931344573163
"2133",2007-05-16,76.6838531187123,3937,3976,6265136,0.0634623095173034,99.0191146881288
"2134",2007-05-17,75.4673710379117,7970,8045,6265136,0.128409024161646,99.0677439403356
"2135",2007-05-18,72.8182860053483,15469,15706,6265136,0.25068889166971,98.491022539157
"2136",2007-05-19,65.855546241967,3176,3579,6265136,0.0571256553728443,88.7398714724783
"2137",2007-05-20,78.284575903487,94266,94495,6265136,1.50826733849034,99.757659135404
"2138",2007-05-21,80.4606060606061,39702,39765,6265136,0.634702901900294,99.8415692191626
"2139",2007-05-22,79.1185809064277,46152,46424,6265136,0.740989501265415,99.4140961571601
"2140",2007-05-23,79.2754539788074,119749,120325,6265136,1.92054889151648,99.5212964886765
"2141",2007-05-24,81.354653002968,166993,167451,6265136,2.67274325728923,99.7264871514652
"2142",2007-05-25,79.6340842860345,88587,89220,6265136,1.42407124123084,99.2905178211163
"2143",2007-05-26,75.4065874730022,7287,7408,6265136,0.118241647108698,98.3666306695464
"2144",2007-05-27,76.8855596753182,9965,9979,6265136,0.159278266265888,99.8597053813007
"2145",2007-05-28,74.571970132108,52005,52230,6265136,0.833661072959948,99.5692130959219
"2146",2007-05-29,74.7070726741613,56211,56485,6265136,0.901576597858371,99.5149154642826
"2147",2007-05-30,73.6950706117696,99521,100479,6265136,1.60378002967533,99.0465669443366
"2148",2007-05-31,77.5589337475778,123527,124886,6265136,1.99334858812323,98.9118075685025
"2149",2007-06-01,80.4159250322653,88344,89105,6265136,1.42223568650385,99.145951405645
"2150",2007-06-02,70.6982222331506,40638,40669,6265136,0.649131958188936,99.9237748653766
"2151",2007-06-03,69.0819215336603,8933,8972,6265136,0.143205191395686,99.5653143111904
"2152",2007-06-04,77.6603335444374,4435,4737,6265136,0.0756088934063043,93.6246569558792
"2153",2007-06-05,82.8850649881468,12208,12233,6265136,0.195255138914782,99.7956347584403
"2154",2007-06-06,73.8150980392157,4424,5100,6265136,0.0814028618053942,86.7450980392157
"2155",2007-06-07,52.4606092436975,1060,1904,6265136,0.0303904017406805,55.672268907563
"2156",2007-06-08,63.2123479887746,3559,4276,6265136,0.0682507131529148,83.2319925163704
"2157",2007-06-09,70.2105571535102,18260,18774,6265136,0.299658299516563,97.2621710876744
"2158",2007-06-10,75.8984555822076,46376,47526,6265136,0.758578903953561,97.5802718511972
"2159",2007-06-11,76.6097467749642,50757,52325,6265136,0.835177400777892,97.0033444816054
"2160",2007-06-12,77.5894484800814,83134,86452,6265136,1.3798902370196,96.162032110304
"2161",2007-06-13,68.5762539539087,8406,8852,6265136,0.141289829941441,94.9615906009941
"2162",2007-06-14,76.225788565796,31355,32464,6265136,0.518169118754964,96.5839083292262
"2163",2007-06-15,74.1856900191873,137750,145409,6265136,2.3209232808354,94.7327882043065
"2164",2007-06-16,75.5141832409521,21925,24536,6265136,0.391627572011206,89.3584936419954
"2165",2007-06-17,84.6526478595718,180054,188794,6265136,3.01340625327208,95.3706155915972
"2166",2007-06-18,83.8151136727506,190421,202995,6265136,3.24007332003647,93.8057587625311
"2167",2007-06-19,88.4413475418188,91961,94216,6265136,1.50381412310922,97.6065636409952
"2168",2007-06-20,88.1998982897612,103330,106184,6265136,1.69483950547921,97.3122127627514
"2169",2007-06-21,83.356131225215,36821,38834,6265136,0.619842889284447,94.816398001751
"2170",2007-06-22,75.9889642334796,13475,15042,6265136,0.240090558289557,89.5825023268182
"2171",2007-06-23,77.2445737910026,33345,36766,6265136,0.586834826889632,90.695207528695
"2172",2007-06-24,81.9907704941445,51424,56016,6265136,0.894090726841365,91.8023421879463
"2173",2007-06-25,85.3633058815609,42138,44563,6265136,0.711285437379173,94.5582658259094
"2174",2007-06-26,68.8498043469015,74506,94044,6265136,1.50106877169147,79.2246182637914
"2175",2007-06-27,75.7839374104123,124986,141621,6265136,2.26046170426308,88.2538606562586
"2176",2007-06-28,68.6743030917385,25426,29595,6265136,0.472376018653067,85.9131610069268
"2177",2007-06-29,64.207800273258,5834,8051,6265136,0.128504792234359,72.4630480685629
"2178",2007-06-30,74.1243446069317,53021,59697,6265136,0.952844439450317,88.8168584685998
"2179",2007-07-01,71.1598357803911,59209,71855,6265136,1.1469024774562,82.4006680119685
"2180",2007-07-02,81.2012687243457,83843,93795,6265136,1.49709439667391,89.3896263127032
"2181",2007-07-03,79.6624529197189,118681,134876,6265136,2.15280242918909,87.9926747531066
"2182",2007-07-04,75.927629331347,150692,178553,6265136,2.84994611449775,84.3962296909041
"2183",2007-07-05,72.1251016081988,50577,62741,6265136,1.00143077500632,80.6123587446805
"2184",2007-07-06,73.9131508319914,129114,158355,6265136,2.52755885905749,81.5345268542199
"2185",2007-07-07,76.2921963750692,152963,182569,6265136,2.91404687783314,83.783665353921
"2186",2007-07-08,72.9367338179672,118928,149116,6265136,2.38009198842611,79.7553582445881
"2187",2007-07-09,65.2226679742058,97013,134604,6265136,2.14846094322613,72.0728953077175
"2188",2007-07-10,64.0475845799153,105977,149208,6265136,2.3815604322077,71.0263524743982
"2189",2007-07-11,60.7568256099849,67923,101273,6265136,1.61645333796425,67.0692089698143
"2190",2007-07-12,53.8342281548616,25511,40604,6265136,0.648094470734554,62.8287853413457
"2191",2007-07-13,69.1284443014903,14270,18654,6265136,0.297742938062318,76.4983381580358
"2192",2007-07-14,60.9439651000401,102837,144642,6265136,2.30868092887369,71.0976065043348
"2193",2007-07-15,65.1996059459493,118218,159369,6265136,2.54374366334586,74.178792613369
"2194",2007-07-16,62.5661683744829,141731,201622,6265136,3.21815839273082,70.2954042713593
"2195",2007-07-17,59.3598909953995,24347,34127,6265136,0.544712836241703,71.34233891054
"2196",2007-07-18,54.5294523699954,3098,4346,6265136,0.0693680073345575,71.2839392544869
"2197",2007-07-19,59.9579666729077,9628,10682,6265136,0.170499092118671,90.132933907508
"2198",2007-07-20,58.5615056084855,16885,21307,6265136,0.340088387546575,79.2462570986061
"2199",2007-07-21,33.4876111111111,13529,36000,6265136,0.574608436273371,37.5805555555556
"2200",2007-07-22,52.1949265687583,566,749,6265136,0.0119550477435765,75.5674232309746
"2201",2007-07-23,59.9224039162587,17299,19202,6265136,0.306489755370035,90.089574002708
"2202",2007-07-24,45.8036598789213,7404,14536,6265136,0.232014117490825,50.9356081452944
"2203",2007-07-25,62.3117082814674,28558,40971,6265136,0.653952284515452,69.70296063069
"2204",2007-07-26,67.521630986442,52224,69553,6265136,1.1101594602256,75.0851868359381
"2205",2007-07-27,54.1367355017484,38610,60628,6265136,0.967704452066164,63.6834465923336
"2206",2007-07-28,68.0650555759538,49054,59918,6265136,0.956371896795217,81.8685536900431
"2207",2007-07-29,68.4881928973922,28754,38155,6265136,0.609005135722513,75.3610273882846
"2208",2007-07-30,55.6728210888413,18127,28489,6265136,0.454722770583113,63.6280669732177
"2209",2007-07-31,58.2647725769572,69030,105838,6265136,1.68931687995281,65.2223209055349
"2210",2007-08-01,45.2332492974419,58785,110667,6265136,1.7663942171407,53.118815907181
"2211",2007-08-02,54.1910051609732,99950,162760,6265136,2.59786858577372,61.4094372081593
"2212",2007-08-03,54.7542394330549,59697,98775,6265136,1.57658189702506,60.4373576309795
"2213",2007-08-04,42.6602342294384,7029,15028,6265136,0.239867099453228,46.7726909768432
"2214",2007-08-05,63.4569832990886,53570,75924,6265136,1.21184919210054,70.5573995047679
"2215",2007-08-06,46.8485336670056,32720,63935,6265136,1.02048862147605,51.1769766168765
"2216",2007-08-07,67.1915191568293,59902,81407,6265136,1.29936524921406,73.5833527829302
"2217",2007-08-08,43.5366120218579,492,915,6265136,0.0146046310886148,53.7704918032787
"2218",2007-08-09,48.3235251850255,14655,27834,6265136,0.444268089312028,52.6514334985988
"2219",2007-08-10,57.9588154540106,3471,5099,6265136,0.0813869004599421,68.0721710139243
"2220",2007-08-11,36.7752981712165,8293,18865,6265136,0.301110781952698,43.9597137556321
"2221",2007-08-12,59.4445210992296,38254,52182,6265136,0.832894928378251,73.3088038020773
"2222",2007-08-13,54.3414317845636,30003,49351,6265136,0.787708359403531,60.7951206662479
"2223",2007-08-14,47.6910391750061,34823,65552,6265136,1.046298117072,53.1227117402978
"2224",2007-08-15,46.1541150708788,40702,78091,6265136,1.24643742769511,52.1212431650254
"2225",2007-08-16,34.9666802502577,16909,41717,6265136,0.665859448222672,40.5326365750174
"2226",2007-08-17,47.009671769096,23018,39393,6265136,0.628765281392136,58.4317010636408
"2227",2007-08-18,48.9004071036639,10338,16949,6265136,0.270528844066593,60.9947489527406
"2228",2007-08-19,54.975505185839,22960,31721,6265136,0.5063098390841,72.381072475647
"2229",2007-08-20,54.4451371027508,16803,22939,6265136,0.366137303324301,73.2507955882994
"2230",2007-08-21,50.3552904302108,38810,59343,6265136,0.947194123160295,65.3994573917733
"2231",2007-08-22,59.6448920193259,65438,85895,6265136,1.37099976760281,76.1837126724489
"2232",2007-08-23,56.9111454454024,96162,137213,6265136,2.1901040935105,70.0822808334487
"2233",2007-08-24,56.1266846004002,106656,150926,6265136,2.4089820236943,70.6677444575487
"2234",2007-08-25,45.7087366941153,13824,24895,6265136,0.397357695028488,55.5292227354891
"2235",2007-08-26,44.1909039226833,4643,8795,6265136,0.140380033250675,52.7913587265492
"2236",2007-08-27,52.9392369942197,45378,64875,6265136,1.03549228620097,69.9468208092485
"2237",2007-08-28,55.0302673686384,71945,96870,6265136,1.54617553393893,74.2696397233406
"2238",2007-08-29,47.4891657415402,30345,48642,6265136,0.776391765478036,62.3843591957568
"2239",2007-08-30,49.901113783833,32126,49471,6265136,0.789623720857775,64.9390552040589
"2240",2007-08-31,57.9430419308339,58313,78391,6265136,1.25122583133072,74.3873658965953
"2241",2007-09-01,60.1659897318276,146593,188349,6265136,3.00630345454592,77.8305167534736
"2242",2007-09-02,56.221372157373,76984,109142,6265136,1.74205316532634,70.5356324787891
"2243",2007-09-03,56.8123602270772,17259,23252,6265136,0.371133204450789,74.2258730431791
"2244",2007-09-04,55.403476362415,41149,59545,6265136,0.950418314941607,69.1057183642623
"2245",2007-09-05,56.8252953427249,78266,109957,6265136,1.75506166186975,71.1787335049156
"2246",2007-09-06,59.6193975223652,133641,178961,6265136,2.85645834344219,74.6760467364398
"2247",2007-09-07,54.7157228461447,37829,50398,6265136,0.804419888091815,75.0605182745347
"2248",2007-09-08,52.0735175124263,6330,8651,6265136,0.138081599505581,73.1707317073171
"2249",2007-09-09,40.7552504508697,8447,17189,6265136,0.274359566975082,49.1418930711502
"2250",2007-09-10,50.6003468390352,28303,44401,6265136,0.708699699415942,63.7440598184726
"2251",2007-09-11,57.4416118959757,66837,91594,6265136,1.46196347533398,72.9709369609363
"2252",2007-09-12,59.4297169216354,42586,55497,6265136,0.885806788551757,76.735679406094
"2253",2007-09-13,46.563204311612,9539,16328,6265136,0.260616848540878,58.421117099461
"2254",2007-09-14,51.4670056764428,17573,25368,6265136,0.404907411427302,69.2723115736361
"2255",2007-09-15,47.4734453135017,23433,38995,6265136,0.622412665902225,60.0923195281446
"2256",2007-09-16,57.6230161792319,62627,77754,6265136,1.24105845427777,80.5450523445739
"2257",2007-09-17,56.4287432351173,19946,24945,6265136,0.39815576230109,79.9599118059731
"2258",2007-09-18,54.1040514728059,7133,9947,6265136,0.158767503211423,71.7100633356791
"2259",2007-09-19,47.3962365159667,22229,37359,6265136,0.59629990474269,59.5010573088145
"2260",2007-09-20,60.2833638423989,35366,45888,6265136,0.732434220103123,77.0702580195258
"2261",2007-09-21,59.3934623430962,44017,57360,6265136,0.915542775128904,76.7381450488145
"2262",2007-09-22,56.0580348316828,39131,55639,6265136,0.888073299605946,70.3301640935315
"2263",2007-09-23,50.7388538617429,23287,35528,6265136,0.567074681220009,65.5454852510696
"2264",2007-09-24,65.0315907703045,80698,91704,6265136,1.4637192233337,87.9983424932391
"2265",2007-09-25,65.7899041715054,102118,119693,6265136,1.91046132119079,85.3166016391936
"2266",2007-09-26,64.3411825331033,77199,89266,6265136,1.42480546312163,86.4819752201286
"2267",2007-09-27,59.4258609160816,10804,11964,6265136,0.190961536988183,90.304246071548
"2268",2007-09-28,58.6358481460629,37376,49732,6265136,0.793789632020757,75.1548298882008
"2269",2007-09-29,64.9239923399599,113409,131592,6265136,2.10038537072459,86.1822907167609
"2270",2007-09-30,57.1558921705328,36058,47334,6265136,0.75551432562677,76.1778003126716
"2271",2007-10-01,62.6144964228859,41223,52137,6265136,0.832176667832909,79.0666896829507
"2272",2007-10-02,60.1563987622977,43644,50416,6265136,0.804707192309951,86.5677562678515
"2273",2007-10-03,67.2945580421832,76116,86954,6265136,1.38790283243652,87.5359385422177
"2274",2007-10-04,67.3884767756802,90984,98948,6265136,1.57934320978826,91.951327970247
"2275",2007-10-05,69.9122170303498,103303,110215,6265136,1.75917968899638,93.7286213310348
"2276",2007-10-06,71.1857222006106,79870,84831,6265136,1.35401689604184,94.1519020169514
"2277",2007-10-07,60.3817019382511,21266,24713,6265136,0.394452730156217,86.051875531097
"2278",2007-10-08,68.4161910836578,55537,59576,6265136,0.95091311665062,93.2204243319458
"2279",2007-10-09,61.867762199563,19331,21968,6265136,0.350638836890372,87.9961762563729
"2280",2007-10-10,71.2974794690357,36689,38722,6265136,0.618055218593818,94.7497546614328
"2281",2007-10-11,58.1100725080807,10492,11447,6265136,0.18270952138948,91.6572027605486
"2282",2007-10-12,71.2135617760618,11891,12432,6265136,0.198431446659737,95.6483268983269
"2283",2007-10-13,58.2146193367585,3563,4282,6265136,0.068346481225627,83.2087809434844
"2284",2007-10-14,35.7307692307692,48,234,6265136,0.00373495483577691,20.5128205128205
"2285",2007-10-15,61.1505870342011,1204,1959,6265136,0.0312682757405426,61.4599285349668
"2286",2007-10-16,52.1027457927369,564,1129,6265136,0.018020359015351,49.955713020372
"2287",2007-10-17,41.2803738317757,34,107,6265136,0.00170786396336807,31.7757009345794
"2288",2007-10-18,21.6728624535316,1,269,6265136,0.00429360192659824,0.371747211895911
"2289",2007-10-19,49.8842105263158,345,760,6265136,0.0121306225435489,45.3947368421053
"2290",2007-10-20,49.6083032490975,490,1108,6265136,0.0176851707608582,44.2238267148014
"2291",2007-10-21,NA,NA,0,6265136,0,NA
"2292",2007-10-22,66.1727272727273,267,330,6265136,0.00526724399917256,80.9090909090909
"2293",2007-10-23,NA,NA,0,6265136,0,NA
"2294",2007-10-24,61.2295409181637,397,501,6265136,0.00799663407147107,79.2415169660679
"2295",2007-10-25,NA,NA,0,6265136,0,NA
"2296",2007-10-26,57.9003623188406,393,552,6265136,0.00881066268952502,71.195652173913
"2297",2007-10-27,45.5153846153846,73,130,6265136,0.00207497490876495,56.1538461538462
"2298",2007-10-28,NA,NA,0,6265136,0,NA
"2299",2007-10-29,59.4030172413793,303,464,6265136,0.00740606428974567,65.301724137931
"2300",2007-10-30,58.3571428571429,26,28,6265136,0.000446917672657066,92.8571428571429
"2301",2007-10-31,NA,NA,0,6265136,0,NA
"2302",2007-11-01,NA,NA,0,6265136,0,NA
"2303",2007-11-02,NA,NA,0,6265136,0,NA
"2304",2007-11-03,NA,NA,0,6265136,0,NA
"2305",2007-11-04,NA,NA,0,6265136,0,NA
"2306",2007-11-05,NA,NA,0,6265136,0,NA
"2307",2007-11-06,NA,NA,0,6265136,0,NA
"2308",2007-11-07,NA,NA,0,6265136,0,NA
"2309",2007-11-08,NA,NA,0,6265136,0,NA
"2310",2007-11-09,NA,NA,0,6265136,0,NA
"2311",2007-11-10,NA,NA,0,6265136,0,NA
"2312",2007-11-11,NA,NA,0,6265136,0,NA
"2313",2007-11-12,NA,NA,0,6265136,0,NA
"2314",2007-11-13,NA,NA,0,6265136,0,NA
"2315",2007-11-14,NA,NA,0,6265136,0,NA
"2316",2007-11-15,NA,NA,0,6265136,0,NA
"2317",2007-11-16,NA,NA,0,6265136,0,NA
"2318",2007-11-17,NA,NA,0,6265136,0,NA
"2319",2007-11-18,NA,NA,0,6265136,0,NA
"2320",2007-11-19,NA,NA,0,6265136,0,NA
"2321",2007-11-20,NA,NA,0,6265136,0,NA
"2322",2007-11-21,NA,NA,0,6265136,0,NA
"2323",2007-11-22,NA,NA,0,6265136,0,NA
"2324",2007-11-23,NA,NA,0,6265136,0,NA
"2325",2007-11-24,NA,NA,0,6265136,0,NA
"2326",2007-11-25,NA,NA,0,6265136,0,NA
"2327",2008-01-17,NA,NA,0,6265136,0,NA
"2328",2008-01-18,NA,NA,0,6265136,0,NA
"2329",2008-01-19,NA,NA,0,6265136,0,NA
"2330",2008-01-20,NA,NA,0,6265136,0,NA
"2331",2008-01-21,NA,NA,0,6265136,0,NA
"2332",2008-01-22,NA,NA,0,6265136,0,NA
"2333",2008-01-23,NA,NA,0,6265136,0,NA
"2334",2008-01-24,NA,NA,0,6265136,0,NA
"2335",2008-01-25,NA,NA,0,6265136,0,NA
"2336",2008-01-26,NA,NA,0,6265136,0,NA
"2337",2008-01-27,NA,NA,0,6265136,0,NA
"2338",2008-01-28,NA,NA,0,6265136,0,NA
"2339",2008-01-29,NA,NA,0,6265136,0,NA
"2340",2008-01-30,NA,NA,0,6265136,0,NA
"2341",2008-01-31,NA,NA,0,6265136,0,NA
"2342",2008-02-01,NA,NA,0,6265136,0,NA
"2343",2008-02-02,NA,NA,0,6265136,0,NA
"2344",2008-02-03,NA,NA,0,6265136,0,NA
"2345",2008-02-04,NA,NA,0,6265136,0,NA
"2346",2008-02-05,NA,NA,0,6265136,0,NA
"2347",2008-02-06,NA,NA,0,6265136,0,NA
"2348",2008-02-07,NA,NA,0,6265136,0,NA
"2349",2008-02-08,NA,NA,0,6265136,0,NA
"2350",2008-02-09,NA,NA,0,6265136,0,NA
"2351",2008-02-10,NA,NA,0,6265136,0,NA
"2352",2008-02-11,NA,NA,0,6265136,0,NA
"2353",2008-02-12,38,16,55,6265136,0.000877873999862094,29.0909090909091
"2354",2008-02-13,58.6,185,260,6265136,0.0041499498175299,71.1538461538462
"2355",2008-02-14,58.5229166666667,407,480,6265136,0.00766144581697828,84.7916666666667
"2356",2008-02-15,NA,NA,0,6265136,0,NA
"2357",2008-02-16,78.3846153846154,1183,1196,6265136,0.0190897691606375,98.9130434782609
"2358",2008-02-17,67.0021208907741,842,943,6265136,0.0150515487612719,89.2895015906681
"2359",2008-02-18,NA,NA,0,6265136,0,NA
"2360",2008-02-19,NA,NA,0,6265136,0,NA
"2361",2008-02-20,61.4615384615385,437,533,6265136,0.00850739712593629,81.9887429643527
"2362",2008-02-21,NA,NA,0,6265136,0,NA
"2363",2008-02-22,60.3870106761566,766,1124,6265136,0.0179405522880908,68.1494661921708
"2364",2008-02-23,68.0713128038898,1153,1234,6265136,0.019696300287815,93.4359805510535
"2365",2008-02-24,67.3643054277829,962,1087,6265136,0.0173499825063654,88.5004599816007
"2366",2008-02-25,40.9405940594059,86,202,6265136,0.00322419178131169,42.5742574257426
"2367",2008-02-26,53.995,141,200,6265136,0.00319226909040761,70.5
"2368",2008-02-27,67.2028262676642,1148,1203,6265136,0.0192014985788018,95.4280964256027
"2369",2008-02-28,65.0243632336656,1601,1806,6265136,0.0288261898863808,88.6489479512735
"2370",2008-02-29,69.5805194805195,5841,6160,6265136,0.0983218879845545,94.8214285714286
"2371",2008-03-01,70.5901967485232,19891,20483,6265136,0.326936238894096,97.1097983693795
"2372",2008-03-02,61.8316107890093,14204,15868,6265136,0.25327462963294,89.5134862616587
"2373",2008-03-03,62.6949367662391,43080,44122,6265136,0.704246484034824,97.6383663478537
"2374",2008-03-04,72.6335771652133,71081,72591,6265136,1.1586500277089,97.9198523232908
"2375",2008-03-05,61.2112780186175,26285,29757,6265136,0.474961756616297,88.3321571394966
"2376",2008-03-06,67.9204210142062,95326,98619,6265136,1.57409192713454,96.6608868473621
"2377",2008-03-07,65.5385637623381,94173,98577,6265136,1.57342155062556,95.5324264280715
"2378",2008-03-08,53.6913536913537,6439,8547,6265136,0.136421619578569,75.3363753363753
"2379",2008-03-09,66.8800781874054,103500,106411,6265136,1.69846273089682,97.2643805621599
"2380",2008-03-10,63.9316199534554,141598,148245,6265136,2.36618965653738,95.5162062801444
"2381",2008-03-11,64.5542661608272,49867,53772,6265136,0.858273467646991,92.7378561333036
"2382",2008-03-12,65.3160034807373,119123,126410,6265136,2.01767367859213,94.2354244126256
"2383",2008-03-13,68.370106939401,113544,120068,6265136,1.91644682573531,94.5664123663257
"2384",2008-03-14,67.1897566599915,109260,115353,6265136,1.84118908192895,94.717952719045
"2385",2008-03-15,69.2071718316784,142609,146434,6265136,2.33728365992374,97.3879017168144
"2386",2008-03-16,68.7743462862023,155557,159244,6265136,2.54174849516435,97.6846851372736
"2387",2008-03-17,69.9896429289207,147314,149270,6265136,2.38255003562572,98.6896228311114
"2388",2008-03-18,71.1930607067518,144025,145058,6265136,2.31532084858174,99.2878710584732
"2389",2008-03-19,70.4906018923432,124581,125770,6265136,2.00745841750283,99.0546235191222
"2390",2008-03-20,70.7941707956864,153150,154395,6265136,2.46435193106742,99.1936267366171
"2391",2008-03-21,66.900548696845,88615,90396,6265136,1.44284178348243,98.0297800787645
"2392",2008-03-22,66.6957125197892,136397,138333,6265136,2.20798080041678,98.60047855537
"2393",2008-03-23,68.1745876952063,149411,150738,6265136,2.40598129074931,99.1196645835821
"2394",2008-03-24,63.7035577534913,88467,89579,6265136,1.42980136424812,98.7586376271224
"2395",2008-03-25,67.5315885668221,143683,143897,6265136,2.29678972651192,99.8512825145764
"2396",2008-03-26,67.0915236357243,164570,164941,6265136,2.63268028020461,99.7750710860247
"2397",2008-03-27,69.145099894137,88016,88794,6265136,1.41727170806827,99.1238146721625
"2398",2008-03-28,64.576265974168,86794,87798,6265136,1.40137420799804,98.8564659787239
"2399",2008-03-29,67.0985366823634,110077,110639,6265136,1.76594729946804,99.4920416851201
"2400",2008-03-30,64.8947684414486,72836,73286,6265136,1.16974316279806,99.3859673061703
"2401",2008-03-31,67.9568325078793,124077,124376,6265136,1.98520830194269,99.7595999228147
"2402",2008-04-01,70.1614096075524,175986,176049,6265136,2.80997890548585,99.9642145084607
"2403",2008-04-02,71.6252652487767,206363,206410,6265136,3.29458131475518,99.9772297853786
"2404",2008-04-03,72.8471980205718,218575,218649,6265136,3.48993222174267,99.9661558022218
"2405",2008-04-04,74.2349288131609,204116,204181,6265136,3.25900347574259,99.9681655002179
"2406",2008-04-05,74.3084278668311,162071,162200,6265136,2.58893023232058,99.9204685573366
"2407",2008-04-06,73.697093474665,148053,148115,6265136,2.36411468162862,99.9581406339668
"2408",2008-04-07,65.1052299518512,30043,30115,6265136,0.480675918288127,99.7609164868006
"2409",2008-04-08,71.2250152792753,201224,201253,6265136,3.21226865625902,99.9855902769151
"2410",2008-04-09,71.1728731096987,134613,134833,6265136,2.15211609133465,99.8368351961315
"2411",2008-04-10,70.8705419915633,93713,93876,6265136,1.49838726565553,99.8263666964933
"2412",2008-04-11,70.6173198076141,118008,118096,6265136,1.88497105250389,99.9254843517139
"2413",2008-04-12,69.5686739344563,59575,59899,6265136,0.956068631231628,99.4590894672699
"2414",2008-04-13,68.4467067312524,49381,49753,6265136,0.79412482027525,99.2523063935843
"2415",2008-04-14,71.2865040355079,87669,88093,6265136,1.40608280490639,99.5186904748391
"2416",2008-04-15,63.0832778147901,11910,12008,6265136,0.191663836188073,99.1838774150566
"2417",2008-04-16,66.2426772607905,14826,14851,6265136,0.237041941308217,99.8316611675981
"2418",2008-04-17,64.6600690754516,29421,30112,6265136,0.48062803425177,97.7052337938363
"2419",2008-04-18,71.5178278015117,96975,97376,6265136,1.55425197473766,99.588194216234
"2420",2008-04-19,74.323730717388,133228,133540,6265136,2.13147807166516,99.766362138685
"2421",2008-04-20,74.4223477901178,127912,128129,6265136,2.04511123142419,99.8306394336957
"2422",2008-04-21,73.6806341925671,125229,125577,6265136,2.00437787783058,99.7228791896605
"2423",2008-04-22,73.7969121603181,76904,76947,6265136,1.22817764849797,99.944117379495
"2424",2008-04-23,70.8405897258696,90735,91161,6265136,1.45505221275324,99.5326949024254
"2425",2008-04-24,74.1879291299357,184632,184676,6265136,2.94767743270058,99.976174489376
"2426",2008-04-25,75.7299628967248,187235,187315,6265136,2.98979942334851,99.9572911939781
"2427",2008-04-26,77.4895938425489,245803,245816,6265136,3.92355409363819,99.9947114915221
"2428",2008-04-27,78.7568991867472,252560,252566,6265136,4.03129317543945,99.9976243833295
"2429",2008-04-28,76.5889823537216,188329,188425,6265136,3.00751651680027,99.9490513466897
"2430",2008-04-29,78.8213963128155,142785,142819,6265136,2.27958339611463,99.9761936437029
"2431",2008-04-30,77.5955249151403,123346,123439,6265136,1.97025252125413,99.9246591433826
"2432",2008-05-01,68.4028744096288,39195,39382,6265136,0.628589706592163,99.5251637804073
"2433",2008-05-02,74.9427909954441,134256,134332,6265136,2.14411945726318,99.9434237560671
"2434",2008-05-03,76.3014162378718,185166,185209,6265136,2.95618482982652,99.976782985708
"2435",2008-05-04,76.4566035095086,171333,171477,6265136,2.73700363407913,99.9160237232982
"2436",2008-05-05,73.5914483993732,134002,134010,6265136,2.13897990402762,99.9940302962465
"2437",2008-05-06,71.5496231687696,47224,47236,6265136,0.75395011377247,99.9745956473876
"2438",2008-05-07,69.1334657942516,29147,29191,6265136,0.465927635090443,99.8492686101881
"2439",2008-05-08,68.1557833600457,63010,63017,6265136,1.00583610635108,99.9888918863164
"2440",2008-05-09,71.4933430712866,83452,83522,6265136,1.33312349484512,99.9161897464141
"2441",2008-05-10,74.5604969203466,76524,76632,6265136,1.22314982468058,99.8590667084247
"2442",2008-05-11,69.8947068277256,57644,57867,6265136,0.923635177273087,99.6146335562583
"2443",2008-05-12,73.2168596928959,80536,80559,6265136,1.28583002827074,99.9714494966422
"2444",2008-05-13,74.8937978714588,84442,84471,6265136,1.34827081167911,99.9656686910301
"2445",2008-05-14,72.7044754218635,47654,47705,6265136,0.761435984789476,99.8930929671942
"2446",2008-05-15,72.4310213812114,67106,67115,6265136,1.07124570001354,99.9865901810326
"2447",2008-05-16,73.8122514346724,37364,37465,6265136,0.597991807360606,99.7304150540505
"2448",2008-05-17,75.772617133804,85793,85842,6265136,1.37015381629385,99.9429183849398
"2449",2008-05-18,76.9454740464326,223567,223765,6265136,3.5715904650753,99.9115143118897
"2450",2008-05-19,81.4667726006535,257098,257393,6265136,4.10833858993644,99.8853892685504
"2451",2008-05-20,82.7573398014763,209761,209849,6265136,3.34947238176474,99.9580650848944
"2452",2008-05-21,82.1732370072245,199952,200015,6265136,3.1925085105894,99.9685023623228
"2453",2008-05-22,82.6893434823977,73224,73570,6265136,1.17427618490644,99.5296996058176
"2454",2008-05-23,78.7260373375553,105750,106113,6265136,1.69370624995212,99.6579118486896
"2455",2008-05-24,80.7330786228351,161696,162014,6265136,2.5859614220665,99.8037206661153
"2456",2008-05-25,82.0508798902764,90318,90409,6265136,1.44304928097331,99.8993463040184
"2457",2008-05-26,75.9827133963278,31610,31643,6265136,0.505064854138841,99.8957115317764
"2458",2008-05-27,73.342487108766,8313,8339,6265136,0.133101659724545,99.6882120158292
"2459",2008-05-28,76.6338851022395,1965,2054,6265136,0.0327846035584862,95.6669912366115
"2460",2008-05-29,73.3983477011494,5182,5568,6265136,0.088872771476948,93.0675287356322
"2461",2008-05-30,74.007342143906,19646,19749,6265136,0.3152206113323,99.4784546052965
"2462",2008-05-31,82.66931015995,44660,44764,6265136,0.714493667815032,99.7676704494683
"2463",2008-06-01,79.0865803861859,14065,14449,6265136,0.230625480436498,97.3423766350612
"2464",2008-06-02,89.4977760543783,43362,43841,6265136,0.699761345962801,98.9074154330421
"2465",2008-06-03,83.1568267581475,115771,116600,6265136,1.86109287970764,99.2890222984563
"2466",2008-06-04,84.9467437988689,153315,154367,6265136,2.46390501339476,99.3185071938951
"2467",2008-06-05,82.9960388349515,89249,90125,6265136,1.43851625886493,99.0280166435506
"2468",2008-06-06,80.4962611562274,98153,99496,6265136,1.58809002709598,98.6501969928439
"2469",2008-06-07,81.8690751502214,200056,202368,6265136,3.23006555643804,98.8575268817204
"2470",2008-06-08,82.2676784089432,121565,123088,6265136,1.96465008900046,98.7626738593527
"2471",2008-06-09,82.8835611383967,120763,121961,6265136,1.94666165267602,99.0177187789539
"2472",2008-06-10,84.9790266046084,85659,87015,6265136,1.38887647450909,98.4416479917256
"2473",2008-06-11,72.3955835277522,17764,18431,6265136,0.294183558026514,96.3810970647279
"2474",2008-06-12,75.4014488663092,20287,21258,6265136,0.339306281619425,95.4323078370496
"2475",2008-06-13,80.3623629465961,70060,71961,6265136,1.14859438007411,97.3582912966746
"2476",2008-06-14,75.5172587852784,63799,67357,6265136,1.07510834561293,94.7176982347789
"2477",2008-06-15,73.6556283969295,17279,17847,6265136,0.284862132282523,96.8173922788144
"2478",2008-06-16,75.1748083338857,42393,45261,6265136,0.722426456504695,93.6634188374097
"2479",2008-06-17,71.8757185874624,16868,18265,6265136,0.291533974681475,92.3514919244457
"2480",2008-06-18,64.4418669388513,18814,21554,6265136,0.344030839873229,87.287742414401
"2481",2008-06-19,70.0741920134695,25648,27321,6265136,0.436079919095132,93.87650525237
"2482",2008-06-20,77.0905648881539,64667,68934,6265136,1.10027938739079,93.8100211796791
"2483",2008-06-21,81.7717350899894,206237,212525,6265136,3.39218494219439,97.0412892600871
"2484",2008-06-22,69.0569982394366,4482,4544,6265136,0.072528353734061,98.6355633802817
"2485",2008-06-23,82.9939253768774,34182,35887,6265136,0.57280480423729,95.2489759522947
"2486",2008-06-24,88.1908903975455,58790,61276,6265136,0.978047403919085,95.942946667537
"2487",2008-06-25,71.3821788413098,15325,15880,6265136,0.253466165778365,96.5050377833753
"2488",2008-06-26,78.2079366107477,84086,92634,6265136,1.47856327460409,90.7722866334175
"2489",2008-06-27,71.308046993431,14196,15832,6265136,0.252700021196667,89.66649823143
"2490",2008-06-28,77.8326274418638,130023,137651,6265136,2.19709516281849,94.4584492666236
"2491",2008-06-29,78.7647088446108,56382,59573,6265136,0.950865232614264,94.643546573112
"2492",2008-06-30,74.8432967280087,25394,26681,6265136,0.425864658005828,95.1763427157903
"2493",2008-07-01,81.2164179104478,16784,18090,6265136,0.288740739227369,92.7805417357656
"2494",2008-07-02,79.5075749267574,58353,63829,6265136,1.01879671885814,91.4208275235395
"2495",2008-07-03,76.6397131895088,69751,79495,6265136,1.26884715670977,87.7426253223473
"2496",2008-07-04,82.007961242399,154946,170702,6265136,2.7246335913538,90.7698796733489
"2497",2008-07-05,81.6827576960605,122516,134257,6265136,2.14292235635428,91.2548321502789
"2498",2008-07-06,84.7493880211294,122486,131949,6265136,2.10608357105097,92.8282897179971
"2499",2008-07-07,77.1397860235446,120017,139735,6265136,2.23035860674054,85.8890041864959
"2500",2008-07-08,83.1072620351832,146493,158826,6265136,2.5350766527654,92.2348985682445
"2501",2008-07-09,64.9319440780797,3494,3791,6265136,0.0605094606086763,92.1656554998681
"2502",2008-07-10,60.8324756335283,19758,25650,6265136,0.409408510844777,77.0292397660819
"2503",2008-07-11,64.2720644135738,24699,28938,6265136,0.461889414691078,85.3514410118184
"2504",2008-07-12,68.2149579621032,21085,23907,6265136,0.381587885721874,88.1959258794495
"2505",2008-07-13,74.4570725008287,18713,21117,6265136,0.337055731910688,88.615807169579
"2506",2008-07-14,81.851818362261,83678,90686,6265136,1.44747057366352,92.2722360673092
"2507",2008-07-15,74.1768396372256,65280,77624,6265136,1.238983479369,84.0977017417294
"2508",2008-07-16,75.7823630943041,75401,89222,6265136,1.42410316392174,84.509425926341
"2509",2008-07-17,70.7075689190506,24338,30797,6265136,0.491561555886416,79.0271779718804
"2510",2008-07-18,70.5398177020868,59878,75042,6265136,1.19777128541184,79.7926494496415
"2511",2008-07-19,82.4234344422701,22534,24528,6265136,0.39149988124759,91.8705153294194
"2512",2008-07-20,69.995109682828,12412,14314,6265136,0.228470698800473,86.7123096269387
"2513",2008-07-21,79.0365342640038,75375,85673,6265136,1.36745634891246,87.9798769740759
"2514",2008-07-22,75.1924179931688,153906,186204,6265136,2.9720663685513,82.6545079590127
"2515",2008-07-23,72.2869256324166,134924,169469,6265136,2.70495325241144,79.6157409319699
"2516",2008-07-24,75.5904478769469,118846,139257,6265136,2.22272908361447,85.3429271059983
"2517",2008-07-25,81.546506017257,62601,70464,6265136,1.12470024593241,88.8411103542234
"2518",2008-07-26,72.6880197745334,139151,173152,6265136,2.7637388877113,80.363495656995
"2519",2008-07-27,71.5982076359218,160103,204088,6265136,3.25751907061555,78.4480224217004
"2520",2008-07-28,71.8118555820127,70158,87773,6265136,1.40097517436174,79.9311861278525
"2521",2008-07-29,62.78610508033,24335,34545,6265136,0.551384678640655,70.4443479519467
"2522",2008-07-30,56.6302217036173,39617,59990,6265136,0.957521113667764,66.0393398899817
"2523",2008-07-31,55.9865650495872,54549,81876,6265136,1.30685112023107,66.6239190971713
"2524",2008-08-01,64.4433978709884,129356,177829,6265136,2.83839010039048,72.7417912713899
"2525",2008-08-02,73.6525271417508,167078,205311,6265136,3.27703979610339,81.3780070234912
"2526",2008-08-03,65.8260996736045,113037,150431,6265136,2.40108115769554,75.1420917231156
"2527",2008-08-04,60.3271914541647,38440,56823,6265136,0.906971532621159,67.6486633933443
"2528",2008-08-05,51.6694573197753,48542,83493,6265136,1.33266061582701,58.1390056651456
"2529",2008-08-06,64.669723104857,9798,11015,6265136,0.175814220154199,88.9514298683613
"2530",2008-08-07,51.2527795833191,36950,58462,6265136,0.93313217781705,63.2034483938285
"2531",2008-08-08,64.6816548528343,41861,50929,6265136,0.812895362526847,82.1948202399419
"2532",2008-08-09,69.4503734998775,29916,32664,6265136,0.521361387845372,91.5870683321087
"2533",2008-08-10,60.8050661940999,45088,57558,6265136,0.918703121528407,78.3348969734876
"2534",2008-08-11,65.9337606837607,15640,17316,6265136,0.276386657847491,90.3210903210903
"2535",2008-08-12,65.1632595596103,13504,17757,6265136,0.28342561119184,76.0488821309906
"2536",2008-08-13,57.2667483453746,53849,79172,6265136,1.26369164212876,68.0152073965543
"2537",2008-08-14,63.8161680717024,108421,142701,6265136,2.27769995735129,75.9777436738355
"2538",2008-08-15,58.2517945694767,42799,57674,6265136,0.920554637600844,74.2084821583383
"2539",2008-08-16,55.5824948769546,35328,54167,6265136,0.864578199100546,65.2205217198663
"2540",2008-08-17,56.8291419167374,53339,77778,6265136,1.24144152656862,68.5785183470904
"2541",2008-08-18,77.1098769138397,73974,83275,6265136,1.32918104251847,88.830981687181
"2542",2008-08-19,72.6235966104119,92149,111872,6265136,1.7856276384104,82.3700300343249
"2543",2008-08-20,69.5183720475435,38059,46021,6265136,0.734557079048244,82.6992025379718
"2544",2008-08-21,67.0722887046554,62496,79971,6265136,1.27644475714494,78.1483287691788
"2545",2008-08-22,69.1981109324759,41846,49760,6265136,0.794236549693415,84.0956591639871
"2546",2008-08-23,58.9339801339801,28780,43290,6265136,0.690966644618728,66.4818664818665
"2547",2008-08-24,64.5710626406893,55836,77298,6265136,1.23378008075164,72.2347279360397
"2548",2008-08-25,64.0629094847036,77691,110810,6265136,1.76867668954034,70.1119032578287
"2549",2008-08-26,54.659517935092,67059,100111,6265136,1.59790625454898,66.9846470417836
"2550",2008-08-27,55.395006372906,60489,87872,6265136,1.40255534756149,68.8376274581209
"2551",2008-08-28,53.5131293508176,18859,30885,6265136,0.492966154286196,61.062004209163
"2552",2008-08-29,59.703553698925,118732,172834,6265136,2.75866317985755,68.6971313514702
"2553",2008-08-30,55.5635752311572,23382,35690,6265136,0.569660419183239,65.5141496217428
"2554",2008-08-31,46.4851263952858,71720,123541,6265136,1.97188057849024,58.0536016383225
"2555",2008-09-01,57.1227803365283,129707,184769,6265136,2.94916183782762,70.1995464607158
"2556",2008-09-02,53.9091055276382,16441,24875,6265136,0.397038468119447,66.094472361809
"2557",2008-09-03,48.7916060669021,5612,9626,6265136,0.153643911321318,58.3004363183046
"2558",2008-09-04,56.1486141812617,17664,23524,6265136,0.375474690413744,75.0892705322224
"2559",2008-09-05,64.4537100795441,38681,42115,6265136,0.672212063712583,91.8461355811469
"2560",2008-09-06,54.2187203995522,8450,11613,6265136,0.185359104734518,72.7632825282012
"2561",2008-09-07,56.267516733034,17403,23606,6265136,0.376783520740811,73.722782343472
"2562",2008-09-08,66.4740090600227,15507,17660,6265136,0.281877360682992,87.8086070215175
"2563",2008-09-09,70.9767915108755,118251,142017,6265136,2.26678239706209,83.2653837216671
"2564",2008-09-10,66.8397571231658,48766,57313,6265136,0.914792591892658,85.0871530019367
"2565",2008-09-11,60.2558258327022,38453,56773,6265136,0.906173465348557,67.7311398023708
"2566",2008-09-12,69.8931414736263,150177,189166,6265136,3.01934387378023,79.3890022519903
"2567",2008-09-13,55.0179475379659,14542,19557,6265136,0.312156033005509,74.3570077210206
"2568",2008-09-14,55.8604833442195,53501,84205,6265136,1.34402509378887,63.5366070898403
"2569",2008-09-15,68.9699027916251,39492,48144,6265136,0.768443015442921,82.0289132602193
"2570",2008-09-16,56.6666304617676,42042,64448,6265136,1.02867679169295,65.2339870903674
"2571",2008-09-17,56.4281309209793,69787,107668,6265136,1.71852614213004,64.8168443734443
"2572",2008-09-18,54.437669752231,12773,18041,6265136,0.287958633300219,70.7998447979602
"2573",2008-09-19,52.8786832051081,23526,38214,6265136,0.609946855104183,61.56382477626
"2574",2008-09-20,59.9720995712549,68051,93762,6265136,1.49656767227399,72.5784432925919
"2575",2008-09-21,51.048567122707,53096,84934,6265136,1.3556609146234,62.514422963713
"2576",2008-09-22,50.6196130482613,51925,83628,6265136,1.33481539746304,62.0904481752523
"2577",2008-09-23,58.3676837273232,85413,113497,6265136,1.81156482476996,75.2557336317259
"2578",2008-09-24,55.482193161937,48133,67446,6265136,1.07652890535816,71.3652403404205
"2579",2008-09-25,64.977539147298,149575,172745,6265136,2.75724262011232,86.5871660540102
"2580",2008-09-26,56.8736064021503,25540,32739,6265136,0.522558488754274,78.0109349705244
"2581",2008-09-27,60.641668031221,63644,73284,6265136,1.16971124010716,86.8456961956225
"2582",2008-09-28,59.6159806682244,80116,100146,6265136,1.5984649016398,79.9992011662972
"2583",2008-09-29,65.8262678408746,122643,131720,6265136,2.10242842294246,93.1088672942606
"2584",2008-09-30,64.6331439067792,128278,139368,6265136,2.22450079295964,92.0426496756788
"2585",2008-10-01,66.8729977374715,124088,133037,6265136,2.12344951490279,93.2732999090479
"2586",2008-10-02,59.2552215189873,45254,50560,6265136,0.807005626055045,89.5055379746835
"2587",2008-10-03,66.5772872149822,98525,106046,6265136,1.69263683980683,92.9077947305886
"2588",2008-10-04,66.7924726224784,80699,86750,6265136,1.3846467179643,93.0247838616715
"2589",2008-10-05,60.5798962933104,48588,54577,6265136,0.871122350735882,89.0265129999817
"2590",2008-10-06,72.0837128163302,128450,132417,6265136,2.11355348072253,97.0041610971401
"2591",2008-10-07,68.1258029169501,49130,52932,6265136,0.844865937467279,92.8171994256782
"2592",2008-10-08,59.9233102253033,1892,2308,6265136,0.0368387853033039,81.9757365684575
"2593",2008-10-09,44.4978201634877,2061,3670,6265136,0.0585781378089797,56.158038147139
"2594",2008-10-10,56.3623667075587,7918,10597,6265136,0.169142377755247,74.7192601679721
"2595",2008-10-11,50.9706999457406,1060,1843,6265136,0.0294167596681062,57.5149213239284
"2596",2008-10-12,49.7130434782609,598,1035,6265136,0.0165199925428594,57.7777777777778
"2597",2008-10-13,46.1521381578947,671,1216,6265136,0.0194089960696783,55.1809210526316
"2598",2008-10-14,66.4448669201521,219,263,6265136,0.00419783385388601,83.2699619771863
"2599",2008-10-15,57.1418918918919,637,888,6265136,0.0141736747614098,71.7342342342342
"2600",2008-10-16,56.1235240690282,744,1101,6265136,0.0175734413426939,67.574931880109
"2601",2008-10-17,56.7391304347826,20,23,6265136,0.000367110945396876,86.9565217391304
"2602",2008-10-18,40.7961019490255,250,667,6265136,0.0106462174165094,37.4812593703148
"2603",2008-10-19,61.3573770491803,477,610,6265136,0.00973642072574323,78.1967213114754
"2604",2008-10-20,51.0851063829787,29,47,6265136,0.000750183236245789,61.7021276595745
"2605",2008-10-21,NA,NA,0,6265136,0,NA
"2606",2008-10-22,54.7577092511013,207,227,6265136,0.00362322541761264,91.1894273127753
"2607",2008-10-23,NA,NA,0,6265136,0,NA
"2608",2008-10-24,72.2445454545455,1063,1100,6265136,0.0175574799972419,96.6363636363636
"2609",2008-10-25,28.2193548387097,50,155,6265136,0.0024740085450659,32.258064516129
"2610",2008-10-26,66.7669172932331,357,399,6265136,0.00636857683536319,89.4736842105263
"2611",2008-10-27,52.5833333333333,24,36,6265136,0.000574608436273371,66.6666666666667
"2612",2008-10-28,68.3180515759312,309,349,6265136,0.00557050956276129,88.5386819484241
"2613",2008-10-29,49.3116883116883,156,308,6265136,0.00491609439922773,50.6493506493506
"2614",2008-10-30,66.2714285714286,259,280,6265136,0.00446917672657066,92.5
"2615",2008-10-31,NA,NA,0,6265136,0,NA
"2616",2008-11-01,NA,NA,0,6265136,0,NA
"2617",2008-11-02,NA,NA,0,6265136,0,NA
"2618",2008-11-03,NA,NA,0,6265136,0,NA
"2619",2008-11-04,NA,NA,0,6265136,0,NA
"2620",2008-11-05,NA,NA,0,6265136,0,NA
"2621",2008-11-06,NA,NA,0,6265136,0,NA
"2622",2008-11-07,NA,NA,0,6265136,0,NA
"2623",2008-11-08,NA,NA,0,6265136,0,NA
"2624",2008-11-09,NA,NA,0,6265136,0,NA
"2625",2008-11-10,NA,NA,0,6265136,0,NA
"2626",2008-11-11,NA,NA,0,6265136,0,NA
"2627",2008-11-12,NA,NA,0,6265136,0,NA
"2628",2008-11-13,NA,NA,0,6265136,0,NA
"2629",2008-11-14,NA,NA,0,6265136,0,NA
"2630",2008-11-15,NA,NA,0,6265136,0,NA
"2631",2008-11-16,NA,NA,0,6265136,0,NA
"2632",2008-11-17,NA,NA,0,6265136,0,NA
"2633",2008-11-18,NA,NA,0,6265136,0,NA
"2634",2008-11-19,NA,NA,0,6265136,0,NA
"2635",2008-11-20,NA,NA,0,6265136,0,NA
"2636",2008-11-21,NA,NA,0,6265136,0,NA
"2637",2008-11-22,NA,NA,0,6265136,0,NA
"2638",2008-11-23,NA,NA,0,6265136,0,NA
"2639",2008-11-25,NA,NA,0,6265136,0,NA
"2640",2009-01-16,NA,NA,0,6265136,0,NA
"2641",2009-01-17,NA,NA,0,6265136,0,NA
"2642",2009-01-19,NA,NA,0,6265136,0,NA
"2643",2009-01-20,NA,NA,0,6265136,0,NA
"2644",2009-01-21,NA,NA,0,6265136,0,NA
"2645",2009-01-22,NA,NA,0,6265136,0,NA
"2646",2009-01-23,NA,NA,0,6265136,0,NA
"2647",2009-01-24,NA,NA,0,6265136,0,NA
"2648",2009-01-25,NA,NA,0,6265136,0,NA
"2649",2009-01-26,NA,NA,0,6265136,0,NA
"2650",2009-01-27,NA,NA,0,6265136,0,NA
"2651",2009-01-28,NA,NA,0,6265136,0,NA
"2652",2009-01-29,NA,NA,0,6265136,0,NA
"2653",2009-01-30,NA,NA,0,6265136,0,NA
"2654",2009-01-31,NA,NA,0,6265136,0,NA
"2655",2009-02-01,NA,NA,0,6265136,0,NA
"2656",2009-02-02,NA,NA,0,6265136,0,NA
"2657",2009-02-03,NA,NA,0,6265136,0,NA
"2658",2009-02-04,NA,NA,0,6265136,0,NA
"2659",2009-02-05,NA,NA,0,6265136,0,NA
"2660",2009-02-06,NA,NA,0,6265136,0,NA
"2661",2009-02-07,NA,NA,0,6265136,0,NA
"2662",2009-02-08,NA,NA,0,6265136,0,NA
"2663",2009-02-09,NA,NA,0,6265136,0,NA
"2664",2009-02-10,NA,NA,0,6265136,0,NA
"2665",2009-02-11,56.8250652741514,272,383,6265136,0.00611319530813058,71.0182767624021
"2666",2009-02-12,45.8173374613003,171,323,6265136,0.0051555145810083,52.9411764705882
"2667",2009-02-13,55.6625514403292,139,243,6265136,0.00387860694484525,57.201646090535
"2668",2009-02-14,61.533269045323,771,1037,6265136,0.0165519152337635,74.3490838958534
"2669",2009-02-15,58.3413751507841,606,829,6265136,0.0132319553797396,73.1001206272618
"2670",2009-02-16,48.7855822550832,304,541,6265136,0.0086350878895526,56.1922365988909
"2671",2009-02-17,63.7006451612903,587,775,6265136,0.0123700427253295,75.741935483871
"2672",2009-02-18,NA,NA,0,6265136,0,NA
"2673",2009-02-19,62.6816666666667,472,600,6265136,0.00957680727122284,78.6666666666667
"2674",2009-02-20,58.0975609756098,92,123,6265136,0.00196324549060068,74.7967479674797
"2675",2009-02-21,38.3537414965986,60,147,6265136,0.0023463177814496,40.8163265306122
"2676",2009-02-22,56.1409168081494,429,589,6265136,0.00940123247125042,72.8353140916808
"2677",2009-02-23,36.9934640522876,53,306,6265136,0.00488417170832365,17.3202614379085
"2678",2009-02-24,54.2695035460993,92,141,6265136,0.00225054970873737,65.2482269503546
"2679",2009-02-25,41.5645933014354,72,209,6265136,0.00333592119947596,34.4497607655502
"2680",2009-02-26,40.5051020408163,166,392,6265136,0.00625684741719892,42.3469387755102
"2681",2009-02-27,58.8554347826087,717,920,6265136,0.014684437815875,77.9347826086957
"2682",2009-02-28,53.2979651162791,829,1376,6265136,0.0219628113420044,60.2470930232558
"2683",2009-03-01,63.4763824289406,8160,9675,6265136,0.154426017248468,84.3410852713178
"2684",2009-03-02,50.7071093342604,6767,11506,6265136,0.18365124077115,58.8127933252216
"2685",2009-03-03,53.2291239378846,4726,6826,6265136,0.108952144055612,69.2352768825081
"2686",2009-03-04,54.2754809660254,3152,4886,6265136,0.077987133878658,64.5108473188702
"2687",2009-03-05,54.8274785948628,16427,24994,6265136,0.39893786822824,65.7237737056894
"2688",2009-03-06,59.953667672837,44423,54994,6265136,0.877778231789382,80.7779030439684
"2689",2009-03-07,54.441309255079,414,886,6265136,0.0141417520705057,46.7268623024831
"2690",2009-03-08,55.0415654520918,18873,25935,6265136,0.413957494298607,72.7703875072296
"2691",2009-03-09,51.8880089097884,5295,8081,6265136,0.12898363259792,65.5240688033659
"2692",2009-03-10,55.908403695681,18512,22621,6265136,0.361061595470553,81.8354626232262
"2693",2009-03-11,56.3035639329189,36102,50029,6265136,0.798530151620013,72.1621459553459
"2694",2009-03-12,63.8398512033608,54780,62367,6265136,0.995461231807258,87.8349126942133
"2695",2009-03-13,67.0657933274756,70058,75114,6265136,1.19892050228439,93.2688979417951
"2696",2009-03-14,64.4194481449714,106655,109594,6265136,1.74926769347066,97.3182838476559
"2697",2009-03-15,68.1834407114176,174589,176324,6265136,2.81436827548516,99.0160159705996
"2698",2009-03-16,61.1274989033026,58166,63828,6265136,1.01878075751269,91.129284953312
"2699",2009-03-17,57.7392465936415,17918,18715,6265136,0.298716580134892,95.7413839166444
"2700",2009-03-18,57.0538755648245,26582,28770,6265136,0.459207908655135,92.39485575252
"2701",2009-03-19,59.9089693350749,28519,32154,6265136,0.513221101664832,88.6950301673198
"2702",2009-03-20,64.1406507518478,56398,58855,6265136,0.939404986579701,95.8253334466061
"2703",2009-03-21,66.4976386684767,155897,156903,6265136,2.50438298546113,99.3588395378036
"2704",2009-03-22,66.8774935013562,140825,141568,6265136,2.25961575295413,99.4751638788427
"2705",2009-03-23,67.0981451873939,101200,101951,6265136,1.62727513018073,99.2633716196997
"2706",2009-03-24,67.0677296086441,128400,129013,6265136,2.05922106080379,99.5248540844721
"2707",2009-03-25,66.2473845822335,92420,92815,6265136,1.48145227813091,99.5744222377848
"2708",2009-03-26,66.0745783765706,83562,83724,6265136,1.33634768662644,99.8065070947399
"2709",2009-03-27,64.6545832118916,27204,27448,6265136,0.438107009967541,99.1110463421743
"2710",2009-03-28,60.2354485380646,10769,11047,6265136,0.176324983208665,97.4834796777406
"2711",2009-03-29,68.0266873418755,84623,85771,6265136,1.36902056076676,98.6615522729128
"2712",2009-03-30,65.7252353057329,60449,60772,6265136,0.970002885811258,99.4685052326729
"2713",2009-03-31,68.7606314739143,83988,84184,6265136,1.34368990553437,99.7671766606481
"2714",2009-04-01,69.7516269764081,179772,179935,6265136,2.87200469391247,99.9094117320143
"2715",2009-04-02,69.6074691145619,180044,180182,6265136,2.87594714623912,99.9234107735512
"2716",2009-04-03,62.089478505529,30476,30566,6265136,0.487874485086996,99.7055551920434
"2717",2009-04-04,68.3881715593539,151102,151178,6265136,2.41300428274821,99.9497281350461
"2718",2009-04-05,70.8059117350588,177560,177579,6265136,2.83439976402747,99.9893005366626
"2719",2009-04-06,72.6282990595784,217478,217562,6265136,3.47258223923631,99.9613903163236
"2720",2009-04-07,67.566722368107,41825,41890,6265136,0.668620760985875,99.8448317020769
"2721",2009-04-08,68.3141186580619,59059,59347,6265136,0.947257968542103,99.5147185198915
"2722",2009-04-09,65.8125771888247,59676,59918,6265136,0.956371896795217,99.5961146900764
"2723",2009-04-10,62.9083050707255,23868,24178,6265136,0.385913410339376,98.7178426668873
"2724",2009-04-11,71.5077085901954,91042,91651,6265136,1.46287327202474,99.3355227984419
"2725",2009-04-12,72.7284009088291,155939,156245,6265136,2.49388042015369,99.8041537329195
"2726",2009-04-13,75.2329121711859,133189,133282,6265136,2.12736004453854,99.9302231359073
"2727",2009-04-14,75.0053693384582,152611,152719,6265136,2.4376007160898,99.9292818837211
"2728",2009-04-15,75.1711017844652,134064,134382,6265136,2.14491752453578,99.7633611644417
"2729",2009-04-16,74.7775580492531,150583,150691,6265136,2.40523110751307,99.9283301590672
"2730",2009-04-17,75.3543276012015,136542,136831,6265136,2.18400685954782,99.7887905518486
"2731",2009-04-18,75.2012756533742,131819,131854,6265136,2.10456724323303,99.9734554886465
"2732",2009-04-19,73.795920239515,119726,119909,6265136,1.91390897180843,99.847384266402
"2733",2009-04-20,72.207859209754,97063,97109,6265136,1.54999029550197,99.9526305491767
"2734",2009-04-21,69.3877690468056,84760,84883,6265136,1.35484688600535,99.8550946597081
"2735",2009-04-22,71.2027786941787,133280,133372,6265136,2.12879656562922,99.9310200041988
"2736",2009-04-23,73.304259090556,141559,141603,6265136,2.26017440004495,99.9689272119941
"2737",2009-04-24,75.4839138821756,180326,180404,6265136,2.87949056492948,99.9567637081218
"2738",2009-04-25,76.1620314554396,219792,219803,6265136,3.50835161439432,99.9949955187145
"2739",2009-04-26,77.3864469115184,219075,219153,6265136,3.4979767398505,99.9644084269894
"2740",2009-04-27,75.7751751736285,129403,129443,6265136,2.06608443934816,99.9690983676213
"2741",2009-04-28,75.8500403400981,161083,161130,6265136,2.57185159268689,99.97083100602
"2742",2009-04-29,74.5083860510142,44374,44419,6265136,0.708987003634079,99.8986920011707
"2743",2009-04-30,75.1184922980006,133261,133342,6265136,2.12831772526566,99.9392539484933
"2744",2009-05-01,73.9967266028227,65590,65681,6265136,1.04835713063531,99.8614515613343
"2745",2009-05-02,70.9233507925097,29113,29211,6265136,0.466246861999484,99.6645099448838
"2746",2009-05-03,68.771600176328,17854,18148,6265136,0.289666497263587,98.3799867754022
"2747",2009-05-04,73.0671877908059,16057,16119,6265136,0.257280927341402,99.6153607543892
"2748",2009-05-05,72.6782997990487,39030,39313,6265136,0.627488373755973,99.2801363416681
"2749",2009-05-06,75.1474456300922,93380,93526,6265136,1.49280079474731,99.8438936766247
"2750",2009-05-07,76.1022828890056,173257,173333,6265136,2.76662789123812,99.9561537618342
"2751",2009-05-08,78.8926497802452,172877,172920,6265136,2.76003585556642,99.9751330094842
"2752",2009-05-09,79.246889349726,53952,54008,6265136,0.862040345173672,99.8963116575322
"2753",2009-05-10,74.3145609484994,2684,2699,6265136,0.0430796713750508,99.4442386068914
"2754",2009-05-11,71.7547553001783,19316,20188,6265136,0.322227641985745,95.6806023380226
"2755",2009-05-12,78.179974184031,59480,59653,6265136,0.952142140250427,99.7099894389218
"2756",2009-05-13,81.4724785788579,120874,121142,6265136,1.9335893107508,99.7787720196133
"2757",2009-05-14,83.9380986614631,145525,146055,6265136,2.33123430999742,99.637123001609
"2758",2009-05-15,82.1840321525973,62457,62701,6265136,1.00079232118824,99.6108515015709
"2759",2009-05-16,86.3120746307611,148361,149429,6265136,2.3850878895526,99.2852792965221
"2760",2009-05-17,83.843276115743,152606,152925,6265136,2.44088875325292,99.7914010135687
"2761",2009-05-18,81.8957454221672,179870,180817,6265136,2.88608260060117,99.4762660590542
"2762",2009-05-19,77.2190395956192,4562,4748,6265136,0.0757844682062768,96.0825610783488
"2763",2009-05-20,79.8020248065303,56306,56598,6265136,0.903380229894451,99.4840807095657
"2764",2009-05-21,80.5114297538769,40750,41077,6265136,0.655644187133368,99.2039340750298
"2765",2009-05-22,80.3524668842388,5105,5209,6265136,0.0831426484596663,98.0034555576886
"2766",2009-05-23,70.5836101882613,12616,12642,6265136,0.201783329204665,99.7943363391868
"2767",2009-05-24,69.0947286140017,20177,20469,6265136,0.326712780057767,98.5734525379843
"2768",2009-05-25,72.0328355314197,51452,51560,6265136,0.822966971507083,99.7905352986811
"2769",2009-05-26,72.2161343229645,35811,35973,6265136,0.574177479946166,99.549662246685
"2770",2009-05-27,73.8703110273327,47352,47745,6265136,0.762074438607558,99.176877159912
"2771",2009-05-28,79.3406952396098,150225,150912,6265136,2.40875856485797,99.5447678117048
"2772",2009-05-29,77.9833739588357,152406,153434,6265136,2.44901307808801,99.330005083619
"2773",2009-05-30,80.2831939485059,42242,42568,6265136,0.679442553202357,99.2341665100545
"2774",2009-05-31,75.3804410099261,74716,75055,6265136,1.19797878290272,99.5483312237692
"2775",2009-06-01,74.7060603150211,20361,20824,6265136,0.332379057693241,97.7766039185555
"2776",2009-06-02,75.3944963676859,94775,96082,6265136,1.53359799372272,98.6397035865198
"2777",2009-06-03,78.4051366186628,96991,98742,6265136,1.57605517262514,98.2266917826254
"2778",2009-06-04,81.5630036121145,42729,43188,6265136,0.68933858738262,98.9372047791053
"2779",2009-06-05,78.9050752264994,96593,97572,6265136,1.55738039844626,98.9966383798631
"2780",2009-06-06,74.5370007224688,9220,9689,6265136,0.154649476084797,95.159459180514
"2781",2009-06-07,79.6753879983428,31058,31379,6265136,0.500851058939503,98.9770228496765
"2782",2009-06-08,68.3351126927639,4331,5058,6265136,0.0807324852964086,85.6267299327798
"2783",2009-06-09,77.1372954277037,46750,47416,6265136,0.756823155953837,98.5954108317867
"2784",2009-06-10,70.065073755378,25154,26032,6265136,0.415505744807455,96.6272280270436
"2785",2009-06-11,71.6939945078999,23788,25127,6265136,0.401060727173361,94.6710709595256
"2786",2009-06-12,79.6282511539307,25762,27298,6265136,0.435712808149735,94.3732141548831
"2787",2009-06-13,83.5505437371011,97449,100784,6265136,1.6086482400382,96.6909430068265
"2788",2009-06-14,83.0017502562207,207545,213683,6265136,3.41066818022785,97.1275206731467
"2789",2009-06-15,78.0730940044412,5058,5404,6265136,0.0862551108228137,93.5973353071799
"2790",2009-06-16,64.6195499296765,1260,1422,6265136,0.0226970332327981,88.6075949367088
"2791",2009-06-17,77.0939420935412,42632,44900,6265136,0.716664410796509,94.9487750556793
"2792",2009-06-18,80.2550840754255,112134,117573,6265136,1.87662326883247,95.3739378939042
"2793",2009-06-19,86.2411759351961,106600,109870,6265136,1.75367302481542,97.0237553472285
"2794",2009-06-20,80.7875752052298,67296,72967,6265136,1.16465149359886,92.2279934765031
"2795",2009-06-21,79.6513892313742,138883,150047,6265136,2.39495200104196,92.5596646384133
"2796",2009-06-22,80.2929481721918,141582,150344,6265136,2.39969252064121,94.1720321396265
"2797",2009-06-23,79.9232691981299,124408,129622,6265136,2.06894152018408,95.9775346777553
"2798",2009-06-24,72.1727440408627,26106,28192,6265136,0.449982250983857,92.6007377979569
"2799",2009-06-25,77.1880672590045,39275,41868,6265136,0.66826961138593,93.806725900449
"2800",2009-06-26,69.331862135377,20704,24923,6265136,0.397804612701145,83.0718613329054
"2801",2009-06-27,77.4126398622894,72957,81330,6265136,1.29813622561426,89.704905938768
"2802",2009-06-28,80.4260967892131,96774,105239,6265136,1.67975603402703,91.9564039947168
"2803",2009-06-29,74.5116387077598,51323,53829,6265136,0.859183264337757,95.3445168960969
"2804",2009-06-30,64.8735208237283,6048,6507,6265136,0.103860474856412,92.9460580912863
"2805",2009-07-01,52.1149476498106,2971,4489,6265136,0.0716504797341989,66.1840053464023
"2806",2009-07-02,73.7721748536523,58461,62864,6265136,1.00339402049692,92.9959913463986
"2807",2009-07-03,69.0063651089904,92747,113588,6265136,1.8130173072061,81.6521111385005
"2808",2009-07-04,78.6326014551712,150093,170839,6265136,2.72682029568073,87.8564028120043
"2809",2009-07-05,76.2141216077887,186096,219805,6265136,3.50838353708523,84.6641341188781
"2810",2009-07-06,76.3356494766149,178959,210839,6265136,3.36527411376226,84.8794577853243
"2811",2009-07-07,77.5763668091949,188042,218904,6265136,3.49400236483294,85.9015824288273
"2812",2009-07-08,78.8140703517588,41235,47561,6265136,0.759137551044383,86.6991863081096
"2813",2009-07-09,75.8077210630055,12772,14713,6265136,0.234839275635836,86.8075851287977
"2814",2009-07-10,77.6669643696531,56308,63822,6265136,1.01868498943997,88.2266303155652
"2815",2009-07-11,71.8231888765481,154875,190876,6265136,3.04663777450322,81.1390641044448
"2816",2009-07-12,73.8277385532491,153649,189224,6265136,3.02026963181645,81.1995307149199
"2817",2009-07-13,70.6461803322893,76376,96422,6265136,1.53902485117642,79.2101387650121
"2818",2009-07-14,72.1777698008826,75416,94718,6265136,1.51182671852614,79.6216136320446
"2819",2009-07-15,74.9153669774384,76384,92458,6265136,1.47575407780454,82.614808886197
"2820",2009-07-16,51.7544612029802,16678,27515,6265136,0.439176420112828,60.6142104306742
"2821",2009-07-17,50.9019246244635,17369,29824,6265136,0.476031166761583,58.2383315450644
"2822",2009-07-18,54.2072918994964,48648,76057,6265136,1.21397205104566,63.9625543999895
"2823",2009-07-19,59.9593997348226,34614,49778,6265136,0.794523853911551,69.5367431395396
"2824",2009-07-20,56.2651793740296,8878,12237,6265136,0.19531898429659,72.5504617144725
"2825",2009-07-21,53.2875581569863,40226,59967,6265136,0.957154002722367,67.0802274584355
"2826",2009-07-22,57.9498262897392,60614,84048,6265136,1.3415191625529,72.1183133447554
"2827",2009-07-23,77.0838910531748,51532,60066,6265136,0.958734175922119,85.7922951420105
"2828",2009-07-24,69.0413222000814,112023,145031,6265136,2.31488989225453,77.2407278443919
"2829",2009-07-25,75.7295791433892,59174,67125,6265136,1.07140531346806,88.1549348230913
"2830",2009-07-26,39.5393603210197,3718,8473,6265136,0.135240480015119,43.8805617844919
"2831",2009-07-27,61.4012752657754,59917,87668,6265136,1.39929923308927,68.3453483597208
"2832",2009-07-28,71.7632742145517,47100,54523,6265136,0.870260438081472,86.3855620563799
"2833",2009-07-29,55.8446601941748,1082,1442,6265136,0.0230162601418389,75.0346740638003
"2834",2009-07-30,67.3267825349725,44682,58975,6265136,0.941320348033945,75.7643069097075
"2835",2009-07-31,59.3628048341328,45737,69423,6265136,1.10808448531684,65.881624245567
"2836",2009-08-01,55.461713304721,88950,145625,6265136,2.32437093145304,61.0815450643777
"2837",2009-08-02,62.7476549842244,97789,140724,6265136,2.24614437739261,69.4899235382735
"2838",2009-08-03,55.2150611358702,12267,17502,6265136,0.27935546810157,70.0891326705519
"2839",2009-08-04,58.8890628102842,58719,85607,6265136,1.36640290011262,68.591353510811
"2840",2009-08-05,71.305045303758,79948,100985,6265136,1.61185647047406,79.1681932960341
"2841",2009-08-06,70.2052693013173,76409,95952,6265136,1.53152301881396,79.6325245956312
"2842",2009-08-07,41.3833373659166,16881,37197,6265136,0.59371416677946,45.382692152593
"2843",2009-08-08,63.9480351602896,5584,7736,6265136,0.123476968416967,72.182006204757
"2844",2009-08-09,75.6480647875473,40092,47540,6265136,0.75880236278989,84.3331931005469
"2845",2009-08-10,66.139837398374,41216,54120,6265136,0.8638280158643,76.1566888396157
"2846",2009-08-11,45.9902234636872,33116,65872,6265136,1.05140574761665,50.2732572261355
"2847",2009-08-12,36.9446777122106,7246,17624,6265136,0.281302752246719,41.114389468906
"2848",2009-08-13,62.8069134407083,38371,53085,6265136,0.847308023321441,72.2821889422624
"2849",2009-08-14,55.9343302693556,42121,65601,6265136,1.04708022299915,64.20786268502
"2850",2009-08-15,52.7407739273584,28514,47989,6265136,0.765969006897855,59.417783241993
"2851",2009-08-16,50.857942996522,38893,66417,6265136,1.06010468088801,58.5588027161721
"2852",2009-08-17,52.230072943244,58353,94457,6265136,1.50766080736316,61.7773166626084
"2853",2009-08-18,48.8003108638743,7236,12224,6265136,0.195111486805713,59.1950261780105
"2854",2009-08-19,20.6595900439239,1863,9562,6265136,0.152622385212388,19.4833716795649
"2855",2009-08-20,66.0375620127569,20600,26809,6265136,0.427907710223689,76.8398672087732
"2856",2009-08-21,50.2342296617016,55259,96542,6265136,1.54094021263066,57.2383004288289
"2857",2009-08-22,56.1437079929687,31016,48355,6265136,0.771810859333301,64.1422810464275
"2858",2009-08-23,56.1925518677468,48367,78758,6265136,1.25708364511161,61.4121740013713
"2859",2009-08-24,58.666748046875,67337,102400,6265136,1.6344417742887,65.7587890625
"2860",2009-08-25,54.7981955203969,54269,85454,6265136,1.36396081425846,63.5066819575444
"2861",2009-08-26,49.9722502903163,36549,66307,6265136,1.05834893288829,55.1208771321278
"2862",2009-08-27,52.1573132839771,30005,52138,6265136,0.832192629178361,57.5491963634969
"2863",2009-08-28,50.2844589402303,101456,170471,6265136,2.72094652055438,59.5151081415607
"2864",2009-08-29,49.8459368115211,95797,166581,6265136,2.65885688674595,57.5077589881199
"2865",2009-08-30,44.7220553578855,11358,21641,6265136,0.345419476927556,52.4837114735918
"2866",2009-08-31,57.15172652617,17155,20214,6265136,0.322642636967498,84.8669239141189
"2867",2009-09-01,50.9620093056873,12937,22137,6265136,0.353336304271767,58.4406197768442
"2868",2009-09-02,42.8160989267382,11127,21430,6265136,0.342051633037176,51.9225384974335
"2869",2009-09-03,42.925268648275,37549,79565,6265136,1.26996445089141,47.1928611826808
"2870",2009-09-04,59.1238833483008,28529,42314,6265136,0.675388371457539,67.4221297915583
"2871",2009-09-05,52.7883043185534,26826,41588,6265136,0.663800434659359,64.5041838992017
"2872",2009-09-06,57.8202918517685,47475,71132,6265136,1.13536242469437,66.7421132542316
"2873",2009-09-07,57.1939803134952,63623,96716,6265136,1.54371748673931,65.7833243723893
"2874",2009-09-08,58.5042820327477,84780,127276,6265136,2.0314962037536,66.6111442848612
"2875",2009-09-09,55.8507448923134,125503,195196,6265136,3.11559078685602,64.2958872108035
"2876",2009-09-10,47.9339740855284,43265,75016,6265136,1.19735629043009,57.6743628026021
"2877",2009-09-11,50.9065408787425,42930,71443,6265136,1.14032640312996,60.0898618479067
"2878",2009-09-12,43.9830795262267,14471,27777,6265136,0.443358292621262,52.0970587176441
"2879",2009-09-13,51.6382497489827,61095,94615,6265136,1.51018269994458,64.5722137081858
"2880",2009-09-14,44.6002481547468,16473,31432,6265136,0.501697010248461,52.4083736319674
"2881",2009-09-15,60.1077080450087,64774,83095,6265136,1.3263080003371,77.9517419820687
"2882",2009-09-16,52.4827599337433,38502,52523,6265136,0.838337747177396,73.3050282733279
"2883",2009-09-17,55.0004046671613,34329,44481,6265136,0.709976607052105,77.1767721049437
"2884",2009-09-18,65.0199171625147,99037,116131,6265136,1.85360700869063,85.2804160818386
"2885",2009-09-19,64.7823909948304,93442,104651,6265136,1.67037076290124,89.2891611164729
"2886",2009-09-20,67.1334515561834,114966,133082,6265136,2.12416777544813,86.3873401361567
"2887",2009-09-21,60.1414363536409,51182,60027,6265136,0.958111683449489,85.2649640994886
"2888",2009-09-22,67.3946532382446,137883,151718,6265136,2.42162340929231,90.8811083721114
"2889",2009-09-23,50.7120999532304,8997,14967,6265136,0.238893457380654,60.1122469432752
"2890",2009-09-24,55.9842283889,19813,25045,6265136,0.399751896846294,79.1096027151128
"2891",2009-09-25,61.3227185465197,80389,101054,6265136,1.61295780331026,79.5505373364736
"2892",2009-09-26,64.7474919553284,30954,36981,6265136,0.59026651616182,83.702441794435
"2893",2009-09-27,58.1380105760233,68539,91906,6265136,1.46694341511501,74.5751093508585
"2894",2009-09-28,58.4984591679507,55044,68794,6265136,1.09804479902751,80.0127918132395
"2895",2009-09-29,62.1958644366752,52174,63498,6265136,1.01351351351351,82.1663674446439
"2896",2009-09-30,56.6075177215456,35824,47541,6265136,0.758818324135342,75.3539050503776
"2897",2009-10-01,59.7230542129949,31394,42001,6265136,0.670392470331051,74.7458393847766
"2898",2009-10-02,61.9794412076656,57737,68827,6265136,1.09857152342742,83.8871373152978
"2899",2009-10-03,60.5364435699914,76606,89961,6265136,1.4358985982108,85.1546781383044
"2900",2009-10-04,60.1448166120908,62227,76041,6265136,1.21371666951843,81.8334845675359
"2901",2009-10-05,63.3966917939304,44134,51206,6265136,0.817316655217062,86.1891184626802
"2902",2009-10-06,52.3810975609756,1051,1968,6265136,0.0314119278496109,53.4044715447154
"2903",2009-10-07,61.129694312625,35926,41513,6265136,0.662603333750457,86.5415652927998
"2904",2009-10-08,60.9796210363496,43088,51720,6265136,0.825520786779409,83.3101314771848
"2905",2009-10-09,59.9477136277654,41821,48636,6265136,0.776295997405324,85.9877457027716
"2906",2009-10-10,70.5272193009589,24013,25864,6265136,0.412824238771513,92.8433343643675
"2907",2009-10-11,58.2118055555556,5141,6336,6265136,0.101131084784113,81.1395202020202
"2908",2009-10-12,61.3359183673469,2161,2450,6265136,0.0391052963574933,88.2040816326531
"2909",2009-10-13,66.6332231901472,3050,3329,6265136,0.0531353190098347,91.6191048362872
"2910",2009-10-14,45.4458092485549,544,1384,6265136,0.0220905021056207,39.3063583815029
"2911",2009-10-15,55.871473354232,398,638,6265136,0.0101833383984003,62.3824451410658
"2912",2009-10-16,55.6084210526316,352,475,6265136,0.00758163908971808,74.1052631578947
"2913",2009-10-17,53.5511961722488,605,1045,6265136,0.0166796059973798,57.8947368421053
"2914",2009-10-18,49.7039473684211,254,456,6265136,0.00727837352612936,55.7017543859649
"2915",2009-10-19,54.0610687022901,266,393,6265136,0.00627280876265096,67.6844783715013
"2916",2009-10-20,42.460407239819,448,884,6265136,0.0141098293796017,50.6787330316742
"2917",2009-10-21,70.8364928909953,754,844,6265136,0.0134713755615201,89.3364928909953
"2918",2009-10-22,NA,NA,0,6265136,0,NA
"2919",2009-10-23,NA,NA,0,6265136,0,NA
"2920",2009-10-24,52.6360856269113,238,327,6265136,0.00521935996281645,72.782874617737
"2921",2009-10-25,50.9138418079096,390,708,6265136,0.011300632580043,55.0847457627119
"2922",2009-10-26,NA,NA,0,6265136,0,NA
"2923",2009-10-27,60.7673796791444,295,374,6265136,0.00596954319906224,78.8770053475936
"2924",2009-10-28,62.7901785714286,181,224,6265136,0.00357534138125653,80.8035714285714
"2925",2009-10-29,66.0404411764706,712,816,6265136,0.0130244578888631,87.2549019607843
"2926",2009-10-30,NA,NA,0,6265136,0,NA
"2927",2009-10-31,NA,NA,0,6265136,0,NA
"2928",2009-11-01,NA,NA,0,6265136,0,NA
"2929",2009-11-02,NA,NA,0,6265136,0,NA
"2930",2009-11-03,NA,NA,0,6265136,0,NA
"2931",2009-11-04,NA,NA,0,6265136,0,NA
"2932",2009-11-05,NA,NA,0,6265136,0,NA
"2933",2009-11-06,NA,NA,0,6265136,0,NA
"2934",2009-11-07,NA,NA,0,6265136,0,NA
"2935",2009-11-08,NA,NA,0,6265136,0,NA
"2936",2009-11-09,NA,NA,0,6265136,0,NA
"2937",2009-11-10,NA,NA,0,6265136,0,NA
"2938",2009-11-11,NA,NA,0,6265136,0,NA
"2939",2009-11-12,NA,NA,0,6265136,0,NA
"2940",2009-11-13,NA,NA,0,6265136,0,NA
"2941",2009-11-14,NA,NA,0,6265136,0,NA
"2942",2009-11-15,NA,NA,0,6265136,0,NA
"2943",2009-11-16,NA,NA,0,6265136,0,NA
"2944",2009-11-17,NA,NA,0,6265136,0,NA
"2945",2009-11-18,NA,NA,0,6265136,0,NA
"2946",2009-11-19,NA,NA,0,6265136,0,NA
"2947",2009-11-20,NA,NA,0,6265136,0,NA
"2948",2009-11-21,NA,NA,0,6265136,0,NA
"2949",2009-11-22,NA,NA,0,6265136,0,NA
"2950",2009-11-23,NA,NA,0,6265136,0,NA
"2951",2009-11-24,NA,NA,0,6265136,0,NA
"2952",2009-11-25,NA,NA,0,6265136,0,NA
"2953",2009-11-26,NA,NA,0,6265136,0,NA
"2954",2010-01-15,NA,NA,0,6265136,0,NA
"2955",2010-01-17,NA,NA,0,6265136,0,NA
"2956",2010-01-18,NA,NA,0,6265136,0,NA
"2957",2010-01-19,NA,NA,0,6265136,0,NA
"2958",2010-01-20,NA,NA,0,6265136,0,NA
"2959",2010-01-21,NA,NA,0,6265136,0,NA
"2960",2010-01-22,NA,NA,0,6265136,0,NA
"2961",2010-01-23,NA,NA,0,6265136,0,NA
"2962",2010-01-24,NA,NA,0,6265136,0,NA
"2963",2010-01-25,NA,NA,0,6265136,0,NA
"2964",2010-01-26,NA,NA,0,6265136,0,NA
"2965",2010-01-27,NA,NA,0,6265136,0,NA
"2966",2010-01-28,NA,NA,0,6265136,0,NA
"2967",2010-01-29,NA,NA,0,6265136,0,NA
"2968",2010-01-30,NA,NA,0,6265136,0,NA
"2969",2010-01-31,NA,NA,0,6265136,0,NA
"2970",2010-02-01,NA,NA,0,6265136,0,NA
"2971",2010-02-02,NA,NA,0,6265136,0,NA
"2972",2010-02-03,NA,NA,0,6265136,0,NA
"2973",2010-02-04,NA,NA,0,6265136,0,NA
"2974",2010-02-05,NA,NA,0,6265136,0,NA
"2975",2010-02-06,NA,NA,0,6265136,0,NA
"2976",2010-02-07,NA,NA,0,6265136,0,NA
"2977",2010-02-08,NA,NA,0,6265136,0,NA
"2978",2010-02-09,NA,NA,0,6265136,0,NA
"2979",2010-02-10,NA,NA,0,6265136,0,NA
"2980",2010-02-11,NA,NA,0,6265136,0,NA
"2981",2010-02-12,64.948,430,500,6265136,0.00798067272601904,86
"2982",2010-02-13,75.338078291815,1352,1405,6265136,0.0224256903601135,96.2277580071174
"2983",2010-02-14,49.7414448669202,117,263,6265136,0.00419783385388601,44.4866920152091
"2984",2010-02-15,43.8329048843188,163,389,6265136,0.00620896338084281,41.9023136246787
"2985",2010-02-16,45.0166112956811,162,301,6265136,0.00480436498106346,53.8205980066445
"2986",2010-02-17,39.4893617021277,18,47,6265136,0.000750183236245789,38.2978723404255
"2987",2010-02-18,46.7831325301205,22,83,6265136,0.00132479167251916,26.5060240963855
"2988",2010-02-19,64.7199017199017,691,814,6265136,0.012992535197959,84.8894348894349
"2989",2010-02-20,58.6725663716814,533,678,6265136,0.0108217922164818,78.6135693215339
"2990",2010-02-21,51.9085173501577,205,317,6265136,0.00505974650829607,64.6687697160883
"2991",2010-02-22,54.5567823343849,420,634,6265136,0.0101194930165921,66.2460567823344
"2992",2010-02-23,50.4328703703704,256,432,6265136,0.00689530123528045,59.2592592592593
"2993",2010-02-24,42.9416666666667,51,120,6265136,0.00191536145424457,42.5
"2994",2010-02-25,56.5591397849462,356,465,6265136,0.0074220256351977,76.5591397849462
"2995",2010-02-26,67.4525641025641,637,780,6265136,0.0124498494525897,81.6666666666667
"2996",2010-02-27,60.6808035714286,709,896,6265136,0.0143013655250261,79.1294642857143
"2997",2010-02-28,51.4455300439668,1176,2047,6265136,0.0326728741403219,57.4499267220322
"2998",2010-03-01,54.1794825402569,3841,5527,6265136,0.0882183563134144,69.4952053555274
"2999",2010-03-02,67.2645174839861,26743,28569,6265136,0.455999678219276,93.6084567188211
"3000",2010-03-03,66.6190685237658,21825,25057,6265136,0.399943432991718,87.1014087879634
"3001",2010-03-04,66.0352776893114,36657,40819,6265136,0.651526160006742,89.8037678532056
"3002",2010-03-05,68.9687101572461,71639,75296,6265136,1.20182546715666,95.1431682957926
"3003",2010-03-06,47.2634450506625,323,1283,6265136,0.0204784062149648,25.1753702260327
"3004",2010-03-07,61.4579870729455,46174,56316,6265136,0.898879130476976,81.9909084452021
"3005",2010-03-08,64.1354782427541,68603,76802,6265136,1.22586325340743,89.3244967578969
"3006",2010-03-09,59.7843903817621,32500,42461,6265136,0.677734689238989,76.5408256988766
"3007",2010-03-10,64.8542830977317,78998,85172,6265136,1.35945971484099,92.7511388719297
"3008",2010-03-11,58.954555244454,52113,65002,6265136,1.03751937707338,80.1713793421741
"3009",2010-03-12,63.311518485321,70800,81443,6265136,1.29993985765034,86.931964686959
"3010",2010-03-13,65.624444836984,73676,79256,6265136,1.26503239514673,92.9595235691935
"3011",2010-03-14,63.5773337926283,88146,95799,6265136,1.5290809329598,92.0113988663765
"3012",2010-03-15,65.9901581665329,118214,123351,6265136,1.96884792285435,95.8354614068795
"3013",2010-03-16,66.3357571077722,89568,93243,6265136,1.48828373398439,96.0586853704836
"3014",2010-03-17,66.8155463241843,145363,147083,6265136,2.34764257312212,98.830592250634
"3015",2010-03-18,68.2700207456295,163864,164854,6265136,2.63129164315028,99.3994686207189
"3016",2010-03-19,72.055646854743,174812,175248,6265136,2.79719386777877,99.7512097142335
"3017",2010-03-20,65.7457314426277,108973,110576,6265136,1.76494173470456,98.5503183330922
"3018",2010-03-21,62.6934467427025,72724,77595,6265136,1.23852060035089,93.7225336684065
"3019",2010-03-22,68.3674968170667,127214,128812,6265136,2.05601283036793,98.7594323510232
"3020",2010-03-23,70.6947036911615,146221,147650,6265136,2.35669265599342,99.032170673891
"3021",2010-03-24,68.3858541531345,124847,126242,6265136,2.01499217255619,98.8949794838485
"3022",2010-03-25,69.3955945624594,81327,81581,6265136,1.30214252332272,99.6886529951827
"3023",2010-03-26,68.3986368402656,97119,97274,6265136,1.55262391750155,99.8406562904784
"3024",2010-03-27,71.4931822807137,132028,132669,6265136,2.11757573977644,99.5168426685963
"3025",2010-03-28,68.8112886029579,109327,109739,6265136,1.75158208856121,99.6245637375956
"3026",2010-03-29,71.6059076566583,162128,162264,6265136,2.58995175842951,99.9161859685451
"3027",2010-03-30,72.2646025579552,101899,102191,6265136,1.63110585308922,99.7142605513206
"3028",2010-03-31,69.6046351917126,120453,120858,6265136,1.92905628864242,99.6648959936454
"3029",2010-04-01,71.6587662614934,175579,175645,6265136,2.80353052192323,99.9624242079194
"3030",2010-04-02,75.7949743031049,211107,211115,6265136,3.36967944510702,99.9962105961206
"3031",2010-04-03,74.9417038847223,177885,178005,6265136,2.84119929719004,99.93258616331
"3032",2010-04-04,70.9795388960521,63592,65148,6265136,1.03984973350938,97.6115920672929
"3033",2010-04-05,71.9212864892793,76765,77420,6265136,1.23572736489679,99.1539653836218
"3034",2010-04-06,74.882048970693,94755,95404,6265136,1.52277620150624,99.3197350215924
"3035",2010-04-07,76.4532194173504,123144,123951,6265136,1.97842473012557,99.3489362732047
"3036",2010-04-08,78.1384032250997,91012,91284,6265136,1.45701545824384,99.7020288330923
"3037",2010-04-09,70.3589066126722,40158,40498,6265136,0.646402568116638,99.1604523680182
"3038",2010-04-10,71.7737998887146,78647,79076,6265136,1.26215935296536,99.4574839395012
"3039",2010-04-11,64.4035897111799,15575,15823,6265136,0.252556369087598,98.4326613158061
"3040",2010-04-12,71.5451408738261,48723,48980,6265136,0.781786700240825,99.4752960391997
"3041",2010-04-13,72.9942796411491,95557,95973,6265136,1.53185820706845,99.5665447573797
"3042",2010-04-14,70.9959802521913,125306,125381,6265136,2.00124945412199,99.9401823242756
"3043",2010-04-15,69.9486657891588,58246,58499,6265136,0.933722747598775,99.5675139745979
"3044",2010-04-16,71.2171707070601,94923,94999,6265136,1.51631185659816,99.9199991578859
"3045",2010-04-17,71.7713462851055,119236,120138,6265136,1.91756411991695,99.2491967570627
"3046",2010-04-18,75.8074256754926,184409,184495,6265136,2.94478842917376,99.9533862706306
"3047",2010-04-19,77.4438219718104,218485,218662,6265136,3.49013971923355,99.9190531505245
"3048",2010-04-20,79.2356363503723,219165,219321,6265136,3.50065824588644,99.9288713803056
"3049",2010-04-21,72.2192817657156,73978,73987,6265136,1.18093206595994,99.9878357008664
"3050",2010-04-22,71.1643376650236,144913,145055,6265136,2.31527296454538,99.9021060976871
"3051",2010-04-23,74.1433600968585,188257,188316,6265136,3.005776730146,99.9686696828735
"3052",2010-04-24,77.0315239965413,247485,247494,6265136,3.95033723130671,99.9963635482072
"3053",2010-04-25,78.4490903844476,148964,149019,6265136,2.37854373791726,99.9630919547172
"3054",2010-04-26,74.3227955563461,61696,61841,6265136,0.987065564099486,99.7655277243253
"3055",2010-04-27,68.8613646518159,15537,15667,6265136,0.25006639919708,99.1702304206294
"3056",2010-04-28,72.5343939146082,24350,24452,6265136,0.390286818993235,99.5828562080811
"3057",2010-04-29,77.1761283727695,145652,145763,6265136,2.32657359712543,99.9238489877404
"3058",2010-04-30,76.1263781530063,139454,139589,6265136,2.22802825030454,99.903287508328
"3059",2010-05-01,72.6354876225287,78071,78247,6265136,1.24892739758562,99.775071248738
"3060",2010-05-02,74.6024891413298,23918,23944,6265136,0.3821784555036,99.8914132976946
"3061",2010-05-03,72.7156388816305,30259,30616,6265136,0.488672552359598,98.8339430363209
"3062",2010-05-04,77.2809231535464,136428,136532,6265136,2.17923441725766,99.9238273811268
"3063",2010-05-05,78.6106321638974,71572,71801,6265136,1.14604056480179,99.6810629378421
"3064",2010-05-06,77.5962064919828,60508,61368,6265136,0.979515847700672,98.5986181723374
"3065",2010-05-07,78.2459053921875,47750,48051,6265136,0.766958610315881,99.3735822355414
"3066",2010-05-08,81.083761589404,18838,18875,6265136,0.301270395407219,99.8039735099338
"3067",2010-05-09,73.6073384030418,52466,52600,6265136,0.839566770777203,99.745247148289
"3068",2010-05-10,71.1102881359139,105589,105714,6265136,1.68733767311675,99.8817564371796
"3069",2010-05-11,76.1740637308857,109817,109931,6265136,1.754646666888,99.8962985872957
"3070",2010-05-12,76.8422391198835,154347,154525,6265136,2.46642690597618,99.8848082834493
"3071",2010-05-13,74.7220271017699,71935,72320,6265136,1.15432450309139,99.4676438053097
"3072",2010-05-14,78.9789402173913,18729,19136,6265136,0.305436306570201,97.873118729097
"3073",2010-05-15,81.2785272979448,39555,39655,6265136,0.63294715390057,99.7478249905434
"3074",2010-05-16,81.1258463164783,39349,39731,6265136,0.634160216154925,99.0385341421057
"3075",2010-05-17,83.3864695284836,63558,64388,6265136,1.02771911096583,98.7109399266944
"3076",2010-05-18,83.7760144871096,50511,51356,6265136,0.819710857034867,98.3546226341615
"3077",2010-05-19,85.8932958153225,107845,108037,6265136,1.72441587860184,99.8222831067134
"3078",2010-05-20,80.6356271771575,158349,160473,6265136,2.56136498872491,98.6764128544989
"3079",2010-05-21,75.1675770356542,43058,43389,6265136,0.69254681781848,99.2371338357648
"3080",2010-05-22,73.2192008879023,10637,10812,6265136,0.172574067027436,98.3814280429153
"3081",2010-05-23,70.6067442697708,7950,8333,6265136,0.133005891651833,95.4038161526461
"3082",2010-05-24,76.3341644497379,87234,89839,6265136,1.43395131406565,97.1003684368704
"3083",2010-05-25,80.3562917037054,87465,88871,6265136,1.41850073166808,98.4179316087363
"3084",2010-05-26,81.2740458800535,76644,77768,6265136,1.2412819131141,98.5546754449131
"3085",2010-05-27,82.4248201438849,8119,8340,6265136,0.133117621069998,97.3501199040767
"3086",2010-05-28,72.7871017871018,1229,1287,6265136,0.020542251596773,95.4933954933955
"3087",2010-05-29,63.3134757600657,6670,7302,6265136,0.116549744490782,91.3448370309504
"3088",2010-05-30,66.0214195272932,27554,28432,6265136,0.453812973892346,96.911930219471
"3089",2010-05-31,67.0818263374097,20807,21179,6265136,0.338045335328714,98.2435431323481
"3090",2010-06-01,69.7163236356824,36450,37363,6265136,0.596363750124498,97.5564060701764
"3091",2010-06-02,74.465129513704,52897,54473,6265136,0.86946237080887,97.1068235639675
"3092",2010-06-03,74.2220763989724,35333,35812,6265136,0.571607703328388,98.6624595107785
"3093",2010-06-04,72.7358589568685,9258,9529,6265136,0.152095660812471,97.1560499527757
"3094",2010-06-05,73.8278826644658,55655,58158,6265136,0.92827992879963,95.6962068846934
"3095",2010-06-06,78.0550506005051,56974,58201,6265136,0.928966266654068,97.8917888008797
"3096",2010-06-07,78.809716387925,37327,38327,6265136,0.611750487140263,97.3908732747149
"3097",2010-06-08,72.7988403819918,14180,14660,6265136,0.233993324326878,96.7257844474761
"3098",2010-06-09,77.1102859020703,44533,45645,6265136,0.728555613158278,97.5638076459634
"3099",2010-06-10,78.5713497101849,66870,68837,6265136,1.09873113688194,97.1425250955155
"3100",2010-06-11,80.6285590789422,123439,127245,6265136,2.03100140204458,97.0089198003851
"3101",2010-06-12,78.1548351034097,6878,7156,6265136,0.114219388054784,96.1151481274455
"3102",2010-06-13,85.7563876861588,20724,21017,6265136,0.335459597365484,98.6058904696198
"3103",2010-06-14,81.5211575010729,77847,81555,6265136,1.30172752834097,95.4533750229906
"3104",2010-06-15,79.2107736689439,119323,126178,6265136,2.01397064644726,94.5671987192696
"3105",2010-06-16,82.3056030931102,58431,63108,6265136,1.00728858878722,92.5888952272295
"3106",2010-06-17,67.9899244332494,10340,11116,6265136,0.177426316044855,93.0190716084923
"3107",2010-06-18,71.0021351046794,15462,16861,6265136,0.269124245666814,91.7027459818516
"3108",2010-06-19,74.189749666716,38881,40506,6265136,0.646530258880254,95.9882486545203
"3109",2010-06-20,71.8245767022745,74380,82566,6265136,1.31786444859298,90.0855073516944
"3110",2010-06-21,84.4713835060838,32141,33285,6265136,0.531273383371087,96.5630163737419
"3111",2010-06-22,82.9935540918061,73517,78034,6265136,1.24552763100434,94.211497552349
"3112",2010-06-23,87.2923271397089,86823,89393,6265136,1.42683255399404,97.1250545344714
"3113",2010-06-24,82.1019073266114,131432,143709,6265136,2.29378899356694,91.457041660578
"3114",2010-06-25,78.1060153583618,20289,23440,6265136,0.374133937395772,86.5571672354949
"3115",2010-06-26,68.6587453143787,22471,28278,6265136,0.451354926692733,79.464601456963
"3116",2010-06-27,76.7020620185932,124391,145537,6265136,2.32296633305327,85.470361488831
"3117",2010-06-28,79.7846006224824,181639,205307,6265136,3.27697595072158,88.4718981817473
"3118",2010-06-29,79.9176892486863,126227,140820,6265136,2.247676666556,89.6371254083227
"3119",2010-06-30,79.5254543422113,149920,169971,6265136,2.71296584782836,88.2032817362962
"3120",2010-07-01,84.7966997290822,165446,178652,6265136,2.85152628769751,92.607975281553
"3121",2010-07-02,76.1356113398796,21816,25256,6265136,0.403119740736674,86.3794741843522
"3122",2010-07-03,79.4311687950366,64814,71886,6265136,1.14739727916521,90.162201263111
"3123",2010-07-04,78.7675943947061,47182,51380,6265136,0.820093929325716,91.8295056442196
"3124",2010-07-05,77.9829329375754,10043,10781,6265136,0.172079265318422,93.1546238753362
"3125",2010-07-06,72.0202133595047,121349,148763,6265136,2.37445763348154,81.5720306796717
"3126",2010-07-07,76.438545752095,121119,141764,6265136,2.26274417666273,85.4370644169183
"3127",2010-07-08,69.8171180355481,35946,45122,6265136,0.720207829486862,79.6640219848411
"3128",2010-07-09,79.4517436946483,70607,81637,6265136,1.30303635866803,86.4889694623761
"3129",2010-07-10,70.6928488395398,39571,49894,6265136,0.796375369983988,79.310137491482
"3130",2010-07-11,69.8876726886291,8002,9410,6265136,0.150196260703678,85.0371944739639
"3131",2010-07-12,79.4296919800115,42266,48828,6265136,0.779360575732115,86.5609895961334
"3132",2010-07-13,62.2235438446768,64459,93740,6265136,1.49621652267405,68.7636014508214
"3133",2010-07-14,69.586090723138,126655,166220,6265136,2.65309484103777,76.1972085188305
"3134",2010-07-15,71.43380208361,147493,188231,6265136,3.00442001578258,78.3574437791862
"3135",2010-07-16,67.051425259138,106974,146640,6265136,2.34057169708686,72.9500818330606
"3136",2010-07-17,59.2376455724906,39869,61739,6265136,0.985437506863378,64.5766857253924
"3137",2010-07-18,61.6789676545653,31347,38398,6265136,0.612883742667358,81.6370644304391
"3138",2010-07-19,66.2294520547945,975,1168,6265136,0.0186428514879805,83.4760273972603
"3139",2010-07-20,44.1095238095238,1699,3150,6265136,0.0502782381739199,53.9365079365079
"3140",2010-07-21,57.2165322109201,37409,51318,6265136,0.81910432590769,72.8964495888382
"3141",2010-07-22,69.9583227357858,73603,86498,6265136,1.38062445891039,85.0921408587482
"3142",2010-07-23,61.3063849737744,25215,34127,6265136,0.544712836241703,73.8857795880095
"3143",2010-07-24,62.8149417692244,52715,72642,6265136,1.15946405632695,72.5682112276644
"3144",2010-07-25,69.6590599317148,60645,74101,6265136,1.18275165934147,81.8410007962106
"3145",2010-07-26,59.3697866409349,30626,46635,6265136,0.744357345155796,65.6717058003645
"3146",2010-07-27,60.0914822801425,56091,85328,6265136,1.3619496847315,65.7357491093193
"3147",2010-07-28,59.3296824050739,55581,83723,6265136,1.33633172528098,66.3867754380517
"3148",2010-07-29,63.9207539424623,101890,146165,6265136,2.33299005799714,69.7088906372935
"3149",2010-07-30,54.1993643726868,43989,74572,6265136,1.19026945304938,58.9886284396288
"3150",2010-07-31,58.4331896395581,90186,138025,6265136,2.20306470601755,65.3403368954899
"3151",2010-08-01,58.2590793450993,74029,112811,6265136,1.80061534178987,65.6221467764668
"3152",2010-08-02,59.4224351762744,49053,73777,6265136,1.17758018341501,66.4882009298291
"3153",2010-08-03,61.4352822487722,133179,195271,6265136,3.11678788776493,68.2021395906202
"3154",2010-08-04,64.7624901529914,104722,144714,6265136,2.30983014574624,72.3648022997084
"3155",2010-08-05,63.7567068429238,66511,92592,6265136,1.47789289809511,71.8323397269743
"3156",2010-08-06,64.9996533764687,80170,112514,6265136,1.79587482219061,71.2533551380273
"3157",2010-08-07,58.3999328957921,78753,122198,6265136,1.95044449154815,64.4470449598193
"3158",2010-08-08,58.9691443788352,34365,51822,6265136,0.827148844015517,66.3135347921732
"3159",2010-08-09,52.9622463020296,30330,46512,6265136,0.742394099665195,65.2089783281734
"3160",2010-08-10,55.9157588446116,72702,112724,6265136,1.79922670473554,64.4955821298038
"3161",2010-08-11,39.1045907769007,13549,28884,6265136,0.461027502036668,46.9083229469603
"3162",2010-08-12,52.987321028118,29436,46376,6265136,0.740223356683718,63.472485768501
"3163",2010-08-13,60.4035402057397,23272,32371,6265136,0.516684713627924,71.8915078310834
"3164",2010-08-14,56.1405248557125,22126,31361,6265136,0.500563754721366,70.552597174835
"3165",2010-08-15,51.5761469491045,32566,45839,6265136,0.731652114175973,71.0443072492855
"3166",2010-08-16,49.7676452599388,31921,49050,6265136,0.782903994422467,65.0784913353721
"3167",2010-08-17,56.6606985505396,56114,78305,6265136,1.24985315562184,71.6608134857289
"3168",2010-08-18,68.6651523720344,82477,107861,6265136,1.72160668180228,76.4660071759023
"3169",2010-08-19,59.9777869116123,38042,55958,6265136,0.893164968805147,67.9831302047965
"3170",2010-08-20,61.9351414102327,82133,118874,6265136,1.89738897926557,69.0924844793647
"3171",2010-08-21,51.3460490463215,18366,30828,6265136,0.49205635759543,59.5757103931491
"3172",2010-08-22,60.5889275480966,72398,107492,6265136,1.71571694533048,67.3519889852268
"3173",2010-08-23,60.3196414533697,136366,202261,6265136,3.22835769247467,67.4208077681807
"3174",2010-08-24,57.1985790122463,103330,161437,6265136,2.57675172574067,64.0063925865818
"3175",2010-08-25,59.84385936043,63003,91155,6265136,1.45495644468053,69.1163402994899
"3176",2010-08-26,49.4984786727137,19985,34838,6265136,0.556061352858102,57.3655204087491
"3177",2010-08-27,71.0623729674797,19598,23616,6265136,0.376943134195331,82.9861111111111
"3178",2010-08-28,62.2282090228369,54596,75054,6265136,1.19796282155727,72.742292216271
"3179",2010-08-29,52.7385840080696,68596,110043,6265136,1.75643433757863,62.3356324345937
"3180",2010-08-30,44.2654206625981,38120,73408,6265136,1.17169044694321,51.9289450741064
"3181",2010-08-31,44.6413741490029,43049,82844,6265136,1.32230170262864,51.9639322099368
"3182",2010-09-01,43.4193499545776,9368,19814,6265136,0.316258098786682,47.2797012213586
"3183",2010-09-02,59.11227814165,46826,58934,6265136,0.940665932870412,79.4549835409102
"3184",2010-09-03,49.8718019893592,38774,64845,6265136,1.03501344583741,59.7948955200864
"3185",2010-09-04,44.5419996704293,25838,48548,6265136,0.774891399005544,53.2215539260114
"3186",2010-09-05,57.8170556035725,23777,27768,6265136,0.443214640512193,85.62734082397
"3187",2010-09-06,49.2840757025425,8876,15693,6265136,0.250481394178833,56.5602497929013
"3188",2010-09-07,48.4601981456661,44177,72371,6265136,1.15513853170945,61.042406488787
"3189",2010-09-08,50.952807732247,41342,62595,6265136,0.999100418570323,66.0468088505472
"3190",2010-09-09,68.6745340493705,19322,22159,6265136,0.353687453871712,87.1970756803105
"3191",2010-09-10,54.2655061172317,59340,82145,6265136,1.31114472215767,72.238115527421
"3192",2010-09-11,60.8948634519428,148234,201614,6265136,3.2180307019672,73.5236640312677
"3193",2010-09-12,61.74255311732,92130,114746,6265136,1.83150054523956,80.2903804925662
"3194",2010-09-13,52.7800120500075,26533,39834,6265136,0.635804234736485,66.6089270472461
"3195",2010-09-14,56.1366945214495,32631,50141,6265136,0.800317822310641,65.0784786900939
"3196",2010-09-15,52.2705135233918,13808,21888,6265136,0.349361929254209,63.0847953216374
"3197",2010-09-16,53.9084369747899,21271,29750,6265136,0.474850027198133,71.4991596638655
"3198",2010-09-17,52.7359813084112,15779,25680,6265136,0.409887351208338,61.4447040498442
"3199",2010-09-18,63.044949180393,116947,150926,6265136,2.4089820236943,77.4863177981262
"3200",2010-09-19,55.3177857142857,100515,140000,6265136,2.23458836328533,71.7964285714286
"3201",2010-09-20,61.0338514153769,73923,91813,6265136,1.46545900998797,80.5147419210787
"3202",2010-09-21,45.3907933398629,2503,5105,6265136,0.0814826685326544,49.0303623898139
"3203",2010-09-22,51.5255068937551,16346,24660,6265136,0.393606778847259,66.2854825628548
"3204",2010-09-23,49.6237678378702,24855,41695,6265136,0.665508298622727,59.611464204341
"3205",2010-09-24,53.0113192646865,61303,91172,6265136,1.45522778755322,67.2388452595095
"3206",2010-09-25,55.4794178127417,73476,106014,6265136,1.69212607675236,69.3078272680967
"3207",2010-09-26,69.5312853221379,131269,148632,6265136,2.37236669722732,88.3181279939717
"3208",2010-09-27,67.877098859657,151231,178192,6265136,2.84418406878957,84.8696911196911
"3209",2010-09-28,59.3628372661465,32038,42548,6265136,0.679123326293316,75.2984864153427
"3210",2010-09-29,61.5529434397845,79901,103960,6265136,1.65934147319388,76.8574451712197
"3211",2010-09-30,55.5089737233515,27065,40340,6265136,0.643880675535216,67.0922161626177
"3212",2010-10-01,58.5388052123879,40799,59090,6265136,0.94315590276093,69.0455237772889
"3213",2010-10-02,65.2042359327291,80522,103165,6265136,1.64665220355951,78.0516648088014
"3214",2010-10-03,64.4507389415522,73931,97369,6265136,1.5541402453195,75.9286836672863
"3215",2010-10-04,50.0100314483723,36110,68684,6265136,1.09628905102778,52.5741075068429
"3216",2010-10-05,57.8726424132928,54096,73062,6265136,1.16616782141681,74.0412252607374
"3217",2010-10-06,53.0751877422481,20095,33024,6265136,0.527107472208105,60.8496850775194
"3218",2010-10-07,68.0645237147715,42651,55282,6265136,0.882375099279569,77.1516949459137
"3219",2010-10-08,56.1069669058584,24687,37348,6265136,0.596124329942718,66.0999250294527
"3220",2010-10-09,50.3604390122225,11507,20045,6265136,0.319945169586103,57.4058368670491
"3221",2010-10-10,55.3945229211087,10142,15008,6265136,0.239547872544187,67.5772921108742
"3222",2010-10-11,51.5021268368136,2680,5172,6265136,0.0825520786779409,51.8174787316319
"3223",2010-10-12,60.8681780016793,4723,5955,6265136,0.0950498121668867,79.311502938707
"3224",2010-10-13,66.2394132300028,3232,3613,6265136,0.0576683411182136,89.454746747855
"3225",2010-10-14,64.2628361858191,1387,1636,6265136,0.0261127611595343,84.7799511002445
"3226",2010-10-15,39.884328358209,198,536,6265136,0.00855528116229241,36.9402985074627
"3227",2010-10-16,43.1472684085511,266,842,6265136,0.0134394528706161,31.5914489311164
"3228",2010-10-17,65.407196969697,471,528,6265136,0.0084275903986761,89.2045454545455
"3229",2010-10-18,54.5255972696246,205,293,6265136,0.00467667421744716,69.9658703071672
"3230",2010-10-19,75.878084179971,1306,1378,6265136,0.0219947340329085,94.7750362844702
"3231",2010-10-20,64.4619205298013,570,604,6265136,0.009640652653031,94.3708609271523
"3232",2010-10-21,56.4207792207792,332,385,6265136,0.00614511799903466,86.2337662337662
"3233",2010-10-22,63.1951219512195,36,41,6265136,0.000654415163533561,87.8048780487805
"3234",2010-10-23,46,0,5,6265136,7.98067272601904e-05,0
"3235",2010-10-24,58.4672727272727,431,550,6265136,0.00877873999862094,78.3636363636364
"3236",2010-10-25,56.1882352941176,125,170,6265136,0.00271342872684647,73.5294117647059
"3237",2010-10-26,66.1095530236635,1012,1141,6265136,0.0182118951607754,88.6941279579316
"3238",2010-10-27,73.1494057724958,1122,1178,6265136,0.0188024649425008,95.2461799660441
"3239",2010-10-28,53.3684210526316,508,646,6265136,0.0103110291620166,78.6377708978328
"3240",2010-10-29,NA,NA,0,6265136,0,NA
"3241",2010-10-30,43.7706093189964,14,279,6265136,0.00445321538111862,5.01792114695341
"3242",2010-10-31,NA,NA,0,6265136,0,NA
"3243",2010-11-01,NA,NA,0,6265136,0,NA
"3244",2010-11-02,NA,NA,0,6265136,0,NA
"3245",2010-11-03,NA,NA,0,6265136,0,NA
"3246",2010-11-04,NA,NA,0,6265136,0,NA
"3247",2010-11-05,NA,NA,0,6265136,0,NA
"3248",2010-11-06,NA,NA,0,6265136,0,NA
"3249",2010-11-07,NA,NA,0,6265136,0,NA
"3250",2010-11-08,NA,NA,0,6265136,0,NA
"3251",2010-11-09,NA,NA,0,6265136,0,NA
"3252",2010-11-10,NA,NA,0,6265136,0,NA
"3253",2010-11-11,NA,NA,0,6265136,0,NA
"3254",2010-11-12,NA,NA,0,6265136,0,NA
"3255",2010-11-13,NA,NA,0,6265136,0,NA
"3256",2010-11-14,NA,NA,0,6265136,0,NA
"3257",2010-11-15,NA,NA,0,6265136,0,NA
"3258",2010-11-16,NA,NA,0,6265136,0,NA
"3259",2010-11-17,NA,NA,0,6265136,0,NA
"3260",2010-11-18,NA,NA,0,6265136,0,NA
"3261",2010-11-19,NA,NA,0,6265136,0,NA
"3262",2010-11-20,NA,NA,0,6265136,0,NA
"3263",2010-11-21,NA,NA,0,6265136,0,NA
"3264",2010-11-22,NA,NA,0,6265136,0,NA
"3265",2010-11-23,NA,NA,0,6265136,0,NA
"3266",2010-11-24,NA,NA,0,6265136,0,NA
"3267",2010-11-25,NA,NA,0,6265136,0,NA
"3268",2010-11-26,NA,NA,0,6265136,0,NA
"3269",2011-01-16,NA,NA,0,6265136,0,NA
"3270",2011-01-18,NA,NA,0,6265136,0,NA
"3271",2011-01-19,NA,NA,0,6265136,0,NA
"3272",2011-01-20,NA,NA,0,6265136,0,NA
"3273",2011-01-21,NA,NA,0,6265136,0,NA
"3274",2011-01-22,NA,NA,0,6265136,0,NA
"3275",2011-01-23,NA,NA,0,6265136,0,NA
"3276",2011-01-24,NA,NA,0,6265136,0,NA
"3277",2011-01-25,NA,NA,0,6265136,0,NA
"3278",2011-01-26,NA,NA,0,6265136,0,NA
"3279",2011-01-27,NA,NA,0,6265136,0,NA
"3280",2011-01-28,NA,NA,0,6265136,0,NA
"3281",2011-01-29,NA,NA,0,6265136,0,NA
"3282",2011-01-30,NA,NA,0,6265136,0,NA
"3283",2011-01-31,NA,NA,0,6265136,0,NA
"3284",2011-02-01,NA,NA,0,6265136,0,NA
"3285",2011-02-02,NA,NA,0,6265136,0,NA
"3286",2011-02-03,NA,NA,0,6265136,0,NA
"3287",2011-02-04,NA,NA,0,6265136,0,NA
"3288",2011-02-05,NA,NA,0,6265136,0,NA
"3289",2011-02-06,NA,NA,0,6265136,0,NA
"3290",2011-02-07,NA,NA,0,6265136,0,NA
"3291",2011-02-08,NA,NA,0,6265136,0,NA
"3292",2011-02-09,NA,NA,0,6265136,0,NA
"3293",2011-02-10,NA,NA,0,6265136,0,NA
"3294",2011-02-11,NA,NA,0,6265136,0,NA
"3295",2011-02-12,51.375,14,24,6265136,0.000383072290848914,58.3333333333333
"3296",2011-02-13,NA,NA,0,6265136,0,NA
"3297",2011-02-14,NA,NA,0,6265136,0,NA
"3298",2011-02-15,NA,NA,0,6265136,0,NA
"3299",2011-02-16,76.1572890025575,733,782,6265136,0.0124817721434938,93.7340153452685
"3300",2011-02-17,65.3505976095618,439,502,6265136,0.00801259541692311,87.4501992031873
"3301",2011-02-18,62.8114754098361,380,488,6265136,0.00778913658059458,77.8688524590164
"3302",2011-02-19,52.3333333333333,2,3,6265136,4.78840363561142e-05,66.6666666666667
"3303",2011-02-20,NA,NA,0,6265136,0,NA
"3304",2011-02-21,45.6363636363636,0,11,6265136,0.000175574799972419,0
"3305",2011-02-22,59.0419452887538,1177,1645,6265136,0.0262564132686026,71.5501519756839
"3306",2011-02-23,NA,NA,0,6265136,0,NA
"3307",2011-02-24,67.4701815038894,1052,1157,6265136,0.0184672766880081,90.9248055315471
"3308",2011-02-25,72.1860465116279,401,473,6265136,0.00754971639881401,84.7780126849894
"3309",2011-02-26,70.56912209889,847,991,6265136,0.0158176933429697,85.4692230070636
"3310",2011-02-27,54.1025641025641,276,390,6265136,0.00622492472629485,70.7692307692308
"3311",2011-02-28,64.1966731898239,890,1022,6265136,0.0163124950519829,87.0841487279843
"3312",2011-03-01,59.1288564138251,6647,8622,6265136,0.137618720487472,77.0934817907678
"3313",2011-03-02,66.6117593228094,12363,13113,6265136,0.209301122912575,94.2804850148707
"3314",2011-03-03,55.7783453952036,6358,7047,6265136,0.112479601400512,90.2227898396481
"3315",2011-03-04,60.0565254417713,23696,28182,6265136,0.449822637529337,84.0820381803988
"3316",2011-03-05,62.1753035631345,14739,15071,6265136,0.240553437307666,97.7970937562205
"3317",2011-03-06,63.6334321852222,53950,55976,6265136,0.893452273023283,96.3805916821495
"3318",2011-03-07,59.9737370212023,10200,11461,6265136,0.182932980225808,88.9974696797836
"3319",2011-03-08,64.3221324899757,31436,35414,6265136,0.565255087838476,88.7671542327893
"3320",2011-03-09,57.3900462962963,732,864,6265136,0.0137906024705609,84.7222222222222
"3321",2011-03-10,57.806770504052,16009,17399,6265136,0.27771144952001,92.0110351169608
"3322",2011-03-11,69.8505230943233,118573,120246,6265136,1.91928794522577,98.6086855280009
"3323",2011-03-12,70.0811802117587,164116,166038,6265136,2.6501898761655,98.8424336597646
"3324",2011-03-13,65.01054983506,93105,94883,6265136,1.51446034052573,98.1261132131151
"3325",2011-03-14,69.5656522070208,116428,118191,6265136,1.88648738032183,98.5083466592211
"3326",2011-03-15,59.5956081914631,3986,4053,6265136,0.0646913331171103,98.3469035282507
"3327",2011-03-16,66.3711155355292,83861,85887,6265136,1.37087207683919,97.6410865439473
"3328",2011-03-17,62.8528508023216,2670,2929,6265136,0.0467507808290195,91.1573916012291
"3329",2011-03-18,67.0486503252173,106251,109619,6265136,1.74966672710696,96.9275399337706
"3330",2011-03-19,59.0573177207054,30597,35783,6265136,0.571144824310278,85.5070843696728
"3331",2011-03-20,62.541646086018,52121,54663,6265136,0.872495026444757,95.3496880888352
"3332",2011-03-21,67.603681436948,66205,67365,6265136,1.07523603637654,98.2780375565947
"3333",2011-03-22,67.2486706032036,121931,122612,6265136,1.95705248856529,99.4445894365967
"3334",2011-03-23,66.4413393348661,61371,61762,6265136,0.985804617808775,99.3669246462226
"3335",2011-03-24,60.3207230934993,8031,8353,6265136,0.133325118560874,96.1450975697354
"3336",2011-03-25,72.1230806925841,97693,97952,6265136,1.56344570971803,99.7355847762169
"3337",2011-03-26,72.863018009118,136243,136653,6265136,2.18116574005736,99.6999699969997
"3338",2011-03-27,70.3434222397654,70374,70936,6265136,1.13223400098577,99.2077365512575
"3339",2011-03-28,66.2294840735756,55564,55725,6265136,0.889445975314822,99.7110812023329
"3340",2011-03-29,69.3532718281459,88659,88773,6265136,1.41693651981378,99.8715825757832
"3341",2011-03-30,72.5429654892795,167662,167716,6265136,2.67697301383402,99.967802714112
"3342",2011-03-31,72.0067476564123,149189,149237,6265136,2.38202331122581,99.9678363944598
"3343",2011-04-01,70.6968735803751,123228,123272,6265136,1.96758697656364,99.9643065740801
"3344",2011-04-02,65.9083873443629,46643,46904,6265136,0.748650947082394,99.4435442606174
"3345",2011-04-03,68.8753705032604,63788,64102,6265136,1.02315416616654,99.5101556893701
"3346",2011-04-04,73.5502195164784,84971,85415,6265136,1.36333832178583,99.4801849792191
"3347",2011-04-05,65.6887521917848,34191,34789,6265136,0.555279246930953,98.2810658541493
"3348",2011-04-06,72.2444516798292,131923,132067,6265136,2.10796700981431,99.8909644347187
"3349",2011-04-07,70.3807189385727,104155,104237,6265136,1.66376276588409,99.9213331158802
"3350",2011-04-08,73.1165182133494,122396,122822,6265136,1.96040437111022,99.653156600609
"3351",2011-04-09,68.8479152180689,41603,41707,6265136,0.665699834768152,99.750641379145
"3352",2011-04-10,62.2016833484986,21896,21980,6265136,0.350830373035797,99.6178343949045
"3353",2011-04-11,70.4960274355234,63390,64442,6265136,1.02858102362024,98.3675242854039
"3354",2011-04-12,71.7963520267972,76191,76426,6265136,1.21986178751746,99.6925130191296
"3355",2011-04-13,69.4397429869926,37808,38286,6265136,0.61109607197673,98.7515018544638
"3356",2011-04-14,67.2770592376546,49073,49715,6265136,0.793518289148073,98.708639243689
"3357",2011-04-15,62.6271241301181,6033,6179,6265136,0.0986251535481432,97.6371581162
"3358",2011-04-16,67.5373069456115,33319,34511,6265136,0.550841992895286,96.5460288024108
"3359",2011-04-17,71.6081835528021,42137,42451,6265136,0.677575075784468,99.260323667287
"3360",2011-04-18,72.9496365709399,55924,56132,6265136,0.895942242913801,99.6294448799259
"3361",2011-04-19,71.5492580435136,147346,147448,6265136,2.35346846421211,99.930823069828
"3362",2011-04-20,68.9259990133202,46531,46621,6265136,0.744133886319467,99.8069539477918
"3363",2011-04-21,72.8282036842062,122408,122523,6265136,1.95563192882006,99.90614007166
"3364",2011-04-22,72.8619597653316,49147,49261,6265136,0.786271838312847,99.7685796065853
"3365",2011-04-23,72.9392463200693,132520,132815,6265136,2.11990609621244,99.7778865339005
"3366",2011-04-24,79.4044641378168,23677,24148,6265136,0.385434569975815,98.0495279112142
"3367",2011-04-25,64.784316073032,15800,16705,6265136,0.266634275776296,94.5824603412152
"3368",2011-04-26,81.6966627492678,160400,160821,6265136,2.56691953694221,99.7382182675148
"3369",2011-04-27,70.253367003367,24687,24948,6265136,0.398203646337446,98.953823953824
"3370",2011-04-28,76.7930827802073,44632,45047,6265136,0.719010728577959,99.0787399826848
"3371",2011-04-29,79.9651818262648,111860,112470,6265136,1.79517252299072,99.4576331466169
"3372",2011-04-30,79.0574477095023,131713,132242,6265136,2.11076024526842,99.5999758019389
"3373",2011-05-01,73.2649572649573,1798,1872,6265136,0.0298796386862153,96.0470085470085
"3374",2011-05-02,67.4576368876081,11784,12145,6265136,0.193850540515002,97.027583367641
"3375",2011-05-03,67.2816335895377,25968,26151,6265136,0.417405144916248,99.3002179648962
"3376",2011-05-04,73.6001896666784,142190,142355,6265136,2.27217733182488,99.8840925854378
"3377",2011-05-05,77.2096734420685,198154,198709,6265136,3.17166299342903,99.7206970997791
"3378",2011-05-06,79.286394808303,129830,130362,6265136,2.08075291581859,99.5919056166674
"3379",2011-05-07,72.7368977308051,31947,32170,6265136,0.513476483192065,99.3068075847062
"3380",2011-05-08,69.8969557421143,48855,49076,6265136,0.78331898940422,99.5496780503708
"3381",2011-05-09,75.2267194259079,89005,89463,6265136,1.42794984817568,99.4880565149839
"3382",2011-05-10,77.4042401087568,169976,170656,6265136,2.72389936946301,99.6015375960998
"3383",2011-05-11,78.8354925032466,253066,254110,6265136,4.05593749281739,99.5891543032545
"3384",2011-05-12,76.8672099117172,152504,153031,6265136,2.44258065587084,99.6556253308153
"3385",2011-05-13,75.4943850690286,43636,44257,6265136,0.706401265670849,98.5968321395486
"3386",2011-05-14,79.0208105147864,12397,12782,6265136,0.204017917567951,96.9879518072289
"3387",2011-05-15,75.7341735357017,96148,96326,6265136,1.53749256201302,99.8152108465004
"3388",2011-05-16,75.6789740336559,115712,116651,6265136,1.86190690832569,99.1950347618109
"3389",2011-05-17,76.6896231011116,156703,158053,6265136,2.52273853273097,99.1458561368655
"3390",2011-05-18,70.256659101352,71575,71819,6265136,1.14632786901992,99.6602570350464
"3391",2011-05-19,73.1720345702506,125461,126120,6265136,2.01304488841104,99.4774817633999
"3392",2011-05-20,69.6588562351072,87710,88130,6265136,1.40667337468812,99.5234312946783
"3393",2011-05-21,74.2214203143062,95467,96021,6265136,1.53262435165015,99.4230428760375
"3394",2011-05-22,76.2086725998864,162519,163711,6265136,2.6130478252986,99.2718876556859
"3395",2011-05-23,78.36346274827,44213,44508,6265136,0.710407563379311,99.3371978071358
"3396",2011-05-24,75.7698505891404,73416,74091,6265136,1.18259204588695,99.0889581730574
"3397",2011-05-25,76.8317644661777,97520,98160,6265136,1.56676566957206,99.3480032599837
"3398",2011-05-26,71.7442128486285,29781,30369,6265136,0.484730100032944,98.0638150745826
"3399",2011-05-27,75.4781752006952,115178,116221,6265136,1.85504352978132,99.1025718243691
"3400",2011-05-28,77.948861956843,40224,40596,6265136,0.647966779970938,99.0836535619273
"3401",2011-05-29,69.1181100125014,34783,35196,6265136,0.561775514529932,98.8265712012729
"3402",2011-05-30,79.1699549733934,36151,36645,6265136,0.584903504089935,98.6519306863146
"3403",2011-05-31,75.1734226295383,19765,19859,6265136,0.316976359332024,99.5266629739665
"3404",2011-06-01,67.099173553719,14149,14278,6265136,0.2278960903642,99.0965121165429
"3405",2011-06-02,81.4696072626801,19370,20268,6265136,0.323504549621908,95.5693704361555
"3406",2011-06-03,78.2522168215705,119000,121796,6265136,1.94402803067643,97.7043581069986
"3407",2011-06-04,75.4213677331838,75720,76667,6265136,1.2237084717714,98.7647879791827
"3408",2011-06-05,77.813672260612,112549,117508,6265136,1.87558578137809,95.7798617966436
"3409",2011-06-06,75.5270910698497,54655,56550,6265136,0.902614085312753,96.6489832007073
"3410",2011-06-07,72.4270126535852,10208,10906,6265136,0.174074433499927,93.599853291766
"3411",2011-06-08,76.9245178188745,95121,100792,6265136,1.60877593080182,94.3735613937614
"3412",2011-06-09,75.3359626749611,77470,80375,6265136,1.28289314070756,96.3856920684292
"3413",2011-06-10,79.809003919932,132405,134186,6265136,2.14178910082718,98.6727378415036
"3414",2011-06-11,78.7984739121468,209141,218205,6265136,3.48284538436197,95.8461080176898
"3415",2011-06-12,81.8170886105518,205321,214049,6265136,3.4165100326633,95.9224289765427
"3416",2011-06-13,83.0946034013302,215977,224030,6265136,3.57582022162009,96.4053921349819
"3417",2011-06-14,83.3017110250183,224877,237986,6265136,3.79857675874873,94.4916927886514
"3418",2011-06-15,79.8124553582424,150999,162404,6265136,2.59218634679279,92.977389719465
"3419",2011-06-16,83.5564588573482,86190,89056,6265136,1.4214535805767,96.7818002155947
"3420",2011-06-17,83.0921454140015,65482,68164,6265136,1.08798915139272,96.0653717504841
"3421",2011-06-18,81.173067543039,119999,125061,6265136,1.99614182357733,95.9523752408824
"3422",2011-06-19,74.1610451793336,122592,136589,6265136,2.18014421394843,89.7524690860904
"3423",2011-06-20,70.3250139811937,64973,76889,6265136,1.22725189046176,84.5023345341987
"3424",2011-06-21,77.9831796741992,97124,107489,6265136,1.71566906129412,90.3571528249402
"3425",2011-06-22,81.018581888539,119504,131795,6265136,2.10362552385136,90.6741530407072
"3426",2011-06-23,74.2956542368116,98095,113812,6265136,1.81659264858736,86.1903841422697
"3427",2011-06-24,71.2693138724755,113569,136068,6265136,2.17182835296792,83.4648852044566
"3428",2011-06-25,71.6881001024105,163748,192363,6265136,3.0703722951904,85.1244782000697
"3429",2011-06-26,72.5258647545798,165457,195807,6265136,3.12534316892722,84.5000434100926
"3430",2011-06-27,76.5230403219531,78778,89951,6265136,1.43573898475628,87.5787928983558
"3431",2011-06-28,63.5984016606124,35091,48175,6265136,0.768937817151934,72.8406850025947
"3432",2011-06-29,64.346721188636,36040,46709,6265136,0.745538484719246,77.158577576056
"3433",2011-06-30,71.2108728534567,9439,11239,6265136,0.179389561535456,83.9843402437939
"3434",2011-07-01,53.345097050668,2833,3967,6265136,0.063318657408235,71.414166876733
"3435",2011-07-02,59.2190904784462,2872,4222,6265136,0.0673888004985047,68.0246328754145
"3436",2011-07-03,69.5825781306042,34395,41821,6265136,0.667519428149684,82.2433705554626
"3437",2011-07-04,62.4260996119017,8652,12368,6265136,0.197409920550807,69.9547218628719
"3438",2011-07-05,61.1518162747047,7300,9057,6265136,0.144561905759109,80.6006403886497
"3439",2011-07-06,57.0796289540883,14251,19189,6265136,0.306282257879159,74.2665068528845
"3440",2011-07-07,61.1519713668901,44630,52806,6265136,0.842854807940322,84.5169109570882
"3441",2011-07-08,65.3574037261338,16775,21631,6265136,0.345259863473036,77.5507373676668
"3442",2011-07-09,66.2219105942089,89350,116592,6265136,1.86096518894402,76.6347605324551
"3443",2011-07-10,69.76179647527,1393,1759,6265136,0.028076006650135,79.1927231381467
"3444",2011-07-11,74.0833842394624,16818,19644,6265136,0.313544670059836,85.6139279169212
"3445",2011-07-12,63.8148322896114,16861,23314,6265136,0.372122807868816,72.3213519773527
"3446",2011-07-13,78.3800303720577,54784,63216,6265136,1.00901241409604,86.6616046570489
"3447",2011-07-14,60.9829398928784,4312,5041,6265136,0.0804611424237239,85.5385836143622
"3448",2011-07-15,49.8297577012054,22915,41065,6265136,0.655452650987943,55.8017776695483
"3449",2011-07-16,61.5018675940237,42684,62112,6265136,0.991391088716989,68.7210200927357
"3450",2011-07-17,64.8863920844013,13830,16777,6265136,0.267783492648843,82.434285033081
"3451",2011-07-18,64.8734140072067,65001,85199,6265136,1.35989067116819,76.2931489806218
"3452",2011-07-19,63.3380392744188,157352,227018,6265136,3.62351272183078,69.3125655234387
"3453",2011-07-20,70.6320151385068,89604,114146,6265136,1.82192373796834,78.4994655966919
"3454",2011-07-21,62.7198181645389,44469,63134,6265136,1.00770358376897,70.4358982481706
"3455",2011-07-22,53.9164541341012,14582,24310,6265136,0.388020307939046,59.9835458658988
"3456",2011-07-23,64.7051195042785,49267,67780,6265136,1.08185999473914,72.6866332251402
"3457",2011-07-24,48.8609286957952,39048,72941,6265136,1.16423649861711,53.5336779040594
"3458",2011-07-25,57.3130620030221,102482,161476,6265136,2.5773742182133,63.4657781961406
"3459",2011-07-26,52.9971910275048,102618,172661,6265136,2.75590186709435,59.4332246425076
"3460",2011-07-27,67.2526441991854,88702,121776,6265136,1.94370880376739,72.8402969386414
"3461",2011-07-28,64.7281340848413,117722,168550,6265136,2.69028477594102,69.843963215663
"3462",2011-07-29,62.0546051833394,73885,107151,6265136,1.71027412653133,68.9540928222789
"3463",2011-07-30,66.3617798606649,58538,79377,6265136,1.26696371794643,73.7468032301548
"3464",2011-07-31,62.5389870909179,98013,144317,6265136,2.30349349160178,67.9150758399911
"3465",2011-08-01,58.1220947225293,49444,78693,6265136,1.25604615765723,62.831509791214
"3466",2011-08-02,50.3114454326324,7373,12031,6265136,0.19203094713347,61.2833513423656
"3467",2011-08-03,45.1764340745609,13579,27387,6265136,0.437133367894967,49.5819184284515
"3468",2011-08-04,57.3653597587247,4923,6963,6265136,0.111138848382541,70.702283498492
"3469",2011-08-05,48.0125624633595,60658,107463,6265136,1.71525406631237,56.4454742562556
"3470",2011-08-06,50.4602529617124,9620,17473,6265136,0.278892589083461,55.0563726892921
"3471",2011-08-07,45.9804347826087,5415,11040,6265136,0.1762132537905,49.0489130434783
"3472",2011-08-08,45.9669490977298,7653,15461,6265136,0.246778362033961,49.4987387620464
"3473",2011-08-09,42.1363290175171,32894,69589,6265136,1.11073406866188,47.2689649226171
"3474",2011-08-10,48.8202197412724,7381,11286,6265136,0.180139744771702,65.3996101364523
"3475",2011-08-11,46.0015125072717,9932,17190,6265136,0.274375528320534,57.7777777777778
"3476",2011-08-12,39.2184674989238,8586,18584,6265136,0.296625643880676,46.2010331467929
"3477",2011-08-13,69.2910391115017,41752,50062,6265136,0.79905687601993,83.4005832767369
"3478",2011-08-14,38.8482520343683,39710,87988,6265136,1.40440686363393,45.1311542483066
"3479",2011-08-15,58.2837000640889,26753,37448,6265136,0.597720464487922,71.4403973509934
"3480",2011-08-16,51.5138198308301,89482,155465,6265136,2.4814305707011,57.5576496317499
"3481",2011-08-17,54.5956819373775,131502,217366,6265136,3.46945381552771,60.4979619627725
"3482",2011-08-18,54.9550572663516,141753,237836,6265136,3.79618255693093,59.601153736188
"3483",2011-08-19,52.8733540857719,107484,184396,6265136,2.94320825597401,58.2897676739192
"3484",2011-08-20,52.9477542633589,99551,172282,6265136,2.74985251716802,57.7837498984224
"3485",2011-08-21,50.8131091038745,28566,50484,6265136,0.80579256380069,56.5842643213691
"3486",2011-08-22,67.011078807101,32681,45402,6265136,0.724677006213433,71.9814105105502
"3487",2011-08-23,55.0322635175928,27132,41409,6265136,0.660943353823444,65.5219879736289
"3488",2011-08-24,56.0213697219361,9749,11652,6265136,0.185981597207148,83.6680398214899
"3489",2011-08-25,51.5644284454893,15970,27224,6265136,0.434531668586285,58.6614751689686
"3490",2011-08-26,63.0936059165128,63428,96949,6265136,1.54743648022964,65.4240889539861
"3491",2011-08-27,62.5660992961098,105700,159684,6265136,2.54877148716325,66.1932316324741
"3492",2011-08-28,64.5135386806405,43024,54769,6265136,0.874186929062673,78.5553871715752
"3493",2011-08-29,38.6216362978159,7257,16574,6265136,0.264543339522079,43.785447085797
"3494",2011-08-30,51.2296255506608,7671,12712,6265136,0.202900623386308,60.3445563247325
"3495",2011-08-31,54.3983086766101,35291,49547,6265136,0.79083678311213,71.2273195148041
"3496",2011-09-01,52.0886550777676,7924,10930,6265136,0.174457505790776,72.4977127172919
"3497",2011-09-02,40.5038265961272,16356,38938,6265136,0.621502869211458,42.0052390980533
"3498",2011-09-03,50.4361651637399,15339,23177,6265136,0.369936103541886,66.1819907667084
"3499",2011-09-04,44.5279033208882,9410,20356,6265136,0.324909148021687,46.227156612301
"3500",2011-09-05,43.6755668911649,10435,25093,6265136,0.400518041427991,41.5853026740525
"3501",2011-09-06,59.7000932129797,79710,125519,6265136,2.00345211979437,63.5043300217497
"3502",2011-09-07,50.0357848518112,9938,18220,6265136,0.290815714136134,54.5444566410538
"3503",2011-09-08,28.4485959254307,2526,12713,6265136,0.20291658473176,19.8694249980335
"3504",2011-09-09,52.1493339730203,41162,70868,6265136,1.13114862949503,58.0826324998589
"3505",2011-09-10,43.6667070584671,7425,16505,6265136,0.263442006685888,44.9863677673432
"3506",2011-09-11,42.2982126873213,14591,34633,6265136,0.552789277040435,42.130338116825
"3507",2011-09-12,50.3937662155529,18014,28522,6265136,0.45524949498303,63.1582637963677
"3508",2011-09-13,48.6963081275955,62174,109565,6265136,1.74880481445255,56.7462237028248
"3509",2011-09-14,44.6891880592023,6710,11959,6265136,0.190881730260923,56.1083702650723
"3510",2011-09-15,48.3292472233649,11649,24310,6265136,0.388020307939046,47.9185520361991
"3511",2011-09-16,38.0674212174313,11135,34811,6265136,0.555630396530897,31.9870155985177
"3512",2011-09-17,48.2384227816152,58109,103803,6265136,1.65683554195791,55.9800776470815
"3513",2011-09-18,58.834969235741,115340,157813,6265136,2.51890780982248,73.0865011120757
"3514",2011-09-19,64.7253060739332,86963,117782,6265136,1.87995919003195,73.8338625596441
"3515",2011-09-20,49.1659325952062,45464,82190,6265136,1.31186298270301,55.3157318408566
"3516",2011-09-21,53.4203083260919,96286,155355,6265136,2.47967482270137,61.9780502719578
"3517",2011-09-22,48.5369867390957,27277,50072,6265136,0.79921648947445,54.4755552005113
"3518",2011-09-23,44.4897843681023,25758,53007,6265136,0.846063038376182,48.5935819797385
"3519",2011-09-24,50.0016417736968,78607,137656,6265136,2.19717496954575,57.1039402568722
"3520",2011-09-25,48.1904093736439,39396,69130,6265136,1.10340781109939,56.9882829451758
"3521",2011-09-26,45.0735727295213,20423,44473,6265136,0.709848916288489,45.9222449576147
"3522",2011-09-27,42.0809675793717,39358,89295,6265136,1.42526834213974,44.0763760568901
"3523",2011-09-28,53.8223175009744,48420,71836,6265136,1.14659921189261,67.4035302633777
"3524",2011-09-29,54.8598515220406,68401,106009,6265136,1.6920462700251,64.5237668499844
"3525",2011-09-30,57.6630370199711,58741,82469,6265136,1.31631619808413,71.2279765730153
"3526",2011-10-01,54.6266297400937,14633,23470,6265136,0.374612777759334,62.3476778866638
"3527",2011-10-02,56.2328036348019,32520,44239,6265136,0.706113961452712,73.5097990460905
"3528",2011-10-03,60.7563710760182,61439,78205,6265136,1.24825702107664,78.5614730515952
"3529",2011-10-04,62.4855436107481,73838,91067,6265136,1.45355184628075,81.0809623683661
"3530",2011-10-05,65.9910845269059,123778,141103,6265136,2.25219372731893,87.7217351863532
"3531",2011-10-06,67.9704120337962,107594,122854,6265136,1.96091513416469,87.5787520145864
"3532",2011-10-07,64.714537948871,69336,80424,6265136,1.28367524663471,86.2130707251567
"3533",2011-10-08,66.0243618112148,83698,92645,6265136,1.47873884940407,90.3427060283879
"3534",2011-10-09,59.5581001805054,21552,26592,6265136,0.424444098260596,81.0469314079422
"3535",2011-10-10,56.2152886659001,22800,28701,6265136,0.458106575818945,79.4397407755827
"3536",2011-10-11,55.8519904544961,13596,18438,6265136,0.294295287444678,73.7390172469899
"3537",2011-10-12,60.4127843986999,8138,10153,6265136,0.162055540374543,80.1536491677337
"3538",2011-10-13,67.9396689802456,3274,3746,6265136,0.0597912000633346,87.3998932194341
"3539",2011-10-14,52.2129144851658,312,573,6265136,0.00914585094401782,54.4502617801047
"3540",2011-10-15,15.139650872818,24,401,6265136,0.00640049952626727,5.98503740648379
"3541",2011-10-16,47.5080510827318,893,1801,6265136,0.0287463831591206,49.5835646862854
"3542",2011-10-17,43.7316017316017,204,462,6265136,0.00737414159884159,44.1558441558442
"3543",2011-10-18,42.5589225589226,143,297,6265136,0.00474051959925531,48.1481481481481
"3544",2011-10-19,67.5219298245614,195,228,6265136,0.00363918676306468,85.5263157894737
"3545",2011-10-20,16.1666666666667,0,6,6265136,9.57680727122284e-05,0
"3546",2011-10-21,NA,NA,0,6265136,0,NA
"3547",2011-10-22,68.4697802197802,882,1092,6265136,0.0174297892336256,80.7692307692308
"3548",2011-10-23,70.1148148148148,244,270,6265136,0.00430956327205028,90.3703703703704
"3549",2011-10-24,75.2442613301942,1661,1699,6265136,0.0271183259230127,97.7633902295468
"3550",2011-10-25,47.64,22,50,6265136,0.000798067272601904,44
"3551",2011-10-26,43.8703703703704,17,54,6265136,0.000861912654410056,31.4814814814815
"3552",2011-10-27,62.9714086471409,1059,1434,6265136,0.0228885693782226,73.8493723849372
"3553",2011-10-28,50.9941944847605,466,689,6265136,0.0109973670164542,67.6342525399129
"3554",2011-10-29,59.6347177848775,658,939,6265136,0.0149877033794638,70.0745473908413
"3555",2011-10-30,37.0153846153846,9,65,6265136,0.00103748745438247,13.8461538461538
"3556",2011-10-31,NA,NA,0,6265136,0,NA
"3557",2011-11-01,NA,NA,0,6265136,0,NA
"3558",2011-11-02,NA,NA,0,6265136,0,NA
"3559",2011-11-03,NA,NA,0,6265136,0,NA
"3560",2011-11-04,NA,NA,0,6265136,0,NA
"3561",2011-11-05,NA,NA,0,6265136,0,NA
"3562",2011-11-06,NA,NA,0,6265136,0,NA
"3563",2011-11-07,NA,NA,0,6265136,0,NA
"3564",2011-11-08,NA,NA,0,6265136,0,NA
"3565",2011-11-09,NA,NA,0,6265136,0,NA
"3566",2011-11-10,NA,NA,0,6265136,0,NA
"3567",2011-11-11,NA,NA,0,6265136,0,NA
"3568",2011-11-12,NA,NA,0,6265136,0,NA
"3569",2011-11-13,NA,NA,0,6265136,0,NA
"3570",2011-11-14,NA,NA,0,6265136,0,NA
"3571",2011-11-15,NA,NA,0,6265136,0,NA
"3572",2011-11-16,NA,NA,0,6265136,0,NA
"3573",2011-11-17,NA,NA,0,6265136,0,NA
"3574",2011-11-18,NA,NA,0,6265136,0,NA
"3575",2011-11-19,NA,NA,0,6265136,0,NA
"3576",2011-11-20,NA,NA,0,6265136,0,NA
"3577",2011-11-21,NA,NA,0,6265136,0,NA
"3578",2011-11-22,NA,NA,0,6265136,0,NA
"3579",2011-11-23,NA,NA,0,6265136,0,NA
"3580",2011-11-25,NA,NA,0,6265136,0,NA
"3581",2012-01-16,NA,NA,0,6265136,0,NA
"3582",2012-01-17,NA,NA,0,6265136,0,NA
"3583",2012-01-18,NA,NA,0,6265136,0,NA
"3584",2012-01-19,NA,NA,0,6265136,0,NA
"3585",2012-01-20,NA,NA,0,6265136,0,NA
"3586",2012-01-21,NA,NA,0,6265136,0,NA
"3587",2012-01-22,NA,NA,0,6265136,0,NA
"3588",2012-01-23,NA,NA,0,6265136,0,NA
"3589",2012-01-24,NA,NA,0,6265136,0,NA
"3590",2012-01-25,NA,NA,0,6265136,0,NA
"3591",2012-01-26,NA,NA,0,6265136,0,NA
"3592",2012-01-27,NA,NA,0,6265136,0,NA
"3593",2012-01-28,NA,NA,0,6265136,0,NA
"3594",2012-01-29,NA,NA,0,6265136,0,NA
"3595",2012-01-30,NA,NA,0,6265136,0,NA
"3596",2012-01-31,NA,NA,0,6265136,0,NA
"3597",2012-02-01,NA,NA,0,6265136,0,NA
"3598",2012-02-02,NA,NA,0,6265136,0,NA
"3599",2012-02-03,NA,NA,0,6265136,0,NA
"3600",2012-02-04,NA,NA,0,6265136,0,NA
"3601",2012-02-05,NA,NA,0,6265136,0,NA
"3602",2012-02-06,NA,NA,0,6265136,0,NA
"3603",2012-02-07,NA,NA,0,6265136,0,NA
"3604",2012-02-08,NA,NA,0,6265136,0,NA
"3605",2012-02-09,NA,NA,0,6265136,0,NA
"3606",2012-02-10,NA,NA,0,6265136,0,NA
"3607",2012-02-11,50.3220338983051,37,59,6265136,0.000941719381670246,62.7118644067797
"3608",2012-02-12,NA,NA,0,6265136,0,NA
"3609",2012-02-13,NA,NA,0,6265136,0,NA
"3610",2012-02-14,42.9047619047619,103,252,6265136,0.00402225905391359,40.8730158730159
"3611",2012-02-15,58.2938816449348,625,997,6265136,0.015913461415682,62.6880641925777
"3612",2012-02-16,47.3054393305439,64,239,6265136,0.0038147615630371,26.7782426778243
"3613",2012-02-17,60.1623931623932,91,117,6265136,0.00186747741788845,77.7777777777778
"3614",2012-02-18,53.2929936305732,108,157,6265136,0.00250593123596998,68.7898089171974
"3615",2012-02-19,68.4372355430183,675,709,6265136,0.011316593925495,95.2045133991537
"3616",2012-02-20,56.4210526315789,221,304,6265136,0.00485224901741957,72.6973684210526
"3617",2012-02-21,62.8616600790514,201,253,6265136,0.00403822039936563,79.4466403162055
"3618",2012-02-22,67.6075514874142,827,874,6265136,0.0139502159250813,94.6224256292906
"3619",2012-02-23,67.3176043557169,482,551,6265136,0.00879470134407298,87.4773139745917
"3620",2012-02-24,57.5629522431259,498,691,6265136,0.0110292897073583,72.0694645441389
"3621",2012-02-25,66.4758679085521,879,1181,6265136,0.018850348978857,74.428450465707
"3622",2012-02-26,55.7450980392157,960,1173,6265136,0.0187226582152407,81.8414322250639
"3623",2012-02-27,55.5621621621622,129,185,6265136,0.00295284890862704,69.7297297297297
"3624",2012-02-28,53.8930817610063,190,318,6265136,0.00507570785374811,59.748427672956
"3625",2012-02-29,60.2770219198791,2212,2646,6265136,0.0422337200660927,83.5978835978836
"3626",2012-03-01,56.4927654609101,6654,8570,6265136,0.136788730523966,77.6429404900817
"3627",2012-03-02,69.1642805615671,34687,36042,6265136,0.575278812782356,96.2404971977138
"3628",2012-03-03,60.7810439830759,34768,40652,6265136,0.648860615316252,85.5259273836466
"3629",2012-03-04,66.0295407450243,37848,41502,6265136,0.662427758950484,91.1956050310828
"3630",2012-03-05,62.9975983507258,40609,47051,6265136,0.750997264863843,86.3084737837665
"3631",2012-03-06,65.4812579711948,29471,32147,6265136,0.513109372246668,91.6757395713441
"3632",2012-03-07,70.4056836473545,80524,86353,6265136,1.37831006381984,93.2498002385557
"3633",2012-03-08,56.4957883653593,26354,37990,6265136,0.606371513722926,69.3708870755462
"3634",2012-03-09,61.9520746831664,31522,36849,6265136,0.588159618562151,85.5437053922766
"3635",2012-03-10,58.8039574600502,43621,54631,6265136,0.871984263390292,79.846607237649
"3636",2012-03-11,64.0391461153212,59881,68487,6265136,1.09314466597373,87.4341115832202
"3637",2012-03-12,62.015922602831,72064,82587,6265136,1.31819963684747,87.2582852022716
"3638",2012-03-13,58.2938135168759,52654,61893,6265136,0.987895554062992,85.0726253372756
"3639",2012-03-14,57.3941054015558,13784,18254,6265136,0.291358399881503,75.512216500493
"3640",2012-03-15,54.8598731465535,38258,47614,6265136,0.759983502353341,80.3503171336162
"3641",2012-03-16,55.0282352941176,2105,2975,6265136,0.0474850027198133,70.7563025210084
"3642",2012-03-17,59.8395492506578,46236,52446,6265136,0.837108723577589,88.1592495137856
"3643",2012-03-18,68.5752155021375,110632,114152,6265136,1.82201950604105,96.9163921788493
"3644",2012-03-19,67.3335006447258,111525,115553,6265136,1.84438135101936,96.5141536783987
"3645",2012-03-20,67.3563639098498,117755,119667,6265136,1.91004632620904,98.4022328628611
"3646",2012-03-21,71.8789180378422,89089,90798,6265136,1.44925824435415,98.1177999515408
"3647",2012-03-22,72.0811953787782,116334,117285,6265136,1.87202640134229,99.1891546233534
"3648",2012-03-23,59.1733968361966,27634,29395,6265136,0.469183749562659,94.0091852355843
"3649",2012-03-24,66.7600664286602,110609,112602,6265136,1.79727942059039,98.2300491998366
"3650",2012-03-25,68.2591769919889,189533,189986,6265136,3.03243217705091,99.7615613782068
"3651",2012-03-26,65.5698996571198,77547,79328,6265136,1.26618161201928,97.754891085115
"3652",2012-03-27,67.5552623408879,24715,25768,6265136,0.411291949608117,95.9135361688916
"3653",2012-03-28,68.4138289846778,75919,76882,6265136,1.22714016104359,98.7474311282225
"3654",2012-03-29,70.375852952285,118861,119145,6265136,1.90171450388308,99.7616349825842
"3655",2012-03-30,67.6710391333488,70549,73109,6265136,1.16691800465305,96.4983791325281
"3656",2012-03-31,70.0679475216692,86981,88951,6265136,1.41977763930424,97.7852975233556
"3657",2012-04-01,67.6314167194792,68568,69428,6265136,1.1081642920441,98.7613066774212
"3658",2012-04-02,68.7096487703791,94126,94582,6265136,1.50965597554466,99.517878666131
"3659",2012-04-03,70.2423050049645,108501,108772,6265136,1.73614746750909,99.7508549994484
"3660",2012-04-04,69.9496436901448,92564,93037,6265136,1.48499569682127,99.4916001160829
"3661",2012-04-05,73.6669149568502,132797,132909,6265136,2.12140646268493,99.915731816506
"3662",2012-04-06,72.0311515253743,130128,130427,6265136,2.08179040327297,99.7707529882616
"3663",2012-04-07,73.6410260206537,134644,135085,6265136,2.15613835038856,99.6735388829256
"3664",2012-04-08,74.2349227505948,139356,139548,6265136,2.22737383514101,99.8624129331843
"3665",2012-04-09,76.0499437844574,147473,147646,6265136,2.35662881061161,99.8828278449806
"3666",2012-04-10,76.2362341702172,135240,135662,6265136,2.16534804671439,99.6889327888428
"3667",2012-04-11,75.8338493745288,136182,136617,6265136,2.18059113162109,99.681591602802
"3668",2012-04-12,73.5530838132791,128517,128834,6265136,2.05636397996787,99.7539469394725
"3669",2012-04-13,75.3986635038186,68878,69136,6265136,1.1035035791721,99.6268224947929
"3670",2012-04-14,72.9788933257273,38316,38566,6265136,0.6155652487033,99.3517606181611
"3671",2012-04-15,66.8409210099143,39927,40043,6265136,0.639140155935961,99.7103114152286
"3672",2012-04-16,66.1853612713993,51626,52163,6265136,0.832591662814662,98.9705346701685
"3673",2012-04-17,65.5066707279927,32618,32830,6265136,0.52401097119041,99.3542491623515
"3674",2012-04-18,68.5049300713726,23894,24239,6265136,0.386887052411951,98.5766739551962
"3675",2012-04-19,69.4000385379302,67356,67466,6265136,1.0768481322672,99.8369549106216
"3676",2012-04-20,71.214557999658,99190,99423,6265136,1.58692484887798,99.7656477877352
"3677",2012-04-21,71.5363564432076,109900,109953,6265136,1.75499781648794,99.9517975862414
"3678",2012-04-22,72.0812372668861,102031,102096,6265136,1.62958952527128,99.9363344303401
"3679",2012-04-23,73.9423531429878,104567,104932,6265136,1.67485590097326,99.6521556817749
"3680",2012-04-24,69.6590197069227,69135,69265,6265136,1.10556259273542,99.8123150220169
"3681",2012-04-25,77.434228661175,124586,124796,6265136,1.99191206703254,99.8317253758133
"3682",2012-04-26,69.8288992065247,40587,40707,6265136,0.649738489316114,99.7052104060727
"3683",2012-04-27,73.9936962069115,92038,92484,6265136,1.47616907278629,99.5177544223866
"3684",2012-04-28,73.5103611529552,78875,78997,6265136,1.26089840667465,99.8455637555857
"3685",2012-04-29,71.1464588264607,64084,64216,6265136,1.02497375954808,99.7944437523359
"3686",2012-04-30,66.3606744421907,23506,23664,6265136,0.377709278777029,99.3323191345504
"3687",2012-05-01,64.4263736263736,5765,5915,6265136,0.0944113583488052,97.4640743871513
"3688",2012-05-02,70.089212804181,24405,24492,6265136,0.390925272811316,99.6447819696227
"3689",2012-05-03,72.0195043751252,74811,74855,6265136,1.19478651381231,99.9412196914034
"3690",2012-05-04,73.0928687058022,35103,35211,6265136,0.562014934711713,99.6932776689103
"3691",2012-05-05,74.1469595919969,25433,25490,6265136,0.40685469557245,99.776382895253
"3692",2012-05-06,72.7236992148047,61307,61386,6265136,0.979803151918809,99.8713061610139
"3693",2012-05-07,75.0915640429579,156093,156153,6265136,2.4924119763721,99.9615761464717
"3694",2012-05-08,77.3830595321033,133413,133491,6265136,2.13069596573801,99.9415690945457
"3695",2012-05-09,77.4301963020053,141940,142077,6265136,2.26774007778921,99.9035734144161
"3696",2012-05-10,77.0795036002256,60136,60274,6265136,0.962054135776143,99.7710455586157
"3697",2012-05-11,73.4004484772632,38170,38352,6265136,0.612149520776564,99.5254484772632
"3698",2012-05-12,71.0887544679681,54471,54555,6265136,0.870771201135937,99.8460269452846
"3699",2012-05-13,74.632727677848,98615,98736,6265136,1.57595940455243,99.8774509803922
"3700",2012-05-14,76.498571101397,200726,200854,6265136,3.20590007942365,99.9362721180559
"3701",2012-05-15,77.5370718945908,125251,125378,6265136,2.00120157008563,99.8987063121122
"3702",2012-05-16,76.8660880490096,173350,173517,6265136,2.76956477880129,99.9037558279592
"3703",2012-05-17,80.7510660452202,120881,121008,6265136,1.93145049046022,99.895048261272
"3704",2012-05-18,81.8868788689978,95490,95632,6265136,1.52641538826931,99.8515141375272
"3705",2012-05-19,74.6869923044036,18678,18712,6265136,0.298668696098536,99.8182984181274
"3706",2012-05-20,78.2078679046676,63388,63651,6265136,1.01595559936768,99.5868093195708
"3707",2012-05-21,77.1403200925569,103501,103720,6265136,1.65551075028539,99.7888546085615
"3708",2012-05-22,80.7418969825818,26776,26811,6265136,0.427939632914593,99.8694565663347
"3709",2012-05-23,73.9750741675216,35777,36067,6265136,0.575677846418657,99.1959408877922
"3710",2012-05-24,79.2677717209923,17867,17978,6265136,0.28695306853674,99.3825787073089
"3711",2012-05-25,80.4374814374814,9879,10101,6265136,0.161225550411037,97.8021978021978
"3712",2012-05-26,69.1887661141805,21523,21720,6265136,0.346680423218267,99.0930018416206
"3713",2012-05-27,74.5301225037758,82853,83426,6265136,1.33159120568173,99.3131637618968
"3714",2012-05-28,75.7571111559411,39397,39656,6265136,0.632963115246022,99.3468831954811
"3715",2012-05-29,68.8854201262039,14021,15055,6265136,0.240298055780433,93.1318498837595
"3716",2012-05-30,71.8122794636556,19518,19838,6265136,0.316641171077531,98.3869341667507
"3717",2012-05-31,65.0077161945987,9246,10627,6265136,0.169621218118809,87.0047990966406
"3718",2012-06-01,77.8793366762542,78139,78574,6265136,1.25414675754844,99.4463817547789
"3719",2012-06-02,68.6916345056259,18360,18397,6265136,0.293640872281144,99.798880252215
"3720",2012-06-03,78.557901013715,33242,33540,6265136,0.535343526461357,99.1115086463924
"3721",2012-06-04,79.0990190374932,49333,49849,6265136,0.795657109438646,98.9648739192361
"3722",2012-06-05,80.6037662722568,42749,43863,6265136,0.700112495562746,97.4602740350637
"3723",2012-06-06,82.9270231025398,112025,115009,6265136,1.83569837909345,97.4054204453565
"3724",2012-06-07,81.9397989542012,43880,44368,6265136,0.708172975016025,98.9001081860801
"3725",2012-06-08,80.2933030001422,68584,70330,6265136,1.12256142564184,97.5174178871036
"3726",2012-06-09,81.3087066053122,134357,137344,6265136,2.19219502976472,97.8251689189189
"3727",2012-06-10,81.5912989421334,93709,94908,6265136,1.51485937416203,98.7366713027353
"3728",2012-06-11,82.9414039587621,98846,100587,6265136,1.60550385498415,98.2691600306203
"3729",2012-06-12,75.8905373117742,34302,35994,6265136,0.574512668200658,95.2992165360893
"3730",2012-06-13,76.6518812860049,51092,52597,6265136,0.839518886740846,97.1386200733882
"3731",2012-06-14,71.4228849665246,40621,41075,6265136,0.655612264442464,98.8947048082775
"3732",2012-06-15,80.665618184054,147059,154509,6265136,2.46617152444895,95.1782744047272
"3733",2012-06-16,84.9002964109729,152919,158901,6265136,2.5362737536743,96.2353918477543
"3734",2012-06-17,87.9252532047689,181480,187299,6265136,2.98954404182128,96.8932028467851
"3735",2012-06-18,84.6048145746565,150624,160388,6265136,2.56000827436148,93.9122627628002
"3736",2012-06-19,68.18281075028,3080,3572,6265136,0.05701392595468,86.2262038073908
"3737",2012-06-20,79.0667842539886,11306,12473,6265136,0.199085861823271,90.6437905876694
"3738",2012-06-21,82.3088819757476,143140,157510,6265136,2.51407152215052,90.8767697289061
"3739",2012-06-22,76.3329915406306,35865,39010,6265136,0.622652086084005,91.9379646244553
"3740",2012-06-23,82.8621605459406,52521,56856,6265136,0.907498257021077,92.3754748839173
"3741",2012-06-24,58.8341728793069,7599,9926,6265136,0.15843231495693,76.5565182349385
"3742",2012-06-25,68.1615169432259,57080,62916,6265136,1.00422401046043,90.7241401233391
"3743",2012-06-26,58.8073873263301,23579,29510,6265136,0.471019304289644,79.9017282277194
"3744",2012-06-27,57.1238879736409,18166,24280,6265136,0.387541467575484,74.8187808896211
"3745",2012-06-28,73.0494648969707,65832,73911,6265136,1.17971900370559,89.0692860332021
"3746",2012-06-29,71.373845935325,36498,42242,6265136,0.674239154584992,86.4021589886842
"3747",2012-06-30,65.6850576851507,53290,64488,6265136,1.02931524551103,82.6355290906835
"3748",2012-07-01,71.1654354543591,110259,131713,6265136,2.10231669352429,83.7115546681041
"3749",2012-07-02,69.8899164054337,15369,19140,6265136,0.305500151952009,80.2978056426332
"3750",2012-07-03,51.0941020543406,883,1509,6265136,0.0240856702871255,58.5155732273029
"3751",2012-07-04,72.3374599149825,23735,26818,6265136,0.428051362332757,88.5039898575584
"3752",2012-07-05,71.4341430800089,53663,67305,6265136,1.07427835564942,79.731074957284
"3753",2012-07-06,50.4374898916384,7819,12366,6265136,0.197377997859903,63.2298237101731
"3754",2012-07-07,61.7966304876073,22986,30865,6265136,0.492646927377155,74.4727037097036
"3755",2012-07-08,57.9086381627593,31563,45982,6265136,0.733934586575615,68.6420773346092
"3756",2012-07-09,58.9327378431448,18677,25973,6265136,0.414564025425785,71.9092904169715
"3757",2012-07-10,54.1862889859876,20869,33185,6265136,0.529677248825883,62.8868464667772
"3758",2012-07-11,69.66023716374,52437,65946,6265136,1.0525868871801,79.5150577745428
"3759",2012-07-12,77.2881921326643,125354,145691,6265136,2.32542438025288,86.0410045919103
"3760",2012-07-13,77.7940552016985,68709,79599,6265136,1.27050713663678,86.3189236045679
"3761",2012-07-14,72.0397186697595,65986,80617,6265136,1.28675578630695,81.8512224468785
"3762",2012-07-15,55.2303263444832,48283,78506,6265136,1.2530613860577,61.5023055562632
"3763",2012-07-16,60.3011078915971,19593,29335,6265136,0.468226068835537,66.7905232657235
"3764",2012-07-17,52.5951702927441,5623,8779,6265136,0.140124651723442,64.0505752363595
"3765",2012-07-18,62.1009217127523,6227,8571,6265136,0.136804691869418,72.6519659316299
"3766",2012-07-19,64.58393089662,39656,54527,6265136,0.87032428346328,72.7272727272727
"3767",2012-07-20,69.7614888117977,112959,144706,6265136,2.30970245498262,78.0610340967202
"3768",2012-07-21,47.4603351018097,26450,47687,6265136,0.76114868057134,55.4658502317193
"3769",2012-07-22,57.9348767174854,18715,21252,6265136,0.339210513546713,88.0623000188218
"3770",2012-07-23,49.6528534217381,2340,4223,6265136,0.0674047618439568,55.4108453705896
"3771",2012-07-24,40.0528523489933,4625,10728,6265136,0.171233314009464,43.1114839671887
"3772",2012-07-25,61.3144641211997,7088,9769,6265136,0.15592638372096,72.5560446309755
"3773",2012-07-26,70.9970023552923,11143,14011,6265136,0.223634411128505,79.530368995789
"3774",2012-07-27,42.7725292808053,4728,10331,6265136,0.164896659865005,45.7651727809505
"3775",2012-07-28,43.5074852036672,8393,17234,6265136,0.275077827520424,48.7002437043054
"3776",2012-07-29,63.615445556175,28630,34081,6265136,0.54397861435091,84.0057510049588
"3777",2012-07-30,63.3472513345071,25229,35781,6265136,0.571112901619374,70.5094882759006
"3778",2012-07-31,51.3791091818961,20919,36169,6265136,0.577305903654765,57.8368215875473
"3779",2012-08-01,65.9405752951581,53832,71233,6265136,1.13697452058503,75.5717153566465
"3780",2012-08-02,85.3046285492026,12054,12855,6265136,0.205183095785949,93.7689614935823
"3781",2012-08-03,68.2576220503153,12041,15383,6265136,0.245533377088702,78.2747188454788
"3782",2012-08-04,58.1433268262612,7920,9733,6265136,0.155351775284687,81.372649748279
"3783",2012-08-05,54.8484547022152,10394,15078,6265136,0.24066516672583,68.9348719989388
"3784",2012-08-06,49.4657578446398,7151,12397,6265136,0.197872799568916,57.6833104783415
"3785",2012-08-07,50.2883881569785,23731,35903,6265136,0.573060185764523,66.0975405954934
"3786",2012-08-08,62.7786783325316,77192,110179,6265136,1.7586050805601,70.0605378520408
"3787",2012-08-09,71.0475681159101,71336,90691,6265136,1.44755038039078,78.6583012647341
"3788",2012-08-10,40.0252873563218,1109,4350,6265136,0.0694318527163656,25.4942528735632
"3789",2012-08-11,54.3388458677867,13698,22857,6265136,0.364828472997234,59.9291245570285
"3790",2012-08-12,65.0186899931708,70153,99572,6265136,1.58930308935034,70.4545454545455
"3791",2012-08-13,54.7022877164056,11843,19408,6265136,0.309777792533155,61.0212283594394
"3792",2012-08-14,60.136278568593,59954,88165,6265136,1.40723202177894,68.0020416264958
"3793",2012-08-15,62.3938543977896,132543,191096,6265136,3.05014927050267,69.3593795788504
"3794",2012-08-16,54.9641441334832,10517,16901,6265136,0.269762699484896,62.2270871546062
"3795",2012-08-17,56.3789371980676,13554,20700,6265136,0.330399850857188,65.4782608695652
"3796",2012-08-18,53.7334782025865,89152,141737,6265136,2.26231322033552,62.8995957301199
"3797",2012-08-19,58.3169136759542,71574,109645,6265136,1.75008172208871,65.2779424506361
"3798",2012-08-20,51.1988656032807,43645,75106,6265136,1.19879281152077,58.1112028333289
"3799",2012-08-21,51.0013695427063,17669,29937,6265136,0.477834798797664,59.0206099475565
"3800",2012-08-22,55.4302392344498,11266,15675,6265136,0.250194089960697,71.8724082934609
"3801",2012-08-23,53.6803625377644,34432,49650,6265136,0.79248080169369,69.34944612286
"3802",2012-08-24,58.2140521714408,63611,84414,6265136,1.34736101498834,75.3559836046153
"3803",2012-08-25,58.69332329857,67860,93010,6265136,1.48456474049406,72.9598967852919
"3804",2012-08-26,62.1704393052239,47284,61142,6265136,0.975908583628512,77.3347289915279
"3805",2012-08-27,58.803460579696,15757,20459,6265136,0.326553166603247,77.0174495332128
"3806",2012-08-28,58.5270195675346,73627,105072,6265136,1.67709048933654,70.0729023907416
"3807",2012-08-29,46.7646043874784,2344,4057,6265136,0.0647551784989185,57.776682277545
"3808",2012-08-30,54.3700005174109,22794,38654,6265136,0.61696984710308,58.9693175350546
"3809",2012-08-31,44.9976947535771,17545,37740,6265136,0.602381177359917,46.4891361950185
"3810",2012-09-01,57.0548916749725,59317,95315,6265136,1.52135564176101,62.2325971777789
"3811",2012-09-02,51.3385143788567,12746,17178,6265136,0.27418399217511,74.1995575736407
"3812",2012-09-03,32.5872919450857,2086,8231,6265136,0.131377834415725,25.343214676224
"3813",2012-09-04,39.0616029848307,16063,36719,6265136,0.586084643653386,43.7457447098233
"3814",2012-09-05,39.3964975534381,7965,19415,6265136,0.309889521951319,41.0249806850373
"3815",2012-09-06,46.116125676238,27520,48060,6265136,0.76710226242495,57.2617561381606
"3816",2012-09-07,49.8820159151194,6526,9425,6265136,0.150435680885459,69.2413793103448
"3817",2012-09-08,51.4511686006377,37317,60842,6265136,0.9711201799929,61.3342756648368
"3818",2012-09-09,56.1021489549603,20067,30573,6265136,0.48798621450516,65.6363457953096
"3819",2012-09-10,54.7290439304677,76728,109992,6265136,1.75562030896057,69.757800567314
"3820",2012-09-11,53.3236092265943,790,1474,6265136,0.0235270231963041,53.59565807327
"3821",2012-09-12,46.6565243801425,8850,18109,6265136,0.289044004790957,48.8707272626871
"3822",2012-09-13,44.5181148748159,5005,13580,6265136,0.216755071238677,36.8556701030928
"3823",2012-09-14,48.2902681869279,11839,24908,6265136,0.397565192519364,47.5309137626465
"3824",2012-09-15,49.7791274817137,5083,7656,6265136,0.122200060780803,66.3923719958203
"3825",2012-09-16,52.2614713765652,15505,24997,6265136,0.398985752264596,62.0274432931952
"3826",2012-09-17,47.5766938207828,11259,20132,6265136,0.32133380664043,55.9258891317306
"3827",2012-09-18,50.0444453115854,13289,25627,6265136,0.40904139989938,51.8554649393218
"3828",2012-09-19,50.9224851705388,78782,129472,6265136,2.06654731836627,60.8486777063767
"3829",2012-09-20,46.3057888535112,20048,39887,6265136,0.636650186045443,50.2619901220949
"3830",2012-09-21,53.6825755019403,31161,47416,6265136,0.756823155953837,65.7183229289691
"3831",2012-09-22,51.8183829444891,51051,79552,6265136,1.26975695340053,64.1731194690265
"3832",2012-09-23,56.9097514029333,80165,110661,6265136,1.76629844906798,72.4419623896404
"3833",2012-09-24,61.2720673578187,40554,50833,6265136,0.811363073363451,79.7788837959593
"3834",2012-09-25,61.6883051239097,57749,69244,6265136,1.10522740448092,83.3992836924499
"3835",2012-09-26,67.0683507101071,100274,107519,6265136,1.71614790165768,93.2616560793906
"3836",2012-09-27,64.8855630605308,105208,115627,6265136,1.84556249058281,90.9891288366904
"3837",2012-09-28,68.5839112343967,120347,131222,6265136,2.09447967290734,91.7125177180656
"3838",2012-09-29,70.1442779409564,115630,126991,6265136,2.02694722029977,91.0536967186651
"3839",2012-09-30,65.8084194693671,104160,114354,6265136,1.82524369782236,91.08557636812
"3840",2012-10-01,72.301899793965,134081,145121,6265136,2.31632641334522,92.3925551780928
"3841",2012-10-02,72.2370760552579,91092,99099,6265136,1.58175337295152,91.9202010111101
"3842",2012-10-03,72.3387478025372,157263,168376,6265136,2.68750750183236,93.3998907207678
"3843",2012-10-04,68.6187665753663,83842,92004,6265136,1.46850762696931,91.1286465805834
"3844",2012-10-05,55.6672886732599,15337,21436,6265136,0.342147401109888,71.5478634073521
"3845",2012-10-06,61.5774597446246,62484,72599,6265136,1.15877771847251,86.0673012024959
"3846",2012-10-07,72.0696755498968,84920,91108,6265136,1.45420626144428,93.2080607630505
"3847",2012-10-08,63.8762557660401,47269,54847,6265136,0.875431914007932,86.183382865061
"3848",2012-10-09,61.2687313750532,15130,18792,6265136,0.299945603734699,80.5129842486164
"3849",2012-10-10,54.1054828305824,10749,15813,6265136,0.252396755633078,67.9757161828875
"3850",2012-10-11,62.7515053473533,8432,11127,6265136,0.177601890844828,75.7796351217759
"3851",2012-10-12,62.7138464692016,7954,9757,6265136,0.155734847575535,81.5209593112637
"3852",2012-10-13,32.3573770491803,356,1220,6265136,0.0194728414514865,29.1803278688525
"3853",2012-10-14,46.7823920265781,580,1204,6265136,0.0192174599242538,48.1727574750831
"3854",2012-10-15,46.1712506486767,789,1927,6265136,0.0307575126860774,40.94447327452
"3855",2012-10-16,58.5444444444444,644,900,6265136,0.0143652109068343,71.5555555555555
"3856",2012-10-17,34.6044921875,364,1024,6265136,0.016344417742887,35.546875
"3857",2012-10-18,41.8015075376884,163,398,6265136,0.00635261548991115,40.9547738693467
"3858",2012-10-19,75.3629343629344,244,259,6265136,0.00413398847207786,94.2084942084942
"3859",2012-10-20,54.6666666666667,35,42,6265136,0.000670376508985599,83.3333333333333
"3860",2012-10-21,60.1363636363636,85,110,6265136,0.00175574799972419,77.2727272727273
"3861",2012-10-22,49.3434650455927,152,329,6265136,0.00525128265372053,46.2006079027356
"3862",2012-10-23,55.9637305699482,137,193,6265136,0.00308053967224335,70.9844559585492
"3863",2012-10-24,55.9923273657289,276,391,6265136,0.00624088607174689,70.5882352941177
"3864",2012-10-25,62.4823529411765,332,425,6265136,0.00678357181711618,78.1176470588235
"3865",2012-10-26,70.0505617977528,155,178,6265136,0.00284111949046278,87.0786516853933
"3866",2012-10-27,52.3655462184874,127,238,6265136,0.00379880021758506,53.3613445378151
"3867",2012-10-28,NA,NA,0,6265136,0,NA
"3868",2012-10-29,35.3333333333333,22,60,6265136,0.000957680727122284,36.6666666666667
"3869",2012-10-30,NA,NA,0,6265136,0,NA
"3870",2012-10-31,NA,NA,0,6265136,0,NA
"3871",2012-11-01,NA,NA,0,6265136,0,NA
"3872",2012-11-02,NA,NA,0,6265136,0,NA
"3873",2012-11-03,NA,NA,0,6265136,0,NA
"3874",2012-11-04,NA,NA,0,6265136,0,NA
"3875",2012-11-05,NA,NA,0,6265136,0,NA
"3876",2012-11-06,NA,NA,0,6265136,0,NA
"3877",2012-11-07,NA,NA,0,6265136,0,NA
"3878",2012-11-08,NA,NA,0,6265136,0,NA
"3879",2012-11-09,NA,NA,0,6265136,0,NA
"3880",2012-11-10,NA,NA,0,6265136,0,NA
"3881",2012-11-11,NA,NA,0,6265136,0,NA
"3882",2012-11-12,NA,NA,0,6265136,0,NA
"3883",2012-11-13,NA,NA,0,6265136,0,NA
"3884",2012-11-14,NA,NA,0,6265136,0,NA
"3885",2012-11-15,NA,NA,0,6265136,0,NA
"3886",2012-11-16,NA,NA,0,6265136,0,NA
"3887",2012-11-17,NA,NA,0,6265136,0,NA
"3888",2012-11-18,NA,NA,0,6265136,0,NA
"3889",2012-11-19,NA,NA,0,6265136,0,NA
"3890",2012-11-20,NA,NA,0,6265136,0,NA
"3891",2012-11-21,NA,NA,0,6265136,0,NA
"3892",2012-11-22,NA,NA,0,6265136,0,NA
"3893",2012-11-23,NA,NA,0,6265136,0,NA
"3894",2012-11-24,NA,NA,0,6265136,0,NA
"3895",2012-11-25,NA,NA,0,6265136,0,NA
"3896",2013-01-16,NA,NA,0,6265136,0,NA
"3897",2013-01-17,NA,NA,0,6265136,0,NA
"3898",2013-01-18,NA,NA,0,6265136,0,NA
"3899",2013-01-19,NA,NA,0,6265136,0,NA
"3900",2013-01-20,NA,NA,0,6265136,0,NA
"3901",2013-01-21,NA,NA,0,6265136,0,NA
"3902",2013-01-22,NA,NA,0,6265136,0,NA
"3903",2013-01-23,NA,NA,0,6265136,0,NA
"3904",2013-01-24,NA,NA,0,6265136,0,NA
"3905",2013-01-25,NA,NA,0,6265136,0,NA
"3906",2013-01-26,NA,NA,0,6265136,0,NA
"3907",2013-01-27,NA,NA,0,6265136,0,NA
"3908",2013-01-28,NA,NA,0,6265136,0,NA
"3909",2013-01-29,NA,NA,0,6265136,0,NA
"3910",2013-01-30,NA,NA,0,6265136,0,NA
"3911",2013-01-31,NA,NA,0,6265136,0,NA
"3912",2013-02-01,NA,NA,0,6265136,0,NA
"3913",2013-02-02,NA,NA,0,6265136,0,NA
"3914",2013-02-03,NA,NA,0,6265136,0,NA
"3915",2013-02-04,NA,NA,0,6265136,0,NA
"3916",2013-02-05,NA,NA,0,6265136,0,NA
"3917",2013-02-06,NA,NA,0,6265136,0,NA
"3918",2013-02-07,NA,NA,0,6265136,0,NA
"3919",2013-02-08,NA,NA,0,6265136,0,NA
"3920",2013-02-09,NA,NA,0,6265136,0,NA
"3921",2013-02-10,NA,NA,0,6265136,0,NA
"3922",2013-02-11,52.7368421052632,24,38,6265136,0.000606531127177447,63.1578947368421
"3923",2013-02-12,41.9243697478992,138,357,6265136,0.00569820032637759,38.655462184874
"3924",2013-02-13,46.0381679389313,88,262,6265136,0.00418187250843398,33.587786259542
"3925",2013-02-14,54.4702815432742,745,959,6265136,0.0153069302885045,77.6850886339937
"3926",2013-02-15,50.7821782178218,241,404,6265136,0.00644838356262338,59.6534653465347
"3927",2013-02-16,55.2092307692308,240,325,6265136,0.00518743727191237,73.8461538461539
"3928",2013-02-17,72.710911136108,815,889,6265136,0.0141896361068618,91.6760404949381
"3929",2013-02-18,51.7011952191235,339,502,6265136,0.00801259541692311,67.5298804780876
"3930",2013-02-19,54.7768595041322,192,242,6265136,0.00386264559939321,79.3388429752066
"3931",2013-02-20,NA,NA,0,6265136,0,NA
"3932",2013-02-21,66.2154195011338,687,882,6265136,0.0140779066886976,77.891156462585
"3933",2013-02-22,56.3584905660377,51,53,6265136,0.000845951308958018,96.2264150943396
"3934",2013-02-23,NA,NA,0,6265136,0,NA
"3935",2013-02-24,57.1774834437086,673,755,6265136,0.0120508158162887,89.1390728476821
"3936",2013-02-25,NA,NA,0,6265136,0,NA
"3937",2013-02-26,57.5102040816327,49,49,6265136,0.000782105927149866,100
"3938",2013-02-27,56.8237885462555,462,681,6265136,0.0108696762528379,67.84140969163
"3939",2013-02-28,62.5518053375196,3606,3822,6265136,0.0610042623176895,94.3485086342229
"3940",2013-03-01,71.0598366200115,18906,19219,6265136,0.30676109824272,98.3714032988189
"3941",2013-03-02,62.79416101445,21852,23737,6265136,0.378874456995028,92.0588111387286
"3942",2013-03-03,68.036747279631,36658,39241,6265136,0.626339156883426,93.4175989398843
"3943",2013-03-04,64.9904367113923,26168,27501,6265136,0.438952961276499,95.1529035307807
"3944",2013-03-05,59.9309370482324,25964,30436,6265136,0.485799510178231,85.3068734393481
"3945",2013-03-06,64.516569924406,56484,59264,6265136,0.945933176869584,95.3091252699784
"3946",2013-03-07,68.3174995703401,98918,104734,6265136,1.67169555457376,94.4468844883228
"3947",2013-03-08,65.7095121058411,70281,76492,6265136,1.2209152363173,91.8801966218689
"3948",2013-03-09,56.7271937760087,40445,55270,6265136,0.882183563134144,73.1771304505156
"3949",2013-03-10,65.1706790291792,84928,91675,6265136,1.46325634431559,92.6403054267794
"3950",2013-03-11,68.6560878852609,134158,137634,6265136,2.19682381994581,97.4744612523068
"3951",2013-03-12,70.1797481629399,136516,139217,6265136,2.22209062979638,98.059863378754
"3952",2013-03-13,56.5306830532564,38630,47844,6265136,0.76365461180731,80.7415767912382
"3953",2013-03-14,53.4221700748687,28480,35796,6265136,0.571352321801155,79.5619622304168
"3954",2013-03-15,57.3377846885576,62442,65598,6265136,1.04703233896279,95.1888777096863
"3955",2013-03-16,59.6834501557632,23878,25680,6265136,0.409887351208338,92.9828660436137
"3956",2013-03-17,69.0824134890227,129290,131544,6265136,2.0996192261429,98.2865048957003
"3957",2013-03-18,69.2676161549828,119435,121820,6265136,1.94441110296728,98.0421934000985
"3958",2013-03-19,68.3561431431103,121410,121892,6265136,1.94556031983982,99.6045679782102
"3959",2013-03-20,70.713602171015,209836,210040,6265136,3.35252099874608,99.9028756427347
"3960",2013-03-21,72.4957578633763,189422,189645,6265136,3.02698935825176,99.8824118748187
"3961",2013-03-22,64.271548517377,51197,56454,6265136,0.901081796149357,90.6879937648351
"3962",2013-03-23,63.6836361954964,41267,43254,6265136,0.690392036182455,95.4062052064549
"3963",2013-03-24,63.2364727608495,75124,75810,6265136,1.21002959871901,99.0951061865189
"3964",2013-03-25,67.4684064676658,119534,120167,6265136,1.91802699893506,99.4732330839582
"3965",2013-03-26,68.7459679867252,98246,98834,6265136,1.57752361640673,99.405063034988
"3966",2013-03-27,62.7264053009387,44216,45275,6265136,0.722649915341024,97.6609607951408
"3967",2013-03-28,65.6949969015632,84010,85527,6265136,1.36512599247646,98.226291112748
"3968",2013-03-29,64.797889084344,21488,21602,6265136,0.344796984454926,99.4722710860106
"3969",2013-03-30,65.6190145732131,90324,90783,6265136,1.44901882417237,99.49439873104
"3970",2013-03-31,67.5733359693283,141378,141629,6265136,2.2605893950267,99.8227764087863
"3971",2013-04-01,70.5665141980714,183659,183863,6265136,2.93470085884808,99.8890478236513
"3972",2013-04-02,72.0578066295715,167966,168216,6265136,2.68495368656004,99.8513815570457
"3973",2013-04-03,73.9345566773838,154377,155203,6265136,2.47724869819266,99.4677937926458
"3974",2013-04-04,61.9325868243051,16544,17593,6265136,0.280807950537706,94.0374012391292
"3975",2013-04-05,59.3433507288105,9843,11114,6265136,0.177394393353951,88.5639733669246
"3976",2013-04-06,67.4000044432596,44849,45012,6265136,0.718452081487138,99.6378743446192
"3977",2013-04-07,71.9028494460464,105269,105424,6265136,1.68270888293566,99.8529746547276
"3978",2013-04-08,68.7961843846493,90448,90680,6265136,1.44737480559081,99.7441552712836
"3979",2013-04-09,70.6807529901474,149820,149909,6265136,2.39274933536958,99.9406306492606
"3980",2013-04-10,71.1591934250765,104418,104640,6265136,1.67019518810126,99.7878440366973
"3981",2013-04-11,73.9164023183152,209612,209635,6265136,3.346056653838,99.989028549622
"3982",2013-04-12,74.8010963504371,202009,202490,6265136,3.23201284058319,99.762457405304
"3983",2013-04-13,75.8973478309607,222949,223025,6265136,3.55977906944079,99.9659231027912
"3984",2013-04-14,74.2380656467108,159790,160922,6265136,2.56853163283287,99.2965536098234
"3985",2013-04-15,74.2128234426626,177608,177659,6265136,2.83567667166363,99.9712933203497
"3986",2013-04-16,75.9660987679904,202600,202677,6265136,3.23499761218272,99.9620085160132
"3987",2013-04-17,76.7059876731269,213286,213355,6265136,3.40543285891958,99.9676595345785
"3988",2013-04-18,78.474305315844,185381,185408,6265136,2.95936113757148,99.985437521574
"3989",2013-04-19,76.1217343306343,213548,213777,6265136,3.41216854670034,99.8928790281462
"3990",2013-04-20,76.7458073002302,167246,167255,6265136,2.66961483358063,99.9946189949478
"3991",2013-04-21,73.9700662200662,103286,103896,6265136,1.65831994708495,99.4128744128744
"3992",2013-04-22,74.9997253789117,76303,76469,6265136,1.2205481253719,99.7829185683087
"3993",2013-04-23,69.7736913796458,20133,20556,6265136,0.328101417112095,97.9422066549913
"3994",2013-04-24,64.3505278516866,11462,11651,6265136,0.185965635861696,98.3778216462106
"3995",2013-04-25,63.6985551970823,6928,7129,6265136,0.113788431727579,97.1805302286436
"3996",2013-04-26,68.5359701187065,19217,19544,6265136,0.311948535514632,98.3268522308637
"3997",2013-04-27,66.9348628268891,6078,6233,6265136,0.0994870662025533,97.5132360019252
"3998",2013-04-28,67.3880300102308,34941,35188,6265136,0.561647823766316,99.2980561555076
"3999",2013-04-29,72.3584942084942,124185,124320,6265136,1.98431446659737,99.8914092664093
"4000",2013-04-30,74.0476647408185,98546,99004,6265136,1.58023704513358,99.5373924285887
"4001",2013-05-01,77.1156692337478,92896,92972,6265136,1.48395820936688,99.9182549584821
"4002",2013-05-02,76.1053610510933,142814,143013,6265136,2.28267989713232,99.8608518106746
"4003",2013-05-03,77.4627065483476,130582,130720,6265136,2.08646707749042,99.8944308445532
"4004",2013-05-04,77.3059200771056,53925,53952,6265136,0.861146509828358,99.9499555160142
"4005",2013-05-05,71.6313521848568,43936,44099,6265136,0.703879373089427,99.6303771060568
"4006",2013-05-06,74.3224106444039,76524,76660,6265136,1.22359674235324,99.8225932689799
"4007",2013-05-07,74.7359848376892,69969,70174,6265136,1.12007145575132,99.7078690113147
"4008",2013-05-08,74.9108162100457,35013,35040,6265136,0.559285544639414,99.9229452054795
"4009",2013-05-09,72.001821432749,59665,59843,6265136,0.955174795886314,99.7025550189663
"4010",2013-05-10,70.9498199103227,40532,40813,6265136,0.65143039193403,99.3114938867518
"4011",2013-05-11,76.5500985905207,27222,27386,6265136,0.437117406549515,99.4011538742423
"4012",2013-05-12,79.2931790619624,141644,141828,6265136,2.26376570277166,99.8702653918831
"4013",2013-05-13,79.0336370007008,53994,54226,6265136,0.865519918482217,99.572160955999
"4014",2013-05-14,80.389369592089,20135,20225,6265136,0.32281821176747,99.5550061804697
"4015",2013-05-15,82.8875871046788,13043,13059,6265136,0.208439210258165,99.8774791331649
"4016",2013-05-16,78.5122552574329,13765,13790,6265136,0.220106953783605,99.8187092095721
"4017",2013-05-17,70.3758498224252,9720,9855,6265136,0.157299059429835,98.6301369863014
"4018",2013-05-18,74.1406402737048,24292,24552,6265136,0.391882953538439,98.9410231345715
"4019",2013-05-19,78.6521468718327,43202,43412,6265136,0.692913928763877,99.5162627844836
"4020",2013-05-20,78.7934977089243,22876,22915,6265136,0.365754231033452,99.8298058040585
"4021",2013-05-21,68.6806328743041,13538,13652,6265136,0.217904288111224,99.1649575153824
"4022",2013-05-22,73.0767043400728,41377,41497,6265136,0.662347952223224,99.7108224690942
"4023",2013-05-23,66.5323690245193,10861,11338,6265136,0.180969734735208,95.7929088022579
"4024",2013-05-24,68.1278439869989,6125,6461,6265136,0.103126252965618,94.7995666305525
"4025",2013-05-25,80.0464863559527,57651,57974,6265136,0.925343041236455,99.4428536930348
"4026",2013-05-26,76.6557024936671,103581,103823,6265136,1.65715476886695,99.7669109927473
"4027",2013-05-27,73.9833585829157,128710,128715,6265136,2.05446457985908,99.9961154488599
"4028",2013-05-28,78.7538699307616,161370,161760,6265136,2.58190724032168,99.7589020771513
"4029",2013-05-29,81.8174334410937,142517,143219,6265136,2.28596793429544,99.5098415712999
"4030",2013-05-30,69.7626829268293,3983,4100,6265136,0.0654415163533561,97.1463414634146
"4031",2013-05-31,90.6745856547181,28260,28539,6265136,0.455520837855715,99.0223904131189
"4032",2013-06-01,85.0652023231913,82421,83678,6265136,1.33561346473564,98.4978130452449
"4033",2013-06-02,84.5668488612232,135098,137033,6265136,2.18723105132913,98.5879313741945
"4034",2013-06-03,85.35956655857,24921,25286,6265136,0.403598581100235,98.5565134857233
"4035",2013-06-04,87.0294357555768,109987,112788,6265136,1.80024823084447,97.5165797779906
"4036",2013-06-05,87.4907967906757,93718,97466,6265136,1.55568849582834,96.1545564607145
"4037",2013-06-06,86.2398152707114,207274,219348,6265136,3.50108920221365,94.4955048598574
"4038",2013-06-07,76.693756172972,128169,139722,6265136,2.23015110924966,91.7314381414523
"4039",2013-06-08,76.0905061528126,109770,122058,6265136,1.94820990318486,89.9326549673106
"4040",2013-06-09,66.0893823474529,9054,10718,6265136,0.171073700554944,84.4747154319836
"4041",2013-06-10,64.7326630992919,15930,18501,6265136,0.295300852208156,86.1034538673585
"4042",2013-06-11,69.9593508997429,65591,74688,6265136,1.19212096912182,87.8199978577549
"4043",2013-06-12,69.2751491901108,21130,23460,6265136,0.374453164304813,90.0682011935209
"4044",2013-06-13,65.5217622578929,28408,31959,6265136,0.510108639301685,88.8888888888889
"4045",2013-06-14,68.1625120663222,15678,17611,6265136,0.281095254755843,89.0239055135995
"4046",2013-06-15,67.4876682336274,14000,15529,6265136,0.247863733524699,90.1539055959817
"4047",2013-06-16,67.1652651083238,27389,28064,6265136,0.447939198765996,97.5947833523375
"4048",2013-06-17,65.1665925190787,24814,29221,6265136,0.466406475454004,84.9183806166798
"4049",2013-06-18,75.2714753610243,24631,26868,6265136,0.428849429605359,91.6741104659818
"4050",2013-06-19,73.8645398611088,52052,60623,6265136,0.967624645338904,85.8618016264454
"4051",2013-06-20,76.314631857821,32271,36236,6265136,0.578375313800052,89.0578430290319
"4052",2013-06-21,78.0584117260993,16225,18284,6265136,0.291837240245064,88.7387880113761
"4053",2013-06-22,67.651418115279,13095,16395,6265136,0.261686258686164,79.871912168344
"4054",2013-06-23,78.9982823892316,25139,28528,6265136,0.455345263055742,88.1204430734717
"4055",2013-06-24,62.5036888865797,28124,38494,6265136,0.614416031830754,73.060736738193
"4056",2013-06-25,76.0727657646176,121522,141234,6265136,2.25428466357315,86.0430208023564
"4057",2013-06-26,75.6866461582106,93434,112799,6265136,1.80042380564444,82.8322946125409
"4058",2013-06-27,74.9506112886049,95438,117375,6265136,1.87346292243297,81.3103301384452
"4059",2013-06-28,62.7470615260921,37329,52238,6265136,0.833788763723565,71.4594739461695
"4060",2013-06-29,62.2281085814361,14319,18272,6265136,0.29164570409964,78.3658056042032
"4061",2013-06-30,51.9045834534448,4534,6938,6265136,0.11073981474624,65.3502450273854
"4062",2013-07-01,52.8120254088785,15951,27392,6265136,0.437213174622227,58.2323306074766
"4063",2013-07-02,69.4409221902017,26201,35047,6265136,0.559397274057578,74.7596085256941
"4064",2013-07-03,57.3064363143631,18977,29520,6265136,0.471178917744164,64.2852303523035
"4065",2013-07-04,45.8870673952641,1387,2745,6265136,0.0438138932658445,50.528233151184
"4066",2013-07-05,65.6412190591714,19239,26381,6265136,0.421076254370216,72.927485690459
"4067",2013-07-06,54.0979457079971,13105,21808,6265136,0.348085021618046,60.0926265590609
"4068",2013-07-07,47.8960799385088,4461,6505,6265136,0.103828552165508,68.5780169100692
"4069",2013-07-08,38.42027238761,6969,16594,6265136,0.26486256643112,41.9971073882126
"4070",2013-07-09,28.461117196057,2530,8217,6265136,0.131154375579397,30.7898259705489
"4071",2013-07-10,52.5932406519655,14619,20860,6265136,0.332953666129514,70.0814956855225
"4072",2013-07-11,52.0083379655364,991,1799,6265136,0.0287144604682165,55.0861589772096
"4073",2013-07-12,67.757958395162,53961,71434,6265136,1.14018275102089,75.5396589859171
"4074",2013-07-13,59.1116571604748,105541,162175,6265136,2.58853119868427,65.0784646215508
"4075",2013-07-14,50.7700367177308,84355,148702,6265136,2.37348399140897,56.7275490578472
"4076",2013-07-15,65.8215711087316,7890,10273,6265136,0.163970901828787,76.8032707096272
"4077",2013-07-16,37.2449683726279,3501,8695,6265136,0.138783898705471,40.2645198389879
"4078",2013-07-17,46.7862805384743,62425,120340,6265136,1.92078831169826,51.8738574040219
"4079",2013-07-18,53.9312057954186,89959,151568,6265136,2.41922920747451,59.3522379394067
"4080",2013-07-19,64.4055704898447,93237,133920,6265136,2.13754338293694,69.6214157706093
"4081",2013-07-20,58.4209320091673,1065,1309,6265136,0.0208934011967178,81.3598166539343
"4082",2013-07-21,57.3110101329186,25952,41153,6265136,0.656857249387723,63.0622311860618
"4083",2013-07-22,52.7189911752255,35391,61418,6265136,0.980313914973274,57.6231723598945
"4084",2013-07-23,45.8011073090084,12846,26009,6265136,0.415138633862058,49.3905955630743
"4085",2013-07-24,57.2467288884919,15074,22393,6265136,0.357422408707489,67.3156790068325
"4086",2013-07-25,40.7676359183208,16166,35113,6265136,0.560450722857413,46.0399282317091
"4087",2013-07-26,58.6998107922155,53480,81392,6265136,1.29912582903228,65.7067033615097
"4088",2013-07-27,50.716896373154,89999,160277,6265136,2.55823656501631,56.1521615702814
"4089",2013-07-28,49.7926955515635,35954,65686,6265136,1.04843693736257,54.7361690466766
"4090",2013-07-29,57.4315050077301,18916,29754,6265136,0.474913872579941,63.5746454258251
"4091",2013-07-30,43.7272970592806,57340,115822,6265136,1.84867495294595,49.5070021239488
"4092",2013-07-31,32.154114713217,2770,8020,6265136,0.128009990525345,34.5386533665835
"4093",2013-08-01,40.9367834916476,1489,3053,6265136,0.0487299876650722,48.7716999672453
"4094",2013-08-02,72.8027234636871,27559,34368,6265136,0.548559520495644,80.1879655493482
"4095",2013-08-03,64.2929953141896,87838,124845,6265136,1.99269417295969,70.3576434779126
"4096",2013-08-04,65.8486068273302,54657,76516,6265136,1.22129830860815,71.4321187725443
"4097",2013-08-05,48.3597903763697,6401,10495,6265136,0.16751432051914,60.9909480705098
"4098",2013-08-06,41.8298705434925,24287,53377,6265136,0.851968736193436,45.5008711617363
"4099",2013-08-07,41.5005384449709,2582,4643,6265136,0.0741085269338128,55.6105965970278
"4100",2013-08-08,56.2731055840511,13590,20666,6265136,0.329857165111819,65.7601858124456
"4101",2013-08-09,51.9481809742728,57890,90488,6265136,1.44431022726402,63.9753337459111
"4102",2013-08-10,56.6786767992848,48076,67110,6265136,1.07116589328627,71.6376098942035
"4103",2013-08-11,46.7399606637515,28405,52369,6265136,0.835879699977782,54.2401038782486
"4104",2013-08-12,33.3638159194154,7477,20252,6265136,0.323249168094675,36.9198103890974
"4105",2013-08-13,49.187411870273,5188,7801,6265136,0.124514455871349,66.5042943212409
"4106",2013-08-14,60.6443568945539,19129,21575,6265136,0.344366028127721,88.6628041714948
"4107",2013-08-15,54.0587915774675,21527,31297,6265136,0.499542228612436,68.7829504425344
"4108",2013-08-16,58.0533540072698,24446,39341,6265136,0.62793529142863,62.138735670166
"4109",2013-08-17,44.3448301384057,60296,121599,6265136,1.94088364562238,49.5859340948528
"4110",2013-08-18,29.7094197791872,6804,25542,6265136,0.407684685535956,26.6384778012685
"4111",2013-08-19,40.4942618305469,31444,70580,6265136,1.12655176200485,44.5508642674979
"4112",2013-08-20,38.8272787561712,6701,13571,6265136,0.216611419129609,49.3773487583818
"4113",2013-08-21,41.1787929650442,36075,82218,6265136,1.31230990037567,43.8772531562432
"4114",2013-08-22,48.3610688911668,28959,56582,6265136,0.903124848367218,51.1805874659786
"4115",2013-08-23,48.2866507747318,33174,63764,6265136,1.01775923140376,52.0262216924911
"4116",2013-08-24,46.1300979927037,63978,122254,6265136,1.95133832689346,52.332030035827
"4117",2013-08-25,44.1337053081816,35211,72944,6265136,1.16428438265347,48.2712765957447
"4118",2013-08-26,39.6065372327353,3757,8138,6265136,0.129893429288686,46.1661341853035
"4119",2013-08-27,40.5366238449403,8814,22185,6265136,0.354102448853465,39.7295469912103
"4120",2013-08-28,48.2154304597811,27371,52351,6265136,0.835592395759645,52.2836239995416
"4121",2013-08-29,52.5379000561482,8677,14248,6265136,0.227417250000638,60.8997754070747
"4122",2013-08-30,48.1444799250026,76508,136538,6265136,2.17933018533037,56.0342175804538
"4123",2013-08-31,51.4530755593456,54831,89122,6265136,1.42250702937654,61.5235295437715
"4124",2013-09-01,61.4940101845958,115296,157100,6265136,2.50752737051518,73.3901973265436
"4125",2013-09-02,61.8467854126298,115495,161016,6265136,2.57003199930536,71.7288965071794
"4126",2013-09-03,50.5458453724718,58876,100021,6265136,1.5964697334583,58.8636386358865
"4127",2013-09-04,42.2831331527918,44175,96746,6265136,1.54419632710288,45.660802513799
"4128",2013-09-05,48.5506216383035,30363,56705,6265136,0.905088093857819,53.5455427211004
"4129",2013-09-06,47.2671532276949,13852,25622,6265136,0.408961593172119,54.0629146826946
"4130",2013-09-07,51.7992933791013,78244,129348,6265136,2.06456811153022,60.4910783313233
"4131",2013-09-08,40.1418988309844,20382,45765,6265136,0.730470974612522,44.5362176335628
"4132",2013-09-09,43.1907035738268,27401,53612,6265136,0.855719652374665,51.1098261583228
"4133",2013-09-10,53.5877675664775,47762,69422,6265136,1.10806852397139,68.7995160035724
"4134",2013-09-11,50.0061252751935,36099,56324,6265136,0.899006821240592,64.0916838292735
"4135",2013-09-12,53.0297656563342,22187,34906,6265136,0.557146724348841,63.5621383143299
"4136",2013-09-13,55.7411325451151,1426,1607,6265136,0.0256498821414252,88.7367766023647
"4137",2013-09-14,50.3059341038468,58355,104346,6265136,1.66550255253836,55.9245203457727
"4138",2013-09-15,53.8403632559485,115743,179708,6265136,2.86838146849486,64.4061477507957
"4139",2013-09-16,54.3191049834041,114521,172332,6265136,2.75065058444063,66.4537056379546
"4140",2013-09-17,41.8235874860408,28658,61787,6265136,0.986203651445076,46.3819250004046
"4141",2013-09-18,50.1989706265801,47653,88209,6265136,1.40793432097883,54.0228321373103
"4142",2013-09-19,54.5080760238228,89851,149269,6265136,2.38253407428027,60.1940121525568
"4143",2013-09-20,38.9177972865124,39880,95228,6265136,1.51996700470668,41.8784391145461
"4144",2013-09-21,45.3284017786133,56209,110648,6265136,1.76609095157711,50.7998337068903
"4145",2013-09-22,45.0541414570823,68532,131729,6265136,2.10257207505152,52.024990700605
"4146",2013-09-23,48.9607298198046,104321,177030,6265136,2.8256369853743,58.928430209569
"4147",2013-09-24,53.5771732496294,109344,172035,6265136,2.74591006484137,63.559159473363
"4148",2013-09-25,59.280564002777,150500,204538,6265136,3.26470167606896,73.5804593767417
"4149",2013-09-26,60.7751651063212,143678,192906,6265136,3.07903930577086,74.4808352254466
"4150",2013-09-27,54.4821689065458,84818,128876,6265136,2.05703435647686,65.8136503305503
"4151",2013-09-28,52.7801919260245,85973,134531,6265136,2.14729576500813,63.905716897964
"4152",2013-09-29,54.3714376804407,38043,56459,6265136,0.901161602876618,67.3816397739953
"4153",2013-09-30,43.5532682849437,20765,50424,6265136,0.804834883073568,41.1807869268602
"4154",2013-10-01,54.5007511156276,30316,45266,6265136,0.722506263231955,66.9730040206778
"4155",2013-10-02,58.6707846055709,35998,47030,6265136,0.750662076609351,76.5426323623219
"4156",2013-10-03,58.100914883189,47329,61210,6265136,0.97699395511925,77.322332952132
"4157",2013-10-04,69.2446385126002,118688,133172,6265136,2.12560429653881,89.1238398462139
"4158",2013-10-05,66.931284006957,107662,125342,6265136,2.00062696164936,85.8945923952067
"4159",2013-10-06,70.4357246649804,85103,92905,6265136,1.4828887992216,91.6021742640332
"4160",2013-10-07,70.6793429744688,45642,50409,6265136,0.804595462891787,90.5433553532107
"4161",2013-10-08,60.4384508990318,22850,30366,6265136,0.484682215996588,75.2486333399196
"4162",2013-10-09,49.0481700941094,7832,14345,6265136,0.228965500509486,54.5974207040781
"4163",2013-10-10,60.0724964161376,12334,14649,6265136,0.233817749526906,84.196873506724
"4164",2013-10-11,66.2354088766054,10720,12302,6265136,0.196356471750972,87.1403023898553
"4165",2013-10-12,59.7440347071583,4303,5071,6265136,0.0809399827872851,84.8550581739302
"4166",2013-10-13,50.8181105448844,1539,2551,6265136,0.0407173922481491,60.3292826342611
"4167",2013-10-14,48.501872659176,307,534,6265136,0.00852335847138833,57.4906367041198
"4168",2013-10-15,56.4228855721393,156,201,6265136,0.00320823043585965,77.6119402985075
"4169",2013-10-16,52.4430555555556,447,720,6265136,0.0114921687254674,62.0833333333333
"4170",2013-10-17,54.1585623678647,359,473,6265136,0.00754971639881401,75.8985200845666
"4171",2013-10-18,69.536044362292,490,541,6265136,0.0086350878895526,90.5730129390019
"4172",2013-10-19,52.4502369668246,129,211,6265136,0.00336784389038003,61.1374407582938
"4173",2013-10-20,NA,NA,0,6265136,0,NA
"4174",2013-10-21,NA,NA,0,6265136,0,NA
"4175",2013-10-22,NA,NA,0,6265136,0,NA
"4176",2013-10-23,51.7241379310345,56,87,6265136,0.00138863705432731,64.367816091954
"4177",2013-10-24,65.3942857142857,556,700,6265136,0.0111729418164267,79.4285714285714
"4178",2013-10-25,56.1163210099188,755,1109,6265136,0.0177011321063102,68.0793507664563
"4179",2013-10-26,66.4103114930183,839,931,6265136,0.0148600126158474,90.1181525241676
"4180",2013-10-27,46.8508287292818,53,181,6265136,0.00288900352681889,29.2817679558011
"4181",2013-10-28,46.2470588235294,109,170,6265136,0.00271342872684647,64.1176470588235
"4182",2013-10-29,62.168776371308,187,237,6265136,0.00378283887213302,78.9029535864979
"4183",2013-10-30,52.1666666666667,20,24,6265136,0.000383072290848914,83.3333333333333
"4184",2013-10-31,NA,NA,0,6265136,0,NA
"4185",2013-11-01,NA,NA,0,6265136,0,NA
"4186",2013-11-02,NA,NA,0,6265136,0,NA
"4187",2013-11-03,NA,NA,0,6265136,0,NA
"4188",2013-11-04,NA,NA,0,6265136,0,NA
"4189",2013-11-05,NA,NA,0,6265136,0,NA
"4190",2013-11-06,NA,NA,0,6265136,0,NA
"4191",2013-11-07,NA,NA,0,6265136,0,NA
"4192",2013-11-08,NA,NA,0,6265136,0,NA
"4193",2013-11-09,NA,NA,0,6265136,0,NA
"4194",2013-11-10,NA,NA,0,6265136,0,NA
"4195",2013-11-11,NA,NA,0,6265136,0,NA
"4196",2013-11-12,NA,NA,0,6265136,0,NA
"4197",2013-11-13,NA,NA,0,6265136,0,NA
"4198",2013-11-14,NA,NA,0,6265136,0,NA
"4199",2013-11-15,NA,NA,0,6265136,0,NA
"4200",2013-11-16,NA,NA,0,6265136,0,NA
"4201",2013-11-17,NA,NA,0,6265136,0,NA
"4202",2013-11-18,NA,NA,0,6265136,0,NA
"4203",2013-11-19,NA,NA,0,6265136,0,NA
"4204",2013-11-20,NA,NA,0,6265136,0,NA
"4205",2013-11-21,NA,NA,0,6265136,0,NA
"4206",2013-11-22,NA,NA,0,6265136,0,NA
"4207",2013-11-23,NA,NA,0,6265136,0,NA
"4208",2013-11-24,NA,NA,0,6265136,0,NA
"4209",2013-11-25,NA,NA,0,6265136,0,NA
"4210",2014-01-17,NA,NA,0,6265136,0,NA
"4211",2014-01-18,NA,NA,0,6265136,0,NA
"4212",2014-01-19,NA,NA,0,6265136,0,NA
"4213",2014-01-20,NA,NA,0,6265136,0,NA
"4214",2014-01-21,NA,NA,0,6265136,0,NA
"4215",2014-01-22,NA,NA,0,6265136,0,NA
"4216",2014-01-23,NA,NA,0,6265136,0,NA
"4217",2014-01-24,NA,NA,0,6265136,0,NA
"4218",2014-01-25,NA,NA,0,6265136,0,NA
"4219",2014-01-26,NA,NA,0,6265136,0,NA
"4220",2014-01-27,NA,NA,0,6265136,0,NA
"4221",2014-01-28,NA,NA,0,6265136,0,NA
"4222",2014-01-29,NA,NA,0,6265136,0,NA
"4223",2014-01-30,NA,NA,0,6265136,0,NA
"4224",2014-01-31,NA,NA,0,6265136,0,NA
"4225",2014-02-01,NA,NA,0,6265136,0,NA
"4226",2014-02-02,NA,NA,0,6265136,0,NA
"4227",2014-02-03,NA,NA,0,6265136,0,NA
"4228",2014-02-04,NA,NA,0,6265136,0,NA
"4229",2014-02-05,NA,NA,0,6265136,0,NA
"4230",2014-02-06,NA,NA,0,6265136,0,NA
"4231",2014-02-07,NA,NA,0,6265136,0,NA
"4232",2014-02-08,NA,NA,0,6265136,0,NA
"4233",2014-02-09,NA,NA,0,6265136,0,NA
"4234",2014-02-10,NA,NA,0,6265136,0,NA
"4235",2014-02-11,45.3,46,90,6265136,0.00143652109068343,51.1111111111111
"4236",2014-02-12,NA,NA,0,6265136,0,NA
"4237",2014-02-13,NA,NA,0,6265136,0,NA
"4238",2014-02-14,66.0653846153846,235,260,6265136,0.0041499498175299,90.3846153846154
"4239",2014-02-15,64.2262996941896,270,327,6265136,0.00521935996281645,82.5688073394495
"4240",2014-02-16,61.786350148368,583,674,6265136,0.0107579468346737,86.4985163204748
"4241",2014-02-17,57.3818181818182,206,275,6265136,0.00438936999931047,74.9090909090909
"4242",2014-02-18,69.5864583333333,888,960,6265136,0.0153228916339566,92.5
"4243",2014-02-19,66.1727861771058,414,463,6265136,0.00739010294429363,89.4168466522678
"4244",2014-02-20,70.5539956803456,810,926,6265136,0.0147802058885873,87.4730021598272
"4245",2014-02-21,70.9139922978177,707,779,6265136,0.0124338881071377,90.7573812580231
"4246",2014-02-22,63.5174603174603,266,315,6265136,0.00502782381739199,84.4444444444444
"4247",2014-02-23,54.3112391930836,250,347,6265136,0.00553858687185721,72.0461095100865
"4248",2014-02-24,60.8880407124682,727,786,6265136,0.0125456175253019,92.4936386768448
"4249",2014-02-25,64.9188861985472,720,826,6265136,0.0131840713433834,87.1670702179177
"4250",2014-02-26,28.2511627906977,0,215,6265136,0.00343168927218819,0
"4251",2014-02-27,74.0890868596882,1094,1347,6265136,0.0214999323238953,81.2175204157387
"4252",2014-02-28,72.6270535523789,4516,4687,6265136,0.0748108261337024,96.3516108384894
"4253",2014-03-01,64.5423053341508,2787,3262,6265136,0.0520659088645482,85.4383813611282
"4254",2014-03-02,58.2819877396635,6583,7667,6265136,0.122375635580776,85.861484283292
"4255",2014-03-03,52.3594704684318,579,982,6265136,0.0156740412339014,58.9613034623218
"4256",2014-03-04,65.7580455652672,32112,34895,6265136,0.556971149548869,92.0246453646654
"4257",2014-03-05,68.4708370777897,43743,45623,6265136,0.728204463558333,95.879271420117
"4258",2014-03-06,62.0539941126658,19828,24799,6265136,0.395825405865092,79.9548368885842
"4259",2014-03-07,66.3314131953969,66963,76557,6265136,1.22195272377168,87.4681609780948
"4260",2014-03-08,71.9929596438822,78670,85365,6265136,1.36254025451323,92.1572072863586
"4261",2014-03-09,67.8849559978901,32707,36021,6265136,0.574943624527863,90.7998112212321
"4262",2014-03-10,66.6375964362502,67112,71161,6265136,1.13582530371248,94.3100855805849
"4263",2014-03-11,64.3284259657026,75890,86129,6265136,1.37473472243859,88.1120180194824
"4264",2014-03-12,69.3392438569356,121773,125426,6265136,2.00196771466733,97.0875257123722
"4265",2014-03-13,70.3905413642157,179234,180470,6265136,2.88054401372931,99.3151216268632
"4266",2014-03-14,67.0997700190808,157289,158274,6265136,2.52626599007587,99.3776615236868
"4267",2014-03-15,66.0743233336266,134539,136404,6265136,2.1771913650398,98.6327380428726
"4268",2014-03-16,73.2357738448148,155854,158546,6265136,2.53060747603883,98.3020700616856
"4269",2014-03-17,58.8421202351603,15762,21092,6265136,0.336656698274387,74.7297553574815
"4270",2014-03-18,65.8610172973945,71811,77873,6265136,1.24295785438656,92.2155304149063
"4271",2014-03-19,71.9121378617395,121597,125401,6265136,2.00156868103103,96.9665313673735
"4272",2014-03-20,62.616974226018,49862,52456,6265136,0.837268337032109,95.0549031569315
"4273",2014-03-21,63.8048481505317,62618,65262,6265136,1.04166932689091,95.9486377984125
"4274",2014-03-22,66.7212499190747,90747,92678,6265136,1.47926557380398,97.9164418740154
"4275",2014-03-23,66.5639082729623,87936,90137,6265136,1.43870779501036,97.558161465325
"4276",2014-03-24,68.1339006998981,60219,60866,6265136,0.971503252283749,98.9370091676798
"4277",2014-03-25,66.7841354805962,20780,21671,6265136,0.345898317291117,95.8885146047714
"4278",2014-03-26,68.5939860407305,125089,125508,6265136,2.00327654499439,99.6661567390127
"4279",2014-03-27,59.4745762711864,58,59,6265136,0.000941719381670246,98.3050847457627
"4280",2014-03-28,69.6362075512192,57855,60573,6265136,0.966826578066302,95.5128522609083
"4281",2014-03-29,66.9668222992018,44738,46477,6265136,0.741835452574374,96.2583643522603
"4282",2014-03-30,72.0126550265065,100437,102805,6265136,1.64090611919677,97.696610087058
"4283",2014-03-31,73.9550733088385,141730,142343,6265136,2.27198579567946,99.5693500909774
"4284",2014-04-01,72.4242039820267,102728,103264,6265136,1.64823237675926,99.480942051441
"4285",2014-04-02,72.4284602084871,98420,98903,6265136,1.57862494924292,99.5116427206455
"4286",2014-04-03,72.5241528309419,84825,85166,6265136,1.35936394676827,99.5996054763638
"4287",2014-04-04,70.6019516908213,102999,103500,6265136,1.65199925428594,99.5159420289855
"4288",2014-04-05,72.470225761698,110744,111002,6265136,1.77174126786713,99.7675717554639
"4289",2014-04-06,73.3820122251799,161899,162288,6265136,2.59033483072035,99.7603026717934
"4290",2014-04-07,74.7648422484402,169005,169095,6265136,2.69898370921238,99.9467754812384
"4291",2014-04-08,67.9979466119097,1436,1461,6265136,0.0233195257054276,98.2888432580424
"4292",2014-04-09,66.7260606060606,1609,1650,6265136,0.0263362199958628,97.5151515151515
"4293",2014-04-10,65.792242919112,38733,39190,6265136,0.625525128265372,98.833886195458
"4294",2014-04-11,65.8317912657291,5264,5404,6265136,0.0862551108228137,97.4093264248705
"4295",2014-04-12,69.3235640374249,112795,112973,6265136,1.8032010797531,99.8424402290813
"4296",2014-04-13,67.7156609339751,109144,109489,6265136,1.7475917521982,99.6848998529533
"4297",2014-04-14,70.9605327197912,112732,113005,6265136,1.80371184280756,99.7584177691253
"4298",2014-04-15,72.6737612414036,168909,170130,6265136,2.71550370175524,99.2823135249515
"4299",2014-04-16,63.6033167158409,9596,9829,6265136,0.156884064448082,97.629463831519
"4300",2014-04-17,64.806960992329,23201,24508,6265136,0.391180654338549,94.6670474946956
"4301",2014-04-18,71.575436025474,110320,110544,6265136,1.7644309716501,99.7973657548126
"4302",2014-04-19,72.5402353982954,108152,108412,6265136,1.73040138314635,99.760174150463
"4303",2014-04-20,68.4243530719162,18462,18897,6265136,0.301621545007163,97.6980473090967
"4304",2014-04-21,69.08965847536,60454,60552,6265136,0.966491389811809,99.8381556348263
"4305",2014-04-22,70.8143846392817,99430,99787,6265136,1.59273477862252,99.6422379668694
"4306",2014-04-23,73.2139473578569,149364,149462,6265136,2.38561461395251,99.9344314942929
"4307",2014-04-24,74.5299168696507,178834,178996,6265136,2.85701699053301,99.9094951842499
"4308",2014-04-25,77.2681691548315,131945,132092,6265136,2.10836604345061,99.8887139266572
"4309",2014-04-26,76.5317014603823,178108,178241,6265136,2.84496617471672,99.9253819267172
"4310",2014-04-27,68.8342949175348,48927,49051,6265136,0.78291995576792,99.7472018919084
"4311",2014-04-28,73.3837944621595,93087,93141,6265136,1.48665567674828,99.9420233839018
"4312",2014-04-29,73.842277486911,45328,45840,6265136,0.731668075521425,98.8830715532286
"4313",2014-04-30,74.9295599780902,27276,27385,6265136,0.437101445204063,99.6019718824174
"4314",2014-05-01,76.5103875968992,3190,3225,6265136,0.0514753390828228,98.9147286821705
"4315",2014-05-02,74.9938215773449,78470,78499,6265136,1.25294965663954,99.9630568542274
"4316",2014-05-03,72.7486506553959,140011,140068,6265136,2.23567373477607,99.9593054801953
"4317",2014-05-04,75.5228618133917,188946,189027,6265136,3.0171252467624,99.9571489787173
"4318",2014-05-05,77.9287627768462,143489,143717,6265136,2.29391668433056,99.8413548849475
"4319",2014-05-06,71.1410322271311,29095,29199,6265136,0.46605532585406,99.6438234186102
"4320",2014-05-07,76.1047285375813,39525,39674,6265136,0.633250419464158,99.6244391793114
"4321",2014-05-08,74.1805628914208,92504,92771,6265136,1.48074997893102,99.7121945435535
"4322",2014-05-09,74.5167186881787,113693,113735,6265136,1.81536362498755,99.9630720534576
"4323",2014-05-10,72.0905751696124,45990,46282,6265136,0.738722990211226,99.3690851735016
"4324",2014-05-11,72.6698159150677,51306,51335,6265136,0.819375668780374,99.9435083276517
"4325",2014-05-12,71.9249218630889,104620,104944,6265136,1.67504743711868,99.6912639121817
"4326",2014-05-13,73.0437301696786,28780,28996,6265136,0.462815172727296,99.2550696647813
"4327",2014-05-14,72.7909940850983,26173,26205,6265136,0.418267057570658,99.8778858996375
"4328",2014-05-15,72.5721821341863,147813,147869,6265136,2.36018819064742,99.9621286408916
"4329",2014-05-16,72.446404544775,46671,46823,6265136,0.747358078100779,99.6753732140187
"4330",2014-05-17,76.9472187031237,128429,128663,6265136,2.05363458989557,99.8181295321887
"4331",2014-05-18,76.7807797318617,171658,171777,6265136,2.74179203771474,99.9307241365258
"4332",2014-05-19,72.9505052994824,40497,40570,6265136,0.647551784989185,99.8200640867636
"4333",2014-05-20,73.2556690842995,56286,56667,6265136,0.904481562730642,99.3276510138176
"4334",2014-05-21,73.3605972870087,36745,37302,6265136,0.595390108051924,98.5067824781513
"4335",2014-05-22,76.8008897165322,96205,96660,6265136,1.542823651394,99.5292778812332
"4336",2014-05-23,80.5832631905374,112673,112865,6265136,1.80147725444428,99.8298852611527
"4337",2014-05-24,78.646688834582,99443,99844,6265136,1.59364457531329,99.5983734626017
"4338",2014-05-25,79.6372622427699,198584,198995,6265136,3.17622793822832,99.7934621472901
"4339",2014-05-26,79.5113820876807,123919,124406,6265136,1.98568714230625,99.6085397810395
"4340",2014-05-27,73.3339925715113,20650,20731,6265136,0.330894652566201,99.6092807872269
"4341",2014-05-28,79.6996563573883,30276,30555,6265136,0.487698910287023,99.0868924889543
"4342",2014-05-29,75.9655616031667,9750,10105,6265136,0.161289395792845,96.4868876793666
"4343",2014-05-30,73.46110783736,9979,10182,6265136,0.162518419392652,98.0062856020428
"4344",2014-05-31,78.0270774448841,17604,17690,6265136,0.282356201046554,99.5138496325608
"4345",2014-06-01,78.0053509243793,70080,70642,6265136,1.12754136542287,99.204439285411
"4346",2014-06-02,73.4343040707778,18835,18989,6265136,0.303089988788751,99.1890041603033
"4347",2014-06-03,78.6365790424379,92606,94114,6265136,1.50218606587311,98.3976879104065
"4348",2014-06-04,80.5762958648806,176584,178568,6265136,2.85018553467953,98.8889386676224
"4349",2014-06-05,77.8635149356432,11651,12353,6265136,0.197170500369026,94.3171699182385
"4350",2014-06-06,85.0878543927196,27232,28570,6265136,0.456015639564728,95.3167658382919
"4351",2014-06-07,83.9169818913481,49095,49700,6265136,0.793278868966292,98.7826961770624
"4352",2014-06-08,84.6935693649935,83583,86881,6265136,1.38673765421852,96.204003176759
"4353",2014-06-09,75.0557986870897,9869,10054,6265136,0.160475367174791,98.1599363437438
"4354",2014-06-10,68.6988146551724,7251,7424,6265136,0.118497028635931,97.6697198275862
"4355",2014-06-11,74.6683189504237,124291,128509,6265136,2.05117654269596,96.7177396135679
"4356",2014-06-12,75.1974262547405,59541,63021,6265136,1.00589995173289,94.4780311324796
"4357",2014-06-13,74.493865072728,68402,72943,6265136,1.16426842130801,93.774591119093
"4358",2014-06-14,65.8968975609756,21799,25625,6265136,0.409009477208476,85.0692682926829
"4359",2014-06-15,69.3456388676358,61629,67964,6265136,1.08479688230232,90.6788888234948
"4360",2014-06-16,71.6117998608561,80520,87679,6265136,1.39947480788925,91.8349889939438
"4361",2014-06-17,72.2823449216087,14279,14670,6265136,0.234152937781399,97.33469665985
"4362",2014-06-18,63.4447662936142,6858,7595,6265136,0.121226418708229,90.2962475312706
"4363",2014-06-19,64.2750647428783,9725,10812,6265136,0.172574067027436,89.9463559008509
"4364",2014-06-20,72.7114081814995,82092,88419,6265136,1.41128620352375,92.8442981712076
"4365",2014-06-21,74.946720984529,174846,188029,6265136,3.00119582400127,92.9888474650187
"4366",2014-06-22,77.2025767369798,143920,157486,6265136,2.51368844985967,91.385900968975
"4367",2014-06-23,76.5268709749056,15954,18012,6265136,0.28749575428211,88.5742838107928
"4368",2014-06-24,78.131971131315,18882,21338,6265136,0.340583189255588,88.4900178086044
"4369",2014-06-25,83.2426041868371,88300,92958,6265136,1.48373475053056,94.989134878117
"4370",2014-06-26,80.0936169238518,40483,43678,6265136,0.697159646654119,92.6851046293329
"4371",2014-06-27,78.1183884762548,28659,31101,6265136,0.496413804903836,92.1481624385068
"4372",2014-06-28,79.6356867668066,21415,23101,6265136,0.368723041287532,92.7016146487165
"4373",2014-06-29,77.842993767663,46688,53431,6265136,0.852830648847846,87.3799854017331
"4374",2014-06-30,71.7618749129405,13792,14358,6265136,0.229172998000363,96.0579467892464
"4375",2014-07-01,69.9528301886792,16840,20458,6265136,0.326537205257795,82.314986802229
"4376",2014-07-02,75.6875367116997,35714,37454,6265136,0.597816232560634,95.3543012762322
"4377",2014-07-03,75.768115942029,2753,3243,6265136,0.0517626433009595,84.8905334566759
"4378",2014-07-04,81.2424031007752,12024,12900,6265136,0.205901356331291,93.2093023255814
"4379",2014-07-05,77.5818883906328,74513,80280,6265136,1.28137681288962,92.8163926258097
"4380",2014-07-06,76.0973999018831,24376,26499,6265136,0.422959693133557,91.9883769198838
"4381",2014-07-07,73.3009886437693,58413,72119,6265136,1.15111627265553,80.995299435655
"4382",2014-07-08,73.0756746534324,141569,174497,6265136,2.78520689734429,81.1297615431784
"4383",2014-07-09,68.1292719167905,27038,32304,6265136,0.515615303482638,83.698613174839
"4384",2014-07-10,48.361310951239,2598,3753,6265136,0.0599029294814989,69.224620303757
"4385",2014-07-11,41.8004628584331,8122,17716,6265136,0.282771196028306,45.8455633325807
"4386",2014-07-12,61.4464406779661,18183,26550,6265136,0.423773721751611,68.4858757062147
"4387",2014-07-13,57.6341361693254,43234,67137,6265136,1.07159684961348,64.3966814126339
"4388",2014-07-14,60.8887390983446,90015,132778,6265136,2.11931552643071,67.7936103872629
"4389",2014-07-15,65.6188654856755,140407,188768,6265136,3.01299125829032,74.3807213086964
"4390",2014-07-16,63.3883298423136,114057,160889,6265136,2.56800490843295,70.8917328095768
"4391",2014-07-17,73.1969019482593,20938,25048,6265136,0.39979978088265,83.5915043117215
"4392",2014-07-18,63.6314710042433,10078,14140,6265136,0.225693424691818,71.2729844413013
"4393",2014-07-19,68.3921700057099,31550,40281,6265136,0.642938956153546,78.3247685012785
"4394",2014-07-20,63.7005687984422,90316,129923,6265136,2.07374588516514,69.5150204351808
"4395",2014-07-21,62.6407934951848,49041,69364,6265136,1.10714276593517,70.7009399688599
"4396",2014-07-22,64.7136968420088,93842,131001,6265136,2.09095221556244,71.6345676750559
"4397",2014-07-23,51.1284997278829,9222,16537,6265136,0.263952769740354,55.7658583781823
"4398",2014-07-24,52.8575975333814,23312,40217,6265136,0.641917430044615,57.9655369619813
"4399",2014-07-25,69.5180630163667,49676,63666,6265136,1.01619501954946,78.025947915685
"4400",2014-07-26,51.1318090114324,5277,8922,6265136,0.142407124123084,59.1459314055145
"4401",2014-07-27,30.5801997025706,3133,9414,6265136,0.150260106085486,33.280220947525
"4402",2014-07-28,53.9247105468503,30607,47417,6265136,0.756839117299289,64.5485796233418
"4403",2014-07-29,52.1490097096209,25522,43977,6265136,0.701932088944278,58.0348818700684
"4404",2014-07-30,50.0498660535364,27858,47407,6265136,0.756679503844769,58.7634737486025
"4405",2014-07-31,41.0522672662743,21133,45363,6265136,0.724054513740803,46.586425060071
"4406",2014-08-01,61.5935841316162,35782,47289,6265136,0.754796065081428,75.6666455200998
"4407",2014-08-02,46.1451211932878,8040,16090,6265136,0.256818048323293,49.9689247980112
"4408",2014-08-03,42.4936996019716,23464,48489,6265136,0.773949679623874,48.3903565757182
"4409",2014-08-04,51.418330678324,76656,134965,6265136,2.15422298893432,56.7969473567221
"4410",2014-08-05,41.4162197667722,52253,111136,6265136,1.7738800881577,47.0171681543334
"4411",2014-08-06,52.4721030563029,97455,165036,6265136,2.63419660802256,59.0507525630771
"4412",2014-08-07,64.9679861804395,66080,89149,6265136,1.42293798570374,74.1230972865652
"4413",2014-08-08,60.7949286928537,52873,77061,6265136,1.22999724187951,68.6118789011303
"4414",2014-08-09,58.4568803604637,141334,216166,6265136,3.45030020098526,65.3821600066616
"4415",2014-08-10,55.7704628837974,57705,92399,6265136,1.47481235842287,62.4519745884696
"4416",2014-08-11,56.6993213800986,45313,69995,6265136,1.1172143749154,64.7374812486606
"4417",2014-08-12,41.3184256623604,25102,54804,6265136,0.874745576153495,45.8032260418948
"4418",2014-08-13,57.9950140230601,16923,25672,6265136,0.409759660444721,65.9200685571829
"4419",2014-08-14,50.3618398599628,51297,90833,6265136,1.44981689144497,56.4739687118118
"4420",2014-08-15,56.9646494435925,33276,50862,6265136,0.811825952381561,65.4240887106288
"4421",2014-08-16,55.753603395386,30077,47594,6265136,0.7596642754443,63.1949405387234
"4422",2014-08-17,41.8883682779388,41976,88998,6265136,1.42052782254048,47.1651048338165
"4423",2014-08-18,47.5973550928531,18388,31986,6265136,0.51053959562889,57.4876508472457
"4424",2014-08-19,57.2255554712975,44323,65935,6265136,1.05241131238013,67.222264351255
"4425",2014-08-20,52.4874642475371,108827,173065,6265136,2.76235025065697,62.8821541039494
"4426",2014-08-21,53.1042689190732,75379,122654,6265136,1.95772286507428,61.4566178029253
"4427",2014-08-22,49.3837004860896,59967,106359,6265136,1.69763274093332,56.3816884325727
"4428",2014-08-23,48.2293825931773,63413,116552,6265136,1.86032673512594,54.4074747752076
"4429",2014-08-24,55.0566440514819,80608,128822,6265136,2.05617244382245,62.5731629690581
"4430",2014-08-25,54.4429667277826,96796,148352,6265136,2.36789752050075,65.2475194132873
"4431",2014-08-26,54.3883861623451,100004,156038,6265136,2.49057642164512,64.0895166561991
"4432",2014-08-27,50.3199990278757,23462,41147,6265136,0.656761481315011,57.0199528519698
"4433",2014-08-28,45.6435398230089,9476,19775,6265136,0.315635606314053,47.9190897597977
"4434",2014-08-29,57.6978396319804,32028,51519,6265136,0.822312556343549,62.1673557328364
"4435",2014-08-30,47.197897773213,25180,45761,6265136,0.730407129230714,55.0250213063526
"4436",2014-08-31,40.6864703553701,31311,65678,6265136,1.04830924659896,47.6734979749688
"4437",2014-09-01,46.3689131206865,59981,104179,6265136,1.66283700784787,57.5749431267338
"4438",2014-09-02,61.0406383982604,37065,48747,6265136,0.7780677067505,76.0354483352822
"4439",2014-09-03,51.0036146191262,13894,22409,6265136,0.357677790234721,62.0018742469543
"4440",2014-09-04,45.8552405109158,11911,22078,6265136,0.352394584890097,53.9496331189419
"4441",2014-09-05,57.7177367340956,12345,17055,6265136,0.272220746684509,72.3834652594547
"4442",2014-09-06,56.7047104096644,16680,20529,6265136,0.32767046078489,81.2509133421014
"4443",2014-09-07,53.4633526804425,53910,78737,6265136,1.25674845685712,68.4684455846679
"4444",2014-09-08,58.2077387946953,33846,47656,6265136,0.760653878862326,71.0214873258352
"4445",2014-09-09,60.3293487667676,13898,18488,6265136,0.29509335471728,75.1730852444829
"4446",2014-09-10,58.320504263997,18674,26970,6265136,0.430477486841467,69.2398961809418
"4447",2014-09-11,49.9847971851557,8746,15063,6265136,0.240425746544049,58.0628028945097
"4448",2014-09-12,59.448037986024,28184,33486,6265136,0.534481613806947,84.1665173505345
"4449",2014-09-13,56.8438323668951,12820,15176,6265136,0.24222937858013,84.475487612019
"4450",2014-09-14,50.9834263120836,45599,73852,6265136,1.17877728432392,61.743757785842
"4451",2014-09-15,58.4581054181987,136803,187387,6265136,2.99094864022106,73.005598040419
"4452",2014-09-16,51.9511731737437,14306,21054,6265136,0.33605016714721,67.9490833095849
"4453",2014-09-17,49.7786966930505,51462,87301,6265136,1.39344141930838,58.9477783759636
"4454",2014-09-18,48.7555426850458,25970,43165,6265136,0.688971476437223,60.1644851152554
"4455",2014-09-19,51.5124291719978,28101,43768,6265136,0.698596167744802,64.2044416011698
"4456",2014-09-20,62.9369666990549,50186,56605,6265136,0.903491959312615,88.6600123663987
"4457",2014-09-21,61.0932909495736,60958,71411,6265136,1.13981564007549,85.3621991009788
"4458",2014-09-22,62.8248291902893,38461,41274,6265136,0.658788572187419,93.1845714008819
"4459",2014-09-23,59.139746309364,19627,23099,6265136,0.368691118596627,84.9690462790597
"4460",2014-09-24,47.606096689688,7107,12597,6265136,0.201065068659324,56.4181948082877
"4461",2014-09-25,58.1215379760662,28371,41197,6265136,0.657559548587612,68.8666650484259
"4462",2014-09-26,57.3919034546686,42616,56098,6265136,0.895399557168432,75.9670576491141
"4463",2014-09-27,59.6008546884312,52373,68797,6265136,1.09809268306386,76.1268659970638
"4464",2014-09-28,67.0700039992349,50445,57511,6265136,0.917952938292162,87.7136547790857
"4465",2014-09-29,57.0137113445555,18163,23703,6265136,0.378331771249658,76.6274311268616
"4466",2014-09-30,60.9671622547242,18968,24819,6265136,0.396144632774133,76.4253193118176
"4467",2014-10-01,65.8576063059681,100286,111894,6265136,1.78597878801035,89.6258959372263
"4468",2014-10-02,50.6242175273865,3076,5112,6265136,0.0815943979508186,60.1721439749609
"4469",2014-10-03,68.7884098536436,128740,143622,6265136,2.29240035651261,89.6380777318238
"4470",2014-10-04,58.6629314938718,48338,67556,6265136,1.07828465335788,71.5524897862514
"4471",2014-10-05,48.529501139529,2911,3949,6265136,0.0630313531900984,73.714864522664
"4472",2014-10-06,67.4046046679935,92648,110540,6265136,1.76436712626829,83.8140039804596
"4473",2014-10-07,66.3669041450777,74363,86464,6265136,1.38008177316502,86.0045799407846
"4474",2014-10-08,54.9365517241379,18230,23925,6265136,0.381875189940011,76.19644723093
"4475",2014-10-09,50.3087494273935,1234,2183,6265136,0.0348436171217991,56.5277141548328
"4476",2014-10-10,63.0661266531663,36461,39999,6265136,0.638437856736071,91.1547788694717
"4477",2014-10-11,41.9888169511477,666,1699,6265136,0.0271183259230127,39.1995291347852
"4478",2014-10-12,57.0458237867111,3575,4801,6265136,0.0766304195152348,74.4636534055405
"4479",2014-10-13,64.1372750642674,1630,1945,6265136,0.031044816904214,83.8046272493573
"4480",2014-10-14,63.9026870007262,1065,1377,6265136,0.0219787726874564,77.3420479302832
"4481",2014-10-15,57.1432360742706,250,377,6265136,0.00601742723541835,66.3129973474801
"4482",2014-10-16,49.8530183727034,189,381,6265136,0.00608127261722651,49.6062992125984
"4483",2014-10-17,62.2906666666667,973,1125,6265136,0.0179565136335428,86.4888888888889
"4484",2014-10-18,64.078125,857,1024,6265136,0.016344417742887,83.69140625
"4485",2014-10-19,65.7229080932785,715,729,6265136,0.0116358208345358,98.079561042524
"4486",2014-10-20,69.8185654008439,442,474,6265136,0.00756567774426605,93.2489451476793
"4487",2014-10-21,NA,NA,0,6265136,0,NA
"4488",2014-10-22,53.4183673469388,287,490,6265136,0.00782105927149866,58.5714285714286
"4489",2014-10-23,NA,NA,0,6265136,0,NA
"4490",2014-10-24,46.0714285714286,16,28,6265136,0.000446917672657066,57.1428571428571
"4491",2014-10-25,57.422131147541,522,732,6265136,0.0116837048708919,71.3114754098361
"4492",2014-10-27,54.6631853785901,280,383,6265136,0.00611319530813058,73.1070496083551
"4493",2014-10-28,38.7,3,110,6265136,0.00175574799972419,2.72727272727273
"4494",2014-10-29,64.475138121547,1192,1267,6265136,0.0202230246877322,94.0805051302289
"4495",2014-10-30,57.8169642857143,156,224,6265136,0.00357534138125653,69.6428571428571
"4496",2014-10-31,NA,NA,0,6265136,0,NA
"4497",2014-11-01,NA,NA,0,6265136,0,NA
"4498",2014-11-02,NA,NA,0,6265136,0,NA
"4499",2014-11-03,NA,NA,0,6265136,0,NA
"4500",2014-11-04,NA,NA,0,6265136,0,NA
"4501",2014-11-05,NA,NA,0,6265136,0,NA
"4502",2014-11-06,NA,NA,0,6265136,0,NA
"4503",2014-11-07,NA,NA,0,6265136,0,NA
"4504",2014-11-08,NA,NA,0,6265136,0,NA
"4505",2014-11-09,NA,NA,0,6265136,0,NA
"4506",2014-11-10,NA,NA,0,6265136,0,NA
"4507",2014-11-11,NA,NA,0,6265136,0,NA
"4508",2014-11-12,NA,NA,0,6265136,0,NA
"4509",2014-11-13,NA,NA,0,6265136,0,NA
"4510",2014-11-14,NA,NA,0,6265136,0,NA
"4511",2014-11-15,NA,NA,0,6265136,0,NA
"4512",2014-11-16,NA,NA,0,6265136,0,NA
"4513",2014-11-17,NA,NA,0,6265136,0,NA
"4514",2014-11-18,NA,NA,0,6265136,0,NA
"4515",2014-11-19,NA,NA,0,6265136,0,NA
"4516",2014-11-20,NA,NA,0,6265136,0,NA
"4517",2014-11-21,NA,NA,0,6265136,0,NA
"4518",2014-11-22,NA,NA,0,6265136,0,NA
"4519",2014-11-23,NA,NA,0,6265136,0,NA
"4520",2014-11-24,NA,NA,0,6265136,0,NA
"4521",2014-11-26,NA,NA,0,6265136,0,NA
"4522",2015-01-17,NA,NA,0,6265136,0,NA
"4523",2015-01-18,NA,NA,0,6265136,0,NA
"4524",2015-01-20,NA,NA,0,6265136,0,NA
"4525",2015-01-21,NA,NA,0,6265136,0,NA
"4526",2015-01-22,NA,NA,0,6265136,0,NA
"4527",2015-01-23,NA,NA,0,6265136,0,NA
"4528",2015-01-24,NA,NA,0,6265136,0,NA
"4529",2015-01-25,NA,NA,0,6265136,0,NA
"4530",2015-01-26,NA,NA,0,6265136,0,NA
"4531",2015-01-27,NA,NA,0,6265136,0,NA
"4532",2015-01-28,NA,NA,0,6265136,0,NA
"4533",2015-01-29,NA,NA,0,6265136,0,NA
"4534",2015-01-30,NA,NA,0,6265136,0,NA
"4535",2015-01-31,NA,NA,0,6265136,0,NA
"4536",2015-02-01,NA,NA,0,6265136,0,NA
"4537",2015-02-02,NA,NA,0,6265136,0,NA
"4538",2015-02-03,NA,NA,0,6265136,0,NA
"4539",2015-02-04,NA,NA,0,6265136,0,NA
"4540",2015-02-05,NA,NA,0,6265136,0,NA
"4541",2015-02-06,NA,NA,0,6265136,0,NA
"4542",2015-02-07,NA,NA,0,6265136,0,NA
"4543",2015-02-08,NA,NA,0,6265136,0,NA
"4544",2015-02-09,NA,NA,0,6265136,0,NA
"4545",2015-02-10,NA,NA,0,6265136,0,NA
"4546",2015-02-11,NA,NA,0,6265136,0,NA
"4547",2015-02-12,55.2428571428571,261,350,6265136,0.00558647090821333,74.5714285714286
"4548",2015-02-13,61.0827338129496,428,556,6265136,0.00887450807133317,76.9784172661871
"4549",2015-02-14,NA,NA,0,6265136,0,NA
"4550",2015-02-15,NA,NA,0,6265136,0,NA
"4551",2015-02-16,68.8096357226792,665,851,6265136,0.0135831049796844,78.1433607520564
"4552",2015-02-17,56.9026128266033,252,421,6265136,0.00671972643530803,59.8574821852732
"4553",2015-02-18,NA,NA,0,6265136,0,NA
"4554",2015-02-19,NA,NA,0,6265136,0,NA
"4555",2015-02-20,48.7171717171717,102,198,6265136,0.00316034639950354,51.5151515151515
"4556",2015-02-21,46.4473684210526,97,228,6265136,0.00363918676306468,42.5438596491228
"4557",2015-02-22,52.0385756676558,226,337,6265136,0.00537897341733683,67.0623145400593
"4558",2015-02-23,64.8882978723404,502,564,6265136,0.00900219883494947,89.0070921985816
"4559",2015-02-24,25.8947368421053,7,133,6265136,0.00212285894512106,5.26315789473684
"4560",2015-02-25,44.5,3,6,6265136,9.57680727122284e-05,50
"4561",2015-02-26,62.8978723404255,204,235,6265136,0.00375091618122895,86.8085106382979
"4562",2015-02-27,50.1060070671378,214,283,6265136,0.00451706076292677,75.6183745583039
"4563",2015-02-28,57.9627434377646,1644,2362,6265136,0.0377006979577139,69.6020321761219
"4564",2015-03-01,73.8656957928803,1089,1236,6265136,0.0197282229787191,88.1067961165049
"4565",2015-03-02,NA,NA,0,6265136,0,NA
"4566",2015-03-03,56.3328813559322,3072,4425,6265136,0.0706289536252685,69.4237288135593
"4567",2015-03-04,68.8423741826172,35208,37773,6265136,0.602907901759834,93.2094353109364
"4568",2015-03-05,68.1930648092065,61258,66040,6265136,1.05408725365259,92.7589339794064
"4569",2015-03-06,52.7719548425431,4027,8415,6265136,0.1343147219789,47.8550207961973
"4570",2015-03-07,54.5416793480099,21467,29571,6265136,0.471992946362218,72.5947719049068
"4571",2015-03-08,61.3447608884146,48623,59972,6265136,0.957233809449627,81.0761688788101
"4572",2015-03-09,61.8843807380205,68885,84415,6265136,1.34737697633379,81.6027957116626
"4573",2015-03-10,60.3582269185264,39764,49022,6265136,0.78245707674981,81.1146016074416
"4574",2015-03-11,65.4181767779957,88844,97399,6265136,1.55461908568306,91.2165422642943
"4575",2015-03-12,55.0772138228942,16136,24076,6265136,0.384285353103269,67.0210998504735
"4576",2015-03-13,56.1551231702963,17148,22408,6265136,0.357661828889269,76.526240628347
"4577",2015-03-14,60.5090859369659,60289,73135,6265136,1.1673329996348,82.4352225336706
"4578",2015-03-15,65.385691936197,55015,58806,6265136,0.938622880652551,93.5533789069143
"4579",2015-03-16,62.3336642599278,57102,66480,6265136,1.06111024565149,85.8935018050542
"4580",2015-03-17,69.7490352660475,77377,82147,6265136,1.31117664484857,94.1933363360804
"4581",2015-03-18,54.3159253375695,6738,10072,6265136,0.160762671392927,66.8983320095314
"4582",2015-03-19,67.596355643789,109739,112832,6265136,1.80095053004436,97.2587563811685
"4583",2015-03-20,68.9323069937215,112773,114517,6265136,1.82784539713104,98.4770820052918
"4584",2015-03-21,68.8597383523268,146413,147068,6265136,2.34740315294034,99.5546277912258
"4585",2015-03-22,62.2831354460294,68890,70242,6265136,1.12115682724206,98.0752256484724
"4586",2015-03-23,71.6114074829297,138612,139277,6265136,2.22304831052351,99.5225342303467
"4587",2015-03-24,71.9408275286489,155230,155765,6265136,2.48621897433671,99.6565338811671
"4588",2015-03-25,65.8433997234562,101469,101973,6265136,1.62762627978068,99.5057515224618
"4589",2015-03-26,57.4722296395194,13666,14980,6265136,0.23910095487153,91.2283044058745
"4590",2015-03-27,65.0958675285061,27205,27538,6265136,0.439543531058224,98.790761856344
"4591",2015-03-28,63.0526503786255,26662,27996,6265136,0.446853827275258,95.2350335762252
"4592",2015-03-29,69.6654119615224,104829,105204,6265136,1.67919738693621,99.6435496749173
"4593",2015-03-30,62.3312572985597,35254,35966,6265136,0.574065750528001,98.020352555191
"4594",2015-03-31,59.4845012878586,10806,11259,6265136,0.179708788444497,95.97655209166
"4595",2015-04-01,70.6133468865992,64271,64929,6265136,1.03635419885538,98.9865853470714
"4596",2015-04-02,70.5364296025775,104189,104599,6265136,1.66954077293773,99.6080268453809
"4597",2015-04-03,73.2139713411136,186422,186539,6265136,2.97741341927773,99.9372785315671
"4598",2015-04-04,68.3601151239439,53498,53855,6265136,0.85959825931951,99.3371089035373
"4599",2015-04-05,72.6681775119351,53513,53833,6265136,0.859247109719566,99.4055690747311
"4600",2015-04-06,70.4094939046915,21557,21656,6265136,0.345658897109337,99.5428518655338
"4601",2015-04-07,77.0082165658681,106256,106979,6265136,1.70752877511358,99.3241664251862
"4602",2015-04-08,77.9429822820319,75259,75573,6265136,1.20624675984687,99.584507694547
"4603",2015-04-09,73.5695536393609,46902,47316,6265136,0.755227021408633,99.1250317017499
"4604",2015-04-10,66.4168444146505,47766,49227,6265136,0.785729152567478,97.0321165214212
"4605",2015-04-11,70.4415442923539,85841,86279,6265136,1.37712892425639,99.4923446029741
"4606",2015-04-12,70.6378858639936,52524,52674,6265136,0.840747910340653,99.7152295250028
"4607",2015-04-13,61.3583662714097,526,759,6265136,0.0121146611980969,69.3017127799736
"4608",2015-04-14,74.1895013365287,107808,108490,6265136,1.73164636809161,99.3713706332381
"4609",2015-04-15,71.9349886096062,50037,52237,6265136,0.833772802378113,95.7884258284358
"4610",2015-04-16,71.9836894436217,44414,47270,6265136,0.75449279951784,93.9581129680559
"4611",2015-04-17,74.266379987978,107713,108135,6265136,1.72598009045614,99.609747075415
"4612",2015-04-18,62.7857713828937,26031,27522,6265136,0.439288149530992,94.5825158055374
"4613",2015-04-19,72.1261214557766,94285,94520,6265136,1.50866637212664,99.751375370292
"4614",2015-04-20,72.4466914420034,75711,76151,6265136,1.21547241751815,99.4222006277002
"4615",2015-04-21,70.9186616283372,89047,89183,6265136,1.42348067144911,99.8475045692565
"4616",2015-04-22,69.7763090399716,50139,50686,6265136,0.809016755582002,98.9208065343487
"4617",2015-04-23,74.3181517277903,37549,37765,6265136,0.602780210996218,99.4280418376804
"4618",2015-04-24,65.9845139856393,18582,18662,6265136,0.297870628825935,99.571321401779
"4619",2015-04-25,74.804766788521,158404,158933,6265136,2.53678451672877,99.6671553421882
"4620",2015-04-26,76.497692025625,92623,92722,6265136,1.47996787300387,99.8932292228382
"4621",2015-04-27,71.0993553280243,51784,52740,6265136,0.841801359140488,98.1873340917709
"4622",2015-04-28,72.7500309018029,56424,56631,6265136,0.903906954294368,99.634475817132
"4623",2015-04-29,75.1177544576679,118846,119401,6265136,1.9058006083188,99.5351797723637
"4624",2015-04-30,75.8032594883415,130557,130634,6265136,2.08509440178154,99.9410566927446
"4625",2015-05-01,73.7047213024058,122805,122911,6265136,1.96182493085545,99.913758735996
"4626",2015-05-02,71.0591684047146,164821,164936,6265136,2.63260047347735,99.9302759858369
"4627",2015-05-03,76.1264070833118,193008,193130,6265136,3.08261464715211,99.9368301144307
"4628",2015-05-04,75.0468045657338,86078,86295,6265136,1.37738430578363,99.7485369951909
"4629",2015-05-05,70.5157497303128,37040,37080,6265136,0.591846689361572,99.8921251348436
"4630",2015-05-06,65.6201177581015,22037,22249,6265136,0.355123974962395,99.0471481864353
"4631",2015-05-07,74.5160594757549,97669,97855,6265136,1.56189745920919,99.8099228450258
"4632",2015-05-08,74.539037301256,105281,105412,6265136,1.68251734679024,99.8757257238265
"4633",2015-05-09,72.0126463548742,61766,61836,6265136,0.986985757372226,99.8867973348858
"4634",2015-05-10,72.000703064391,41212,41248,6265136,0.658373577205666,99.9127230411171
"4635",2015-05-11,73.9780241800815,44864,44913,6265136,0.716871908287386,99.8909001848017
"4636",2015-05-12,75.1633187855251,105977,106087,6265136,1.69329125497036,99.8963115179051
"4637",2015-05-13,77.6551056808417,138359,138483,6265136,2.21037500223459,99.9104583234043
"4638",2015-05-14,75.8213432706972,69459,69502,6265136,1.10934543160755,99.9381312767978
"4639",2015-05-15,75.8133220195163,68268,68353,6265136,1.09100584568316,99.8756455459161
"4640",2015-05-16,73.4374921525133,23802,23893,6265136,0.381364426885546,99.6191353115975
"4641",2015-05-17,75.6511861009021,5901,5986,6265136,0.0955446138758999,98.5800200467758
"4642",2015-05-18,79.367708429936,21364,21566,6265136,0.344222376018653,99.0633404432904
"4643",2015-05-19,75.4532710280374,59947,60134,6265136,0.959819547412857,99.6890278378288
"4644",2015-05-20,75.023103899632,80738,80982,6265136,1.29258167739695,99.6986984762046
"4645",2015-05-21,67.3054151624549,1184,1385,6265136,0.0221064634510727,85.4873646209386
"4646",2015-05-22,67.8287614297589,8171,8421,6265136,0.134410490051613,97.0312314451965
"4647",2015-05-23,81.9041502574977,32911,33010,6265136,0.526884013371777,99.700090881551
"4648",2015-05-24,78.5141651683362,209771,210234,6265136,3.35561749976377,99.7797692095475
"4649",2015-05-25,81.4540444771008,168473,168761,6265136,2.6936526198314,99.8293444575465
"4650",2015-05-26,78.2846566138659,91900,91981,6265136,1.46814051602391,99.9119383350909
"4651",2015-05-27,82.3044231473975,89522,90049,6265136,1.43730319661058,99.4147630734378
"4652",2015-05-28,81.1613032180692,84418,85051,6265136,1.35752839204129,99.2557406732431
"4653",2015-05-29,81.6229001221747,51918,52384,6265136,0.836119120159562,99.1104153940134
"4654",2015-05-30,82.7088115726432,154565,155954,6265136,2.48923566862715,99.1093527578645
"4655",2015-05-31,80.8703791193897,127610,129115,6265136,2.0608491180399,98.8343724586609
"4656",2015-06-01,82.3830631155531,87657,89249,6265136,1.42453412024895,98.2162265123419
"4657",2015-06-02,81.0819072192091,37030,37982,6265136,0.60624382295931,97.493549576115
"4658",2015-06-03,72.0112983216737,29622,30447,6265136,0.485975084978203,97.2903734358065
"4659",2015-06-04,72.4067450980392,18431,19125,6265136,0.305260731770228,96.3712418300654
"4660",2015-06-05,75.3619930123044,25278,26332,6265136,0.420294148443067,95.9972656843384
"4661",2015-06-06,75.5212299870186,35897,36976,6265136,0.59018670943456,97.081890956296
"4662",2015-06-07,76.5577748125632,164717,167123,6265136,2.66750793598096,98.5603417841949
"4663",2015-06-08,79.8307907639303,118830,120744,6265136,1.92723669526088,98.4148280659909
"4664",2015-06-09,75.7511354079058,22852,23780,6265136,0.379560794849465,96.0975609756098
"4665",2015-06-10,73.9853347502657,27295,28230,6265136,0.450588782111035,96.6879206517889
"4666",2015-06-11,62.6257839721254,2536,2870,6265136,0.0458090614473493,88.3623693379791
"4667",2015-06-12,68.2128005028021,15928,19093,6265136,0.304749968715763,83.423244120882
"4668",2015-06-13,70.8833488737302,18188,20377,6265136,0.32524433627618,89.2574961966924
"4669",2015-06-14,74.0647532729104,27415,29790,6265136,0.475488481016214,92.0275260154414
"4670",2015-06-15,76.6467301283203,44845,50109,6265136,0.799807059256176,89.4949011155681
"4671",2015-06-16,82.4507500496722,38356,40264,6265136,0.642667613280861,95.2612755811643
"4672",2015-06-17,80.8212891147366,35472,37390,6265136,0.596794706451704,94.8702861727735
"4673",2015-06-18,62.2949331572867,4606,6059,6265136,0.0967097920938987,76.0191450734445
"4674",2015-06-19,78.6983687408872,100340,102191,6265136,1.63110585308922,98.188685892104
"4675",2015-06-20,84.4802900735181,125201,130036,6265136,2.07554951720122,96.2817988864622
"4676",2015-06-21,82.8498537536562,101736,107695,6265136,1.71895709845724,94.4667811876132
"4677",2015-06-22,76.968777169188,80407,92016,6265136,1.46869916311474,87.3837158754999
"4678",2015-06-23,68.4691870629371,7308,9152,6265136,0.146078233577052,79.8513986013986
"4679",2015-06-24,75.8874060150376,9394,10640,6265136,0.169828715609685,88.2894736842105
"4680",2015-06-25,54.5162162162162,5364,8510,6265136,0.135831049796844,63.0317273795535
"4681",2015-06-26,55.8476331360947,4052,6084,6265136,0.0971088257301996,66.6009204470743
"4682",2015-06-27,67.8073241781107,18804,19224,6265136,0.30684090496998,97.8152309612984
"4683",2015-06-28,59.1780821917808,6320,8687,6265136,0.138656207941855,72.7523886266836
"4684",2015-06-29,38.0319133362612,3377,6831,6265136,0.109031950782872,49.4363929146538
"4685",2015-06-30,69.9121140142518,47904,56835,6265136,0.907163068766584,84.2860913169702
"4686",2015-07-01,76.1453189010411,47347,53214,6265136,0.849367036884754,88.9747059044612
"4687",2015-07-02,69.5504891535517,20501,23510,6265136,0.375251231577415,87.2011909825606
"4688",2015-07-03,69.0050840276797,12337,14162,6265136,0.226044574291763,87.1134020618557
"4689",2015-07-04,65.3195119727726,49427,65816,6265136,1.05051191227134,75.0987601798955
"4690",2015-07-05,76.3400989450233,111028,122088,6265136,1.94868874354842,90.9409606185702
"4691",2015-07-06,67.618778828085,110021,140488,6265136,2.24237749986592,78.3134502590969
"4692",2015-07-07,60.7987574457183,11357,15613,6265136,0.24920448654267,72.7406648305899
"4693",2015-07-08,62.7788322261625,14200,20021,6265136,0.319562097295254,70.9255281953948
"4694",2015-07-09,70.7923747827298,155090,193883,6265136,3.0946335402775,79.9915412903658
"4695",2015-07-10,75.0163755590111,143369,165918,6265136,2.64827451471125,86.4095517062645
"4696",2015-07-11,76.152712129203,172390,200986,6265136,3.20800697702332,85.7721433333665
"4697",2015-07-12,77.659652341549,187699,214751,6265136,3.42771489717063,87.403085433828
"4698",2015-07-13,78.2736550495558,114094,132477,6265136,2.11451116144965,86.1236290072994
"4699",2015-07-14,72.0094358508949,61913,74927,6265136,1.19593573068486,82.6310942650847
"4700",2015-07-15,62.8974496057156,58487,82301,6265136,1.31363469204819,71.0647501245428
"4701",2015-07-16,52.1518999188869,21033,32054,6265136,0.511624967119628,65.6173956448493
"4702",2015-07-17,62.3062475023312,42383,60056,6265136,0.958574562467598,70.5724656986812
"4703",2015-07-18,45.3666005599627,8891,17144,6265136,0.273641306429741,51.8607092860476
"4704",2015-07-19,71.1769308993502,62658,80636,6265136,1.28705905187054,77.7047472592887
"4705",2015-07-20,63.8304091776641,138240,195954,6265136,3.12768948670867,70.5471692335956
"4706",2015-07-21,65.2294049764137,37404,49393,6265136,0.788378735912517,75.7273297835726
"4707",2015-07-22,62.3590351718222,13956,19817,6265136,0.316305982823038,70.4243831054145
"4708",2015-07-23,59.5870086289549,10013,12516,6265136,0.199772199677708,80.0015979546181
"4709",2015-07-24,47.6669004585919,11973,18535,6265136,0.295843537953526,64.5967089290532
"4710",2015-07-25,68.1382574448974,34710,43419,6265136,0.693025658182041,79.9419608926968
"4711",2015-07-26,75.4245728586482,88664,106288,6265136,1.69649948540622,83.4186361583622
"4712",2015-07-27,49.4026284348865,30964,54405,6265136,0.868376999318131,56.913886591306
"4713",2015-07-28,71.3121048778865,13743,15027,6265136,0.239851138107776,91.4553803154322
"4714",2015-07-29,51.7271499541793,12094,20733,6265136,0.330926575257105,58.332127526166
"4715",2015-07-30,63.7394476144969,126412,179983,6265136,2.87277083849417,70.2355222437675
"4716",2015-07-31,63.6213544866467,152689,221368,6265136,3.53333112002676,68.9751906327924
"4717",2015-08-01,64.1054866604603,141623,200869,6265136,3.20613949960544,70.5051551010858
"4718",2015-08-02,63.748372646829,132302,190647,6265136,3.0429826263947,69.3963188510703
"4719",2015-08-03,65.6041354285372,95280,133384,6265136,2.12898810177465,71.4328555149043
"4720",2015-08-04,62.6619320672664,39059,57027,6265136,0.910227647093375,68.4921177687762
"4721",2015-08-05,37.2306143001007,1693,4965,6265136,0.079248080169369,34.098690835851
"4722",2015-08-06,54.9309865092749,14541,23720,6265136,0.378603114122343,61.3026981450253
"4723",2015-08-07,52.6099095880623,21948,36389,6265136,0.580817399654213,60.3149303360906
"4724",2015-08-08,53.0221452259565,59007,101015,6265136,1.61233531083763,58.4140969162996
"4725",2015-08-09,56.1313695090439,11797,19350,6265136,0.308852034496937,60.9664082687339
"4726",2015-08-10,47.9166210908368,11126,20113,6265136,0.321030541076842,55.317456371501
"4727",2015-08-11,56.892642702746,22422,37473,6265136,0.598119498124223,59.8350812585061
"4728",2015-08-12,61.6511303775241,62085,91120,6265136,1.45439779758971,68.1354258121159
"4729",2015-08-13,64.4880451513597,103770,146175,6265136,2.33314967145167,70.99025141098
"4730",2015-08-14,66.9002633789562,115935,158327,6265136,2.52711194138483,73.2250342645285
"4731",2015-08-15,65.8069335598193,63792,77709,6265136,1.24034019373243,82.0908775045362
"4732",2015-08-16,58.9024820320521,33242,44802,6265136,0.71510019894221,74.1975804651578
"4733",2015-08-17,35.7648284313725,2966,8160,6265136,0.130244578888631,36.3480392156863
"4734",2015-08-18,63.5438292654067,62157,92963,6265136,1.48381455725782,66.862084915504
"4735",2015-08-19,53.872481379851,29100,51020,6265136,0.814347844962982,57.0364562916503
"4736",2015-08-20,42.7170352510808,24893,48112,6265136,0.767932252388456,51.7396907216495
"4737",2015-08-21,46.422951567992,57587,109535,6265136,1.74832597408899,52.5740630848587
"4738",2015-08-22,50.1919233259169,77602,134387,6265136,2.14499733126304,57.7451688035301
"4739",2015-08-23,44.3191209945719,6673,11422,6265136,0.182310487753179,58.4223428471371
"4740",2015-08-24,56.6832654466181,13038,17431,6265136,0.278222212574476,74.7977740806609
"4741",2015-08-25,57.4116778562929,92368,136138,6265136,2.17294564714956,67.848800481864
"4742",2015-08-26,56.6397149460709,101528,155760,6265136,2.48613916760945,65.1823317925013
"4743",2015-08-27,58.630334522199,67781,97572,6265136,1.55738039844626,69.4676751527077
"4744",2015-08-28,51.7721301944245,64057,101479,6265136,1.61974137512737,63.1234048423812
"4745",2015-08-29,47.4213160875443,17048,27369,6265136,0.43684606367683,62.2894515692937
"4746",2015-08-30,56.3239374448228,46592,63432,6265136,1.01246006471368,73.4518854836675
"4747",2015-08-31,45.8237125070741,13313,21204,6265136,0.338444368965015,62.7853235238634
"4748",2015-09-01,55.7508192602054,68166,95513,6265136,1.52451598816051,71.3682954152838
"4749",2015-09-02,61.203431372549,37228,46512,6265136,0.742394099665195,80.0395596835225
"4750",2015-09-03,41.9917682926829,6506,13120,6265136,0.20941285233074,49.5884146341463
"4751",2015-09-04,67.1975680157219,15249,16283,6265136,0.259898587995536,93.649818829454
"4752",2015-09-05,48.384274952919,6482,10620,6265136,0.169509488700644,61.0357815442561
"4753",2015-09-06,50.8189300411523,6927,9963,6265136,0.159022884738655,69.5272508280638
"4754",2015-09-07,56.5418283220175,12609,16496,6265136,0.26329835457682,76.4367119301649
"4755",2015-09-08,62.6713886021622,56418,73628,6265136,1.17520194294266,76.6257402075297
"4756",2015-09-09,65.0640559665487,149185,186540,6265136,2.97742938062318,79.9748043315107
"4757",2015-09-10,55.6052062204192,19491,29580,6265136,0.472136598471286,65.8924949290061
"4758",2015-09-11,58.0360793544048,22494,29740,6265136,0.474690413743612,75.635507733692
"4759",2015-09-12,51.277932184547,5873,10794,6265136,0.172286762809299,54.4098573281453
"4760",2015-09-13,59.9436667515059,39504,58935,6265136,0.940681894215864,67.0297785696106
"4761",2015-09-14,53.1713787295476,11912,16624,6265136,0.265341406794681,71.655437921078
"4762",2015-09-15,56.9417650058006,92285,135331,6265136,2.16006484136976,68.1920624247216
"4763",2015-09-16,62.739990877762,61203,78928,6265136,1.25979707383846,77.5428238394486
"4764",2015-09-17,57.5551736543248,137728,205696,6265136,3.28318491410242,66.9570628500311
"4765",2015-09-18,58.6406809504477,149817,219223,6265136,3.49909403403214,68.3400008210817
"4766",2015-09-19,49.6754366668133,27009,45458,6265136,0.725570841558747,59.4152844383827
"4767",2015-09-20,47.1312588921015,22279,43578,6265136,0.695563512108915,51.1244205791913
"4768",2015-09-21,51.7996352482799,15248,24126,6265136,0.385083420375871,63.2015253253751
"4769",2015-09-22,45.8990815412186,4401,8928,6265136,0.142502892195796,49.2943548387097
"4770",2015-09-23,45.9144557348171,20406,46549,6265136,0.74298466944692,43.8376764269909
"4771",2015-09-24,44.7859128194699,13654,29502,6265136,0.470891613526027,46.2816080265745
"4772",2015-09-25,56.6938563151035,58413,91297,6265136,1.45722295573472,63.9812918277709
"4773",2015-09-26,50.507622925992,51689,89139,6265136,1.42277837224922,57.9869641795398
"4774",2015-09-27,50.1330808820453,27757,47798,6265136,0.762920389916516,58.0714674254153
"4775",2015-09-28,59.8663847595798,47630,68817,6265136,1.0984119099729,69.2125492247555
"4776",2015-09-29,49.3717870876341,2502,4941,6265136,0.0788650078785201,50.6375227686703
"4777",2015-09-30,52.860265927074,14422,24518,6265136,0.39134026779307,58.8220898931397
"4778",2015-10-01,59.3854873734959,56051,73219,6265136,1.16867375265278,76.5525341782871
"4779",2015-10-02,61.7574342747194,90286,109661,6265136,1.75033710361595,82.3319138070964
"4780",2015-10-03,58.6043636463875,56822,72554,6265136,1.15805945792717,78.3168398709926
"4781",2015-10-04,65.651042966908,125554,144204,6265136,2.3016898595657,87.06693295609
"4782",2015-10-05,68.3155469625239,153202,166026,6265136,2.64999834002007,92.2759085926301
"4783",2015-10-06,58.652399893041,48756,59836,6265136,0.95506306646815,81.4827194331172
"4784",2015-10-07,64.7752568355287,54463,62102,6265136,0.991231475262468,87.6992689446395
"4785",2015-10-08,69.9168942645338,81378,92268,6265136,1.47272142216865,88.1974248927039
"4786",2015-10-09,69.5797273154678,46544,53175,6265136,0.848744544412124,87.529854254819
"4787",2015-10-10,50.1224379719525,6439,11124,6265136,0.177554006808471,57.8838547285149
"4788",2015-10-11,57.5454976865583,11707,16858,6265136,0.269076361630458,69.4447739945427
"4789",2015-10-12,61.6802171290712,13480,16580,6265136,0.264639107594791,81.3027744270205
"4790",2015-10-13,63.1114155251142,3379,4380,6265136,0.0699106930799268,77.1461187214612
"4791",2015-10-14,47.962,231,500,6265136,0.00798067272601904,46.2
"4792",2015-10-15,31.5346687211094,373,1298,6265136,0.0207178263967454,28.7365177195686
"4793",2015-10-16,43.7249357326478,319,778,6265136,0.0124179267616856,41.0025706940874
"4794",2015-10-17,50.5299145299145,74,117,6265136,0.00186747741788845,63.2478632478632
"4795",2015-10-18,39.9510791366906,237,695,6265136,0.0110931350891665,34.1007194244604
"4796",2015-10-19,34.1436426116839,405,1455,6265136,0.0232237576327154,27.8350515463918
"4797",2015-10-20,52.8411214953271,230,428,6265136,0.00683145585347229,53.7383177570093
"4798",2015-10-21,55.8537886872999,708,937,6265136,0.0149557806885597,75.5602988260406
"4799",2015-10-22,54.3305954825462,345,487,6265136,0.00777317523514254,70.8418891170431
"4800",2015-10-23,46.9450549450549,117,364,6265136,0.00580992974454186,32.1428571428571
"4801",2015-10-24,46.7604562737643,65,263,6265136,0.00419783385388601,24.7148288973384
"4802",2015-10-25,45.4251207729469,103,207,6265136,0.00330399850857188,49.7584541062802
"4803",2015-10-26,70.4971209213052,426,521,6265136,0.00831586098051184,81.7658349328215
"4804",2015-10-27,60.1538461538462,469,611,6265136,0.00975238207119526,76.759410801964
"4805",2015-10-28,70.9654643131236,1251,1303,6265136,0.0207976331240056,96.0092095165004
"4806",2015-10-29,63.640873015873,438,504,6265136,0.00804451810782719,86.9047619047619
"4807",2015-10-30,63.5120711562897,577,787,6265136,0.012561578870754,73.3163913595934
"4808",2015-10-31,NA,NA,0,6265136,0,NA
"4809",2015-11-01,NA,NA,0,6265136,0,NA
"4810",2015-11-02,NA,NA,0,6265136,0,NA
"4811",2015-11-03,NA,NA,0,6265136,0,NA
"4812",2015-11-04,NA,NA,0,6265136,0,NA
"4813",2015-11-05,NA,NA,0,6265136,0,NA
"4814",2015-11-06,NA,NA,0,6265136,0,NA
"4815",2015-11-07,NA,NA,0,6265136,0,NA
"4816",2015-11-08,NA,NA,0,6265136,0,NA
"4817",2015-11-09,NA,NA,0,6265136,0,NA
"4818",2015-11-10,NA,NA,0,6265136,0,NA
"4819",2015-11-11,NA,NA,0,6265136,0,NA
"4820",2015-11-12,NA,NA,0,6265136,0,NA
"4821",2015-11-13,NA,NA,0,6265136,0,NA
"4822",2015-11-14,NA,NA,0,6265136,0,NA
"4823",2015-11-15,NA,NA,0,6265136,0,NA
"4824",2015-11-16,NA,NA,0,6265136,0,NA
"4825",2015-11-17,NA,NA,0,6265136,0,NA
"4826",2015-11-18,NA,NA,0,6265136,0,NA
"4827",2015-11-19,NA,NA,0,6265136,0,NA
"4828",2015-11-20,NA,NA,0,6265136,0,NA
"4829",2015-11-21,NA,NA,0,6265136,0,NA
"4830",2015-11-22,NA,NA,0,6265136,0,NA
"4831",2015-11-23,NA,NA,0,6265136,0,NA
"4832",2015-11-24,NA,NA,0,6265136,0,NA
"4833",2015-11-25,NA,NA,0,6265136,0,NA
"4834",2016-01-16,NA,NA,0,6265136,0,NA
"4835",2016-01-18,NA,NA,0,6265136,0,NA
"4836",2016-01-19,NA,NA,0,6265136,0,NA
"4837",2016-01-20,NA,NA,0,6265136,0,NA
"4838",2016-01-21,NA,NA,0,6265136,0,NA
"4839",2016-01-22,NA,NA,0,6265136,0,NA
"4840",2016-01-23,NA,NA,0,6265136,0,NA
"4841",2016-01-24,NA,NA,0,6265136,0,NA
"4842",2016-01-25,NA,NA,0,6265136,0,NA
"4843",2016-01-26,NA,NA,0,6265136,0,NA
"4844",2016-01-27,NA,NA,0,6265136,0,NA
"4845",2016-01-28,NA,NA,0,6265136,0,NA
"4846",2016-01-29,NA,NA,0,6265136,0,NA
"4847",2016-01-30,NA,NA,0,6265136,0,NA
"4848",2016-01-31,NA,NA,0,6265136,0,NA
"4849",2016-02-01,NA,NA,0,6265136,0,NA
"4850",2016-02-02,NA,NA,0,6265136,0,NA
"4851",2016-02-03,NA,NA,0,6265136,0,NA
"4852",2016-02-04,NA,NA,0,6265136,0,NA
"4853",2016-02-05,NA,NA,0,6265136,0,NA
"4854",2016-02-06,NA,NA,0,6265136,0,NA
"4855",2016-02-07,NA,NA,0,6265136,0,NA
"4856",2016-02-08,NA,NA,0,6265136,0,NA
"4857",2016-02-09,NA,NA,0,6265136,0,NA
"4858",2016-02-10,NA,NA,0,6265136,0,NA
"4859",2016-02-11,NA,NA,0,6265136,0,NA
"4860",2016-02-12,NA,NA,0,6265136,0,NA
"4861",2016-02-13,60.6247288503254,359,461,6265136,0.00735818025338955,77.8741865509761
"4862",2016-02-14,63.3308270676692,235,266,6265136,0.00424571789024213,88.3458646616541
"4863",2016-02-15,47.2901408450704,237,355,6265136,0.00566627763547352,66.7605633802817
"4864",2016-02-16,60.3505154639175,156,194,6265136,0.00309650101769539,80.4123711340206
"4865",2016-02-17,58.5178571428571,388,448,6265136,0.00715068276251306,86.6071428571429
"4866",2016-02-18,47.9520295202952,123,271,6265136,0.00432552461750232,45.3874538745387
"4867",2016-02-28,63.1591591591592,597,666,6265136,0.0106302560710574,89.6396396396396
"4868",2016-02-29,55.9122632103689,836,1003,6265136,0.0160092294883942,83.3499501495513
"4869",2016-03-01,61.1146307040928,11108,12754,6265136,0.203570999895294,87.0942449427631
"4870",2016-03-02,48.665,93,200,6265136,0.00319226909040761,46.5
"4871",2016-03-03,58.3225324027916,7002,8024,6265136,0.128073835907153,87.2632103688933
"4872",2016-03-04,61.8035101480537,24783,30597,6265136,0.488369286796009,80.998137072262
"4873",2016-03-05,66.1430652423413,42383,45308,6265136,0.723176639740941,93.5441864571378
"4874",2016-03-06,62.5513740050066,33259,35553,6265136,0.56747371485631,93.5476612381515
"4875",2016-03-07,63.1028726708075,66061,72128,6265136,1.1512599247646,91.5885647737356
"4876",2016-03-08,73.6472989486547,186982,189852,6265136,3.03029335676033,98.488296146472
"4877",2016-03-09,72.9587478385844,128716,133593,6265136,2.13232402297412,96.3493596221359
"4878",2016-03-10,67.3172210388334,94385,97648,6265136,1.55859346070061,96.6584057021137
"4879",2016-03-11,70.4102203112515,150517,157686,6265136,2.51688071895008,95.4536230229697
"4880",2016-03-12,70.4354782095923,131947,142448,6265136,2.27366173695192,92.6281871279344
"4881",2016-03-13,64.1668038737296,56051,66809,6265136,1.06636152830521,83.8973790956308
"4882",2016-03-14,56.3186651256862,24963,34610,6265136,0.552422166095038,72.1265530193586
"4883",2016-03-15,54.4105893561998,27671,36735,6265136,0.586340025180619,75.3259833945828
"4884",2016-03-16,61.9849050576044,44679,50083,6265136,0.799392064274423,89.2099115468323
"4885",2016-03-17,62.1188208162038,64290,69811,6265136,1.11427748735223,92.0915042042085
"4886",2016-03-18,69.4714486762248,110949,113690,6265136,1.81464536444221,97.5890579646407
"4887",2016-03-19,70.4848315435564,125473,128787,6265136,2.05561379673163,97.426758912002
"4888",2016-03-20,72.3454288757338,120249,121119,6265136,1.9332221998054,99.281698164615
"4889",2016-03-21,70.0733963212804,93160,95468,6265136,1.52379772761517,97.5824359994972
"4890",2016-03-22,67.2251982693403,116061,117643,6265136,1.87774056301411,98.6552536062494
"4891",2016-03-23,65.9772018847409,108506,110360,6265136,1.76149408408692,98.3200434940196
"4892",2016-03-24,68.6021259890077,165086,165570,6265136,2.64271996649394,99.7076765114453
"4893",2016-03-25,72.9200446825833,157808,158451,6265136,2.52909114822088,99.5941963130558
"4894",2016-03-26,72.0125458385432,93985,95171,6265136,1.51905720801592,98.7538220676467
"4895",2016-03-27,57.910477322242,4425,5049,6265136,0.0805888331873402,87.6411170528818
"4896",2016-03-28,59.7758956386293,18725,20544,6265136,0.32790988096667,91.1458333333333
"4897",2016-03-29,69.7407231359128,93078,94671,6265136,1.5110765352899,98.3173305447286
"4898",2016-03-30,68.5396923739999,73044,74246,6265136,1.18506605443202,98.3810575653907
"4899",2016-03-31,71.6761266679721,70287,71494,6265136,1.14114043174801,98.3117464402607
"4900",2016-04-01,72.017430656192,196310,196665,6265136,3.13903800332507,99.8194899956779
"4901",2016-04-02,72.5814914295087,97228,97544,6265136,1.5569334807736,99.6760436315919
"4902",2016-04-03,72.5816411620202,43835,44371,6265136,0.708220859052381,98.7920037862568
"4903",2016-04-04,74.3854587542088,47209,47520,6265136,0.758483135880849,99.3455387205387
"4904",2016-04-05,72.5757586770852,27411,27515,6265136,0.439176420112828,99.6220243503544
"4905",2016-04-06,72.2425565081839,70238,70565,6265136,1.12631234182307,99.5365974633317
"4906",2016-04-07,74.7100726844121,40382,40724,6265136,0.650009832188798,99.1602003732443
"4907",2016-04-08,66.8359020116807,12174,12328,6265136,0.196771466732725,98.7508111615834
"4908",2016-04-09,62.6903803131991,8896,8940,6265136,0.14269442834122,99.5078299776286
"4909",2016-04-10,69.5051108968177,20422,20740,6265136,0.33103830467527,98.4667309546769
"4910",2016-04-11,68.1830667200473,57087,57449,6265136,0.916963334874135,99.3698758899198
"4911",2016-04-12,71.1123034040525,68776,69241,6265136,1.10517952044457,99.3284325760749
"4912",2016-04-13,73.9605166843354,157895,158472,6265136,2.52942633647538,99.6358978242213
"4913",2016-04-14,74.2303133406637,143986,144603,6265136,2.30805843640106,99.5733145232118
"4914",2016-04-15,74.3866171003718,128203,128582,6265136,2.05234172091396,99.7052464575135
"4915",2016-04-16,74.3080919784974,133255,133379,6265136,2.12890829504739,99.9070318415942
"4916",2016-04-17,74.1048686473344,168490,168630,6265136,2.69156168357718,99.9169779991698
"4917",2016-04-18,75.7353342227629,203672,203876,6265136,3.25413526537971,99.8999391787165
"4918",2016-04-19,75.3394894771149,133070,133471,6265136,2.13037673882897,99.6995602040893
"4919",2016-04-20,76.2707762267679,125695,126226,6265136,2.01473679102896,99.5793259708776
"4920",2016-04-21,74.6824945324764,74442,74531,6265136,1.18961503788585,99.8805866015483
"4921",2016-04-22,64.4127971254837,21300,21708,6265136,0.346488887072842,98.1205085682698
"4922",2016-04-23,71.7510411846367,51744,51864,6265136,0.827819220524503,99.7686256362795
"4923",2016-04-24,72.3945859002762,65791,65902,6265136,1.05188458798021,99.8315680859458
"4924",2016-04-25,75.7699770780937,125468,125644,6265136,2.00544728797587,99.8599216834867
"4925",2016-04-26,73.9702071619522,126740,126809,6265136,2.0240422554275,99.9455874583034
"4926",2016-04-27,76.6824184438504,149145,149253,6265136,2.38227869275304,99.9276396454343
"4927",2016-04-28,78.5486962742009,213831,213887,6265136,3.41392429470007,99.9738179506001
"4928",2016-04-29,81.5238563597755,242835,242996,6265136,3.87854309946344,99.9337437653295
"4929",2016-04-30,82.3530068724745,227179,227429,6265136,3.63007283481157,99.8900755840284
"4930",2016-05-01,79.5842560027789,22400,23031,6265136,0.367605747105889,97.2602144935087
"4931",2016-05-02,77.3698416436098,32764,33974,6265136,0.542270750387541,96.438452934597
"4932",2016-05-03,71.9227178986215,8994,9213,6265136,0.147051875649627,97.6229241289482
"4933",2016-05-04,79.7687946479193,79282,79371,6265136,1.26686794987371,99.88786836502
"4934",2016-05-05,74.7796694881096,61542,62025,6265136,0.990002451662662,99.2212817412334
"4935",2016-05-06,80.1026761715555,42238,42785,6265136,0.682906165165449,98.7215145494916
"4936",2016-05-07,82.9034997046663,40470,40632,6265136,0.648541388407211,99.6012994683993
"4937",2016-05-08,67.5344889635317,16023,16672,6265136,0.266107551376379,96.107245681382
"4938",2016-05-09,71.4928288822948,3933,4044,6265136,0.064547681008042,97.2551928783383
"4939",2016-05-10,73.5236120709514,12807,13023,6265136,0.207864601821892,98.341395991707
"4940",2016-05-11,69.1923133128745,6815,6843,6265136,0.109223486928297,99.590822738565
"4941",2016-05-12,65.3893942755713,4437,4507,6265136,0.0719377839523356,98.4468604393166
"4942",2016-05-13,78.5602208048508,34550,34963,6265136,0.558056521039607,98.8187512513228
"4943",2016-05-14,69.4778004469057,9738,10293,6265136,0.164290128737828,94.6079860099097
"4944",2016-05-15,68.3726162260711,26352,27425,6265136,0.437739899022144,96.0875113947128
"4945",2016-05-16,73.4040387851591,11827,12479,6265136,0.199181629895983,94.7752223735876
"4946",2016-05-17,70.536535633106,28674,29916,6265136,0.477499610543171,95.8483754512635
"4947",2016-05-18,68.5859970393114,17261,18239,6265136,0.291118979699722,94.637863917978
"4948",2016-05-19,67.3026949395962,23245,23674,6265136,0.377868892231549,98.1878854439469
"4949",2016-05-20,69.0310313025552,17929,18433,6265136,0.294215480717418,97.2657733412901
"4950",2016-05-21,72.7473095555483,30078,30757,6265136,0.490923102068335,97.7923724680561
"4951",2016-05-22,76.3670231608143,131018,132681,6265136,2.11776727592186,98.7466178277221
"4952",2016-05-23,78.0294322132097,34173,34520,6265136,0.550985645004354,98.994785631518
"4953",2016-05-24,78.5240513606746,50828,52180,6265136,0.832863005687347,97.4089689536221
"4954",2016-05-25,72.6952819653825,21163,21492,6265136,0.343041236455202,98.4691978410571
"4955",2016-05-26,77.720342975596,31673,31839,6265136,0.50819327784744,99.4786268412953
"4956",2016-05-27,83.1249108765151,42098,43479,6265136,0.693983338909163,96.8237539961821
"4957",2016-05-28,84.9447664156272,65974,67984,6265136,1.08511610921136,97.0434219816427
"4958",2016-05-29,80.208927538762,87277,91649,6265136,1.46284134933384,95.2296260733887
"4959",2016-05-30,79.6565100199226,23306,25599,6265136,0.408594482226723,91.0426188522989
"4960",2016-05-31,67.0999405116002,7906,8405,6265136,0.13415510852438,94.0630577037478
"4961",2016-06-01,76.5389520214368,48567,51127,6265136,0.81605570892635,94.9928609149764
"4962",2016-06-02,71.7540557667934,14402,15780,6265136,0.251870031233161,91.2674271229404
"4963",2016-06-03,70.2768571033338,62426,72290,6265136,1.15384566272783,86.3549591921428
"4964",2016-06-04,72.6342404483483,82708,92785,6265136,1.48097343776735,89.1394083095328
"4965",2016-06-05,75.1407053980728,19886,21378,6265136,0.34122164307367,93.0208625689962
"4966",2016-06-06,77.305479627965,53778,54511,6265136,0.870068901936047,98.6553172754123
"4967",2016-06-07,68.5715773809524,11946,13440,6265136,0.214520482875392,88.8839285714286
"4968",2016-06-08,63.4909957333629,14480,18047,6265136,0.288054401372931,80.2349420956392
"4969",2016-06-09,59.9506739317465,5729,6974,6265136,0.111314423182514,82.1479782047605
"4970",2016-06-10,78.6281830963912,23355,25604,6265136,0.408674288953983,91.2162162162162
"4971",2016-06-11,65.9692262043533,40544,47183,6265136,0.753104162463512,85.9292541805311
"4972",2016-06-12,70.2886036561649,2252,2571,6265136,0.0410366191571899,87.5923765071957
"4973",2016-06-13,73.3561896135266,60453,66240,6265136,1.057279522743,91.2635869565217
"4974",2016-06-14,75.5219653179191,139907,155700,6265136,2.48518148688233,89.8567758509955
"4975",2016-06-15,55.4626038781163,488,722,6265136,0.0115240914163715,67.590027700831
"4976",2016-06-16,73.6189570454906,10980,12618,6265136,0.201400256913816,87.018544935806
"4977",2016-06-17,75.742925257163,19846,22651,6265136,0.361540435834114,87.6164407752417
"4978",2016-06-18,69.1328423167057,12336,14935,6265136,0.238382694326189,82.5979243388015
"4979",2016-06-19,70.9444193742479,21359,26592,6265136,0.424444098260596,80.3211492178099
"4980",2016-06-20,78.2767106045647,157253,173199,6265136,2.76448907094754,90.7932493836569
"4981",2016-06-21,79.1103088648215,57358,64818,6265136,1.0345824895102,88.4908513067358
"4982",2016-06-22,70.5231542736174,3018,3779,6265136,0.0603179244632519,79.8623974596454
"4983",2016-06-23,77.8767139934782,42700,49373,6265136,0.788059509003476,86.4845158284893
"4984",2016-06-24,81.2362781354152,97813,109515,6265136,1.74800674717995,89.314705748071
"4985",2016-06-25,80.4248451379334,139286,157721,6265136,2.5174393660409,88.311638906677
"4986",2016-06-26,73.7444008541491,17778,20137,6265136,0.321413613367691,88.2852460644585
"4987",2016-06-27,78.134989907031,29995,35173,6265136,0.561408403584535,85.2784806527734
"4988",2016-06-28,72.8915760158054,100309,126033,6265136,2.01165625135671,79.5894725984464
"4989",2016-06-29,79.2356059351113,73026,84514,6265136,1.34895714953355,86.4069858248338
"4990",2016-06-30,81.758479613959,50699,57196,6265136,0.91292511447477,88.6408140429401
"4991",2016-07-01,72.7486065408636,94702,119128,6265136,1.90144316101039,79.4960042978981
"4992",2016-07-02,68.0734216081366,136431,182385,6265136,2.91110999026996,74.8038490007402
"4993",2016-07-03,54.6039263803681,8074,12225,6265136,0.195127448151165,66.0449897750511
"4994",2016-07-04,55.0387622149837,9546,12280,6265136,0.196005322151028,77.7361563517915
"4995",2016-07-05,59.0945095694992,66841,98699,6265136,1.57536883477071,67.7220640533339
"4996",2016-07-06,66.9468352966532,144651,190239,6265136,3.03647039745027,76.0364594010692
"4997",2016-07-07,45.1152881399537,16153,31096,6265136,0.496333998176576,51.9455878569591
"4998",2016-07-08,57.5121500306778,78225,123868,6265136,1.97709993845305,63.151903639358
"4999",2016-07-09,66.0726123731484,163192,227234,6265136,3.62696037244842,71.8167175686737
"5000",2016-07-10,62.7104095865086,113440,163897,6265136,2.61601663555268,69.2142016022258
"5001",2016-07-11,51.7275706774186,24302,42411,6265136,0.676936621966387,57.3011718657895
"5002",2016-07-12,53.3854371661512,7435,10671,6265136,0.170323517318698,69.6748196045357
"5003",2016-07-13,66.5778488469955,8965,11882,6265136,0.189652706661116,75.4502608988386
"5004",2016-07-14,70.0098447622124,44616,58813,6265136,0.938734610070715,75.8607790794552
"5005",2016-07-15,55.1302996892854,6264,9977,6265136,0.159246343574984,62.7844041294979
"5006",2016-07-16,48.4476067270375,1205,2319,6265136,0.0370143601032763,51.9620526088831
"5007",2016-07-17,27.4437067773167,1060,3615,6265136,0.0577002638091176,29.3222683264177
"5008",2016-07-18,55.6611992945326,8426,11340,6265136,0.181001657426112,74.3033509700176
"5009",2016-07-19,53.3053269028538,16286,27577,6265136,0.440166023530854,59.0564600935562
"5010",2016-07-20,40.7557125051932,2152,4814,6265136,0.0768379170061113,44.7029497299543
"5011",2016-07-21,48.8126454014372,10433,19343,6265136,0.308740305078772,53.9368246911027
"5012",2016-07-22,60.2094390779234,57368,85199,6265136,1.35989067116819,67.3341236399488
"5013",2016-07-23,67.0528866432732,81069,111427,6265136,1.77852483968425,72.7552568049037
"5014",2016-07-24,61.8737297704178,26043,37198,6265136,0.593730128124912,70.0118285929351
"5015",2016-07-25,48.9800572966832,43734,80982,6265136,1.29258167739695,54.0045936133956
"5016",2016-07-26,60.1841818676831,73562,110190,6265136,1.75878065536008,66.7592340502768
"5017",2016-07-27,54.5499728197562,77962,128770,6265136,2.05534245385894,60.5436048769123
"5018",2016-07-28,50.9675070028011,27548,46410,6265136,0.740766042429087,59.3578970049558
"5019",2016-07-29,45.7004082804376,33875,62702,6265136,1.00080828253369,54.0253899397148
"5020",2016-07-30,50.2072257710008,49979,87354,6265136,1.39428737061733,57.2143233280674
"5021",2016-07-31,49.8629753694581,14382,25375,6265136,0.405019140845466,56.6778325123153
"5022",2016-08-01,41.5987256295695,18006,39392,6265136,0.628749320046684,45.709788789602
"5023",2016-08-02,54.430873254246,122455,205427,6265136,3.27889131217583,59.6099831083548
"5024",2016-08-03,56.5830529595016,118449,192600,6265136,3.07415513406253,61.5
"5025",2016-08-04,58.6020934929314,129641,203010,6265136,3.24031274021825,63.8594157923255
"5026",2016-08-05,66.8238126933166,56299,76623,6265136,1.22300617257151,73.4753272516085
"5027",2016-08-06,35.0874107907508,13224,35030,6265136,0.559125931184894,37.7504995717956
"5028",2016-08-07,59.583797038574,8655,10603,6265136,0.16923814582796,81.6278411770254
"5029",2016-08-08,44.7956246401842,28061,50373,6265136,0.804020854455514,55.7064300319616
"5030",2016-08-09,49.961349522662,44580,75523,6265136,1.20544869257427,59.0283754617799
"5031",2016-08-10,54.5593544008191,56216,86927,6265136,1.38747187610931,64.6703555857214
"5032",2016-08-11,37.9762969403387,22008,48306,6265136,0.771028753406151,45.5595578189045
"5033",2016-08-12,51.0717558610258,14327,22479,6265136,0.358795084416364,63.735041594377
"5034",2016-08-13,46.6905039240772,29168,52369,6265136,0.835879699977782,55.6970726956787
"5035",2016-08-14,52.9981625753344,7837,13606,6265136,0.21717006622043,57.5995884168749
"5036",2016-08-15,52.690439516867,80959,131144,6265136,2.09323468796208,61.7329042884158
"5037",2016-08-16,59.0570395315908,104186,156786,6265136,2.50251550804324,66.4510861939204
"5038",2016-08-17,41.4227099236641,1498,4192,6265136,0.0669099601349436,35.7347328244275
"5039",2016-08-18,57.5698684432451,17860,23716,6265136,0.378539268740535,75.3078090740428
"5040",2016-08-19,60.8526147784234,77501,120297,6265136,1.92010197384382,64.4247154958145
"5041",2016-08-20,42.1906345616602,24987,52619,6265136,0.839870036340791,47.4866493091849
"5042",2016-08-21,51.0202873349066,81886,144918,6265136,2.31308626021845,56.5050580328186
"5043",2016-08-22,51.7798727128083,58341,100560,6265136,1.60507289865695,58.0161097852029
"5044",2016-08-23,42.0408368973378,50733,106154,6265136,1.69436066511565,47.7918872581344
"5045",2016-08-24,45.9419522271066,20384,37762,6265136,0.602732326959862,53.9801917271331
"5046",2016-08-25,40.4055072559585,13763,30251,6265136,0.482846661269604,45.4960166606063
"5047",2016-08-26,51.1824636137735,39861,61974,6265136,0.989188423044608,64.3189079291316
"5048",2016-08-27,60.8442479778572,29332,37213,6265136,0.593969548306693,78.821917071991
"5049",2016-08-28,56.0535697620159,8335,10715,6265136,0.171025816518588,77.7881474568362
"5050",2016-08-29,41.3156114718615,6827,14784,6265136,0.235972531162931,46.1783008658009
"5051",2016-08-30,50.4831847037485,17444,26464,6265136,0.422401046042736,65.915961305925
"5052",2016-08-31,63.396723679918,70988,85828,6265136,1.36993035745752,82.7096052570257
"5053",2016-09-01,54.1374130695888,45454,67439,6265136,1.07641717594,67.4001690416525
"5054",2016-09-02,55.3601421254024,73076,98786,6265136,1.57675747182503,73.9740449051485
"5055",2016-09-03,59.1928291499087,88920,116611,6265136,1.86126845450761,76.2535266827315
"5056",2016-09-04,61.9232056400238,92573,117730,6265136,1.87912920006844,78.6316147116283
"5057",2016-09-05,64.303768553188,147442,185615,6265136,2.96266513608005,79.4343129596207
"5058",2016-09-06,52.1071007199441,29390,41531,6265136,0.662890637968593,70.766415448701
"5059",2016-09-07,55.3002298505971,57472,80052,6265136,1.27773762612655,71.7933343326838
"5060",2016-09-08,64.7544778798718,60193,75203,6265136,1.20034106202962,80.0406898660958
"5061",2016-09-09,67.6348078325574,148525,182367,6265136,2.91082268605183,81.4429145623934
"5062",2016-09-10,63.7246178741417,163900,210729,6265136,3.36351836576253,77.7776195967332
"5063",2016-09-11,66.2857166707013,98290,119797,6265136,1.9121213011178,82.0471297277895
"5064",2016-09-12,61.0474801854344,104728,147114,6265136,2.34813737483113,71.188330138532
"5065",2016-09-13,68.7987355110643,1590,1898,6265136,0.0302946336679683,83.7723919915701
"5066",2016-09-14,44.7776827149931,17922,38571,6265136,0.61564505543056,46.4649607217858
"5067",2016-09-15,42.7299530323288,41704,87507,6265136,1.3967294564715,47.657901653582
"5068",2016-09-16,51.3955196474477,37376,62629,6265136,0.999643104315692,59.6784237334142
"5069",2016-09-17,60.9191946516211,16870,25877,6265136,0.413031736262389,65.1930285581791
"5070",2016-09-18,50.4907256069217,38144,66689,6265136,1.06444616685097,57.1968390589153
"5071",2016-09-19,51.9408983451537,20061,34686,6265136,0.553635228349393,57.8360145303581
"5072",2016-09-20,51.8947622107969,23154,37344,6265136,0.59606048456091,62.0019280205656
"5073",2016-09-21,62.4853154334622,82389,115904,6265136,1.84998378327302,71.0838279955826
"5074",2016-09-22,51.1872866740271,82262,138579,6265136,2.21190729139798,59.3610864561008
"5075",2016-09-23,45.1317318142638,12066,26683,6265136,0.425896580696732,45.2198028707417
"5076",2016-09-24,48.2684729947963,28602,55730,6265136,0.889525782042082,51.3224475148035
"5077",2016-09-25,49.0347154654093,44848,80166,6265136,1.27955721950808,55.9439163735249
"5078",2016-09-26,49.7602913800081,65452,123550,6265136,1.9720242305993,52.9761230271145
"5079",2016-09-27,62.6227603503639,71870,105262,6265136,1.68012314497243,68.2772510497615
"5080",2016-09-28,49.8391474735794,66738,124524,6265136,1.98757058106959,53.5944878095789
"5081",2016-09-29,52.0784515636918,15679,26220,6265136,0.418506477752438,59.7978642257819
"5082",2016-09-30,49.904164259833,22680,38086,6265136,0.607903802886322,59.5494407393793
"5083",2016-10-01,54.9880155093409,26650,39718,6265136,0.633952718664048,67.0980411903923
"5084",2016-10-02,51.0644566810249,27413,45038,6265136,0.718867076468891,60.8663795017541
"5085",2016-10-03,62.0858451721003,91660,112202,6265136,1.79089488240958,81.6919484501168
"5086",2016-10-04,63.4517591378229,58477,70148,6265136,1.11965646076957,83.3623196669898
"5087",2016-10-05,55.1928315102253,14877,23129,6265136,0.369169958960189,64.3218470318647
"5088",2016-10-06,59.4225844335423,76767,105586,6265136,1.68529462089889,72.7056617354574
"5089",2016-10-07,62.1238284296349,51821,70525,6265136,1.12567388800499,73.4789081885856
"5090",2016-10-08,54.1044928383911,44573,73517,6265136,1.17343023359748,60.6295142620074
"5091",2016-10-09,51.4974977373157,22424,37566,6265136,0.599603903251262,59.6922749294575
"5092",2016-10-10,55.79014579121,12829,18794,6265136,0.299977526425603,68.2611471746302
"5093",2016-10-11,55.6629601640937,6453,9263,6265136,0.147849942922229,69.6642556407212
"5094",2016-10-12,56.4109663409338,2194,3684,6265136,0.0588015966453083,59.5548317046688
"5095",2016-10-13,51.0156931124673,1218,2294,6265136,0.0366153264669753,53.0950305143854
"5096",2016-10-14,37.1806282722513,140,382,6265136,0.00609723396267854,36.6492146596859
"5097",2016-10-15,42.9762808349146,411,1054,6265136,0.0168232581064481,38.9943074003795
"5098",2016-10-16,48.8367729831144,272,533,6265136,0.00850739712593629,51.031894934334
"5099",2016-10-17,39.9527302363488,355,1227,6265136,0.0195845708696507,28.9323553382233
"5100",2016-10-18,3.80547945205479,0,365,6265136,0.0058258910899939,0
"5101",2016-10-19,16.5777777777778,0,90,6265136,0.00143652109068343,0
"5102",2016-10-20,61.0234113712375,457,598,6265136,0.00954488458031877,76.4214046822743
"5103",2016-10-21,47.4954954954955,259,666,6265136,0.0106302560710574,38.8888888888889
"5104",2016-10-22,56.5433526011561,267,346,6265136,0.00552262552640517,77.1676300578035
"5105",2016-10-23,39.9701492537313,15,67,6265136,0.00106941014528655,22.3880597014925
"5106",2016-10-24,50.4,3,5,6265136,7.98067272601904e-05,60
"5107",2016-10-25,59.4370078740157,817,1016,6265136,0.0162167269792707,80.4133858267717
"5108",2016-10-26,47.7563025210084,62,119,6265136,0.00189940010879253,52.1008403361345
"5109",2016-10-27,47.7159090909091,79,176,6265136,0.0028091967995587,44.8863636363636
"5110",2016-10-28,50.4702380952381,280,504,6265136,0.00804451810782719,55.5555555555556
"5111",2016-10-29,50.9592850049652,594,1007,6265136,0.0160730748702023,58.987090367428
"5112",2016-10-30,NA,NA,0,6265136,0,NA
"5113",2016-10-31,NA,NA,0,6265136,0,NA
"5114",2016-11-01,NA,NA,0,6265136,0,NA
"5115",2016-11-02,NA,NA,0,6265136,0,NA
"5116",2016-11-03,NA,NA,0,6265136,0,NA
"5117",2016-11-04,NA,NA,0,6265136,0,NA
"5118",2016-11-05,NA,NA,0,6265136,0,NA
"5119",2016-11-06,NA,NA,0,6265136,0,NA
"5120",2016-11-07,NA,NA,0,6265136,0,NA
"5121",2016-11-08,NA,NA,0,6265136,0,NA
"5122",2016-11-09,NA,NA,0,6265136,0,NA
"5123",2016-11-10,NA,NA,0,6265136,0,NA
"5124",2016-11-11,NA,NA,0,6265136,0,NA
"5125",2016-11-12,NA,NA,0,6265136,0,NA
"5126",2016-11-13,NA,NA,0,6265136,0,NA
"5127",2016-11-14,NA,NA,0,6265136,0,NA
"5128",2016-11-15,NA,NA,0,6265136,0,NA
"5129",2016-11-16,NA,NA,0,6265136,0,NA
"5130",2016-11-17,NA,NA,0,6265136,0,NA
"5131",2016-11-18,NA,NA,0,6265136,0,NA
"5132",2016-11-19,NA,NA,0,6265136,0,NA
"5133",2016-11-20,NA,NA,0,6265136,0,NA
"5134",2016-11-21,NA,NA,0,6265136,0,NA
"5135",2016-11-22,NA,NA,0,6265136,0,NA
"5136",2016-11-23,NA,NA,0,6265136,0,NA
"5137",2016-11-24,NA,NA,0,6265136,0,NA
"5138",2017-01-16,NA,NA,0,6265136,0,NA
"5139",2017-01-18,NA,NA,0,6265136,0,NA
"5140",2017-01-19,NA,NA,0,6265136,0,NA
"5141",2017-01-20,NA,NA,0,6265136,0,NA
"5142",2017-01-21,NA,NA,0,6265136,0,NA
"5143",2017-01-22,NA,NA,0,6265136,0,NA
"5144",2017-01-23,NA,NA,0,6265136,0,NA
"5145",2017-01-24,NA,NA,0,6265136,0,NA
"5146",2017-01-25,NA,NA,0,6265136,0,NA
"5147",2017-01-26,NA,NA,0,6265136,0,NA
"5148",2017-01-27,NA,NA,0,6265136,0,NA
"5149",2017-01-28,NA,NA,0,6265136,0,NA
"5150",2017-01-29,NA,NA,0,6265136,0,NA
"5151",2017-01-30,NA,NA,0,6265136,0,NA
"5152",2017-01-31,NA,NA,0,6265136,0,NA
"5153",2017-02-01,NA,NA,0,6265136,0,NA
"5154",2017-02-02,NA,NA,0,6265136,0,NA
"5155",2017-02-03,NA,NA,0,6265136,0,NA
"5156",2017-02-04,NA,NA,0,6265136,0,NA
"5157",2017-02-05,NA,NA,0,6265136,0,NA
"5158",2017-02-06,NA,NA,0,6265136,0,NA
"5159",2017-02-07,NA,NA,0,6265136,0,NA
"5160",2017-02-08,NA,NA,0,6265136,0,NA
"5161",2017-02-09,NA,NA,0,6265136,0,NA
"5162",2017-02-10,NA,NA,0,6265136,0,NA
"5163",2017-02-11,NA,NA,0,6265136,0,NA
"5164",2017-02-12,NA,NA,0,6265136,0,NA
"5165",2017-02-13,80.0548523206751,1069,1185,6265136,0.0189141943606651,90.210970464135
"5166",2017-02-14,NA,NA,0,6265136,0,NA
"5167",2017-02-15,NA,NA,0,6265136,0,NA
"5168",2017-02-16,47.9230769230769,15,39,6265136,0.000622492472629485,38.4615384615385
"5169",2017-02-17,53.7857142857143,147,196,6265136,0.00312842370859946,75
"5170",2017-02-18,36.8245614035088,14,171,6265136,0.00272939007229851,8.18713450292398
"5171",2017-02-19,43.1964285714286,18,56,6265136,0.000893835345314132,32.1428571428571
"5172",2017-02-20,50.920471281296,327,679,6265136,0.0108377535619339,48.159057437408
"5173",2017-02-21,51.5449275362319,228,345,6265136,0.00550666418095313,66.0869565217391
"5174",2017-02-22,56.5041782729805,255,359,6265136,0.00573012301728167,71.0306406685237
"5175",2017-02-23,52.3741935483871,98,155,6265136,0.0024740085450659,63.2258064516129
"5176",2017-02-24,53.4107692307692,476,650,6265136,0.0103748745438247,73.2307692307692
"5177",2017-02-25,37.8769230769231,49,130,6265136,0.00207497490876495,37.6923076923077
"5178",2017-02-26,59.8124137931034,608,725,6265136,0.0115719754527276,83.8620689655172
"5179",2017-02-27,52.9914089347079,343,582,6265136,0.00928950305308616,58.9347079037801
"5180",2017-02-28,70.3900697712153,5843,6163,6265136,0.0983697720209107,94.807723511277
"5181",2017-03-01,75.8389154704944,19748,20064,6265136,0.320248435149692,98.4250398724083
"5182",2017-03-02,66.7937981700996,21179,22187,6265136,0.354134371544369,95.4567990264569
"5183",2017-03-03,58.2040042335509,10925,11338,6265136,0.180969734735208,96.3573822543659
"5184",2017-03-04,61.9581910769053,31161,34562,6265136,0.55165602151334,90.1597129795729
"5185",2017-03-05,73.8851179977083,74499,77671,6265136,1.23973366260525,95.9161076849789
"5186",2017-03-06,56.2516666666667,19679,27600,6265136,0.440533134476251,71.3007246376812
"5187",2017-03-07,46.6463432295438,1703,6905,6265136,0.110213090346323,24.6632874728458
"5188",2017-03-08,65.7050675817048,64949,71691,6265136,1.14428481680206,90.5957512100543
"5189",2017-03-09,57.133073030798,36865,50198,6265136,0.801227619001407,73.4391808438583
"5190",2017-03-10,59.3692246730947,30387,37855,6265136,0.604216732086901,80.2720908730683
"5191",2017-03-11,64.0725702342165,26554,32534,6265136,0.519286412936607,81.6192291141575
"5192",2017-03-12,72.4529840398519,172266,175249,6265136,2.79720982912422,98.2978504870213
"5193",2017-03-13,54.0017668382734,23130,32827,6265136,0.523963087154054,70.4602918329424
"5194",2017-03-14,60.0290039016594,36170,42546,6265136,0.679091403602412,85.0138673435811
"5195",2017-03-15,57.0078764638823,35826,38596,6265136,0.616044089066861,92.823090475697
"5196",2017-03-16,60.1907764426251,28755,30292,6265136,0.483501076433137,94.9260530833223
"5197",2017-03-17,60.709366281387,34330,37635,6265136,0.600705236087453,91.2182808555866
"5198",2017-03-18,66.031364120322,98160,100497,6265136,1.60406733389347,97.6745574494761
"5199",2017-03-19,62.8842755035737,29845,30780,6265136,0.491290213013732,96.9623131903834
"5200",2017-03-20,68.31088478676,107793,109970,6265136,1.75526915936063,98.0203691915977
"5201",2017-03-21,68.7210544060881,143860,145333,6265136,2.31971021858105,98.986465565288
"5202",2017-03-22,63.0609634787551,81954,84444,6265136,1.3478398553519,97.0513002700014
"5203",2017-03-23,61.7025723472669,8756,9330,6265136,0.148919353067515,93.8478027867096
"5204",2017-03-24,68.9692231731402,78343,78988,6265136,1.26075475456558,99.1834202663696
"5205",2017-03-25,62.0383594372179,51727,52738,6265136,0.841769436449584,98.082976222079
"5206",2017-03-26,62.064625773776,43585,44425,6265136,0.709082771706791,98.1091727630838
"5207",2017-03-27,65.937449505935,63519,64364,6265136,1.02733603867498,98.6871543098627
"5208",2017-03-28,70.1221037216875,103025,103797,6265136,1.6567397738852,99.2562405464513
"5209",2017-03-29,66.4251032024587,54084,54989,6265136,0.877698425062122,98.354216297805
"5210",2017-03-30,67.4967167258516,50059,50407,6265136,0.804563540200883,99.3096196956772
"5211",2017-03-31,71.7982434571468,129678,130142,6265136,2.07724141981914,99.6434663675063
"5212",2017-04-01,71.1156315934318,152510,152614,6265136,2.43592477481734,99.9318542204516
"5213",2017-04-02,72.7361585362446,178759,178937,6265136,2.85607527115134,99.9005236479878
"5214",2017-04-03,70.5913209601161,93625,93697,6265136,1.49553018481961,99.9231565578407
"5215",2017-04-04,71.8169237904789,131404,131519,6265136,2.0992201925066,99.91256016241
"5216",2017-04-05,67.6705686777031,57379,57748,6265136,0.921735777164295,99.3610168317517
"5217",2017-04-06,70.2097751569198,110375,110566,6265136,1.76478212125004,99.8272525007688
"5218",2017-04-07,73.6781064390512,152372,152538,6265136,2.43471171256298,99.891174658118
"5219",2017-04-08,72.6893574168113,45930,46671,6265136,0.744931953592069,98.4122902873305
"5220",2017-04-09,65.3443474012093,48314,49119,6265136,0.784005327258658,98.3611229870315
"5221",2017-04-10,69.6355548933336,113875,114094,6265136,1.82109374800483,99.8080530089225
"5222",2017-04-11,74.2358634905119,188155,188236,6265136,3.00449982250984,99.9569689113666
"5223",2017-04-12,76.3185582800665,214622,214799,6265136,3.42848104175233,99.9175973817383
"5224",2017-04-13,75.8530634105994,147391,147499,6265136,2.35428249283016,99.9267791646045
"5225",2017-04-14,72.4139558232932,99015,99600,6265136,1.58975000702299,99.4126506024096
"5226",2017-04-15,72.5618158050405,136788,136931,6265136,2.18560299409303,99.8955678407373
"5227",2017-04-16,72.1179512037486,98326,99024,6265136,1.58055627204262,99.2951203748586
"5228",2017-04-17,70.7896451109452,103089,103159,6265136,1.6465564354868,99.9321435841759
"5229",2017-04-18,71.0032576897166,107982,108359,6265136,1.72955543183739,99.6520824297013
"5230",2017-04-19,71.1376030066612,136674,136763,6265136,2.18292148805708,99.9349239194812
"5231",2017-04-20,74.1526539990153,139846,140147,6265136,2.23693468106678,99.7852255132111
"5232",2017-04-21,70.7584890222283,58359,58664,6265136,0.936356369598361,99.4800900040911
"5233",2017-04-22,75.0692152125009,131872,132023,6265136,2.10726471061442,99.8856259894109
"5234",2017-04-23,74.8793582529288,71503,71617,6265136,1.14310367723861,99.8408199170588
"5235",2017-04-24,NA,NA,0,6265136,0,NA
"5236",2017-04-25,75.8852517903136,130755,130843,6265136,2.08843032298102,99.9327438227494
"5237",2017-04-26,76.4584376667624,97361,97444,6265136,1.5553373462284,99.9148228726243
"5238",2017-04-27,70.8133417967588,50039,50413,6265136,0.804659308273595,99.2581278638446
"5239",2017-04-28,71.9837929923109,21154,21719,6265136,0.346664461872815,97.3985910953543
"5240",2017-04-29,75.0587242930591,24416,24896,6265136,0.39737365637394,98.0719794344473
"5241",2017-04-30,73.8360856415919,83001,83324,6265136,1.32996314844562,99.6123565839374
"5242",2017-05-01,78.5613621786965,80943,81076,6265136,1.29408204386944,99.8359563866002
"5243",2017-05-02,76.7182178615801,109222,109464,6265136,1.7471927185619,99.7789227508587
"5244",2017-05-03,74.3677605359111,23477,23586,6265136,0.37646429383177,99.537861443229
"5245",2017-05-04,72.7132257224681,7344,7682,6265136,0.122615055762556,95.600104139547
"5246",2017-05-05,76.9206304391151,120241,120424,6265136,1.92212906471623,99.8480369361589
"5247",2017-05-06,78.6853014395497,73603,73912,6265136,1.17973496505104,99.5819352743803
"5248",2017-05-07,76.2814814814815,120082,120285,6265136,1.9199104376984,99.8312341522218
"5249",2017-05-08,79.0546184456105,113342,113588,6265136,1.8130173072061,99.7834278268831
"5250",2017-05-09,73.9190651120694,93803,93915,6265136,1.49900975812816,99.8807432252569
"5251",2017-05-10,74.1359330300614,85226,85292,6265136,1.36137507629523,99.922618768466
"5252",2017-05-11,77.073699875756,146239,146486,6265136,2.33811364988725,99.8313832038557
"5253",2017-05-12,77.7733678535205,149558,149864,6265136,2.39203107482423,99.7958148721507
"5254",2017-05-13,77.8439473884918,143952,144227,6265136,2.30205697051109,99.8093283504476
"5255",2017-05-14,78.4051190411725,110475,110802,6265136,1.76854899877672,99.7048789733037
"5256",2017-05-15,72.5566577441873,18938,19053,6265136,0.304111514897681,99.3964205112056
"5257",2017-05-16,73.9038608729351,102928,103215,6265136,1.64745027083211,99.7219396405561
"5258",2017-05-17,75.0429956787536,69072,69193,6265136,1.10441337586287,99.8251268191869
"5259",2017-05-18,74.2532553620399,54788,55063,6265136,0.878879564625572,99.5005720719903
"5260",2017-05-19,76.8053666186473,109614,109678,6265136,1.75060844648863,99.9416473677492
"5261",2017-05-20,79.9754550468836,79707,79772,6265136,1.27326844939998,99.9185177756606
"5262",2017-05-21,74.7240592090728,13501,13579,6265136,0.216739109893225,99.4255836217689
"5263",2017-05-22,74.0015860428232,76380,76921,6265136,1.22776265351622,99.2966810103873
"5264",2017-05-23,76.3493331773514,85163,85480,6265136,1.36437580924021,99.6291530182499
"5265",2017-05-24,75.4833641047826,129100,129449,6265136,2.06618020742088,99.7303957543125
"5266",2017-05-25,75.2025048549581,131438,131824,6265136,2.10408840286947,99.7071853380265
"5267",2017-05-26,70.179353067735,26837,26958,6265136,0.430285950696042,99.5511536464129
"5268",2017-05-27,72.6323189539267,113048,113797,6265136,1.81635322840558,99.3418104167948
"5269",2017-05-28,72.9207098144632,52653,53197,6265136,0.849095694012069,98.9773859428163
"5270",2017-05-29,64.5357643758766,2050,2139,6265136,0.0341413179219094,95.8391771856007
"5271",2017-05-30,77.4903273930176,122649,123338,6265136,1.96864042536347,99.4413724886085
"5272",2017-05-31,80.3059375431173,216526,217430,6265136,3.47047534163664,99.5842340063469
"5273",2017-06-01,82.472874794506,187699,188570,6265136,3.00983091189082,99.538102561383
"5274",2017-06-02,82.574098877876,166998,167985,6265136,2.68126661576062,99.4124475399589
"5275",2017-06-03,83.2529253523154,179277,180662,6265136,2.8836085920561,99.2333750318274
"5276",2017-06-04,84.9516162199094,149822,150753,6265136,2.4062207109311,99.3824335170776
"5277",2017-06-05,84.0120727223779,234957,237726,6265136,3.7944268089312,98.8352136493274
"5278",2017-06-06,77.0928265446889,25899,27546,6265136,0.439671221821841,94.0209104770203
"5279",2017-06-07,80.1887668541834,10646,11199,6265136,0.178751107717374,95.0620591124208
"5280",2017-06-08,85.6583612600536,115743,119360,6265136,1.90514619315526,96.9696715817694
"5281",2017-06-09,84.1627332872519,59765,60762,6265136,0.969843272356737,98.3591718508278
"5282",2017-06-10,85.6441991414395,34191,35874,6265136,0.572597306746414,95.3085800301054
"5283",2017-06-11,85.801166714214,96923,101653,6265136,1.62251864923603,95.3469154869999
"5284",2017-06-12,83.7200521045347,115142,122830,6265136,1.96053206187384,93.7409427664251
"5285",2017-06-13,82.3714758677771,18103,19331,6265136,0.308548768933348,93.6475091821427
"5286",2017-06-14,78.8261485920485,14370,15519,6265136,0.247704120070179,92.5961724337908
"5287",2017-06-15,74.1436111722014,8179,9094,6265136,0.145152475540834,89.9384209368815
"5288",2017-06-16,59.8952473326867,746,1031,6265136,0.0164561471610513,72.356935014549
"5289",2017-06-17,74.6646267784058,47965,51310,6265136,0.818976635144073,93.4808029623855
"5290",2017-06-18,75.8559810437961,93093,99598,6265136,1.58971808433209,93.4687443522962
"5291",2017-06-19,79.2814849712617,99278,106130,6265136,1.6939775928248,93.5437670781118
"5292",2017-06-20,56.7696356275304,4951,7410,6265136,0.118273569799602,66.8151147098516
"5293",2017-06-21,66.4826581300364,73086,90590,6265136,1.44593828450013,80.6777790043051
"5294",2017-06-22,66.8348515833178,24217,32274,6265136,0.515136463119077,75.0356323975956
"5295",2017-06-23,56.5657854288349,4511,6506,6265136,0.10384451351096,69.3359975407316
"5296",2017-06-24,66.756728360139,30532,37119,6265136,0.592469181834201,82.254371076807
"5297",2017-06-25,75.1653178887324,101225,114301,6265136,1.8243977465134,88.5600300959747
"5298",2017-06-26,74.3822382723369,48559,55659,6265136,0.888392526514987,87.2437521335274
"5299",2017-06-27,63.7731575388776,18415,23664,6265136,0.377709278777029,77.8186274509804
"5300",2017-06-28,58.4511327466766,8833,10682,6265136,0.170499092118671,82.6905073956188
"5301",2017-06-29,64.1990691145506,19928,27071,6265136,0.432089582732123,73.613830298105
"5302",2017-06-30,61.3839057204997,71608,98855,6265136,1.57785880466122,72.437408325325
"5303",2017-07-01,65.8236466290269,57775,72264,6265136,1.15343066774608,79.9499059005867
"5304",2017-07-02,70.3362709065188,126778,147741,6265136,2.35814513842956,85.8109800258561
"5305",2017-07-03,72.1161097936087,112844,127767,6265136,2.03933322437055,88.3201452644267
"5306",2017-07-04,71.2101967081493,21668,24910,6265136,0.397597115210268,86.985146527499
"5307",2017-07-05,61.2787101706105,20044,28779,6265136,0.459351560764204,69.6480072274923
"5308",2017-07-06,60.1119652586718,50573,74148,6265136,1.18350184257772,68.2054809300318
"5309",2017-07-07,77.0534305297124,72388,84914,6265136,1.35534168771436,85.2486044704054
"5310",2017-07-08,43.1764540601293,1722,3559,6265136,0.0568064284638035,48.3843776341669
"5311",2017-07-09,66.0750483362165,30861,39308,6265136,0.627408567028713,78.5107357280961
"5312",2017-07-10,64.2787376986518,112701,154353,6265136,2.46368155455843,73.0151017472935
"5313",2017-07-11,72.7504324057201,105781,129508,6265136,2.06712192680255,81.6791240695556
"5314",2017-07-12,68.5217802284364,48321,63475,6265136,1.01314640256812,76.126033871603
"5315",2017-07-13,58.4506726457399,2416,3122,6265136,0.0498313205012629,77.3862908392056
"5316",2017-07-14,50.8191360821628,31952,52968,6265136,0.845440545903553,60.3232140160097
"5317",2017-07-15,69.6036200348613,68036,86629,6265136,1.38271539516461,78.5372104029828
"5318",2017-07-16,51.6426812585499,2370,3655,6265136,0.0583387176271992,64.8426812585499
"5319",2017-07-17,49.9114016400619,18381,34267,6265136,0.546947424604989,53.6405287886305
"5320",2017-07-18,69.9729616724739,33305,43050,6265136,0.687135921710239,77.3635307781649
"5321",2017-07-19,53.7580364502244,6721,10919,6265136,0.174281930990804,61.553255792655
"5322",2017-07-20,54.427868852459,9255,15250,6265136,0.243410518143581,60.6885245901639
"5323",2017-07-21,65.211303734682,59859,82256,6265136,1.31291643150284,72.7715911301303
"5324",2017-07-22,59.9260222927168,120043,184096,6265136,2.9384198523384,65.2067399617591
"5325",2017-07-23,56.9679520125038,87456,142037,6265136,2.26710162397113,61.5726888064378
"5326",2017-07-24,59.0558526342511,116379,181209,6265136,2.89233944801837,64.2236312765922
"5327",2017-07-25,63.6297051994653,67418,99491,6265136,1.58801022036872,67.7629132283322
"5328",2017-07-26,61.9183121751369,95313,143522,6265136,2.29080422196741,66.4100277309402
"5329",2017-07-27,56.8813292326157,41951,66655,6265136,1.0639034811056,62.9375140649614
"5330",2017-07-28,50.1056929835755,31277,54857,6265136,0.875591527462453,57.0155130612319
"5331",2017-07-29,47.1505230058397,42403,77915,6265136,1.24362823089555,54.4221266765065
"5332",2017-07-30,45.7363134583927,56360,104537,6265136,1.6685511695197,53.9139252130825
"5333",2017-07-31,53.9878741744095,134001,223325,6265136,3.5645674730764,60.002686667413
"5334",2017-08-01,53.6203220894283,13553,21671,6265136,0.345898317291117,62.5397997323612
"5335",2017-08-02,50.2620569613811,108015,196484,6265136,3.13614899979825,54.973941898577
"5336",2017-08-03,39.8727872157242,20837,47621,6265136,0.760095231771505,43.7559060078537
"5337",2017-08-04,61.086696436094,94547,142428,6265136,2.27334251004288,66.3823124666498
"5338",2017-08-05,56.0940596029125,15045,25133,6265136,0.401156495246073,59.8615366251542
"5339",2017-08-06,40.672788971368,10664,23575,6265136,0.376288719031798,45.2343584305408
"5340",2017-08-07,38.8235105906444,13706,31254,6265136,0.498855890757998,43.8535867408972
"5341",2017-08-08,54.1279274089011,62412,104145,6265136,1.66229432210251,59.9279850208843
"5342",2017-08-09,50.9213031264526,56424,98962,6265136,1.57956666862459,57.0158242557749
"5343",2017-08-10,49.3398414884909,27494,50091,6265136,0.799519755038039,54.8881036513545
"5344",2017-08-11,51.5516843522193,34309,57203,6265136,0.913036843892934,59.9776235512123
"5345",2017-08-12,45.7061405784618,48654,96359,6265136,1.53801928641294,50.492429352733
"5346",2017-08-13,49.5496304460581,17120,30848,6265136,0.49237558450447,55.4979253112033
"5347",2017-08-14,39.3351024740753,6038,12247,6265136,0.19547859775111,49.3018698456765
"5348",2017-08-15,48.1384092681297,9554,17954,6265136,0.286569996245892,53.21376851955
"5349",2017-08-16,43.875436995437,35373,71225,6265136,1.13684682982141,49.6637416637417
"5350",2017-08-17,45.7860677263303,38045,72350,6265136,1.15480334345495,52.5846579129233
"5351",2017-08-18,39.8216673156802,28803,61632,6265136,0.983729642900011,46.7338395638629
"5352",2017-08-19,42.3947949060964,27239,57559,6265136,0.91871908287386,47.3236157681683
"5353",2017-08-20,51.4596714187922,41675,67198,6265136,1.07257049168605,62.0182148278223
"5354",2017-08-21,37.3010147555018,34292,79428,6265136,1.26777774656448,43.173691897064
"5355",2017-08-22,60.4162091503268,27603,38250,6265136,0.610521463540456,72.1647058823529
"5356",2017-08-23,46.0605181821651,27353,52414,6265136,0.836597960523124,52.1864387377418
"5357",2017-08-24,57.9824755060559,88087,131359,6265136,2.09666637723427,67.0582145113772
"5358",2017-08-25,49.0724387626177,39662,73607,6265136,1.17486675468817,53.8834621707175
"5359",2017-08-26,50.6870025118801,85603,150883,6265136,2.40829568583986,56.734688467223
"5360",2017-08-27,46.6936170711965,47911,85243,6265136,1.36059297036808,56.2052016001314
"5361",2017-08-28,42.2394714442057,12175,24671,6265136,0.393782353647231,49.3494386121357
"5362",2017-08-29,43.0157580919932,3161,7044,6265136,0.112431717364156,44.8750709823964
"5363",2017-08-30,51.4609369496302,7894,14195,6265136,0.22657129869168,55.6111306798168
"5364",2017-08-31,49.8783714276529,73915,124428,6265136,1.98603829190619,59.4038319349343
"5365",2017-09-01,57.4809941396836,83708,118253,6265136,1.88747698373986,70.7872104724616
"5366",2017-09-02,52.1493927125506,22471,34580,6265136,0.551943325731477,64.9826489300173
"5367",2017-09-03,40.546640969163,6696,18160,6265136,0.289858033409011,36.8722466960352
"5368",2017-09-04,53.5878135498594,60578,102097,6265136,1.62960548661673,59.3337708257833
"5369",2017-09-05,55.8376241985219,50998,81724,6265136,1.30442499572236,62.402721354804
"5370",2017-09-06,45.9706001727565,49902,96089,6265136,1.53370972314089,51.9331036851252
"5371",2017-09-07,44.00767837115,4517,11591,6265136,0.185007955134573,38.9698904322319
"5372",2017-09-08,53.0406198830409,47922,85500,6265136,1.36469503614926,56.0491228070175
"5373",2017-09-09,48.6777438566638,52013,99905,6265136,1.59461821738586,52.0624593363695
"5374",2017-09-10,46.0351218498003,68031,134674,6265136,2.14957823740778,50.5153184727564
"5375",2017-09-11,47.8437038267514,61919,114379,6265136,1.82564273145866,54.134937357382
"5376",2017-09-12,50.5912343776751,66916,116820,6265136,1.86460437570709,57.281287450779
"5377",2017-09-13,45.0748648984409,67291,128792,6265136,2.05569360345889,52.2478104230076
"5378",2017-09-14,51.8945205655362,96477,155746,6265136,2.48591570877312,61.9450900825703
"5379",2017-09-15,50.7176315494222,86290,142608,6265136,2.27621555222425,60.5085268708628
"5380",2017-09-16,54.0332265220606,14395,20285,6265136,0.323775892494592,70.9637663298004
"5381",2017-09-17,54.9244649601343,118571,173959,6265136,2.77661969349109,68.1603136371214
"5382",2017-09-18,45.9568246516506,18699,40046,6265136,0.639188039972317,46.6938021275533
"5383",2017-09-19,48.8561125421042,40023,75705,6265136,1.20835365744654,52.8670497325144
"5384",2017-09-20,52.6017090187544,41327,62492,6265136,0.997456399988763,66.1316648531012
"5385",2017-09-21,57.8388771056818,66719,98068,6265136,1.56529722579047,68.0334053921769
"5386",2017-09-22,57.1673292859829,50486,74452,6265136,1.18835409159514,67.8101327029496
"5387",2017-09-23,51.6127486049506,58756,97846,6265136,1.56175380710012,60.049465486581
"5388",2017-09-24,44.4755091130012,49943,102875,6265136,1.64202341337842,48.5472660996355
"5389",2017-09-25,36.34630142309,8222,20589,6265136,0.328628141512012,39.9339453106027
"5390",2017-09-26,54.7124214164407,60405,100689,6265136,1.60713191222026,59.9916574799631
"5391",2017-09-27,57.929502868836,50322,74769,6265136,1.19341383810343,67.3032941459696
"5392",2017-09-28,44.7231112404229,8736,20622,6265136,0.329154865911929,42.3625254582485
"5393",2017-09-29,52.0193857311101,37159,64532,6265136,1.03001754471092,57.5822847579495
"5394",2017-09-30,51.7644116354156,39591,65971,6265136,1.0529859208164,60.0127328674721
"5395",2017-10-01,55.5125110620545,62768,102829,6265136,1.64128919148762,61.0411459802196
"5396",2017-10-02,55.9838206742366,106148,169970,6265136,2.71294988648291,62.4510207683709
"5397",2017-10-03,46.3408416647291,55648,107525,6265136,1.71624366973039,51.7535456870495
"5398",2017-10-04,52.8648135473473,81756,135879,6265136,2.16881165867748,60.168237917559
"5399",2017-10-05,59.1086330935252,35069,48650,6265136,0.776519456241652,72.0842754367934
"5400",2017-10-06,58.4119363083787,74944,110721,6265136,1.76725612979511,67.6872499345201
"5401",2017-10-07,45.9093695930189,27768,53172,6265136,0.848696660375768,52.222974497856
"5402",2017-10-08,62.7108123468192,44105,56306,6265136,0.898719517022456,78.3309061201293
"5403",2017-10-09,56.1936575052854,11612,16555,6265136,0.26424007395849,70.1419510721836
"5404",2017-10-10,59.6869444342832,20979,27337,6265136,0.436335300622365,76.7421443464901
"5405",2017-10-11,59.8037100949094,10198,13908,6265136,0.221990392546945,73.324705205637
"5406",2017-10-12,36.1945636623748,160,699,6265136,0.0111569804709746,22.8898426323319
"5407",2017-10-13,10.1524725274725,43,728,6265136,0.0116198594890837,5.90659340659341
"5408",2017-10-14,41.1650879566982,286,739,6265136,0.0117954342890561,38.7009472259811
"5409",2017-10-15,51.6489898989899,455,792,6265136,0.0126413855980142,57.4494949494949
"5410",2017-10-16,29.5042735042735,177,702,6265136,0.0112048645073307,25.2136752136752
"5411",2017-10-17,51.0521285838401,541,1151,6265136,0.0183715086152958,47.002606429192
"5412",2017-10-18,54.6454388984509,645,1162,6265136,0.0185470834152682,55.5077452667814
"5413",2017-10-19,43.872005988024,562,1336,6265136,0.0213243575239229,42.0658682634731
"5414",2017-10-20,50.4305555555556,52,72,6265136,0.00114921687254674,72.2222222222222
"5415",2017-10-21,51.3468634686347,167,271,6265136,0.00432552461750232,61.6236162361624
"5416",2017-10-22,50.9497487437186,118,199,6265136,0.00317630774495558,59.2964824120603
"5417",2017-10-23,43.0547945205479,38,73,6265136,0.00116517821799878,52.0547945205479
"5418",2017-10-24,44.3931034482759,332,725,6265136,0.0115719754527276,45.7931034482759
"5419",2017-10-25,57.9276315789474,272,456,6265136,0.00727837352612936,59.6491228070175
"5420",2017-10-26,32.6,0,5,6265136,7.98067272601904e-05,0
"5421",2017-10-27,47.287841191067,234,403,6265136,0.00643242221717134,58.0645161290323
"5422",2017-10-28,62.3300865800866,811,924,6265136,0.0147482831976832,87.7705627705628
"5423",2017-10-29,NA,NA,0,6265136,0,NA
"5424",2017-10-30,NA,NA,0,6265136,0,NA
"5425",2017-10-31,NA,NA,0,6265136,0,NA
"5426",2017-11-01,NA,NA,0,6265136,0,NA
"5427",2017-11-02,NA,NA,0,6265136,0,NA
"5428",2017-11-03,NA,NA,0,6265136,0,NA
"5429",2017-11-04,NA,NA,0,6265136,0,NA
"5430",2017-11-05,NA,NA,0,6265136,0,NA
"5431",2017-11-06,NA,NA,0,6265136,0,NA
"5432",2017-11-07,NA,NA,0,6265136,0,NA
"5433",2017-11-08,NA,NA,0,6265136,0,NA
"5434",2017-11-09,NA,NA,0,6265136,0,NA
"5435",2017-11-10,NA,NA,0,6265136,0,NA
"5436",2017-11-11,NA,NA,0,6265136,0,NA
"5437",2017-11-12,NA,NA,0,6265136,0,NA
"5438",2017-11-13,NA,NA,0,6265136,0,NA
"5439",2017-11-14,NA,NA,0,6265136,0,NA
"5440",2017-11-15,NA,NA,0,6265136,0,NA
"5441",2017-11-16,NA,NA,0,6265136,0,NA
"5442",2017-11-17,NA,NA,0,6265136,0,NA
"5443",2017-11-18,NA,NA,0,6265136,0,NA
"5444",2017-11-19,NA,NA,0,6265136,0,NA
"5445",2017-11-20,NA,NA,0,6265136,0,NA
"5446",2017-11-21,NA,NA,0,6265136,0,NA
"5447",2017-11-22,NA,NA,0,6265136,0,NA
"5448",2017-11-23,NA,NA,0,6265136,0,NA
"5449",2017-11-25,NA,NA,0,6265136,0,NA
"5450",2018-01-16,NA,NA,0,6265136,0,NA
"5451",2018-01-17,NA,NA,0,6265136,0,NA
"5452",2018-01-18,NA,NA,0,6265136,0,NA
"5453",2018-01-19,NA,NA,0,6265136,0,NA
"5454",2018-01-20,NA,NA,0,6265136,0,NA
"5455",2018-01-21,NA,NA,0,6265136,0,NA
"5456",2018-01-22,NA,NA,0,6265136,0,NA
"5457",2018-01-23,NA,NA,0,6265136,0,NA
"5458",2018-01-24,NA,NA,0,6265136,0,NA
"5459",2018-01-25,NA,NA,0,6265136,0,NA
"5460",2018-01-26,NA,NA,0,6265136,0,NA
"5461",2018-01-27,NA,NA,0,6265136,0,NA
"5462",2018-01-28,NA,NA,0,6265136,0,NA
"5463",2018-01-29,NA,NA,0,6265136,0,NA
"5464",2018-01-30,NA,NA,0,6265136,0,NA
"5465",2018-01-31,NA,NA,0,6265136,0,NA
"5466",2018-02-01,NA,NA,0,6265136,0,NA
"5467",2018-02-02,NA,NA,0,6265136,0,NA
"5468",2018-02-03,NA,NA,0,6265136,0,NA
"5469",2018-02-04,NA,NA,0,6265136,0,NA
"5470",2018-02-05,NA,NA,0,6265136,0,NA
"5471",2018-02-06,NA,NA,0,6265136,0,NA
"5472",2018-02-07,NA,NA,0,6265136,0,NA
"5473",2018-02-08,NA,NA,0,6265136,0,NA
"5474",2018-02-09,NA,NA,0,6265136,0,NA
"5475",2018-02-10,NA,NA,0,6265136,0,NA
"5476",2018-02-11,20.0808080808081,9,99,6265136,0.00158017319975177,9.09090909090909
"5477",2018-02-12,NA,NA,0,6265136,0,NA
"5478",2018-02-13,45.5657894736842,14,76,6265136,0.00121306225435489,18.4210526315789
"5479",2018-02-14,70.0815347721823,666,834,6265136,0.0133117621069998,79.8561151079137
"5480",2018-02-15,56.943661971831,66,71,6265136,0.0011332555270947,92.9577464788732
"5481",2018-02-16,58.7467300832342,641,841,6265136,0.013423491525164,76.2187871581451
"5482",2018-02-17,81.3143445435827,1363,1457,6265136,0.0232556803236195,93.5483870967742
"5483",2018-02-18,NA,NA,0,6265136,0,NA
"5484",2018-02-19,60.6188725490196,477,816,6265136,0.0130244578888631,58.4558823529412
"5485",2018-02-20,NA,NA,0,6265136,0,NA
"5486",2018-02-21,55.5545977011494,250,348,6265136,0.00555454821730925,71.8390804597701
"5487",2018-02-22,54.9670103092784,349,485,6265136,0.00774125254423847,71.9587628865979
"5488",2018-02-23,74.3920485919381,1659,1811,6265136,0.0289059966136409,91.606847045831
"5489",2018-02-24,63.2302405498282,706,873,6265136,0.0139342545796292,80.8705612829324
"5490",2018-02-25,17.4666666666667,7,270,6265136,0.00430956327205028,2.59259259259259
"5491",2018-02-26,50.3117647058824,217,340,6265136,0.00542685745369294,63.8235294117647
"5492",2018-02-27,52.2657856093979,738,1362,6265136,0.0217393525056759,54.1850220264317
"5493",2018-02-28,62.3337905807042,1596,2187,6265136,0.0349074625036073,72.9766803840878
"5494",2018-03-01,75.8170143562135,17417,17832,6265136,0.284622712100743,97.6727231942575
"5495",2018-03-02,73.1722185597394,24798,25787,6265136,0.411595215171706,96.1647341683794
"5496",2018-03-03,60.5251664539276,23427,28987,6265136,0.462671520618228,80.8189878221272
"5497",2018-03-04,71.883138436886,49754,52421,6265136,0.836709689941288,94.9123442895023
"5498",2018-03-05,74.2773758823873,65870,68564,6265136,1.09437368957354,96.0708243393034
"5499",2018-03-06,72.9127451090686,86400,88889,6265136,1.41878803588621,97.1998785001519
"5500",2018-03-07,75.8913691193628,100778,103709,6265136,1.65533517548542,97.17382290833
"5501",2018-03-08,71.53135819286,119413,123333,6265136,1.96856061863621,96.8216130313866
"5502",2018-03-09,74.1932810476049,152223,155173,6265136,2.4767698578291,98.0988960708371
"5503",2018-03-10,74.6098145499969,174943,176921,6265136,2.82389719872003,98.8819868754981
"5504",2018-03-11,74.4411851776235,194628,195920,6265136,3.1271468009633,99.340547162107
"5505",2018-03-12,73.7341819452398,204714,206062,6265136,3.28902676653787,99.3458279546932
"5506",2018-03-13,74.4270201506208,194344,196520,6265136,3.13672360823452,98.8927335640139
"5507",2018-03-14,68.4031866253343,118942,122261,6265136,1.95145005631163,97.2853158407014
"5508",2018-03-15,63.9956289714383,72450,76641,6265136,1.22329347678965,94.5316475515716
"5509",2018-03-16,61.6425694457576,45344,52883,6265136,0.844083831540129,85.7440009076641
"5510",2018-03-17,58.6114125678278,23387,28565,6265136,0.455935832837468,81.8729214073166
"5511",2018-03-18,65.6451014376819,82764,90006,6265136,1.43661685875614,91.9538697420172
"5512",2018-03-19,70.8335296947219,142037,143443,6265136,2.2895432756767,99.019819719331
"5513",2018-03-20,64.5217542602733,95505,97705,6265136,1.55950325739138,97.7483240366409
"5514",2018-03-21,72.0920521072272,115451,116836,6265136,1.86485975723432,98.8145776986545
"5515",2018-03-22,70.78126340882,102421,104875,6265136,1.67394610428249,97.6600715137068
"5516",2018-03-23,69.714236380903,113359,115830,6265136,1.84880264370957,97.8667012000345
"5517",2018-03-24,70.6794450067476,116779,118560,6265136,1.89237711679363,98.4978070175439
"5518",2018-03-25,72.1431366906475,102280,104250,6265136,1.66397026337497,98.1103117505995
"5519",2018-03-26,61.1790932933683,19711,21352,6265136,0.340806648091917,92.3145372798801
"5520",2018-03-27,70.2450210628325,98962,101126,6265136,1.6141070201828,97.8600953266222
"5521",2018-03-28,64.3768203041931,20944,21631,6265136,0.345259863473036,96.8240025888771
"5522",2018-03-29,67.8300958937792,52527,52871,6265136,0.843892295394705,99.3493597624407
"5523",2018-03-30,64.951774603634,48178,48377,6265136,0.772162008933246,99.5886474977779
"5524",2018-03-31,68.3021497094041,99693,99967,6265136,1.59560782080389,99.7259095501515
"5525",2018-04-01,69.0296365138373,145082,145260,6265136,2.31854504036305,99.8774611042269
"5526",2018-04-02,67.4198298759372,59442,59486,6265136,0.949476595559937,99.9260330161719
"5527",2018-04-03,70.1545420666435,155407,155634,6265136,2.48412803808249,99.8541449811738
"5528",2018-04-04,71.9846632124352,192904,193000,6265136,3.08053967224335,99.9502590673575
"5529",2018-04-05,74.6723741689542,219243,219302,6265136,3.50035498032285,99.9730964605886
"5530",2018-04-06,76.043517725859,232347,232457,6265136,3.71032647974441,99.9526794202799
"5531",2018-04-07,76.5261909757633,204809,204937,6265136,3.27107025290433,99.9375417811328
"5532",2018-04-08,75.3566014008,113921,114506,6265136,1.82766982233107,99.4891097409743
"5533",2018-04-09,69.4887309964172,82028,82616,6265136,1.31866251586558,99.2882734579258
"5534",2018-04-10,71.4072222841417,116202,116639,6265136,1.86171537218027,99.6253397234201
"5535",2018-04-11,62.7476257284697,18308,18532,6265136,0.29579565391717,98.7912799481977
"5536",2018-04-12,59.8062345023025,12375,14115,6265136,0.225294391055517,87.672688629118
"5537",2018-04-13,74.4172722770048,110744,111045,6265136,1.77242760572157,99.7289387185375
"5538",2018-04-14,73.6436304520771,86259,86733,6265136,1.38437537509162,99.4534952094359
"5539",2018-04-15,67.5385495511354,90511,90896,6265136,1.45082245620845,99.576439007217
"5540",2018-04-16,71.1925535590878,11111,11576,6265136,0.184768534952793,95.9830684174153
"5541",2018-04-17,76.3177066305171,124924,125405,6265136,2.00163252641283,99.6164427255692
"5542",2018-04-18,75.4506401811921,172824,173076,6265136,2.76252582545694,99.8543992234625
"5543",2018-04-19,77.5429999438423,177752,178070,6265136,2.84223678464442,99.8214185432695
"5544",2018-04-20,74.8433766540333,152322,152506,6265136,2.43420094950852,99.8793490092193
"5545",2018-04-21,70.9508955067556,56699,57286,6265136,0.914361635565453,98.9753168313375
"5546",2018-04-22,73.6252584203882,54486,54659,6265136,0.872431181062949,99.6834921970764
"5547",2018-04-23,67.4230200535995,43052,43284,6265136,0.690870876546016,99.4640051751225
"5548",2018-04-24,71.9433289515013,171840,171922,6265136,2.74410643280529,99.9523039517921
"5549",2018-04-25,74.8711780748926,142548,142631,6265136,2.27658266316964,99.941807881877
"5550",2018-04-26,75.6179678286138,164413,164494,6265136,2.62554555878755,99.9507580823617
"5551",2018-04-27,75.8191661294994,213927,214086,6265136,3.41710060244502,99.925730781088
"5552",2018-04-28,72.8048524681863,99516,100114,6265136,1.59795413858534,99.4026809437241
"5553",2018-04-29,72.9294362612786,77672,77802,6265136,1.24182459885947,99.8329091797126
"5554",2018-04-30,76.2080318828668,104316,104633,6265136,1.6700834586831,99.697036307857
"5555",2018-05-01,76.9250594885491,99287,99599,6265136,1.58973404567754,99.6867438428097
"5556",2018-05-02,78.2567447408371,91731,92220,6265136,1.47195527758695,99.469746258946
"5557",2018-05-03,79.0893545122868,107080,107717,6265136,1.71930824805719,99.4086355914108
"5558",2018-05-04,77.7859132510943,28982,30156,6265136,0.48133033345166,96.1069107308662
"5559",2018-05-05,74.770025728988,22138,23320,6265136,0.372218575941528,94.9313893653516
"5560",2018-05-06,64.5915966386555,5280,5355,6265136,0.0854730048956639,98.5994397759104
"5561",2018-05-07,74.0219604916989,153822,155461,6265136,2.48136672531929,98.9457162889728
"5562",2018-05-08,71.4416209628275,31958,32820,6265136,0.52385135773589,97.3735527117611
"5563",2018-05-09,72.1628923032112,41079,41199,6265136,0.657591471278517,99.7087307944368
"5564",2018-05-10,77.4893953591472,98382,99249,6265136,1.58414757476933,99.1264395611039
"5565",2018-05-11,66.3076841038767,18320,18753,6265136,0.29932311126207,97.6910361008905
"5566",2018-05-12,72.9892861301968,16587,17174,6265136,0.274120146793302,96.582042622569
"5567",2018-05-13,75.9926791089705,40068,41525,6265136,0.662794869895881,96.4912703190849
"5568",2018-05-14,79.381369576091,125729,127952,6265136,2.04228607327918,98.2626297361511
"5569",2018-05-15,71.4902074751712,38976,39571,6265136,0.631606400882599,98.4963736069344
"5570",2018-05-16,63.9223798266351,4933,5076,6265136,0.0810197895145453,97.1828211189913
"5571",2018-05-17,71.2430906074618,25824,28331,6265136,0.452200878001691,91.1510359676679
"5572",2018-05-18,64.3103165938865,9680,10992,6265136,0.175447109208802,88.0640465793304
"5573",2018-05-19,72.0871762476311,23025,23745,6265136,0.379002147758644,96.9677826910929
"5574",2018-05-20,69.8159941475435,23141,25972,6265136,0.414548064080333,89.0997997843832
"5575",2018-05-21,71.507413509061,13912,15175,6265136,0.242213417234678,91.6771004942339
"5576",2018-05-22,67.2710960863347,6603,7691,6265136,0.122758707871625,85.8535951111689
"5577",2018-05-23,71.8959964776551,30290,31797,6265136,0.507522901338455,95.260559172249
"5578",2018-05-24,69.9335535976505,2572,2724,6265136,0.0434787050113517,94.4199706314244
"5579",2018-05-25,75.5330035737107,40470,42253,6265136,0.674414729384965,95.7801812889026
"5580",2018-05-26,75.2724141737499,43410,45295,6265136,0.722969142250064,95.8383927585826
"5581",2018-05-27,75.6582168063229,72855,75662,6265136,1.2076673195921,96.2900795643784
"5582",2018-05-28,76.7098196840284,17121,17913,6265136,0.285915581082358,95.5786300452186
"5583",2018-05-29,75.7124031241519,31606,33161,6265136,0.529294176535035,95.3107566116824
"5584",2018-05-30,74.0285478377542,44686,48445,6265136,0.773247380423984,92.2406853132418
"5585",2018-05-31,69.0917322834646,12341,12700,6265136,0.202709087240884,97.1732283464567
"5586",2018-06-01,64.5138137282825,7975,10533,6265136,0.168120851646317,75.7144213424476
"5587",2018-06-02,69.2466666666667,4632,5400,6265136,0.0861912654410056,85.7777777777778
"5588",2018-06-03,68.7327895595432,2733,3065,6265136,0.0489215238104967,89.1680261011419
"5589",2018-06-04,67.330523713194,7956,8898,6265136,0.142024051832235,89.4133513149022
"5590",2018-06-05,73.9869499158934,34977,36858,6265136,0.588303270671219,94.896630310923
"5591",2018-06-06,68.2012940104903,27340,31839,6265136,0.50819327784744,85.8695310782374
"5592",2018-06-07,74.7683712309778,117462,130571,6265136,2.08408883701806,89.9602515106724
"5593",2018-06-08,74.8569743987587,28859,32225,6265136,0.514354357191927,89.5546935608999
"5594",2018-06-09,71.5852098426996,13087,15321,6265136,0.244543773670675,85.4187063507604
"5595",2018-06-10,64.5526315789474,1910,2280,6265136,0.0363918676306468,83.7719298245614
"5596",2018-06-11,70.4424893717525,37896,42340,6265136,0.675803366439292,89.5040151157298
"5597",2018-06-12,62.9436182019978,30142,36040,6265136,0.575246890091452,83.6348501664817
"5598",2018-06-13,66.1185779560905,7683,8973,6265136,0.143221152741138,85.6235372785022
"5599",2018-06-14,63.7394205781385,26793,31169,6265136,0.497499176394575,85.9604093811159
"5600",2018-06-15,71.3819354501092,70622,76437,6265136,1.22003736231743,92.3924277509583
"5601",2018-06-16,65.0631906447806,7733,9321,6265136,0.148775700958447,82.9632013732432
"5602",2018-06-17,79.3623532907443,5906,6731,6265136,0.107435816237668,87.7432773733472
"5603",2018-06-18,77.4084513060943,142221,163809,6265136,2.6146120371529,86.8212369283739
"5604",2018-06-19,63.2596485030469,8343,11323,6265136,0.180730314553427,73.6818864258589
"5605",2018-06-20,77.8781446851041,64896,76041,6265136,1.21371666951843,85.343433147907
"5606",2018-06-21,75.4260802104766,24636,29647,6265136,0.473206008616573,83.0977839241745
"5607",2018-06-22,78.0940912893168,146386,170951,6265136,2.72860796637136,85.6303853150903
"5608",2018-06-23,74.2940675657267,73943,88092,6265136,1.40606684356094,83.9383826000091
"5609",2018-06-24,47.6383207750269,460,929,6265136,0.0148280899249434,49.5156081808396
"5610",2018-06-25,55.2033009409224,4347,6483,6265136,0.103477402565563,67.0522906062008
"5611",2018-06-26,50.5547556719023,2567,4584,6265136,0.0731668075521425,55.999127399651
"5612",2018-06-27,66.7113312289104,7830,9187,6265136,0.146636880667874,85.2291281158158
"5613",2018-06-28,62.6424392838149,9032,11282,6265136,0.180075899389894,80.0567275305797
"5614",2018-06-29,64.5276609105181,12086,15925,6265136,0.254184426323706,75.8932496075353
"5615",2018-06-30,65.2053859667563,100833,133198,6265136,2.12601929152057,75.7015871109176
"5616",2018-07-01,62.0692946791586,17107,22628,6265136,0.361173324888718,75.6010252784161
"5617",2018-07-02,67.6779000103295,30521,38724,6265136,0.618087141284722,78.8167544675137
"5618",2018-07-03,69.2942896891896,147213,189762,6265136,3.02885683566965,77.5777025958833
"5619",2018-07-04,75.3054374197231,60219,70070,6265136,1.11841147582431,85.9412016554874
"5620",2018-07-05,78.2807523778989,47757,56142,6265136,0.896101856368321,85.0646574756867
"5621",2018-07-06,73.7467530210518,140121,172622,6265136,2.75527937462172,81.172156503806
"5622",2018-07-07,55.1097116843703,4044,6590,6265136,0.105185266528931,61.3657056145675
"5623",2018-07-08,58.0324195666448,15021,24368,6265136,0.388946065975264,61.642317793828
"5624",2018-07-09,71.6714893617021,46210,59925,6265136,0.956483626213381,77.1130579891531
"5625",2018-07-10,59.2541828181427,19745,30183,6265136,0.481761289778865,65.41761918961
"5626",2018-07-11,67.3280182796054,87249,121228,6265136,1.93496198645967,71.9709967994193
"5627",2018-07-12,66.6486619199607,6927,8146,6265136,0.130021120052302,85.0356002946231
"5628",2018-07-13,62.1168672348599,90748,133288,6265136,2.12745581261125,68.0841486105276
"5629",2018-07-14,53.5406504065041,1747,2460,6265136,0.0392649098120137,71.0162601626016
"5630",2018-07-15,62.6988669534033,59597,83933,6265136,1.33968360782591,71.0054448190819
"5631",2018-07-16,57.1527725386647,35006,55671,6265136,0.888584062660411,62.8801350793052
"5632",2018-07-17,56.3113643887444,68554,105725,6265136,1.68751324791673,64.8418065736581
"5633",2018-07-18,68.5257526417226,22942,30094,6265136,0.480340730033634,76.2344653419286
"5634",2018-07-19,75.9284588096177,17620,20296,6265136,0.323951467294565,86.8151359873867
"5635",2018-07-20,67.2516863406408,10306,14232,6265136,0.227161868473406,72.4142776840922
"5636",2018-07-21,44.1382513221122,17905,37251,6265136,0.59457607943387,48.0658237362755
"5637",2018-07-22,58.9165947430365,9726,12745,6265136,0.203427347786225,76.3122793252256
"5638",2018-07-23,47.5786713286713,2118,3432,6265136,0.0547793375913947,61.7132867132867
"5639",2018-07-24,58.687660944206,6107,9320,6265136,0.148759739612995,65.5257510729614
"5640",2018-07-25,54.1690427698574,15986,27005,6265136,0.431036133932288,59.1964451027587
"5641",2018-07-26,58.401337499635,42536,68486,6265136,1.09312870462828,62.1090441842128
"5642",2018-07-27,48.5703608492812,67936,126036,6265136,2.01170413539307,53.9020597289663
"5643",2018-07-28,66.6288206214003,73171,102961,6265136,1.64339608908729,71.0667145812492
"5644",2018-07-29,54.3009828312437,72354,121791,6265136,1.94394822394917,59.4083306648274
"5645",2018-07-30,55.2437383558619,106275,176591,6265136,2.81862995472085,60.1814362000328
"5646",2018-07-31,33.3399927694557,23890,63619,6265136,1.01544483631321,37.5516748141279
"5647",2018-08-01,49.0600345262941,84501,155244,6265136,2.4779031133562,54.4310891242174
"5648",2018-08-02,46.6962771933408,20392,39164,6265136,0.625110133283619,52.0682259217649
"5649",2018-08-03,68.2008924333049,31900,42132,6265136,0.672483406585268,75.7144213424476
"5650",2018-08-04,68.9133708422969,27268,36258,6265136,0.578726463399996,75.2054718958575
"5651",2018-08-05,52.7701254236705,69569,116246,6265136,1.85544256341762,59.8463603048707
"5652",2018-08-06,52.954196985447,35869,61568,6265136,0.98270811679108,58.2591606029106
"5653",2018-08-07,49.0869989033752,8696,16414,6265136,0.261989524249753,52.9791641281833
"5654",2018-08-08,64.0958854927116,58386,83558,6265136,1.3336981032814,69.8748174920415
"5655",2018-08-09,64.028932248374,25848,34287,6265136,0.547266651514029,75.3871729810132
"5656",2018-08-10,66.8070141180606,37577,51211,6265136,0.817396461944322,73.3768135752085
"5657",2018-08-11,71.4119343834654,63884,79736,6265136,1.27269384096371,80.1193940002007
"5658",2018-08-12,64.5282067444059,49606,69806,6265136,1.11419768062497,71.0626593702547
"5659",2018-08-13,58.9951417343589,111326,166932,6265136,2.66445931899962,66.6894304267606
"5660",2018-08-14,61.6502969756275,92657,131829,6265136,2.10416820959673,70.2857489626713
"5661",2018-08-15,52.5782982487783,68458,116433,6265136,1.85842733501715,58.7960457945771
"5662",2018-08-16,45.2759134771766,17887,36892,6265136,0.588845956416589,48.484766345007
"5663",2018-08-17,52.7659358746461,47498,75945,6265136,1.21218438035503,62.5426295345316
"5664",2018-08-18,55.8021113641068,13199,19324,6265136,0.308437039515184,68.3036638377148
"5665",2018-08-19,39.1046572086459,11623,26926,6265136,0.429775187641577,43.1664562133254
"5666",2018-08-20,42.0835802446694,27238,55013,6265136,0.87808149735297,49.5119335429807
"5667",2018-08-21,50.3599881862148,15296,27087,6265136,0.432344964259355,56.4698933067523
"5668",2018-08-22,50.6071161847861,21652,37492,6265136,0.598422763687811,57.7509868772005
"5669",2018-08-23,48.6400436812773,14130,26556,6265136,0.423869489824323,53.2083145051966
"5670",2018-08-24,56.0822902048835,34632,53445,6265136,0.853054107684175,64.7993264103284
"5671",2018-08-25,48.7427242662257,26822,48380,6265136,0.772209892969602,55.4402645721372
"5672",2018-08-26,24.6207250843975,1709,6813,6265136,0.108744646564735,25.0843974754147
"5673",2018-08-27,47.200506981383,14058,24064,6265136,0.384093816957844,58.4192154255319
"5674",2018-08-28,43.1626895460437,67560,125761,6265136,2.00731476539376,53.7209468754224
"5675",2018-08-29,47.3202986834349,34393,61068,6265136,0.974727444065061,56.3191851706295
"5676",2018-08-30,44.7292089249493,1054,1972,6265136,0.0314757732314191,53.448275862069
"5677",2018-08-31,42.7780131873354,25098,50503,6265136,0.806095829364279,49.696057659941
"5678",2018-09-01,61.7209779243235,22189,24869,6265136,0.396942700046735,89.2235313040331
"5679",2018-09-02,51.0445961368677,25497,46439,6265136,0.741228921447196,54.9042830379638
"5680",2018-09-03,57.3995917545928,25694,34783,6265136,0.55518347885824,73.8694189690366
"5681",2018-09-04,58.8895419426049,49632,72480,6265136,1.15687831836372,68.476821192053
"5682",2018-09-05,42.2584181675803,5878,12770,6265136,0.203826381422526,46.0297572435395
"5683",2018-09-06,48.6922878029288,24752,42543,6265136,0.679043519566056,58.1811343816844
"5684",2018-09-07,47.9334776702326,39993,70668,6265136,1.12795636040463,56.5928001358465
"5685",2018-09-08,49.7798646916005,42799,73314,6265136,1.17019008047072,58.3776632021169
"5686",2018-09-09,57.406024611106,78850,119377,6265136,1.90541753602795,66.0512494031514
"5687",2018-09-10,55.7800007552585,81106,132405,6265136,2.1133619445771,61.2559948642423
"5688",2018-09-11,41.6133321977808,38399,82192,6265136,1.31189490539391,46.7186587502433
"5689",2018-09-12,53.2211330857587,100641,162106,6265136,2.58742986584808,62.0834515687266
"5690",2018-09-13,49.6625665525765,49975,84144,6265136,1.34305145171629,59.3922323635672
"5691",2018-09-14,56.3338917688709,23009,31636,6265136,0.504953124720676,72.7304336831458
"5692",2018-09-15,54.6029762663704,40565,54901,6265136,0.876293826662342,73.8875430320031
"5693",2018-09-16,60.7726686100557,85084,110803,6265136,1.76856496012217,76.7885346064637
"5694",2018-09-17,59.7974841079076,59897,81959,6265136,1.30817591190359,73.0816627826108
"5695",2018-09-18,59.6778913279553,73881,103136,6265136,1.6461893245414,71.6345408004964
"5696",2018-09-19,55.9833515318903,53266,77845,6265136,1.2425109367139,68.4257177724966
"5697",2018-09-20,57.1879684037261,77592,108747,6265136,1.73574843387278,71.350933818864
"5698",2018-09-21,59.5261198716558,63864,87577,6265136,1.39784675065314,72.9232561060552
"5699",2018-09-22,57.0171040158131,34832,49579,6265136,0.791347546166596,70.2555517456988
"5700",2018-09-23,57.8898026315789,6393,8512,6265136,0.135862972487748,75.1057330827068
"5701",2018-09-24,51.3347551393477,18570,31181,6265136,0.497690712539999,59.555498540778
"5702",2018-09-25,48.2323376373097,13050,25945,6265136,0.414117107753128,50.2987088070919
"5703",2018-09-26,50.4261813912533,10471,17035,6265136,0.271901519775469,61.4675667742882
"5704",2018-09-27,63.7289864645257,79605,95379,6265136,1.52237716786994,83.4617683137798
"5705",2018-09-28,65.4791578670721,92483,106539,6265136,1.70050578311468,86.8067092801697
"5706",2018-09-29,67.3132680910163,113254,123846,6265136,1.97674878885311,91.4474427918544
"5707",2018-09-30,70.6847332248023,136144,146809,6265136,2.34326916446826,92.7354589977454
"5708",2018-10-01,70.2957707319681,87822,93515,6265136,1.49262521994734,93.912206597872
"5709",2018-10-02,70.3738193848174,71233,79196,6265136,1.26407471441961,89.9451992524875
"5710",2018-10-03,67.3192720354314,56061,64124,6265136,1.02350531576649,87.4259247707567
"5711",2018-10-04,63.6771503093534,55096,65944,6265136,1.0525549644892,83.5496785151037
"5712",2018-10-05,56.3163139193573,20583,25892,6265136,0.41327115644417,79.495597095628
"5713",2018-10-06,70.2809494246048,106410,111141,6265136,1.77395989488496,95.743245067077
"5714",2018-10-07,70.6189526489661,77712,81730,6265136,1.30452076379507,95.0838125535299
"5715",2018-10-08,71.6792782732629,64870,68059,6265136,1.08631321012026,95.314359599759
"5716",2018-10-09,74.9903373649465,58460,60439,6265136,0.964687757775729,96.7256241830606
"5717",2018-10-10,77.8824796114726,64328,65478,6265136,1.04511697750855,98.2436849017991
"5718",2018-10-11,70.0170464582229,21388,22644,6265136,0.36142870641595,94.453276806218
"5719",2018-10-12,63.6863065121593,5533,6127,6265136,0.0977951635846373,90.3052064631957
"5720",2018-10-13,58.5782077021354,3736,5479,6265136,0.0874522117317166,68.187625479102
"5721",2018-10-14,NA,NA,0,6265136,0,NA
"5722",2018-10-15,33.2728828058169,305,1169,6265136,0.0186588128334325,26.0906757912746
"5723",2018-10-16,30.3639344262295,124,610,6265136,0.00973642072574323,20.327868852459
"5724",2018-10-17,45.2617554858934,186,638,6265136,0.0101833383984003,29.153605015674
"5725",2018-10-18,42.1812688821752,514,1324,6265136,0.0211328213784984,38.821752265861
"5726",2018-10-19,21.2864583333333,20,384,6265136,0.00612915665358262,5.20833333333333
"5727",2018-10-20,48.2993630573248,134,314,6265136,0.00501186247193995,42.6751592356688
"5728",2018-10-21,52.6666666666667,6,6,6265136,9.57680727122284e-05,100
"5729",2018-10-22,66.9803921568627,946,1071,6265136,0.0170946009791328,88.328664799253
"5730",2018-10-23,54.4973262032086,291,374,6265136,0.00596954319906224,77.807486631016
"5731",2018-10-24,65.6807313642757,585,711,6265136,0.0113485166163991,82.2784810126582
"5732",2018-10-25,56.1246882793017,292,401,6265136,0.00640049952626727,72.8179551122195
"5733",2018-10-26,64.0476190476191,162,168,6265136,0.0026815060359424,96.4285714285714
"5734",2018-10-27,NA,NA,0,6265136,0,NA
"5735",2018-10-28,NA,NA,0,6265136,0,NA
"5736",2018-10-29,59.8476923076923,491,650,6265136,0.0103748745438247,75.5384615384615
"5737",2018-10-30,NA,NA,0,6265136,0,NA
"5738",2018-10-31,NA,NA,0,6265136,0,NA
"5739",2018-11-01,NA,NA,0,6265136,0,NA
"5740",2018-11-02,NA,NA,0,6265136,0,NA
"5741",2018-11-03,NA,NA,0,6265136,0,NA
"5742",2018-11-04,NA,NA,0,6265136,0,NA
"5743",2018-11-05,NA,NA,0,6265136,0,NA
"5744",2018-11-06,NA,NA,0,6265136,0,NA
"5745",2018-11-07,NA,NA,0,6265136,0,NA
"5746",2018-11-08,NA,NA,0,6265136,0,NA
"5747",2018-11-09,NA,NA,0,6265136,0,NA
"5748",2018-11-10,NA,NA,0,6265136,0,NA
"5749",2018-11-11,NA,NA,0,6265136,0,NA
"5750",2018-11-12,NA,NA,0,6265136,0,NA
"5751",2018-11-13,NA,NA,0,6265136,0,NA
"5752",2018-11-14,NA,NA,0,6265136,0,NA
"5753",2018-11-15,NA,NA,0,6265136,0,NA
"5754",2018-11-16,NA,NA,0,6265136,0,NA
"5755",2018-11-17,NA,NA,0,6265136,0,NA
"5756",2018-11-18,NA,NA,0,6265136,0,NA
"5757",2018-11-19,NA,NA,0,6265136,0,NA
"5758",2018-11-20,NA,NA,0,6265136,0,NA
"5759",2018-11-21,NA,NA,0,6265136,0,NA
"5760",2018-11-22,NA,NA,0,6265136,0,NA
"5761",2018-11-23,NA,NA,0,6265136,0,NA
"5762",2018-11-24,NA,NA,0,6265136,0,NA
"5763",2018-11-25,NA,NA,0,6265136,0,NA
"5764",2018-11-26,NA,NA,0,6265136,0,NA
"5765",2019-01-17,NA,NA,0,6265136,0,NA
"5766",2019-01-18,NA,NA,0,6265136,0,NA
"5767",2019-01-19,NA,NA,0,6265136,0,NA
"5768",2019-01-20,NA,NA,0,6265136,0,NA
"5769",2019-01-21,NA,NA,0,6265136,0,NA
"5770",2019-01-22,NA,NA,0,6265136,0,NA
"5771",2019-01-23,NA,NA,0,6265136,0,NA
"5772",2019-01-24,NA,NA,0,6265136,0,NA
"5773",2019-01-25,NA,NA,0,6265136,0,NA
"5774",2019-01-26,NA,NA,0,6265136,0,NA
"5775",2019-01-27,NA,NA,0,6265136,0,NA
"5776",2019-01-28,NA,NA,0,6265136,0,NA
"5777",2019-01-29,NA,NA,0,6265136,0,NA
"5778",2019-01-30,NA,NA,0,6265136,0,NA
"5779",2019-01-31,NA,NA,0,6265136,0,NA
"5780",2019-02-01,NA,NA,0,6265136,0,NA
"5781",2019-02-02,NA,NA,0,6265136,0,NA
"5782",2019-02-03,NA,NA,0,6265136,0,NA
"5783",2019-02-04,NA,NA,0,6265136,0,NA
"5784",2019-02-05,NA,NA,0,6265136,0,NA
"5785",2019-02-06,NA,NA,0,6265136,0,NA
"5786",2019-02-07,NA,NA,0,6265136,0,NA
"5787",2019-02-08,NA,NA,0,6265136,0,NA
"5788",2019-02-09,NA,NA,0,6265136,0,NA
"5789",2019-02-10,NA,NA,0,6265136,0,NA
"5790",2019-02-11,0.895833333333333,0,48,6265136,0.000766144581697827,0
"5791",2019-02-12,52.1325966850829,257,362,6265136,0.00577800705363778,70.9944751381215
"5792",2019-02-13,59.7458100558659,286,358,6265136,0.00571416167182963,79.8882681564246
"5793",2019-02-14,49.0909090909091,6,11,6265136,0.000175574799972419,54.5454545454545
"5794",2019-02-15,61.6424116424116,380,481,6265136,0.00767740716243031,79.002079002079
"5795",2019-02-16,61.0443037974684,133,158,6265136,0.00252189258142202,84.1772151898734
"5796",2019-02-17,62.3531053733426,1065,1433,6265136,0.0228726080327706,74.3196092114445
"5797",2019-02-18,NA,NA,0,6265136,0,NA
"5798",2019-02-19,34.0772357723577,54,246,6265136,0.00392649098120137,21.9512195121951
"5799",2019-02-20,60.8734693877551,981,1225,6265136,0.0195526481787466,80.0816326530612
"5800",2019-02-21,NA,NA,0,6265136,0,NA
"5801",2019-02-22,71.6039707419018,878,957,6265136,0.0152750075976004,91.7450365726228
"5802",2019-02-23,47.8370786516854,177,356,6265136,0.00568223898092555,49.7191011235955
"5803",2019-02-24,46.0449438202247,299,623,6265136,0.00994391821661972,47.9935794542536
"5804",2019-02-25,39.0013089005236,159,764,6265136,0.0121944679253571,20.8115183246073
"5805",2019-02-26,54.5086505190311,196,289,6265136,0.004612828835639,67.8200692041522
"5806",2019-02-27,68.5581039755352,574,654,6265136,0.0104387199256329,87.7675840978593
"5807",2019-02-28,72.7622820919176,3531,3786,6265136,0.0604296538814161,93.2646592709984
"5808",2019-03-01,68.0762383900929,4998,5168,6265136,0.0824882332961328,96.7105263157895
"5809",2019-03-02,61.5082657765061,10914,12582,6265136,0.200825648477543,86.7429661421078
"5810",2019-03-03,63.7372396978297,22465,25019,6265136,0.399336901864541,89.7917582637196
"5811",2019-03-04,56.4101669338866,8070,10603,6265136,0.16923814582796,76.1105347543148
"5812",2019-03-05,67.4095484176039,56014,59214,6265136,0.945135109596982,94.5958725976965
"5813",2019-03-06,59.2644028996566,30239,36694,6265136,0.585685610017085,82.408568158282
"5814",2019-03-07,72.2984516294469,129484,132591,6265136,2.11633075483118,97.6567036978377
"5815",2019-03-08,72.4283670537531,164492,167060,6265136,2.66650237121748,98.4628277265653
"5816",2019-03-09,64.0843154392692,134163,141872,6265136,2.26446800197155,94.5662287132063
"5817",2019-03-10,69.7698474101332,149646,153811,6265136,2.45503050532343,97.2921312519911
"5818",2019-03-11,69.8413384164438,159887,163417,6265136,2.60835518973571,97.8398820196185
"5819",2019-03-12,66.8330722615148,122941,126402,6265136,2.01754598782852,97.2619104128099
"5820",2019-03-13,66.9174674589008,119452,122691,6265136,1.958313434856,97.3600345583621
"5821",2019-03-14,65.4290540284647,128927,132023,6265136,2.10726471061442,97.6549540610348
"5822",2019-03-15,66.9533563124379,81965,85585,6265136,1.36605175051268,95.7702868493311
"5823",2019-03-16,70.8155059446757,149424,150639,6265136,2.40440111754956,99.1934359627985
"5824",2019-03-17,66.188195608563,143477,145556,6265136,2.32326959861685,98.571683750584
"5825",2019-03-18,61.2722981883806,12170,14407,6265136,0.229955103927513,84.4728257097244
"5826",2019-03-19,62.9497554468653,43868,47229,6265136,0.753838384354306,92.8836096466154
"5827",2019-03-20,54.1962321681368,8000,9183,6265136,0.146573035286066,87.1174997277578
"5828",2019-03-21,64.6359705504265,65264,68456,6265136,1.09264986426472,95.3371508706322
"5829",2019-03-22,68.2348645268862,55597,59975,6265136,0.957281693485983,92.7002917882451
"5830",2019-03-23,64.9323589519013,50093,54804,6265136,0.874745576153495,91.4039121232027
"5831",2019-03-24,70.9812289191964,107313,109104,6265136,1.74144663419916,98.3584469863616
"5832",2019-03-25,61.4002246349682,14594,16026,6265136,0.255796522214362,91.0645201547485
"5833",2019-03-26,66.2388470991286,79796,80562,6265136,1.28587791230709,99.0491795139148
"5834",2019-03-27,66.8381974683544,97101,98750,6265136,1.57618286338876,98.3301265822785
"5835",2019-03-28,65.7717613608021,37856,40094,6265136,0.639954184554014,94.4181174240535
"5836",2019-03-29,63.560707456979,15050,16736,6265136,0.267129077485309,89.9259082217973
"5837",2019-03-30,70.485945324902,112882,114019,6265136,1.81989664709593,99.0027977793175
"5838",2019-03-31,73.6587662932479,146551,147377,6265136,2.35233520868502,99.4395326272078
"5839",2019-04-01,73.3309635046381,132396,132921,6265136,2.12159799883035,99.6050285507933
"5840",2019-04-02,70.4659606056035,125308,125957,6265136,2.01044318910236,99.4847447938582
"5841",2019-04-03,71.4301000379891,125868,126352,6265136,2.01674792055591,99.6169431429657
"5842",2019-04-04,69.6739336134136,79188,79263,6265136,1.26514412456489,99.9053782975663
"5843",2019-04-05,70.4922795982551,97610,98570,6265136,1.57330982120739,99.0260728416354
"5844",2019-04-06,65.7106124730496,36594,37569,6265136,0.599651787287618,97.404775213607
"5845",2019-04-07,73.088675092917,150266,150403,6265136,2.40063424002288,99.9089113913951
"5846",2019-04-08,75.108909442849,205078,205097,6265136,3.27362406817665,99.9907360907278
"5847",2019-04-09,71.4349373273847,37155,37656,6265136,0.601040424341946,98.6695347355003
"5848",2019-04-10,66.9593633592956,11365,11812,6265136,0.188535412479474,96.2157128344057
"5849",2019-04-11,71.0923494937049,63174,63303,6265136,1.01040105115037,99.7962181887114
"5850",2019-04-12,70.2208741438987,53454,54316,6265136,0.8669564395729,98.4129906473231
"5851",2019-04-13,66.4791286939373,31609,33467,6265136,0.534178348243358,94.4482624675053
"5852",2019-04-14,66.5351364404733,35856,37269,6265136,0.594863383652007,96.2086452547694
"5853",2019-04-15,69.9169790235839,40632,42953,6265136,0.685587671201391,94.5964193420716
"5854",2019-04-16,78.2314684595067,58041,58306,6265136,0.930642207926532,99.5455013206188
"5855",2019-04-17,80.2001086634397,99756,101230,6265136,1.61576700010981,98.54390990813
"5856",2019-04-18,72.3473966823281,19075,20858,6265136,0.33292174343861,91.451721162144
"5857",2019-04-19,69.0319274187963,14179,14439,6265136,0.230465866981978,98.1993212826373
"5858",2019-04-20,65.1223111555778,3926,3998,6265136,0.0638134591172482,98.1990995497749
"5859",2019-04-21,73.1690915732389,177865,177945,6265136,2.84024161646291,99.9550422883475
"5860",2019-04-22,70.9851440152948,95199,95719,6265136,1.52780402532363,99.4567431753361
"5861",2019-04-23,75.3211797983826,79964,80251,6265136,1.28091393387151,99.6423720576691
"5862",2019-04-24,74.363892838102,44552,45016,6265136,0.718515926868946,98.9692553758664
"5863",2019-04-25,70.3046594982079,1660,1953,6265136,0.0311725076678304,84.9974398361495
"5864",2019-04-26,71.6562834038202,85846,86068,6265136,1.37376108036601,99.7420644141841
"5865",2019-04-27,71.3397832817337,6036,6460,6265136,0.103110291620166,93.4365325077399
"5866",2019-04-28,76.2447130576978,44650,45253,6265136,0.722298765741079,98.6674916580116
"5867",2019-04-29,68.1873897707231,4359,4536,6265136,0.0724006629704447,96.0978835978836
"5868",2019-04-30,75.9856246119887,144693,144970,6265136,2.31391625018196,99.8089259846865
"5869",2019-05-01,75.646579257018,70997,71388,6265136,1.13944852913009,99.4522889000953
"5870",2019-05-02,70.5197141985797,45758,45906,6265136,0.73272152432126,99.6776020563761
"5871",2019-05-03,76.5498364887046,78992,79811,6265136,1.27389094187261,98.9738256631291
"5872",2019-05-04,75.1652653634989,112763,113109,6265136,1.80537182273457,99.6941003810484
"5873",2019-05-05,76.6130241884552,126413,126672,6265136,2.02185555110057,99.7955349248453
"5874",2019-05-06,75.7450260706228,91990,92633,6265136,1.47854731325864,99.3058629214211
"5875",2019-05-07,77.9393777990347,91889,91996,6265136,1.46837993620569,99.8836905952433
"5876",2019-05-08,76.6679398578989,61224,61787,6265136,0.986203651445076,99.088805088449
"5877",2019-05-09,71.7677356656948,41822,42189,6265136,0.673393203276034,99.1301050036739
"5878",2019-05-10,75.5449818095539,151342,151728,6265136,2.42178302274683,99.7455973847938
"5879",2019-05-11,77.4447101477224,129241,129635,6265136,2.06914901767496,99.6960697342539
"5880",2019-05-12,71.2572102779234,7406,7628,6265136,0.121753143108146,97.0896696381752
"5881",2019-05-13,66.227047146402,3140,3224,6265136,0.0514593777373707,97.394540942928
"5882",2019-05-14,68.7986629353234,6381,6432,6265136,0.102663373947509,99.2070895522388
"5883",2019-05-15,69.6845238095238,16681,17136,6265136,0.273513615666124,97.3447712418301
"5884",2019-05-16,77.9794945451212,32039,32723,6265136,0.522303107227042,97.9097271032607
"5885",2019-05-17,79.3602539234703,5597,5671,6265136,0.0905167900585079,98.6951154999118
"5886",2019-05-18,84.4964539007092,139,141,6265136,0.00225054970873737,98.5815602836879
"5887",2019-05-19,71.0619363251114,8723,9203,6265136,0.146892262195106,94.7843094643051
"5888",2019-05-20,76.4974257021971,39210,39234,6265136,0.626227427465262,99.9388285670592
"5889",2019-05-21,80.6914144533663,48458,48570,6265136,0.775242548605489,99.7694049824995
"5890",2019-05-22,80.4192992823976,59074,59225,6265136,0.945310684396955,99.7450401013086
"5891",2019-05-23,80.2634997637996,109349,110076,6265136,1.75696106197854,99.3395472219194
"5892",2019-05-24,74.5166194591716,82114,82614,6265136,1.31863059317467,99.3947757038759
"5893",2019-05-25,71.3481183089958,45298,45677,6265136,0.729066376212743,99.1702607439193
"5894",2019-05-26,73.9993588862939,130383,131022,6265136,2.09128740381693,99.5122956450062
"5895",2019-05-27,77.1769330308559,183512,184697,6265136,2.94801262095508,99.3584086368485
"5896",2019-05-28,72.236768921405,23161,23373,6265136,0.373064527250486,99.0929705215419
"5897",2019-05-29,74.3572359843546,11233,11505,6265136,0.183635279425698,97.6358105171664
"5898",2019-05-30,78.5488082516378,42941,43046,6265136,0.687072076328431,99.7560748966222
"5899",2019-05-31,79.045791209747,147962,149461,6265136,2.38559865260706,98.9970627789189
"5900",2019-06-01,80.4512767031119,147300,148625,6265136,2.37225496780916,99.1084945332212
"5901",2019-06-02,80.3506499747699,81272,83234,6265136,1.32852662735494,97.6427902059255
"5902",2019-06-03,80.1645072091645,49642,50630,6265136,0.808122920236688,98.0485877937981
"5903",2019-06-04,72.0804229413649,15023,15605,6265136,0.249076795779054,96.2704261454662
"5904",2019-06-05,75.1490489206225,16937,17927,6265136,0.286139039918686,94.4776036146595
"5905",2019-06-06,68.2452868643636,8399,9813,6265136,0.15662868292085,85.5905431570366
"5906",2019-06-07,78.3767418377651,27523,29710,6265136,0.474211573380051,92.6388421406934
"5907",2019-06-08,79.9352228069007,28101,30026,6265136,0.479255358542895,93.5888896289882
"5908",2019-06-09,74.9795888109123,77216,80936,6265136,1.29184745550615,95.4037758228724
"5909",2019-06-10,78.3569153317551,167513,173607,6265136,2.77100129989197,96.4897728778217
"5910",2019-06-11,80.011489255993,170396,177122,6265136,2.82710542915589,96.2026174049525
"5911",2019-06-12,82.2659681904126,216878,224775,6265136,3.58771142398186,96.4867089311534
"5912",2019-06-13,84.4651829941912,53866,56122,6265136,0.895782629459281,95.9801860233064
"5913",2019-06-14,84.2351307035958,177884,191502,6265136,3.05662957675619,92.8888471138683
"5914",2019-06-15,77.4399282473357,82458,94770,6265136,1.51265670848965,87.008547008547
"5915",2019-06-16,73.3804733011807,47932,57849,6265136,0.92334787305495,82.8570934674757
"5916",2019-06-17,69.6335398382378,42597,46488,6265136,0.742011027374346,91.6300980898296
"5917",2019-06-18,69.3378524825832,71399,90430,6265136,1.4433844692278,78.9549928121199
"5918",2019-06-19,74.5289660314543,50430,57671,6265136,0.920506753564488,87.4442960933571
"5919",2019-06-20,76.8235499542475,199671,226217,6265136,3.6107276841237,88.2652497380833
"5920",2019-06-21,79.2048466666356,190076,214663,6265136,3.42631029877085,88.5462329325501
"5921",2019-06-22,72.8732600352661,77873,96410,6265136,1.53883331503099,80.7727414168655
"5922",2019-06-23,77.1509448130854,124937,146484,6265136,2.33808172719634,85.2905436771251
"5923",2019-06-24,71.346630752798,51693,64599,6265136,1.03108695485621,80.0213625597919
"5924",2019-06-25,79.2628209065225,57751,65128,6265136,1.03953050660034,88.6730745608648
"5925",2019-06-26,56.8476629285114,22518,34509,6265136,0.550810070204382,65.2525428149178
"5926",2019-06-27,55.2189626632334,7641,10874,6265136,0.173563670445462,70.2685304395807
"5927",2019-06-28,43.3661190053286,4661,9008,6265136,0.143779799831959,51.7428952042629
"5928",2019-06-29,57.1291177797834,12380,17728,6265136,0.282962732173731,69.8330324909747
"5929",2019-06-30,76.1292385996286,37810,43617,6265136,0.696186004581545,86.6863837494555
"5930",2019-07-01,79.6415068908582,26844,29677,6265136,0.473684848980134,90.4538868484011
"5931",2019-07-02,48.5466325660699,3202,5865,6265136,0.0936132910762033,54.5950554134697
"5932",2019-07-03,53.2374868282403,5934,7592,6265136,0.121178534671873,78.1612223393045
"5933",2019-07-04,74.1291291291291,110596,133866,6265136,2.13668147028253,82.6169453035125
"5934",2019-07-05,68.9020765027322,13412,13725,6265136,0.219069466329223,97.7194899817851
"5935",2019-07-06,65.9933774188514,77894,102528,6265136,1.63648482650656,75.9733926342072
"5936",2019-07-07,64.631548806256,110198,151917,6265136,2.42479971703727,72.5382939368208
"5937",2019-07-08,59.8397242046692,23798,33068,6265136,0.527809771407995,71.9668561751542
"5938",2019-07-09,54.1173626904864,55974,91017,6265136,1.45275377900815,61.4984013975411
"5939",2019-07-10,68.7391783488261,105997,139743,6265136,2.23048629750416,75.851384326943
"5940",2019-07-11,80.763132219454,102050,114794,6265136,1.83226668982126,88.8983744795024
"5941",2019-07-12,65.7869522100491,30471,42352,6265136,0.675994902584716,71.9470154892331
"5942",2019-07-13,55.0085940082334,20862,33279,6265136,0.531177615298375,62.68818173623
"5943",2019-07-14,59.6578951723681,39734,60423,6265136,0.964432376248496,65.7597272561773
"5944",2019-07-15,68.9619692971936,63273,83380,6265136,1.33085698379093,75.8851043415687
"5945",2019-07-16,65.5479113366156,33977,46513,6265136,0.742410061010647,73.0483950723454
"5946",2019-07-17,66.1821718017275,89243,120057,6265136,1.91627125093534,74.3338580840767
"5947",2019-07-18,52.7152661843814,13109,21564,6265136,0.344190453327749,60.7911333704322
"5948",2019-07-19,62.5051055329729,50269,71589,6265136,1.14265675956595,70.2188883767059
"5949",2019-07-20,46.6153536977492,8005,14928,6265136,0.238270964908024,53.624062165059
"5950",2019-07-21,66.1615249379862,29887,41523,6265136,0.662762947204977,71.9769766153698
"5951",2019-07-22,64.8583262531861,27543,32956,6265136,0.526022100717367,83.5750697900231
"5952",2019-07-23,56.7117488358341,34857,54116,6265136,0.863764170482492,64.4116342671299
"5953",2019-07-24,59.7061396447164,50347,74532,6265136,1.1896309992313,67.5508506413353
"5954",2019-07-25,64.0249807662717,91821,129980,6265136,2.07465568185591,70.6424065240806
"5955",2019-07-26,59.806652424046,82577,124977,6265136,1.99480107055936,66.0737575713931
"5956",2019-07-27,55.8220472873648,134473,218367,6265136,3.4854311223252,61.5811912972198
"5957",2019-07-28,52.3091766055161,117308,198799,6265136,3.17309951451972,59.0083451124
"5958",2019-07-29,63.2608803639771,63654,88577,6265136,1.41380809610518,71.8628989466792
"5959",2019-07-30,48.7866276045232,59655,109569,6265136,1.74886865983436,54.4451441557375
"5960",2019-07-31,62.2409982147135,91296,129391,6265136,2.06525444938466,70.5582304797088
"5961",2019-08-01,59.7666959134709,86651,128789,6265136,2.05564571942253,67.2813671975091
"5962",2019-08-02,56.5227039590075,124715,201793,6265136,3.22088778280312,61.8034322300575
"5963",2019-08-03,47.0192581474655,47755,90611,6265136,1.44627347275462,52.7033141671541
"5964",2019-08-04,55.6031647009607,83166,136253,6265136,2.17478120187654,61.0379221007978
"5965",2019-08-05,56.1883814317617,121538,197477,6265136,3.15199861583212,61.5453951599427
"5966",2019-08-06,43.9197605032259,50041,99041,6265136,1.5808276149153,50.5255399279086
"5967",2019-08-07,23.3719842351468,6492,27149,6265136,0.433334567677382,23.9124829643817
"5968",2019-08-08,48.6140742164968,28579,52010,6265136,0.8301495769605,54.94904825995
"5969",2019-08-09,57.9381579251787,28080,43223,6265136,0.689897234473442,64.9654119334614
"5970",2019-08-10,54.334055314895,26955,42014,6265136,0.670599967821928,64.1571857000048
"5971",2019-08-11,45.391081072393,66850,124432,6265136,1.986102137288,53.7241224122412
"5972",2019-08-12,32.1491495209092,13944,40389,6265136,0.644662781462366,34.5242516526777
"5973",2019-08-13,46.849563877377,36680,66839,6265136,1.06684036866877,54.8781400080791
"5974",2019-08-14,43.629210942799,6368,13269,6265136,0.211791092803093,47.9915592734946
"5975",2019-08-15,54.9397208121827,1037,1576,6265136,0.025155080432412,65.7994923857868
"5976",2019-08-16,49.6811076023697,25098,38317,6265136,0.611590873685743,65.5009525797949
"5977",2019-08-17,49.7080818647568,23104,37281,6265136,0.595054919797431,61.9725865722486
"5978",2019-08-18,54.2826698751937,64422,98072,6265136,1.56536107117228,65.6884737743699
"5979",2019-08-19,61.3415071770335,67440,88616,6265136,1.41443058857781,76.1036381691794
"5980",2019-08-20,56.0456288198003,20287,26343,6265136,0.420469723243039,77.0109706563413
"5981",2019-08-21,51.0017731599577,62904,96438,6265136,1.53928023270365,65.2273999875568
"5982",2019-08-22,68.8228984529178,84197,97797,6265136,1.56097170117297,86.0936429542829
"5983",2019-08-23,67.9554348046471,42678,49321,6265136,0.78722951903997,86.5310922325176
"5984",2019-08-24,64.7847370624133,35891,45391,6265136,0.72450143141346,79.0707408957723
"5985",2019-08-25,62.1651997751197,78218,103166,6265136,1.64666816490496,75.8176143303026
"5986",2019-08-26,60.7074537312774,101696,135999,6265136,2.17072702013173,74.7770204192678
"5987",2019-08-27,60.3482328482328,15624,19240,6265136,0.307096286497213,81.2058212058212
"5988",2019-08-28,62.3856946118093,42641,58090,6265136,0.927194557308892,73.4050611120675
"5989",2019-08-29,67.6001343441128,45443,52105,6265136,0.831665904778444,87.2142788599942
"5990",2019-08-30,61.8176111989162,16881,22145,6265136,0.353463995035383,76.229397155114
"5991",2019-08-31,46.6096802142407,14823,25392,6265136,0.405290483718151,58.3766540642722
"5992",2019-09-01,50.6442046928428,26501,50886,6265136,0.812209024672409,52.0791573320756
"5993",2019-09-02,48.7953814536498,35289,63743,6265136,1.01742404314926,55.3613730135074
"5994",2019-09-03,53.7519379844961,498,645,6265136,0.0102950678165646,77.2093023255814
"5995",2019-09-04,60.2182395031727,25121,29628,6265136,0.472902743052984,84.7880383421088
"5996",2019-09-05,67.6584330974957,87346,96394,6265136,1.53857793350376,90.6135236632986
"5997",2019-09-06,62.9316409194961,59384,72953,6265136,1.16442803476253,81.4003536523515
"5998",2019-09-07,61.8001280409731,37178,46860,6265136,0.747948647882504,79.3384549722578
"5999",2019-09-08,66.2908011204482,39580,44625,6265136,0.712275040797199,88.6946778711485
"6000",2019-09-09,68.3408220185736,122667,130508,6265136,2.08308327225458,93.9919391914672
"6001",2019-09-10,53.8703798767967,5170,7792,6265136,0.124370803762281,66.3501026694045
"6002",2019-09-11,70.3676315954006,143003,175937,6265136,2.80819123479522,81.2807993770497
"6003",2019-09-12,49.6406394912335,12796,22643,6265136,0.361412745070498,56.5119462968688
"6004",2019-09-13,42.3909609477841,3868,9116,6265136,0.145503625140779,42.4308907415533
"6005",2019-09-14,45.6498133695283,2822,5894,6265136,0.0940761700943124,47.8791991856125
"6006",2019-09-15,44.8625617084365,30272,63403,6265136,1.01199718569557,47.7453748245351
"6007",2019-09-16,55.6227858137376,71681,103424,6265136,1.65078619203159,69.3078975866337
"6008",2019-09-17,53.0278667297299,86326,128971,6265136,2.0585506842948,66.9344271192749
"6009",2019-09-18,53.116488500162,20415,30870,6265136,0.492726734104415,66.1321671525753
"6010",2019-09-19,54.4989433117852,11067,16088,6265136,0.256786125632389,68.7904027846842
"6011",2019-09-20,51.5580065958226,9406,13645,6265136,0.21779255869306,68.933675338952
"6012",2019-09-21,52.0196298793736,25900,40041,6265136,0.639108233245057,64.6836992083115
"6013",2019-09-22,59.4850891751627,57971,75918,6265136,1.21175342402783,76.3600200216023
"6014",2019-09-23,70.2659847673275,125299,136286,6265136,2.17530792627646,91.9382768589584
"6015",2019-09-24,61.8246178600161,10817,14916,6265136,0.2380794287626,72.5194422097077
"6016",2019-09-25,57.6123316324491,50177,75059,6265136,1.19804262828453,66.8500779386882
"6017",2019-09-26,55.5894506369427,17046,25120,6265136,0.400948997755196,67.8582802547771
"6018",2019-09-27,61.9257878167314,58695,65434,6265136,1.04441467830866,89.7010728367515
"6019",2019-09-28,60.5226403624027,41797,50993,6265136,0.813916888635777,81.966152216971
"6020",2019-09-29,64.0035201937999,42064,52838,6265136,0.843365570994788,79.609372042848
"6021",2019-09-30,63.6381327494396,64472,77183,6265136,1.23194452602465,83.5313475765389
"6022",2019-10-01,67.405785954336,132583,144315,6265136,2.30346156891087,91.8705609257527
"6023",2019-10-02,59.2465022438436,39981,53034,6265136,0.846493994703387,75.3874872723159
"6024",2019-10-03,60.4294051175678,50970,64601,6265136,1.03111887754711,78.8997074348694
"6025",2019-10-04,67.864196683034,132085,145615,6265136,2.32421131799852,90.7083748240223
"6026",2019-10-05,53.9935643085261,13823,20666,6265136,0.329857165111819,66.8876415368238
"6027",2019-10-06,68.3051889367951,94585,106226,6265136,1.6955098819882,89.0412893265302
"6028",2019-10-07,72.5523870607003,55457,60807,6265136,0.970561532902079,91.2016708602628
"6029",2019-10-08,57.3941336148394,28902,39786,6265136,0.635038090154787,72.6436434926859
"6030",2019-10-09,55.8648715111275,18093,24399,6265136,0.389440867684277,74.1546784704291
"6031",2019-10-10,66.1045484080572,25647,30780,6265136,0.491290213013732,83.3235867446394
"6032",2019-10-11,59.4896934934576,3942,5579,6265136,0.0890483462769204,70.6578239827926
"6033",2019-10-12,59.0846454494696,6987,8955,6265136,0.142933848523001,78.0234505862647
"6034",2019-10-13,69.3782196969697,4466,5280,6265136,0.084275903986761,84.5833333333333
"6035",2019-10-14,63.7787114845938,1396,1785,6265136,0.028491001631888,78.2072829131653
"6036",2019-10-15,64.5126621371217,1321,1619,6265136,0.0258414182868496,81.5935762816553
"6037",2019-10-16,57.4770992366412,202,262,6265136,0.00418187250843398,77.0992366412214
"6038",2019-10-17,54.3760611205433,754,1178,6265136,0.0188024649425008,64.0067911714771
"6039",2019-10-18,64.1968787515006,1327,1666,6265136,0.0265916015230954,79.6518607442977
"6040",2019-10-19,66.202868852459,441,488,6265136,0.00778913658059458,90.3688524590164
"6041",2019-10-20,NA,NA,0,6265136,0,NA
"6042",2019-10-21,49,1,4,6265136,6.38453818081523e-05,25
"6043",2019-10-22,66.9907192575406,385,431,6265136,0.00687933988982841,89.3271461716937
"6044",2019-10-23,47.6666666666667,8,30,6265136,0.000478840363561142,26.6666666666667
"6045",2019-10-24,57.1157894736842,284,380,6265136,0.00606531127177447,74.7368421052632
"6046",2019-10-25,65.4487334137515,716,829,6265136,0.0132319553797396,86.3691194209892
"6047",2019-10-26,58.9761904761905,102,126,6265136,0.0020111295269568,80.9523809523809
"6048",2019-10-27,70.7538035961272,651,723,6265136,0.0115400527618235,90.0414937759336
"6049",2019-10-28,68.8218045112782,1151,1330,6265136,0.0212285894512106,86.5413533834586
"6050",2019-10-29,49.3904109589041,69,146,6265136,0.00233035643599756,47.2602739726027
"6051",2019-10-30,62.1320754716981,132,159,6265136,0.00253785392687405,83.0188679245283
"6052",2019-10-31,NA,NA,0,6265136,0,NA
"6053",2019-11-01,NA,NA,0,6265136,0,NA
"6054",2019-11-02,NA,NA,0,6265136,0,NA
"6055",2019-11-03,NA,NA,0,6265136,0,NA
"6056",2019-11-04,NA,NA,0,6265136,0,NA
"6057",2019-11-05,NA,NA,0,6265136,0,NA
"6058",2019-11-06,NA,NA,0,6265136,0,NA
"6059",2019-11-07,NA,NA,0,6265136,0,NA
"6060",2019-11-08,NA,NA,0,6265136,0,NA
"6061",2019-11-09,NA,NA,0,6265136,0,NA
"6062",2019-11-10,NA,NA,0,6265136,0,NA
"6063",2019-11-11,NA,NA,0,6265136,0,NA
"6064",2019-11-12,NA,NA,0,6265136,0,NA
"6065",2019-11-13,NA,NA,0,6265136,0,NA
"6066",2019-11-14,NA,NA,0,6265136,0,NA
"6067",2019-11-15,NA,NA,0,6265136,0,NA
"6068",2019-11-16,NA,NA,0,6265136,0,NA
"6069",2019-11-17,NA,NA,0,6265136,0,NA
"6070",2019-11-18,NA,NA,0,6265136,0,NA
"6071",2019-11-19,NA,NA,0,6265136,0,NA
"6072",2019-11-20,NA,NA,0,6265136,0,NA
"6073",2019-11-21,NA,NA,0,6265136,0,NA
"6074",2019-11-22,NA,NA,0,6265136,0,NA
"6075",2019-11-23,NA,NA,0,6265136,0,NA
"6076",2019-11-24,NA,NA,0,6265136,0,NA
"6077",2019-11-26,NA,NA,0,6265136,0,NA
"6078",2020-01-18,NA,NA,0,6265136,0,NA
"6079",2020-01-19,NA,NA,0,6265136,0,NA
"6080",2020-01-20,NA,NA,0,6265136,0,NA
"6081",2020-01-21,NA,NA,0,6265136,0,NA
"6082",2020-01-22,NA,NA,0,6265136,0,NA
"6083",2020-01-23,NA,NA,0,6265136,0,NA
"6084",2020-01-24,NA,NA,0,6265136,0,NA
"6085",2020-01-25,NA,NA,0,6265136,0,NA
"6086",2020-01-26,NA,NA,0,6265136,0,NA
"6087",2020-01-27,NA,NA,0,6265136,0,NA
"6088",2020-01-28,NA,NA,0,6265136,0,NA
"6089",2020-01-29,NA,NA,0,6265136,0,NA
"6090",2020-01-30,NA,NA,0,6265136,0,NA
"6091",2020-01-31,NA,NA,0,6265136,0,NA
"6092",2020-02-01,NA,NA,0,6265136,0,NA
"6093",2020-02-02,NA,NA,0,6265136,0,NA
"6094",2020-02-03,NA,NA,0,6265136,0,NA
"6095",2020-02-04,NA,NA,0,6265136,0,NA
"6096",2020-02-05,NA,NA,0,6265136,0,NA
"6097",2020-02-06,NA,NA,0,6265136,0,NA
"6098",2020-02-07,NA,NA,0,6265136,0,NA
"6099",2020-02-08,NA,NA,0,6265136,0,NA
"6100",2020-02-09,NA,NA,0,6265136,0,NA
"6101",2020-02-10,NA,NA,0,6265136,0,NA
"6102",2020-02-11,NA,NA,0,6265136,0,NA
"6103",2020-02-12,54.0995024875622,279,402,6265136,0.00641646087171931,69.4029850746269
"6104",2020-02-13,50.2068965517241,184,290,6265136,0.00462879018109104,63.448275862069
"6105",2020-02-14,NA,NA,0,6265136,0,NA
"6106",2020-02-15,52.0933333333333,58,75,6265136,0.00119710090890286,77.3333333333333
"6107",2020-02-16,NA,NA,0,6265136,0,NA
"6108",2020-02-17,55.4,4,5,6265136,7.98067272601904e-05,80
"6109",2020-02-18,67.2610619469027,200,226,6265136,0.0036072640721606,88.4955752212389
"6110",2020-02-19,NA,NA,0,6265136,0,NA
"6111",2020-02-20,NA,NA,0,6265136,0,NA
"6112",2020-02-21,55.864238410596,217,302,6265136,0.0048203263265155,71.8543046357616
"6113",2020-02-22,59.0689655172414,29,29,6265136,0.000462879018109104,100
"6114",2020-02-23,61.9147869674185,323,399,6265136,0.00636857683536319,80.9523809523809
"6115",2020-02-24,61.7832167832168,805,858,6265136,0.0136948343978487,93.8228438228438
"6116",2020-02-25,59.8805970149254,356,402,6265136,0.00641646087171931,88.5572139303483
"6117",2020-02-26,63.053876478318,668,761,6265136,0.012146583889001,87.7792378449409
"6118",2020-02-27,56.1418181818182,216,275,6265136,0.00438936999931047,78.5454545454545
"6119",2020-02-28,64.752495697074,2646,2905,6265136,0.0463677085381706,91.0843373493976
"6120",2020-02-29,72.1974789915966,6528,6664,6265136,0.106366406092382,97.9591836734694
"6121",2020-03-01,70.5005646527386,6874,7084,6265136,0.113070171182238,97.0355731225296
"6122",2020-03-02,70.9965916621959,30641,31687,6265136,0.50576715333873,96.6989617193171
"6123",2020-03-03,60.9039165518599,22100,25405,6265136,0.405497981209027,86.9907498523913
"6124",2020-03-04,61.3512608169722,18613,21494,6265136,0.343073159146106,86.5962594212338
"6125",2020-03-05,63.957720445473,62566,64381,6265136,1.02760738154766,97.1808452804399
"6126",2020-03-06,59.7191835913935,33652,39784,6265136,0.635006167463883,84.5867685501709
"6127",2020-03-07,64.1964271993853,49329,52060,6265136,0.830947644233102,94.7541298501729
"6128",2020-03-08,69.1753120742097,67623,72659,6265136,1.15973539919963,93.0689935176647
"6129",2020-03-09,67.4692731611242,103122,105608,6265136,1.68564577049884,97.6460116657829
"6130",2020-03-10,71.4831282254863,131750,133507,6265136,2.13095134726525,98.6839641367119
"6131",2020-03-11,70.4429762707707,96259,97854,6265136,1.56188149786373,98.3700206429988
"6132",2020-03-12,66.6266253131337,65605,67064,6265136,1.07043167139548,97.8244661815579
"6133",2020-03-13,69.6135368281354,65844,67815,6265136,1.08241864182996,97.0935633709356
"6134",2020-03-14,65.0735960109195,59619,63373,6265136,1.01151834533201,94.0763416596973
"6135",2020-03-15,67.8784334949096,123821,127494,6265136,2.03497577706214,97.119080113574
"6136",2020-03-16,62.1573189902691,72543,76971,6265136,1.22856072078882,94.2471840043653
"6137",2020-03-17,66.9920532843362,107359,108850,6265136,1.73739245245434,98.6302250803858
"6138",2020-03-18,68.9713067039224,93975,94482,6265136,1.50805984099946,99.4633898520353
"6139",2020-03-19,63.5131955609584,49851,51002,6265136,0.814060540744846,97.7432257558527
"6140",2020-03-20,71.7259417977931,105038,105941,6265136,1.69096089853437,99.1476387800757
"6141",2020-03-21,74.5115083474122,164433,165141,6265136,2.63587254929502,99.5712754555198
"6142",2020-03-22,59.011344130159,12584,13399,6265136,0.213866067711858,93.9174565266065
"6143",2020-03-23,69.1011508057609,99809,101581,6265136,1.62136943236348,98.2555792914029
"6144",2020-03-24,61.3800246103363,35663,39008,6265136,0.622620163393101,91.4248359310911
"6145",2020-03-25,69.4451468585878,50738,51410,6265136,0.820572769689277,98.692861311029
"6146",2020-03-26,70.7742258121692,78316,78986,6265136,1.26072283187468,99.1517484111108
"6147",2020-03-27,71.3108672498594,83399,83563,6265136,1.33377791000866,99.8037408901069
"6148",2020-03-28,66.0479705918095,32801,32916,6265136,0.525383646899285,99.65062583546
"6149",2020-03-29,70.7799904377509,89582,89937,6265136,1.43551552591995,99.6052792510313
"6150",2020-03-30,74.6209391240642,174573,174716,6265136,2.78870243199828,99.9181528881156
"6151",2020-03-31,73.7722607407407,168711,168750,6265136,2.69347704503142,99.9768888888889
"6152",2020-04-01,74.0669971342266,12911,12911,6265136,0.206076931131264,100
"6153",2020-04-02,70.1259530604421,46856,46954,6265136,0.749449014354996,99.7912850875325
"6154",2020-04-03,71.5606354309489,105702,105755,6265136,1.68799208828029,99.9498841662333
"6155",2020-04-04,73.4898381675311,89738,89846,6265136,1.43406304348381,99.8797943147163
"6156",2020-04-05,73.1625891234447,78670,78683,6265136,1.25588654420271,99.9834780066851
"6157",2020-04-06,74.8127040895662,77145,77172,6265136,1.23176895122468,99.965013217229
"6158",2020-04-07,71.2269598045747,44931,45030,6265136,0.718739385705274,99.780146568954
"6159",2020-04-08,71.7873352707718,124165,124219,6265136,1.98270237070672,99.9565283893768
"6160",2020-04-09,67.7003493076672,39553,39793,6265136,0.635149819572951,99.3968788480386
"6161",2020-04-10,74.7276684537114,127888,127958,6265136,2.04238184135189,99.9452945497741
"6162",2020-04-11,74.0488674372327,118048,118095,6265136,1.88495509115844,99.9602015326644
"6163",2020-04-12,72.9842077641184,125691,125758,6265136,2.0072668813574,99.9467230712957
"6164",2020-04-13,72.3611599297012,54618,54624,6265136,0.871872533972128,99.9890158172232
"6165",2020-04-14,60.1428571428571,66,91,6265136,0.00145248243613546,72.5274725274725
"6166",2020-04-15,60.4255961364322,2787,3313,6265136,0.0528799374826021,84.123151222457
"6167",2020-04-16,74.3643009890404,74460,74820,6265136,1.19422786672149,99.5188452285485
"6168",2020-04-17,75.6458540512383,41332,42234,6265136,0.674111463821376,97.86427996401
"6169",2020-04-18,76.2959051835518,115978,116098,6265136,1.85308028429072,99.8966390463229
"6170",2020-04-19,79.1110091033843,102966,103478,6265136,1.651648104686,99.5052088366609
"6171",2020-04-20,76.3558533537009,71454,72010,6265136,1.14937648600126,99.22788501597
"6172",2020-04-21,78.7760831768896,201053,201883,6265136,3.2223243038938,99.5888707815913
"6173",2020-04-22,80.1074932036605,260342,261170,6265136,4.16862459170878,99.6829651185052
"6174",2020-04-23,80.9820265654649,262467,263500,6265136,4.20581452661203,99.6079696394687
"6175",2020-04-24,80.6687477761964,178875,179872,6265136,2.87099912914899,99.4457169542786
"6176",2020-04-25,77.9461662625205,134766,135677,6265136,2.16558746689617,99.3285523707039
"6177",2020-04-26,78.138412573631,182089,183177,6265136,2.92375137586798,99.4060389677743
"6178",2020-04-27,79.1962401431382,200676,201763,6265136,3.22040894243956,99.461249089278
"6179",2020-04-28,77.4707329202565,73837,74401,6265136,1.18754006297708,99.2419456727732
"6180",2020-04-29,69.5099886205589,14729,15818,6265136,0.252476562360338,93.115438108484
"6181",2020-04-30,66.7624035728786,12283,12315,6265136,0.196563969241849,99.7401542833942
"6182",2020-05-01,72.6014465506182,45021,45211,6265136,0.721628389232093,99.579748291345
"6183",2020-05-02,74.0681889636463,111220,111323,6265136,1.77686485975723,99.9074764424243
"6184",2020-05-03,73.5866258691213,156681,157199,6265136,2.50910754371493,99.6704813643853
"6185",2020-05-04,74.1780639431616,74224,74316,6265136,1.18618334861366,99.8762043167017
"6186",2020-05-05,75.2724940068184,82675,83011,6265136,1.32496724731913,99.5952343665297
"6187",2020-05-06,67.6918254257169,24282,24723,6265136,0.394612343610737,98.2162358937022
"6188",2020-05-07,75.1716538408685,57716,58216,6265136,0.929205686835848,99.141129586368
"6189",2020-05-08,71.3831751423719,49591,50045,6265136,0.798785533147245,99.0928164651813
"6190",2020-05-09,71.739939637827,31511,31808,6265136,0.507698476138427,99.0662726358149
"6191",2020-05-10,72.3336465219288,59277,59602,6265136,0.951328111632373,99.4547162846884
"6192",2020-05-11,69.8290579345088,49526,49625,6265136,0.792081768057389,99.8005037783375
"6193",2020-05-12,75.6054755461048,41100,41384,6265136,0.660544320187144,99.3137444422965
"6194",2020-05-13,69.5459468752686,22917,23266,6265136,0.371356663287118,98.4999570188258
"6195",2020-05-14,63.2580778790389,1957,2414,6265136,0.0385306879212199,81.0687655343828
"6196",2020-05-15,81.6578227887096,75996,77907,6265136,1.24350054013193,97.547075359082
"6197",2020-05-16,80.9840126256256,166847,170447,6265136,2.72056344826353,97.8879065046613
"6198",2020-05-17,79.6742410384074,121632,125731,6265136,2.0068359250302,96.7398652679132
"6199",2020-05-18,81.9185624536621,25315,25627,6265136,0.40904139989938,98.7825340461232
"6200",2020-05-19,73.9746192893401,1330,1379,6265136,0.0220106953783605,96.4467005076142
"6201",2020-05-20,78.3198615708697,32720,33230,6265136,0.530395509371225,98.465242250978
"6202",2020-05-21,79.4001283647114,50115,51416,6265136,0.82066853776199,97.4696592500389
"6203",2020-05-22,67.516900568703,40630,43608,6265136,0.696042352472476,93.1709778022381
"6204",2020-05-23,79.0821970742479,54128,54345,6265136,0.867419318591009,99.6006992363603
"6205",2020-05-24,76.2576846884947,84863,89854,6265136,1.43419073424743,94.4454337035636
"6206",2020-05-25,73.5739416285372,20254,22511,6265136,0.359305847470829,89.9737905912665
"6207",2020-05-26,63.8150814702539,6634,7917,6265136,0.126365971943785,83.7943665529872
"6208",2020-05-27,76.5678289546819,24320,26987,6265136,0.430748829714151,90.1174639641309
"6209",2020-05-28,78.5453372887914,35041,38765,6265136,0.618741556448256,90.3933961047337
"6210",2020-05-29,67.711587919759,11264,13609,6265136,0.217217950256786,82.7687559703138
"6211",2020-05-30,73.259871942683,82556,97144,6265136,1.55054894259279,84.9831178456724
"6212",2020-05-31,65.7727674624226,1860,2262,6265136,0.0361045634125101,82.2281167108753
"6213",2020-06-01,68.2041237113402,23964,25705,6265136,0.410286384844639,93.2269986383972
"6214",2020-06-02,60.0248099239696,4332,4998,6265136,0.0797748045692863,86.6746698679472
"6215",2020-06-03,53.5465596074495,5873,8967,6265136,0.143125384668425,65.495706479313
"6216",2020-06-04,72.8187389575972,17097,18112,6265136,0.289091888827314,94.395980565371
"6217",2020-06-05,72.6667645331767,19446,20436,6265136,0.32618605565785,95.1556077510276
"6218",2020-06-06,66.3579892770549,26305,29283,6265136,0.467396078872031,89.830276952498
"6219",2020-06-07,52.7380952380952,1027,1806,6265136,0.0288261898863808,56.8660022148394
"6220",2020-06-08,75.5050163576881,8748,9170,6265136,0.146365537795189,95.3980370774264
"6221",2020-06-09,64.9867262050404,13416,16348,6265136,0.260936075449918,82.0650844139956
"6222",2020-06-10,66.5275934033172,48182,63729,6265136,1.01720058431293,75.6045128591379
"6223",2020-06-11,72.2066234401507,77304,96083,6265136,1.53361395506817,80.4554395678736
"6224",2020-06-12,74.4980655005177,46256,55053,6265136,0.878719951171052,84.0208526329174
"6225",2020-06-13,66.6165827518182,52731,67926,6265136,1.08419035117514,77.630068015193
"6226",2020-06-14,65.5167461461683,17319,18034,6265136,0.287846903882055,96.0352667184208
"6227",2020-06-15,50.5950760761526,17030,26158,6265136,0.417516874334412,65.1043657772001
"6228",2020-06-16,58.6585554268057,38302,54369,6265136,0.867802390881858,70.4482333682797
"6229",2020-06-17,61.2153824435531,89200,120423,6265136,1.92211310337078,74.0722287270704
"6230",2020-06-18,47.5422659601312,6615,11889,6265136,0.189764436079281,55.6396669190008
"6231",2020-06-19,67.5477279373063,130154,170990,6265136,2.72923045884399,76.1179016316744
"6232",2020-06-20,75.0563831451699,103127,121437,6265136,1.93829790765915,84.9222230456945
"6233",2020-06-21,63.3387378860517,34166,48601,6265136,0.775737350314502,70.2989650418716
"6234",2020-06-22,63.4062822207055,147723,206583,6265136,3.29734262751838,71.5078201013636
"6235",2020-06-23,67.5987172784355,148108,193183,6265136,3.08346059846107,76.6672015653551
"6236",2020-06-24,69.8599671821391,76646,100555,6265136,1.60499309192969,76.2229625578042
"6237",2020-06-25,75.9079954813606,27353,31868,6265136,0.508656156865549,85.8321827538597
"6238",2020-06-26,51.4885120066387,32965,57843,6265136,0.923252104982238,56.9904742146846
"6239",2020-06-27,54.5456425645809,15379,24659,6265136,0.393590817501807,62.3666815361531
"6240",2020-06-28,52.5958670893507,10026,17034,6265136,0.271885558430016,58.8587530820711
"6241",2020-06-29,54.5433725742296,16886,24889,6265136,0.397261926955776,67.845232833782
"6242",2020-06-30,52.5772536957855,71136,112493,6265136,1.79553963393612,63.2359346803801
"6243",2020-07-01,55.5222606780461,82787,127130,6265136,2.0291658473176,65.1199559506017
"6244",2020-07-02,62.5750983568618,5789,8642,6265136,0.137937947396513,66.9868086091183
"6245",2020-07-03,65.6774471013246,8439,11626,6265136,0.185566602225395,72.5873043179081
"6246",2020-07-04,52.8527902398089,35771,61966,6265136,0.989060732280991,57.7268179324146
"6247",2020-07-05,39.4856006062903,2238,5278,6265136,0.0842439812958569,42.4024251610458
"6248",2020-07-06,57.1885249505386,14640,22745,6265136,0.363040802306606,64.3657946801495
"6249",2020-07-07,54.9143399295202,6394,11067,6265136,0.176644210117705,57.7753682118008
"6250",2020-07-08,36.7074137703185,3159,7567,6265136,0.120779501035572,41.7470596008986
"6251",2020-07-09,70.2334326458593,27993,34571,6265136,0.551799673622408,80.9724913945214
"6252",2020-07-10,39.1385313048566,11870,27344,6265136,0.436447030040529,43.4098888238736
"6253",2020-07-11,33.6139672131148,22054,61000,6265136,0.973642072574322,36.1540983606557
"6254",2020-07-12,64.7970112635218,31932,44835,6265136,0.715626923342127,71.2211441953831
"6255",2020-07-13,58.4435780572182,12842,18211,6265136,0.290672062027065,70.5178189006644
"6256",2020-07-14,40.4984441784921,13981,29245,6265136,0.466789547744853,47.8064626431869
"6257",2020-07-15,38.4333244610061,1387,3757,6265136,0.059966774863307,36.9177535267501
"6258",2020-07-16,47.7703549060543,2228,3832,6265136,0.0611638757722099,58.1419624217119
"6259",2020-07-17,36.2225782667877,14544,35264,6265136,0.562860886020671,41.2431941923775
"6260",2020-07-18,54.6819860738932,60782,96653,6265136,1.54271192197584,62.886821929997
"6261",2020-07-19,46.1565464895636,3310,6324,6265136,0.100939548638689,52.3402909550917
"6262",2020-07-20,33.9443482367758,4557,12704,6265136,0.202772932622692,35.8705919395466
"6263",2020-07-21,59.7158806331035,51823,81061,6265136,1.29384262368766,63.9308668780301
"6264",2020-07-22,52.7428060095135,15309,21233,6265136,0.338907247983124,72.1000329675505
"6265",2020-07-23,26.3522965504098,2965,10494,6265136,0.167498359173688,28.2542405183915
"6266",2020-07-24,41.1980461692874,34079,74725,6265136,1.19271153890354,45.6058882569421
"6267",2020-07-25,51.3046476418275,88542,157198,6265136,2.50909158236948,56.3251440858026
"6268",2020-07-26,48.3804325722865,123265,231129,6265136,3.68912981298411,53.331689229824
"6269",2020-07-27,49.8810815778371,130372,239391,6265136,3.82100244910885,54.459858557757
"6270",2020-07-28,54.6691797420018,71751,122559,6265136,1.95620653725633,58.5440481727168
"6271",2020-07-29,47.019233609584,31237,60935,6265136,0.97260458511994,51.2628210388118
"6272",2020-07-30,47.1708481985698,98338,190321,6265136,3.03777922777734,51.6695477640408
"6273",2020-07-31,50.4318323706831,133762,241867,6265136,3.86052274044809,55.3039480375578
"6274",2020-08-01,49.2324164822426,128586,237225,6265136,3.78643017485973,54.2042364843503
"6275",2020-08-02,55.1831041553018,128128,212644,6265136,3.39408434230318,60.2546979928895
"6276",2020-08-03,48.9982904343312,99138,177238,6265136,2.82895694522832,55.9349575147542
"6277",2020-08-04,43.1509928463505,67730,139649,6265136,2.22898593103166,48.5001682790425
"6278",2020-08-05,51.6335213815081,14200,23221,6265136,0.370638402741776,61.1515438611601
"6279",2020-08-06,51.439743772242,20986,35125,6265136,0.560642259002837,59.7466192170819
"6280",2020-08-07,50.560852109017,117405,211710,6265136,3.37917644565098,55.4555760238062
"6281",2020-08-08,66.3581299742634,84235,117731,6265136,1.87914516141389,71.5487000025482
"6282",2020-08-09,55.8116515451259,65634,102613,6265136,1.63784154086998,63.9626558038455
"6283",2020-08-10,39.6190680388794,3459,6996,6265136,0.111665572782458,49.442538593482
"6284",2020-08-11,34.6324086184346,4780,14527,6265136,0.231870465381757,32.9042472637158
"6285",2020-08-12,40.639346232424,10864,24963,6265136,0.398443066519226,43.5204102071065
"6286",2020-08-13,59.9591196267085,16704,24217,6265136,0.386535902812006,68.9763389354586
"6287",2020-08-14,44.4416838124896,42507,89915,6265136,1.43516437632,47.2746482789301
"6288",2020-08-15,49.4433074670987,20132,35181,6265136,0.561536094348151,57.224069810409
"6289",2020-08-16,42.6727705698801,10953,24356,6265136,0.388754529829839,44.9704384956479
"6290",2020-08-17,51.2407382011245,31461,51043,6265136,0.814714955908379,61.6362674607684
"6291",2020-08-18,35.0850985448517,13833,38003,6265136,0.606579011213803,36.3997579138489
"6292",2020-08-19,31.1649912065484,14932,46057,6265136,0.735131687484518,32.4206960939705
"6293",2020-08-20,39.628040862263,10676,23102,6265136,0.368739002632984,46.2124491386027
"6294",2020-08-21,47.3520814659894,21758,40164,6265136,0.641071478735657,54.1728911463002
"6295",2020-08-22,47.1599702775861,20018,37682,6265136,0.601455419323699,53.1235072448384
"6296",2020-08-23,46.4348397459298,86856,164364,6265136,2.62347058387879,52.8436883989195
"6297",2020-08-24,49.0750850455844,62995,110235,6265136,1.75949891590542,57.1460969746451
"6298",2020-08-25,47.8255486284289,90807,160400,6265136,2.56019981050691,56.6128428927681
"6299",2020-08-26,51.0324237692118,73502,121670,6265136,1.94201690114947,60.41094764527
"6300",2020-08-27,46.5119467554077,26461,45075,6265136,0.719457646250616,58.7043815862451
"6301",2020-08-28,39.3041110808603,7829,14692,6265136,0.234504087381343,53.2875034032126
"6302",2020-08-29,56.2776094072009,18643,24747,6265136,0.394995415901586,75.3343839657332
"6303",2020-08-30,53.3477171155937,23586,33116,6265136,0.528575915989693,71.2223698514313
"6304",2020-08-31,48.1827182718272,28175,47773,6265136,0.762521356280215,58.9768279153497
"6305",2020-09-01,60.599097727713,75153,108393,6265136,1.73009811758276,69.3338130691096
"6306",2020-09-02,67.128645283431,44067,54934,6265136,0.876820551062259,80.2180798776714
"6307",2020-09-03,52.5442363112392,4522,6940,6265136,0.110771737437144,65.1585014409222
"6308",2020-09-04,48.5586895766484,20891,38644,6265136,0.616810233648559,54.0601387019977
"6309",2020-09-05,54.5793731728874,10041,14709,6265136,0.234775430254028,68.264327962472
"6310",2020-09-06,35.0565309891754,15113,42773,6265136,0.682714629020025,35.3330371963622
"6311",2020-09-07,32.4559282371295,17638,53844,6265136,0.859422684519538,32.7575960181264
"6312",2020-09-08,57.6837029657695,81829,122464,6265136,1.95469020943839,66.8188202247191
"6313",2020-09-09,50.9290212402604,4637,9369,6265136,0.149541845540145,49.4930088590031
"6314",2020-09-10,44.9359813602574,20330,45065,6265136,0.719298032796096,45.1126151115056
"6315",2020-09-11,43.8741736092448,36620,74420,6265136,1.18784332854067,49.2072023649557
"6316",2020-09-12,43.495716202732,13228,29063,6265136,0.463884582872582,45.5149158724151
"6317",2020-09-13,48.0269459750927,40653,67691,6265136,1.08043943499391,60.0567283686162
"6318",2020-09-14,50.3481636935992,14221,23825,6265136,0.380279055394807,59.6894018887723
"6319",2020-09-15,53.901495284903,39892,57581,6265136,0.919070232473804,69.2797971553117
"6320",2020-09-16,56.8628427787934,31461,43760,6265136,0.698468476981186,71.8944241316271
"6321",2020-09-17,59.2389024914491,38182,53503,6265136,0.853979865720393,71.3642225669589
"6322",2020-09-18,55.7125019316953,68735,97065,6265136,1.54928799630208,70.8133724823572
"6323",2020-09-19,58.130287055955,61896,88589,6265136,1.4139996322506,69.868719592726
"6324",2020-09-20,50.9571052666376,43234,75627,6265136,1.20710867250128,57.167413754347
"6325",2020-09-21,52.5691270675973,14190,20918,6265136,0.333879424165732,67.8363132230615
"6326",2020-09-22,57.8541698046895,57059,79668,6265136,1.27160846947297,71.6209770547773
"6327",2020-09-23,53.3223358073099,48455,71410,6265136,1.13979967873004,67.8546422069738
"6328",2020-09-24,56.1308052185158,39037,52582,6265136,0.839279466559066,74.2402343007113
"6329",2020-09-25,60.7938536607203,70454,89354,6265136,1.42621006152141,78.8481769142959
"6330",2020-09-26,54.6450388332591,38530,51631,6265136,0.824100227034178,74.6257093606554
"6331",2020-09-27,72.0977933640789,53323,62448,6265136,0.996754100788873,85.387842685114
"6332",2020-09-28,64.4564055433284,67719,82694,6265136,1.31990750081084,81.891068275812
"6333",2020-09-29,55.2446447697251,18670,22408,6265136,0.357661828889269,83.3184576936808
"6334",2020-09-30,60.6674959943473,71033,100483,6265136,1.60384387505714,70.6915597663286
"6335",2020-10-01,52.463239293166,65575,101127,6265136,1.61412298152825,64.8442058006269
"6336",2020-10-02,57.2907852939004,61105,81218,6265136,1.29634855492363,75.2357851707749
"6337",2020-10-03,67.5333568337446,113548,133331,6265136,2.12814215046569,85.162490343581
"6338",2020-10-04,47.3847481021394,11751,23184,6265136,0.370047832960051,50.685817805383
"6339",2020-10-05,33.9545673772547,3393,10367,6265136,0.165471268301279,32.728851162342
"6340",2020-10-06,54.1705482167825,62250,95838,6265136,1.52970342543242,64.9533587929631
"6341",2020-10-07,62.760055789395,60930,80302,6265136,1.28172796248956,75.8760678438893
"6342",2020-10-08,33.3839662447257,50,237,6265136,0.00378283887213302,21.0970464135021
"6343",2020-10-09,38.7527272727273,188,550,6265136,0.00877873999862094,34.1818181818182
"6344",2020-10-10,50.8994974874372,297,597,6265136,0.00952892323486673,49.748743718593
"6345",2020-10-11,74.6456310679612,193,206,6265136,0.00328803716311984,93.6893203883495
"6346",2020-10-12,58.1791979949875,515,798,6265136,0.0127371536707264,64.5363408521303
"6347",2020-10-13,55.2690355329949,520,788,6265136,0.012577540216206,65.989847715736
"6348",2020-10-14,53.4103773584906,316,424,6265136,0.00676761047166414,74.5283018867924
"6349",2020-10-15,45.2060889929742,424,854,6265136,0.0136309890160405,49.6487119437939
"6350",2020-10-16,NA,NA,0,6265136,0,NA
"6351",2020-10-17,64.8149556400507,614,789,6265136,0.012593501561658,77.8200253485425
"6352",2020-10-18,64.0764872521247,284,353,6265136,0.00563435494456944,80.4532577903683
"6353",2020-10-19,53.4765625,77,128,6265136,0.00204305221786087,60.15625
"6354",2020-10-20,NA,NA,0,6265136,0,NA
"6355",2020-11-08,NA,NA,0,6265136,0,NA
"6356",2020-11-09,NA,NA,0,6265136,0,NA
"6357",2020-11-10,NA,NA,0,6265136,0,NA
"6358",2020-11-11,NA,NA,0,6265136,0,NA
"6359",2020-11-13,NA,NA,0,6265136,0,NA
"6360",2020-11-16,NA,NA,0,6265136,0,NA
"6361",2020-11-19,NA,NA,0,6265136,0,NA
"6362",2020-11-21,NA,NA,0,6265136,0,NA
"6363",2020-11-24,NA,NA,0,6265136,0,NA
"6364",2021-01-19,NA,NA,0,6265136,0,NA
"6365",2021-01-22,NA,NA,0,6265136,0,NA
"6366",2021-01-24,NA,NA,0,6265136,0,NA
"6367",2021-01-27,NA,NA,0,6265136,0,NA
"6368",2021-01-29,NA,NA,0,6265136,0,NA
"6369",2021-01-30,NA,NA,0,6265136,0,NA
"6370",2021-02-01,NA,NA,0,6265136,0,NA
"6371",2021-02-02,NA,NA,0,6265136,0,NA
"6372",2021-02-04,NA,NA,0,6265136,0,NA
"6373",2021-02-05,NA,NA,0,6265136,0,NA
"6374",2021-02-06,NA,NA,0,6265136,0,NA
"6375",2021-02-07,NA,NA,0,6265136,0,NA
"6376",2021-02-08,NA,NA,0,6265136,0,NA
"6377",2021-02-09,NA,NA,0,6265136,0,NA
"6378",2021-02-10,NA,NA,0,6265136,0,NA
"6379",2021-02-11,NA,NA,0,6265136,0,NA
"6380",2021-02-12,NA,NA,0,6265136,0,NA
"6381",2021-02-13,69.1580278128951,676,791,6265136,0.0126254242525621,85.4614412136536
"6382",2021-02-14,71.8571428571429,296,301,6265136,0.00480436498106346,98.3388704318937
"6383",2021-02-15,NA,NA,0,6265136,0,NA
"6384",2021-02-16,41.3076923076923,1,26,6265136,0.00041499498175299,3.84615384615385
"6385",2021-02-17,NA,NA,0,6265136,0,NA
"6386",2021-02-18,NA,NA,0,6265136,0,NA
"6387",2021-02-19,NA,NA,0,6265136,0,NA
"6388",2021-02-20,NA,NA,0,6265136,0,NA
"6389",2021-02-21,73.5642946317104,1547,1602,6265136,0.025570075414165,96.5667915106117
"6390",2021-02-22,47.041015625,225,512,6265136,0.00817220887144349,43.9453125
"6391",2021-02-23,62.35,18,20,6265136,0.000319226909040761,90
"6392",2021-02-24,71.6474056603774,766,848,6265136,0.0135352209433283,90.3301886792453
"6393",2021-02-25,76.0822281167109,354,377,6265136,0.00601742723541835,93.8992042440318
"6394",2021-02-26,45.6995305164319,67,213,6265136,0.00339976658128411,31.4553990610329
"6395",2021-02-27,70.6039603960396,1330,1515,6265136,0.0241814383598377,87.7887788778878
"6396",2021-02-28,54.2231638418079,245,354,6265136,0.00565031629002148,69.2090395480226
"6397",2021-03-01,69.275380891357,6553,7023,6265136,0.112096529109663,93.3077032607148
"6398",2021-03-02,31.6406460296097,164,743,6265136,0.0118592796708643,22.0726783310902
"6399",2021-03-03,66.1964285714286,145,168,6265136,0.0026815060359424,86.3095238095238
"6400",2021-03-04,73.3889325664474,71501,72501,6265136,1.15721350661821,98.6207086798803
"6401",2021-03-05,43.0608108108108,26,148,6265136,0.00236227912690163,17.5675675675676
"6402",2021-03-06,63.9173632672558,3995,4187,6265136,0.0668301534076834,95.4143778361595
"6403",2021-03-07,73.0715503687136,133331,135471,6265136,2.16229942973305,98.4203261214577
"6404",2021-03-08,67.1891586418916,20928,22119,6265136,0.35304900005363,94.6154889461549
"6405",2021-03-09,56.8231124807396,6109,6490,6265136,0.103589131983727,94.1294298921418
"6406",2021-03-10,54.4452250092979,43208,48398,6265136,0.772497197187739,89.2764163808422
"6407",2021-03-11,61.7691827390037,12071,14414,6265136,0.230066833345677,83.7449701678923
"6408",2021-03-12,71.0986308555841,94322,95315,6265136,1.52135564176101,98.9581912605571
"6409",2021-03-13,68.0976830196889,44466,45965,6265136,0.73366324370293,96.7388230175133
"6410",2021-03-14,59.4041610587707,34093,35664,6265136,0.569245424201486,95.5949977568416
"6411",2021-03-15,65.3341522685395,72666,74894,6265136,1.19540900628494,97.0251288487729
"6412",2021-03-16,68.5178913134532,119003,121763,6265136,1.94350130627651,97.733301577655
"6413",2021-03-17,69.0323910586906,111966,113272,6265136,1.80797352204326,98.8470230948513
"6414",2021-03-18,68.8244210526316,79799,80750,6265136,1.28887864525207,98.8222910216718
"6415",2021-03-19,63.7992903905821,61884,67361,6265136,1.07517219099474,91.8691824646309
"6416",2021-03-20,65.2534120376689,26734,29308,6265136,0.467795112508332,91.217415040262
"6417",2021-03-21,66.2407132977672,58323,60732,6265136,0.969364431993176,96.0333926101561
"6418",2021-03-22,73.1544600675367,123534,124673,6265136,1.98994882154194,99.0864100486874
"6419",2021-03-23,58.9128350888926,16843,17943,6265136,0.286394421445919,93.8694755615003
"6420",2021-03-24,59.3959653508517,15155,17201,6265136,0.274551103120507,88.105342712633
"6421",2021-03-25,61.3101700327293,22667,25054,6265136,0.399895548955362,90.4725792288656
"6422",2021-03-26,67.9199660122211,54514,55314,6265136,0.882885862334034,98.5537115377662
"6423",2021-03-27,63.3214449987616,27693,28263,6265136,0.451115506510952,97.9832289565864
"6424",2021-03-28,64.2564444062554,21790,23276,6265136,0.371516276741638,93.6157415363464
"6425",2021-03-29,74.2168792053829,77014,78025,6265136,1.24538397889527,98.704261454662
"6426",2021-03-30,70.7653308054393,29843,30592,6265136,0.488289480068749,97.5516474895397
"6427",2021-03-31,67.325460649594,24705,25616,6265136,0.408865825099407,96.4436289818863
"6428",2021-04-01,63.7526613439787,17338,18036,6265136,0.287878826572959,96.129962297627
"6429",2021-04-02,63.5238820751124,12670,13127,6265136,0.209524581748904,96.5186257332216
"6430",2021-04-03,60.4825873774202,14948,15908,6265136,0.253913083451022,93.965300477747
"6431",2021-04-04,59.7220046985121,7904,8939,6265136,0.142678466995768,88.4215236603647
"6432",2021-04-05,67.8764680801581,50272,51598,6265136,0.82357350263426,97.4301329508896
"6433",2021-04-06,73.9613288815656,137863,138372,6265136,2.20860329288941,99.6321510132108
"6434",2021-04-07,63.227027027027,139,185,6265136,0.00295284890862704,75.1351351351351
"6435",2021-04-08,65.3715256520142,30568,32668,6265136,0.52142523322718,93.5716909513897
"6436",2021-04-09,62.1397941680961,4358,4664,6265136,0.0744437151883056,93.4391080617496
"6437",2021-04-10,61.5131293990254,13520,14776,6265136,0.235844840399315,91.4997292907417
"6438",2021-04-11,69.3252287756329,44413,44913,6265136,0.716871908287386,98.8867365796095
"6439",2021-04-12,74.9559054981926,115351,115638,6265136,1.84573806538278,99.7518116881994
"6440",2021-04-13,66.5203358770274,36444,36561,6265136,0.583562751071964,99.6799868712563
"6441",2021-04-14,72.6567072323361,100683,100742,6265136,1.60797786352922,99.9414345555975
"6442",2021-04-15,66.9854721549637,7725,7847,6265136,0.125248677762143,98.4452657066395
"6443",2021-04-16,68.5508657688323,33678,33785,6265136,0.539254056097106,99.6832914015095
"6444",2021-04-17,70.2772232691022,81837,82255,6265136,1.31290047015739,99.4918242052155
"6445",2021-04-18,71.8691036075361,69905,71018,6265136,1.13354283131284,98.4327916866147
"6446",2021-04-19,75.9073151939732,69300,70087,6265136,1.11868281869699,98.8771098777234
"6447",2021-04-20,76.0484803107232,42179,42739,6265136,0.682171943274655,98.6897213318047
"6448",2021-04-21,71.7246023675678,51919,52121,6265136,0.831921286305676,99.6124402831872
"6449",2021-04-22,71.9171232164863,67312,67353,6265136,1.07504450023112,99.939126690719
"6450",2021-04-23,73.549789006412,91068,91235,6265136,1.45623335231669,99.8169562119801
"6451",2021-04-24,71.6130276895143,4366,4406,6265136,0.0703256880616797,99.0921470721743
"6452",2021-04-25,71.15213377103,68157,68236,6265136,1.08913836826527,99.8842253356
"6453",2021-04-26,72.89010972912,67436,68259,6265136,1.08950547921067,98.7942981877848
"6454",2021-04-27,67.5454673028347,7037,7126,6265136,0.113740547691223,98.7510524838619
"6455",2021-04-28,71.886960740409,26704,26796,6265136,0.427700212732812,99.6566651739066
"6456",2021-04-29,74.0568491159447,75360,75674,6265136,1.20785885573753,99.5850622406639
"6457",2021-04-30,69.8115955917585,41682,41740,6265136,0.666226559168069,99.8610445615716
"6458",2021-05-01,74.4199149715742,100193,100437,6265136,1.60310965316635,99.7570616406304
"6459",2021-05-02,76.3764960018191,131863,131935,6265136,2.10586011221464,99.9454276727176
"6460",2021-05-03,76.5320883337415,244669,244980,6265136,3.91021040884029,99.8730508612948
"6461",2021-05-04,72.4431996755715,39183,39454,6265136,0.62973892346471,99.3131241445734
"6462",2021-05-05,70.6753340176688,123642,123721,6265136,1.9747536206716,99.9361466525489
"6463",2021-05-06,75.6720108493721,107600,107656,6265136,1.71833460598461,99.9479824626588
"6464",2021-05-07,78.0436478251734,118766,118975,6265136,1.89900107515623,99.8243328430342
"6465",2021-05-08,77.9474130835094,117654,117843,6265136,1.88093283210452,99.8396171176905
"6466",2021-05-09,76.0407016500669,100762,100905,6265136,1.6105795628379,99.858282542986
"6467",2021-05-10,68.3055292259084,3139,3165,6265136,0.0505176583557005,99.1785150078989
"6468",2021-05-11,67.4026833523855,33200,33242,6265136,0.53058704551665,99.8736538114433
"6469",2021-05-12,71.9090340452149,55913,55955,6265136,0.89311708476879,99.9249396836744
"6470",2021-05-13,76.8288579747654,126695,126731,6265136,2.02279727048224,99.9715933749438
"6471",2021-05-14,74.9092805005214,30591,30688,6265136,0.489821769232144,99.6839155370177
"6472",2021-05-15,74.1204173686213,91890,92005,6265136,1.46852358831476,99.8750067931091
"6473",2021-05-16,75.8905386740332,156287,156384,6265136,2.49609904717152,99.9379731941887
"6474",2021-05-17,78.9692456125525,141853,141996,6265136,2.2664472088076,99.8992929378292
"6475",2021-05-18,80.3628851344246,113912,114116,6265136,1.82144489760478,99.8212345332819
"6476",2021-05-19,79.0433712325184,129864,129994,6265136,2.07487914069224,99.8999953844024
"6477",2021-05-20,69.3451188794004,32520,32554,6265136,0.519605639845647,99.8955581495362
"6478",2021-05-21,72.6482987791664,69034,69215,6265136,1.10476452546282,99.7384959907534
"6479",2021-05-22,73.5402446241862,30041,30414,6265136,0.485448360578286,98.7735911093575
"6480",2021-05-23,76.335663936764,122235,122715,6265136,1.95869650714685,99.6088497738663
"6481",2021-05-24,79.091673079507,81645,81867,6265136,1.306707468122,99.7288284656821
"6482",2021-05-25,78.5502257596883,107928,108301,6265136,1.72862967380118,99.6555895144089
"6483",2021-05-26,77.6403845874966,68600,68957,6265136,1.10064649833619,99.4822860623287
"6484",2021-05-27,78.6070534950749,62450,63146,6265136,1.0078951199144,98.897792417572
"6485",2021-05-28,77.3657336452367,135610,136367,6265136,2.17660079525808,99.4448803596178
"6486",2021-05-29,82.1241567012853,128766,129699,6265136,2.07017054378389,99.2806421020979
"6487",2021-05-30,78.7985321100917,21717,21800,6265136,0.34795733085443,99.6192660550459
"6488",2021-05-31,79.4305955317982,115845,116736,6265136,1.86326362268912,99.2367393092105
"6489",2021-06-01,86.9655401451774,62858,63233,6265136,1.00928375696872,99.4069552290734
"6490",2021-06-02,86.8548324348358,34918,35986,6265136,0.574384977437042,97.0321791807925
"6491",2021-06-03,83.534892172333,101543,104565,6265136,1.66899808719236,97.1099316214795
"6492",2021-06-04,83.5113844624608,30978,32193,6265136,0.513843594137462,96.2258876153201
"6493",2021-06-05,75.8967138262219,43591,44459,6265136,0.709625457452161,98.0476393980971
"6494",2021-06-06,78.7836146517917,197280,203743,6265136,3.25201240643459,96.8278664788484
"6495",2021-06-07,76.6273427284614,13291,13766,6265136,0.219723881492756,96.5494697079762
"6496",2021-06-08,78.2173621210426,8352,8939,6265136,0.142678466995768,93.4332699407093
"6497",2021-06-09,69.6086807181889,30428,32025,6265136,0.511162088101519,95.0132708821234
"6498",2021-06-10,70.6336433022102,48282,52801,6265136,0.842775001213062,91.4414499725384
"6499",2021-06-11,77.3537799729148,12122,12553,6265136,0.200362769459434,96.5665577949494
"6500",2021-06-12,78.2248034149629,21738,22255,6265136,0.355219743035107,97.6769265333633
"6501",2021-06-13,73.8362564102564,18163,19500,6265136,0.311246236314742,93.1435897435897
"6502",2021-06-14,65.3363881401617,1748,1855,6265136,0.0296082958135306,94.2318059299191
"6503",2021-06-15,61.7394840157039,3134,3566,6265136,0.0569181578819678,87.8855860908581
"6504",2021-06-16,71.3308856525109,21240,24513,6265136,0.391260461065809,86.6479011136948
"6505",2021-06-17,77.8329508949059,14461,15253,6265136,0.243458402179937,94.8075788369501
"6506",2021-06-18,71.8581265428089,13387,15394,6265136,0.245708951888674,86.9624529037287
"6507",2021-06-19,66.7652966145564,9116,9659,6265136,0.154170635721236,94.3783000310591
"6508",2021-06-20,80.7698479542533,41437,45118,6265136,0.720143984105054,91.8413936787978
"6509",2021-06-21,71.5256201975851,37049,45550,6265136,0.727039285340334,81.3369923161361
"6510",2021-06-22,80.7975405827142,79699,85874,6265136,1.37066457934832,92.8092321307963
"6511",2021-06-23,73.8806784824588,51904,63023,6265136,1.0059318744238,82.3572346603621
"6512",2021-06-24,82.3411723184189,131028,138836,6265136,2.21600935717916,94.3760984182777
"6513",2021-06-25,83.4877948270429,118345,123759,6265136,1.97536015179878,95.625368660057
"6514",2021-06-26,78.9648104517003,173047,197786,6265136,3.1569306715768,87.4920368479063
"6515",2021-06-27,77.2639529061332,134947,155774,6265136,2.48636262644578,86.6299896003184
"6516",2021-06-28,76.6057916369044,76418,85399,6265136,1.3630829402586,89.4834834131547
"6517",2021-06-29,78.2383359637009,36592,40552,6265136,0.647264480771048,90.234760307753
"6518",2021-06-30,80.5433090281447,26192,28389,6265136,0.453126636037909,92.2610870407552
"6519",2021-07-01,54.7344540698173,8757,11659,6265136,0.186093326625312,75.1093575778369
"6520",2021-07-02,67.754833220876,26589,34087,6265136,0.544074382423622,78.0033443834893
"6521",2021-07-03,71.1513067558329,140740,174057,6265136,2.77818390534539,80.858569319246
"6522",2021-07-04,68.6546710500567,118314,153306,6265136,2.44697002587015,77.175061641423
"6523",2021-07-05,68.0018296924597,128717,171067,6265136,2.7304594824438,75.2436179976267
"6524",2021-07-06,67.970388926672,154189,204383,6265136,3.2622276675239,75.4412059711424
"6525",2021-07-07,62.2666905806887,65297,94784,6265136,1.51288016732598,68.8903190411884
"6526",2021-07-08,52.7830843060416,27977,47719,6265136,0.761659443625805,58.6286384878141
"6527",2021-07-09,55.1007227792026,2611,4289,6265136,0.0684582106437913,60.8766612263931
"6528",2021-07-10,52.0262540276065,15048,25139,6265136,0.401252263318785,59.8591829428378
"6529",2021-07-11,66.7115795194286,113621,154566,6265136,2.46708132113972,73.5096981224849
"6530",2021-07-12,74.8120493876134,82870,100835,6265136,1.60946226865626,82.1837655575941
"6531",2021-07-13,75.0235140537674,99744,122565,6265136,1.95630230532905,81.3804919838453
"6532",2021-07-14,69.032523032523,109329,144144,6265136,2.30073217883858,75.8470695970696
"6533",2021-07-15,67.9860858587591,109069,145751,6265136,2.32638206098,74.8324196746506
"6534",2021-07-16,70.2724248520946,39238,50201,6265136,0.801275503037763,78.1617896057847
"6535",2021-07-17,57.0079702296648,45802,72018,6265136,1.14950417676488,63.597989391541
"6536",2021-07-18,60.1590265987549,2334,3534,6265136,0.0564073948275025,66.044142614601
"6537",2021-07-19,45.2253436939629,8417,16730,6265136,0.267033309412597,50.3108188882248
"6538",2021-07-20,38.9467531087257,5375,9409,6265136,0.150180299358226,57.1261558082687
"6539",2021-07-21,71.5904339842509,45558,56638,6265136,0.904018683712532,80.4371623291783
"6540",2021-07-22,55.7564363516338,24318,36356,6265136,0.580290675254296,66.8885465947849
"6541",2021-07-23,60.8148689246471,33535,48598,6265136,0.775689466278146,69.0048973208774
"6542",2021-07-24,49.1036402255914,7883,13653,6265136,0.217920249456676,57.738226030909
"6543",2021-07-25,64.1507006602124,27501,38321,6265136,0.611654719067551,71.7648286840114
"6544",2021-07-26,61.4074663593037,73564,109317,6265136,1.74484640078045,67.2941994383307
"6545",2021-07-27,74.898231371412,46249,55184,6265136,0.880810887425269,83.8087126703392
"6546",2021-07-28,61.9353695784973,5745,8185,6265136,0.130643612524932,70.1893708002443
"6547",2021-07-29,42.6502277442587,21544,41933,6265136,0.669307098840312,51.3771969570505
"6548",2021-07-30,72.619265455496,27095,30604,6265136,0.488481016214173,88.5341785387531
"6549",2021-07-31,48.5984441139458,4612,8741,6265136,0.139518120596265,52.7628417801167
"6550",2021-08-01,45.8360553002393,26742,52658,6265136,0.840492528813421,50.7843062782483
"6551",2021-08-02,61.6158345954508,48348,71969,6265136,1.14872207083773,67.178924259056
"6552",2021-08-03,47.8270221440953,21566,40959,6265136,0.653760748370027,52.6526526526527
"6553",2021-08-04,48.9368015076478,15111,22817,6265136,0.364190019179153,66.2269360564491
"6554",2021-08-05,64.5307709234945,9967,13633,6265136,0.217601022547635,73.1093669771877
"6555",2021-08-06,59.6302343684058,68390,106627,6265136,1.70191038151446,64.1394768679603
"6556",2021-08-07,53.0547880804282,32178,55304,6265136,0.882726248879514,58.1838565022422
"6557",2021-08-08,57.0107489318249,138409,223278,6265136,3.56381728984016,61.9895377063571
"6558",2021-08-09,57.446501917225,136685,219849,6265136,3.50908583628512,62.172218204313
"6559",2021-08-10,54.288728439631,85457,137115,6265136,2.1885398816562,62.3250556102542
"6560",2021-08-11,42.3100721897559,10760,23272,6265136,0.37145243135983,46.2358198693709
"6561",2021-08-12,49.2527724665392,2431,5230,6265136,0.0834778367141591,46.4818355640535
"6562",2021-08-13,27.4005546917679,6327,23797,6265136,0.37983213772215,26.5873849644913
"6563",2021-08-14,44.7291759316908,44453,89944,6265136,1.43562725533811,49.422974295117
"6564",2021-08-15,54.6877523910733,24203,37640,6265136,0.600785042814713,64.3012752391073
"6565",2021-08-16,53.3286494437229,40750,63907,6265136,1.0200417038034,63.7645328367784
"6566",2021-08-17,48.4401981395617,20096,34723,6265136,0.554225798131118,57.8751835958874
"6567",2021-08-18,47.3319980459209,28423,51175,6265136,0.816821853508048,55.5407914020518
"6568",2021-08-19,54.1026298411219,47438,77229,6265136,1.23267874791545,61.4251123282705
"6569",2021-08-20,37.83742853402,19948,45826,6265136,0.731444616685097,43.5298738707284
"6570",2021-08-21,49.1597204403553,50993,81843,6265136,1.30632439583115,62.3058783280183
"6571",2021-08-22,62.3142095633908,68695,88546,6265136,1.41331329439616,77.5811442639984
"6572",2021-08-23,42.2827327118408,3300,7187,6265136,0.114714189763798,45.9162376513149
"6573",2021-08-24,41.3023728408344,7478,16731,6265136,0.267049270758049,44.6954754647062
"6574",2021-08-25,58.4341512633013,64855,96137,6265136,1.53447586772258,67.4610191705587
"6575",2021-08-26,58.2306663014985,80460,127795,6265136,2.03978014204321,62.9602097108651
"6576",2021-08-27,52.8434962190028,39094,64401,6265136,1.0279266084567,60.7040263349948
"6577",2021-08-28,46.5417119964082,95961,173727,6265136,2.77291666134622,55.2366644217652
"6578",2021-08-29,57.6212484309027,7647,8763,6265136,0.13986927019621,87.264635398836
"6579",2021-08-30,52.4858491817193,21730,37701,6265136,0.601758684887287,57.6377284422164
"6580",2021-08-31,27.2033467202142,7187,29880,6265136,0.476925002106898,24.0528781793842
"6581",2021-09-01,36.9285224041573,7542,20398,6265136,0.325579524530673,36.9742131581528
"6582",2021-09-02,43.8305499297232,47224,90357,6265136,1.4422192910098,52.2637980455305
"6583",2021-09-03,53.7051107791765,135782,208207,6265136,3.32326385253249,65.214906319192
"6584",2021-09-04,53.9240957003405,83346,128359,6265136,2.04878234087815,64.9319486752
"6585",2021-09-05,51.5302500182229,51934,82314,6265136,1.31384218953906,63.0925480477197
"6586",2021-09-06,42.3594644761265,12641,25321,6265136,0.404157228191056,49.9229888235062
"6587",2021-09-07,51.1773048577979,127680,199329,6265136,3.1815590276093,64.0549042036031
"6588",2021-09-08,50.1700472813239,25829,42300,6265136,0.67516491262121,61.0614657210402
"6589",2021-09-09,45.6197130112323,9372,18607,6265136,0.296992754826072,50.3681410221959
"6590",2021-09-10,43.406048441658,46965,88684,6265136,1.41551596006854,52.9576924811691
"6591",2021-09-11,49.0037871783302,82143,135193,6265136,2.15786217569738,60.7598026525042
"6592",2021-09-12,59.6418230126884,85989,110652,6265136,1.76615479695892,77.7112026895131
"6593",2021-09-13,54.6802802292363,117741,172573,6265136,2.75449726869457,68.2267793919095
"6594",2021-09-14,65.5681171445433,136011,171139,6265136,2.73160869931634,79.4739948229217
"6595",2021-09-15,57.4210865628395,98196,138050,6265136,2.20346373965386,71.1307497283593
"6596",2021-09-16,56.0928274501515,21853,28386,6265136,0.453078752001553,76.9851335165222
"6597",2021-09-17,57.8783971789468,51857,72597,6265136,1.15874579578161,71.4313263633483
"6598",2021-09-18,56.2360748992652,6749,8438,6265136,0.134681832924297,79.9834083906139
"6599",2021-09-19,54.6500724662105,52678,89007,6265136,1.42067147464955,59.1841091150134
"6600",2021-09-20,48.4266062741151,3307,5961,6265136,0.095145580239599,55.4772689146116
"6601",2021-09-21,51.2878166656763,26738,50487,6265136,0.805840447837046,52.9601679640303
"6602",2021-09-22,61.1769052927091,15691,24222,6265136,0.386615709539266,64.7799521096524
"6603",2021-09-23,47.2334177907209,47968,95117,6265136,1.51819529536151,50.4305224092434
"6604",2021-09-24,43.0286259541985,13411,31964,6265136,0.510188446028945,41.9565761481667
"6605",2021-09-25,48.9656867985035,4388,9355,6265136,0.149318386703816,46.90539818279
"6606",2021-09-26,51.2327438518928,18474,36190,6265136,0.577641091909258,51.0472506217187
"6607",2021-09-27,52.1568445475638,48512,81890,6265136,1.3070745790674,59.2404444987178
"6608",2021-09-28,55.3543119729935,45043,67243,6265136,1.0732887522314,66.9854111208602
"6609",2021-09-29,65.2821236700727,44163,47465,6265136,0.757605261880987,93.0432950595175
"6610",2021-09-30,63.3642990255076,88634,103028,6265136,1.64446549923258,86.0290406491439
"6611",2021-10-01,55.9408109242341,43153,61954,6265136,0.988869196135567,69.6532911514995
"6612",2021-10-02,54.2948274441973,46755,72846,6265136,1.16272017079917,64.1833456881641
"6613",2021-10-03,46.3397273578688,14012,28829,6265136,0.460149628036806,48.6038364147213
"6614",2021-10-04,48.1654624049475,15020,31693,6265136,0.505862921411443,47.3921686176758
"6615",2021-10-05,55.8677977946886,20129,25756,6265136,0.411100413462693,78.1526634570586
"6616",2021-10-06,53.5568442025753,24750,33627,6265136,0.536732163515684,73.6015701668302
"6617",2021-10-07,54.3353898886033,4306,5835,6265136,0.0931344507126422,73.796058269066
"6618",2021-10-08,72.1896238035506,82362,88491,6265136,1.4124354203963,93.0738719191782
"6619",2021-10-09,71.8072308430651,28850,31255,6265136,0.49887185210345,92.3052311630139
"6620",2021-10-10,73.7122493300065,40790,43284,6265136,0.690870876546016,94.2380556325663
"6621",2021-10-11,60.5130003421143,14855,17538,6265136,0.279930076537844,84.7017903979929
"6622",2021-10-12,52.4457690052765,3678,5117,6265136,0.0816742046780788,71.8780535470002
"6623",2021-10-13,33.4042553191489,66,376,6265136,0.00600146588996632,17.5531914893617
"6624",2021-10-14,55.7630180658874,677,941,6265136,0.0150196260703678,71.9447396386823
"6625",2021-10-15,29.4633027522936,38,218,6265136,0.0034795733085443,17.4311926605505
"6626",2021-10-16,41.4117647058824,187,476,6265136,0.00759760043517012,39.2857142857143
"6627",2021-10-17,51.9008498583569,699,1059,6265136,0.0169030648337083,66.0056657223796
"6628",2021-10-18,51.7995780590717,349,474,6265136,0.00756567774426605,73.6286919831224
"6629",2021-10-19,70.9986263736264,634,728,6265136,0.0116198594890837,87.0879120879121
"6630",2021-10-20,60.6367713004484,323,446,6265136,0.00711876007160898,72.4215246636771
"6631",2021-10-21,45.0887096774194,66,248,6265136,0.00395841367210544,26.6129032258064
"6632",2021-10-22,48.7541666666667,106,240,6265136,0.00383072290848914,44.1666666666667
"6633",2021-10-23,47.0936170212766,60,235,6265136,0.00375091618122895,25.531914893617
"6634",2021-10-24,NA,NA,0,6265136,0,NA
"6635",2021-10-25,NA,NA,0,6265136,0,NA
"6636",2021-10-26,45.9952830188679,108,212,6265136,0.00338380523583207,50.9433962264151
"6637",2021-10-27,62.8064159292035,675,904,6265136,0.0144290562886424,74.6681415929203
"6638",2021-10-28,56.7391304347826,532,782,6265136,0.0124817721434938,68.0306905370844
"6639",2021-10-29,67.1942857142857,831,1050,6265136,0.01675941272464,79.1428571428572
"6640",2021-10-30,NA,NA,0,6265136,0,NA
"6641",2021-10-31,NA,NA,0,6265136,0,NA
"6642",2021-11-01,NA,NA,0,6265136,0,NA
"6643",2021-11-02,NA,NA,0,6265136,0,NA
"6644",2021-11-03,NA,NA,0,6265136,0,NA
"6645",2021-11-04,NA,NA,0,6265136,0,NA
"6646",2021-11-05,NA,NA,0,6265136,0,NA
"6647",2021-11-06,NA,NA,0,6265136,0,NA
"6648",2021-11-07,NA,NA,0,6265136,0,NA
"6649",2021-11-08,NA,NA,0,6265136,0,NA
"6650",2021-11-09,NA,NA,0,6265136,0,NA
"6651",2021-11-10,NA,NA,0,6265136,0,NA
"6652",2021-11-11,NA,NA,0,6265136,0,NA
"6653",2021-11-12,NA,NA,0,6265136,0,NA
"6654",2021-11-13,NA,NA,0,6265136,0,NA
"6655",2021-11-14,NA,NA,0,6265136,0,NA
"6656",2021-11-15,NA,NA,0,6265136,0,NA
"6657",2021-11-16,NA,NA,0,6265136,0,NA
"6658",2021-11-17,NA,NA,0,6265136,0,NA
"6659",2021-11-18,NA,NA,0,6265136,0,NA
"6660",2021-11-19,NA,NA,0,6265136,0,NA
"6661",2021-11-20,NA,NA,0,6265136,0,NA
"6662",2021-11-21,NA,NA,0,6265136,0,NA
"6663",2021-11-22,NA,NA,0,6265136,0,NA
"6664",2021-11-23,NA,NA,0,6265136,0,NA
"6665",2021-11-25,NA,NA,0,6265136,0,NA
"6666",2022-01-16,NA,NA,0,6265136,0,NA
"6667",2022-01-18,NA,NA,0,6265136,0,NA
"6668",2022-01-19,NA,NA,0,6265136,0,NA
"6669",2022-01-20,NA,NA,0,6265136,0,NA
"6670",2022-01-21,NA,NA,0,6265136,0,NA
"6671",2022-01-22,NA,NA,0,6265136,0,NA
"6672",2022-01-23,NA,NA,0,6265136,0,NA
"6673",2022-01-24,NA,NA,0,6265136,0,NA
"6674",2022-01-25,NA,NA,0,6265136,0,NA
"6675",2022-01-26,NA,NA,0,6265136,0,NA
"6676",2022-01-27,NA,NA,0,6265136,0,NA
"6677",2022-01-28,NA,NA,0,6265136,0,NA
"6678",2022-01-29,NA,NA,0,6265136,0,NA
"6679",2022-01-30,NA,NA,0,6265136,0,NA
"6680",2022-01-31,NA,NA,0,6265136,0,NA
"6681",2022-02-01,NA,NA,0,6265136,0,NA
"6682",2022-02-02,NA,NA,0,6265136,0,NA
"6683",2022-02-03,NA,NA,0,6265136,0,NA
"6684",2022-02-04,NA,NA,0,6265136,0,NA
"6685",2022-02-05,NA,NA,0,6265136,0,NA
"6686",2022-02-06,NA,NA,0,6265136,0,NA
"6687",2022-02-07,NA,NA,0,6265136,0,NA
"6688",2022-02-08,NA,NA,0,6265136,0,NA
"6689",2022-02-09,NA,NA,0,6265136,0,NA
"6690",2022-02-10,NA,NA,0,6265136,0,NA
"6691",2022-02-11,NA,NA,0,6265136,0,NA
"6692",2022-02-12,64.6036866359447,391,434,6265136,0.00692722392618452,90.0921658986175
"6693",2022-02-13,58.626213592233,267,412,6265136,0.00657607432623969,64.8058252427185
"6694",2022-02-14,58.5,163,190,6265136,0.00303265563588723,85.7894736842105
"6695",2022-02-15,52.3836633663366,207,404,6265136,0.00644838356262338,51.2376237623762
"6696",2022-02-16,66.8758169934641,677,765,6265136,0.0122104292708091,88.4967320261438
"6697",2022-02-17,66.8032544378698,622,676,6265136,0.0107898695255777,92.0118343195266
"6698",2022-02-18,61.5852631578947,351,475,6265136,0.00758163908971808,73.8947368421053
"6699",2022-02-19,55.0674157303371,602,801,6265136,0.0127850377070825,75.1560549313358
"6700",2022-02-20,64.3441396508728,341,401,6265136,0.00640049952626727,85.0374064837905
"6701",2022-02-21,48.7095238095238,98,210,6265136,0.003351882544928,46.6666666666667
"6702",2022-02-22,65.6405693950178,257,281,6265136,0.0044851380720227,91.4590747330961
"6703",2022-02-23,44.6111111111111,11,36,6265136,0.000574608436273371,30.5555555555556
"6704",2022-02-24,59.5159574468085,295,376,6265136,0.00600146588996632,78.4574468085106
"6705",2022-02-25,65.2703610411419,1059,1191,6265136,0.0190099624333773,88.9168765743073
"6706",2022-02-26,59.5127272727273,459,550,6265136,0.00877873999862094,83.4545454545455
"6707",2022-02-27,68.8377622377622,670,715,6265136,0.0114123619982072,93.7062937062937
"6708",2022-02-28,73.1719060883406,2469,2513,6265136,0.0401108611209717,98.2491046557899
"6709",2022-03-01,63.8997367791338,8112,8358,6265136,0.133404925288134,97.056712132089
"6710",2022-03-02,60.7878258336974,6155,6867,6265136,0.109606559219145,89.6315712829474
"6711",2022-03-03,57.6445421831268,7073,7503,6265136,0.119757974926642,94.2689590830335
"6712",2022-03-04,61.8784135634272,14291,16515,6265136,0.263601620140409,86.5334544353618
"6713",2022-03-05,65.0034755820613,45846,50639,6265136,0.808266572345756,90.5349631706787
"6714",2022-03-06,71.3739296949802,71048,73110,6265136,1.1669339659985,97.1795923950212
"6715",2022-03-07,63.7465574444347,54587,68118,6265136,1.08725492950193,80.1359405737103
"6716",2022-03-08,70.4133931594988,90247,94496,6265136,1.50828329983579,95.5035133762276
"6717",2022-03-09,59.5850522777378,41360,45813,6265136,0.73123711919422,90.2800515137625
"6718",2022-03-10,53.3603774670579,10680,17379,6265136,0.27739222261097,61.4534783359227
"6719",2022-03-11,72.7802271300265,142799,146524,6265136,2.33872018101443,97.4577543610603
"6720",2022-03-12,58.1195908154254,12961,13588,6265136,0.216882762002293,95.3856343832794
"6721",2022-03-13,70.4202690759108,49245,50915,6265136,0.812671903690518,96.7200235686929
"6722",2022-03-14,70.8568814128848,94670,99994,6265136,1.59603877713109,94.6756805408324
"6723",2022-03-15,62.2272432432432,4087,4625,6265136,0.0738212227156761,88.3675675675676
"6724",2022-03-16,66.2291871527243,75808,84407,6265136,1.34724928557018,89.8124563128651
"6725",2022-03-17,68.392948410797,92254,100176,6265136,1.59894374200337,92.0919182239259
"6726",2022-03-18,66.0377907204615,124048,127571,6265136,2.03620480066195,97.2384005769336
"6727",2022-03-19,67.5179537428297,94050,97974,6265136,1.56379685931798,95.9948557780636
"6728",2022-03-20,67.7564732072374,120852,126676,6265136,2.02191939648237,95.4024440304399
"6729",2022-03-21,58.8663661246176,5599,6211,6265136,0.0991359166026085,90.1465142489132
"6730",2022-03-22,58.2066066512908,26035,26882,6265136,0.429072888441687,96.8491927683952
"6731",2022-03-23,69.3049522280325,137599,138261,6265136,2.20683158354424,99.5211954202559
"6732",2022-03-24,70.3664608606034,104861,105763,6265136,1.6881197790439,99.1471497593677
"6733",2022-03-25,71.7143696684205,108410,108903,6265136,1.7382384037633,99.5473035637218
"6734",2022-03-26,71.8226750112751,161282,161861,6265136,2.58351933621233,99.6422856648606
"6735",2022-03-27,72.434281366427,190235,190570,6265136,3.0417536027949,99.8242115757989
"6736",2022-03-28,69.8958347232415,134440,134901,6265136,2.15320146282539,99.6582679149895
"6737",2022-03-29,72.0027832462155,102717,103117,6265136,1.64588605897781,99.612091119796
"6738",2022-03-30,71.7426540180045,90756,90866,6265136,1.45034361584489,99.8789426188013
"6739",2022-03-31,66.0290039579499,78887,79334,6265136,1.26627738009199,99.4365593566441
"6740",2022-04-01,72.335178404767,139167,139290,6265136,2.22325580801438,99.9116950247685
"6741",2022-04-02,70.6491646778043,109483,109778,6265136,1.75220458103384,99.7312758476197
"6742",2022-04-03,71.2326991964018,136243,136511,6265136,2.17889922900317,99.8036788244171
"6743",2022-04-04,72.1651525889655,186073,186252,6265136,2.972832513133,99.9038936494642
"6744",2022-04-05,73.7523855080696,200467,200691,6265136,3.20329838011497,99.8883856276564
"6745",2022-04-06,74.2926925376379,146935,147192,6265136,2.34938235977639,99.825398119463
"6746",2022-04-07,74.5094961063355,153146,153326,6265136,2.44728925277919,99.8826030810169
"6747",2022-04-08,74.2938789454003,216511,216613,6265136,3.45743492240232,99.9529114134424
"6748",2022-04-09,71.2769942496433,115162,115645,6265136,1.84584979480094,99.5823425137274
"6749",2022-04-10,73.8681367534186,186629,186701,6265136,2.97999915724096,99.9614356645117
"6750",2022-04-11,77.7365197917855,166476,166559,6265136,2.65850573714601,99.9501678084042
"6751",2022-04-12,77.4389062785116,142044,142486,6265136,2.2742682680791,99.6897940850329
"6752",2022-04-13,69.6120303941989,51714,51852,6265136,0.827627684379078,99.7338579032631
"6753",2022-04-14,69.4687909511001,42537,43497,6265136,0.6942706431273,97.7929512380164
"6754",2022-04-15,70.1638533879913,57852,58058,6265136,0.926683794254426,99.6451824038031
"6755",2022-04-16,66.9311241800498,43103,44210,6265136,0.705651082434603,97.4960416195431
"6756",2022-04-17,69.2857711376789,120505,120614,6265136,1.92516172035212,99.9096290646194
"6757",2022-04-18,71.1892905216849,152163,152295,6265136,2.43083310561814,99.9133261105092
"6758",2022-04-19,73.721952486419,138081,138613,6265136,2.21244997714335,99.6161976149423
"6759",2022-04-20,71.2284132316413,91312,91387,6265136,1.4586594768254,99.9179314344491
"6760",2022-04-21,76.4950339165109,67730,67961,6265136,1.08474899826596,99.6600991745266
"6761",2022-04-22,73.4255899000722,42710,42931,6265136,0.685236521601447,99.4852204700566
"6762",2022-04-23,72.0757615671999,83177,83512,6265136,1.3329638813906,99.5988600440655
"6763",2022-04-24,74.9280866712778,145979,146023,6265136,2.33072354694296,99.9698677605583
"6764",2022-04-25,72.0165173572228,96088,96444,6265136,1.53937600077636,99.6308738749948
"6765",2022-04-26,71.3520235448666,79092,79168,6265136,1.26362779674695,99.9040016168149
"6766",2022-04-27,67.9833279436599,27635,27831,6265136,0.444220205275672,99.2957493442564
"6767",2022-04-28,73.0694237682001,82447,82623,6265136,1.31877424528374,99.7869842537792
"6768",2022-04-29,73.9765748011499,98284,98441,6265136,1.57125080764408,99.8405136071352
"6769",2022-04-30,75.3467650338137,95879,95967,6265136,1.53176243899574,99.9083018120812
"6770",2022-05-01,74.8747240153035,59266,59333,6265136,0.947034509705775,99.8870780172922
"6771",2022-05-02,72.8153092502936,69721,69814,6265136,1.11432537138859,99.8667888962099
"6772",2022-05-03,69.2733643549924,17304,17837,6265136,0.284702518828003,97.0118293434995
"6773",2022-05-04,74.8724159585784,77962,78027,6265136,1.24541590158617,99.9166955028388
"6774",2022-05-05,77.1074894549802,150477,150545,6265136,2.40290075107707,99.9548307814939
"6775",2022-05-06,76.0121630386462,137058,137219,6265136,2.19019986158321,99.8826693096437
"6776",2022-05-07,73.4337226370541,46789,47007,6265136,0.750294965663954,99.536239283511
"6777",2022-05-08,74.2714850303866,53546,53642,6265136,0.856198492738226,99.8210357555647
"6778",2022-05-09,70.5462040312896,30623,30809,6265136,0.491753092031841,99.3962803077023
"6779",2022-05-10,76.6146117017969,79907,80415,6265136,1.28353159452564,99.3682770627371
"6780",2022-05-11,77.1120703740254,152919,153011,6265136,2.4422614289618,99.9398736038585
"6781",2022-05-12,77.6130354385497,157258,157371,6265136,2.51185289513268,99.928195156668
"6782",2022-05-13,78.4329499816022,127528,127733,6265136,2.03879053862518,99.8395089757541
"6783",2022-05-14,80.459143347571,50068,50102,6265136,0.799695329838012,99.9321384375873
"6784",2022-05-15,77.2970968799657,39415,39647,6265136,0.632819463136953,99.4148359270563
"6785",2022-05-16,69.4304595051483,25946,26028,6265136,0.415441899425647,99.6849546642078
"6786",2022-05-17,72.849255074228,75487,75578,6265136,1.20632656657413,99.8795945910185
"6787",2022-05-18,77.4620320461774,217084,217249,6265136,3.46758633810982,99.9240502833155
"6788",2022-05-19,77.2364706384068,23361,23449,6265136,0.374277589504841,99.6247174719604
"6789",2022-05-20,77.1998415566097,103415,103507,6265136,1.6521109837041,99.9111171225134
"6790",2022-05-21,76.1594988923688,13031,13091,6265136,0.20894997331263,99.5416698495149
"6791",2022-05-22,71.7546070247283,6324,6349,6265136,0.10133858227499,99.6062372027091
"6792",2022-05-23,81.1109415621114,35242,35388,6265136,0.564840092856723,99.5874307674918
"6793",2022-05-24,87.8903722759396,67035,67638,6265136,1.07959348368495,99.1084893107425
"6794",2022-05-25,65.4274607802305,6855,7203,6265136,0.11496957129103,95.1686797167847
"6795",2022-05-26,86.2387727975944,44971,45893,6265136,0.732514026830383,97.9909790164077
"6796",2022-05-27,87.2547708347355,158790,163441,6265136,2.60873826202655,97.1543248022222
"6797",2022-05-28,86.0552304295884,177080,181639,6265136,2.89920282656274,97.4900764703615
"6798",2022-05-29,86.1727010456524,235889,246449,6265136,3.93365762530933,95.7151378175606
"6799",2022-05-30,79.756586085504,115623,128111,6265136,2.04482392720605,90.2522031675656
"6800",2022-05-31,76.5742539925546,134922,152847,6265136,2.43964376830766,88.272586311802
"6801",2022-06-01,65.9574674134953,29596,38206,6265136,0.609819164340567,77.464272627336
"6802",2022-06-02,69.8414353744769,83875,103945,6265136,1.6591020530121,80.6917119630574
"6803",2022-06-03,74.7872098372998,100871,119545,6265136,1.90809904206389,84.3791041030574
"6804",2022-06-04,64.0559701492537,2603,2680,6265136,0.042776405811462,97.1268656716418
"6805",2022-06-05,62.3512863669151,11832,16636,6265136,0.265532942940105,71.1228660735754
"6806",2022-06-06,54.8892278560909,23235,38024,6265136,0.606914199468296,61.1061434883232
"6807",2022-06-07,54.4229022924549,27281,44930,6265136,0.717143251160071,60.7188960605386
"6808",2022-06-08,58.0829899941142,6537,8495,6265136,0.135591629615063,76.9511477339612
"6809",2022-06-09,59.0266454352442,7497,9420,6265136,0.150355874158199,79.5859872611465
"6810",2022-06-10,31.4503245132302,753,2003,6265136,0.0319705749404323,37.5936095856216
"6811",2022-06-11,70.0289772727273,1568,1760,6265136,0.028091967995587,89.0909090909091
"6812",2022-06-12,63.5857252494244,4998,6515,6265136,0.103988165620028,76.7152724481965
"6813",2022-06-13,64.1973790447798,12669,16101,6265136,0.256993623123265,78.6845537544252
"6814",2022-06-14,36.5140330106553,5970,14359,6265136,0.229188959345815,41.5767114701581
"6815",2022-06-15,64.0342395297575,16290,20415,6265136,0.325850867403357,79.7942689199118
"6816",2022-06-16,59.728431372549,17919,24480,6265136,0.390733736665892,73.1985294117647
"6817",2022-06-17,70.8828057827278,41273,50011,6265136,0.798242847401876,82.5278438743476
"6818",2022-06-18,70.5899631854292,41303,51610,6265136,0.823765038779685,80.0290641348576
"6819",2022-06-19,47.8098186889819,9839,17925,6265136,0.286107117227782,54.8898186889819
"6820",2022-06-20,68.1139711583191,5674,6449,6265136,0.102934716820194,87.9826329663514
"6821",2022-06-21,55.6615038720959,3349,4003,6265136,0.0638932658445084,83.6622533100175
"6822",2022-06-22,39.5283420772356,11904,25351,6265136,0.404636068554617,46.9567275452645
"6823",2022-06-23,63.0923317444017,47300,65243,6265136,1.04136606132732,72.4981990405101
"6824",2022-06-24,69.3763142323972,54208,65913,6265136,1.05206016278019,82.2417429035243
"6825",2022-06-25,59.1979741887448,132052,193404,6265136,3.08698805580597,68.2778019068892
"6826",2022-06-26,70.3754941742886,62390,76643,6265136,1.22332539948055,81.4033897420508
"6827",2022-06-27,61.6485191956124,18473,27350,6265136,0.436542798113241,67.5429616087751
"6828",2022-06-28,64.778900557589,104306,146165,6265136,2.33299005799714,71.3618171244826
"6829",2022-06-29,51.5720592682189,9643,16535,6265136,0.26392084704945,58.3187178711823
"6830",2022-06-30,53.40104050713,50496,85343,6265136,1.36218910491329,59.1682973413168
"6831",2022-07-01,72.9740775718891,23645,30707,6265136,0.490125034795733,77.0019865177321
"6832",2022-07-02,47.8074801560608,16365,29732,6265136,0.474562722979996,55.0417059060944
"6833",2022-07-03,47.2118297615974,24861,46476,6265136,0.741819491228921,53.4921249677253
"6834",2022-07-04,65.7042004941758,8057,8499,6265136,0.135655474996872,94.7993881633133
"6835",2022-07-05,64.7296886971821,51869,70478,6265136,1.12492370476874,73.5960157779733
"6836",2022-07-06,45.4371203251673,47333,90538,6265136,1.44510829453662,52.2797057589079
"6837",2022-07-07,54.1199361577077,118197,185457,6265136,2.96014324349862,63.7328329477992
"6838",2022-07-08,56.8244131360534,125503,197959,6265136,3.15969198434,63.3984815037457
"6839",2022-07-09,44.5352255892846,56134,114079,6265136,1.82085432782305,49.2062518079576
"6840",2022-07-10,59.8069016861291,93230,145066,6265136,2.31544853934535,64.2672990225139
"6841",2022-07-11,53.7687172699545,10613,17377,6265136,0.277360299920066,61.0749841744835
"6842",2022-07-12,36.6020009760859,2985,8196,6265136,0.130819187324904,36.4202049780381
"6843",2022-07-13,34.5352835820896,2806,8375,6265136,0.133676268160819,33.5044776119403
"6844",2022-07-14,52.5654135555107,41383,69374,6265136,1.10730237938969,59.652031020267
"6845",2022-07-15,40.5825613448416,20141,44258,6265136,0.706417227016301,45.5081567174296
"6846",2022-07-16,42.4412247923401,60993,130863,6265136,2.08874954989006,46.6082850003439
"6847",2022-07-17,36.9349593495935,14012,34071,6265136,0.543819000896389,41.1258841830296
"6848",2022-07-18,44.3133202291832,58047,119555,6265136,1.90825865551841,48.5525490360085
"6849",2022-07-19,35.2464663770422,6516,16343,6265136,0.260856268722658,39.8702808541883
"6850",2022-07-20,43.0008045232083,22517,44747,6265136,0.714222324942348,50.3206918899591
"6851",2022-07-21,36.6238037236819,8802,22988,6265136,0.366919409251451,38.2895423699321
"6852",2022-07-22,45.2872159090909,1843,3520,6265136,0.056183935991174,52.3579545454545
"6853",2022-07-23,69.6085813918229,30218,39574,6265136,0.631654284918955,76.3582149896397
"6854",2022-07-24,55.3642211636914,26936,44926,6265136,0.717079405778262,59.9563727017763
"6855",2022-07-25,38.3377766599598,17415,39760,6265136,0.634623095173034,43.8003018108652
"6856",2022-07-26,40.928010341056,4954,10057,6265136,0.160523251211147,49.2592224321368
"6857",2022-07-27,33.5256809163059,15789,44352,6265136,0.707917593488793,35.5992965367965
"6858",2022-07-28,34.915414507772,11247,30880,6265136,0.492886347558936,36.4216321243523
"6859",2022-07-29,65.0781040325699,61278,87934,6265136,1.40354495097952,69.6863556758478
"6860",2022-07-30,36.1396794242722,9070,24456,6265136,0.390350664375043,37.0870134118417
"6861",2022-07-31,59.8611790554168,75725,116517,6265136,1.85976808803512,64.9905164053314
"6862",2022-08-01,38.808664811814,14173,32707,6265136,0.522047725699809,43.3332314183508
"6863",2022-08-02,20.0712117314124,4070,19435,6265136,0.31020874886036,20.9416002058143
"6864",2022-08-03,30.9088269855533,4943,14467,6265136,0.230912784654635,34.1674154973388
"6865",2022-08-04,27.9375518672199,1073,4820,6265136,0.0769336850788235,22.2614107883817
"6866",2022-08-05,41.4720914593141,4225,10409,6265136,0.166141644810264,40.5898741473725
"6867",2022-08-06,18.6838174273859,205,2410,6265136,0.0384668425394118,8.50622406639004
"6868",2022-08-07,51.1174537344967,13950,25559,6265136,0.407956028408641,54.5796001408506
"6869",2022-08-08,43.494777424127,10876,22307,6265136,0.356049732998613,48.7559958757341
"6870",2022-08-09,32.906816080074,5740,18383,6265136,0.293417413444816,31.2245008975684
"6871",2022-08-10,45.5456075068759,13934,30905,6265136,0.493285381195237,45.0865555735318
"6872",2022-08-11,31.1968667204239,2401,8681,6265136,0.138560439869143,27.6581039050801
"6873",2022-08-12,33.5919173776381,11697,33405,6265136,0.533188744825332,35.0157162101482
"6874",2022-08-13,49.0414187772678,28378,52947,6265136,0.84510535764906,53.5969932196347
"6875",2022-08-14,74.8778153446034,15488,19225,6265136,0.306856866315432,80.5617685305592
"6876",2022-08-15,54.5572809278351,36131,62080,6265136,0.990880325662524,58.2007087628866
"6877",2022-08-16,45.6822401537956,40879,79066,6265136,1.26199973951084,51.7023752308198
"6878",2022-08-17,55.1111111111111,388,522,6265136,0.00833182232596387,74.3295019157088
"6879",2022-08-18,44.5174069911871,40092,84535,6265136,1.34929233778804,47.4265097296978
"6880",2022-08-19,56.079994950828,52043,87143,6265136,1.39091952672695,59.7213775059385
"6881",2022-08-20,44.4574029223112,57436,112719,6265136,1.79914689800828,50.9550297642811
"6882",2022-08-21,50.0600590422579,115490,203583,6265136,3.24945859116227,56.7287052455264
"6883",2022-08-22,51.6741197257162,112197,190168,6265136,3.03533714192318,58.9988851962475
"6884",2022-08-23,41.6113643038167,45690,91937,6265136,1.46743821682402,49.697075171041
"6885",2022-08-24,45.8067320656469,11623,21509,6265136,0.343312579327887,54.037844623181
"6886",2022-08-25,44.5642038600724,49377,99480,6265136,1.58783464556875,49.6351025331725
"6887",2022-08-26,45.0190974346425,52767,98076,6265136,1.56542491655409,53.8021534320323
"6888",2022-08-27,45.6328086894533,58207,106612,6265136,1.70167096133268,54.597043484786
"6889",2022-08-28,38.4810456558381,44472,95519,6265136,1.52461175623322,46.5582763638648
"6890",2022-08-29,45.1029798102651,46724,82220,6265136,1.31234182306657,56.8280223789832
"6891",2022-08-30,48.8696931802392,46303,79167,6265136,1.2636118354015,58.4877537357737
"6892",2022-08-31,53.6914920961316,100172,155620,6265136,2.48390457924616,64.3696183009896
"6893",2022-09-01,52.063839646929,83139,135950,6265136,2.16994491420458,61.1541007723428
"6894",2022-09-02,46.0380222787789,39731,78191,6265136,1.24803356224031,50.8127533859396
"6895",2022-09-03,40.8244165170557,18875,44560,6265136,0.711237553342816,42.3586175942549
"6896",2022-09-04,41.02278842234,9338,24530,6265136,0.391531803938494,38.0676722380758
"6897",2022-09-05,33.6486327368503,25166,64545,6265136,1.0302250422018,38.9898520412116
"6898",2022-09-06,39.9425956738769,2278,7212,6265136,0.115113223400099,31.5862451469773
"6899",2022-09-07,47.1643746025979,27029,55045,6265136,0.878592260407436,49.1034608047961
"6900",2022-09-08,37.2527527527528,9378,25974,6265136,0.414579986771237,36.1053361053361
"6901",2022-09-09,55.2136715653393,26732,32798,6265136,0.523500208135945,81.5049698152326
"6902",2022-09-10,50.0448715063684,13842,22219,6265136,0.354645134598834,62.2980332148162
"6903",2022-09-11,56.8478156887755,21322,25088,6265136,0.400438234700731,84.9888392857143
"6904",2022-09-12,64.0037261810334,46202,54211,6265136,0.865280498300436,85.2262455959123
"6905",2022-09-13,62.7638721240718,47964,54678,6265136,0.872734446626538,87.7208383627785
"6906",2022-09-14,66.4593414047565,87582,97298,6265136,1.5530069897924,90.0141832308989
"6907",2022-09-15,65.5159611316021,46088,53411,6265136,0.852511421938805,86.2893411469547
"6908",2022-09-16,64.0890349241859,56385,64368,6265136,1.02739988405679,87.5978747203579
"6909",2022-09-17,62.0067249109093,27906,34796,6265136,0.555390976349117,80.198873433728
"6910",2022-09-18,60.2425690499805,28270,33273,6265136,0.531081847225663,84.9637844498542
"6911",2022-09-19,73.8079181557004,134620,142710,6265136,2.27784360946035,94.3311610959288
"6912",2022-09-20,69.3972531935317,84442,94801,6265136,1.51315151019866,89.0729000748937
"6913",2022-09-21,71.7625009884809,103431,113811,6265136,1.8165766872419,90.8796162058149
"6914",2022-09-22,61.3106020245072,51432,65695,6265136,1.04858058947164,78.2890630946038
"6915",2022-09-23,59.6031666977941,39846,48189,6265136,0.769161275988263,82.6869202515097
"6916",2022-09-24,60.4517823639775,94961,135915,6265136,2.16938626711375,69.8679321634845
"6917",2022-09-25,49.428479237509,21140,40289,6265136,0.643066646917162,52.4708977636576
"6918",2022-09-26,33.541952544311,14787,41976,6265136,0.66999343669475,35.2272727272727
"6919",2022-09-27,52.0831003243485,41401,71528,6265136,1.14168311749338,57.8808298848004
"6920",2022-09-28,54.4918703358893,40626,68207,6265136,1.08867548924716,59.5628014719897
"6921",2022-09-29,53.0348151205419,24767,41189,6265136,0.657431857823996,60.1301318313142
"6922",2022-09-30,40.2659080352996,18257,43060,6265136,0.687295535164759,42.3989781699954
"6923",2022-10-01,52.6031351256677,32398,57095,6265136,0.911313018584114,56.7440231193625
"6924",2022-10-02,47.6857544936992,40680,78165,6265136,1.24761856725856,52.0437535981577
"6925",2022-10-03,57.1314363047117,91616,140395,6265136,2.24089309473888,65.2558851810962
"6926",2022-10-04,59.3360397680199,84919,120700,6265136,1.926534396061,70.3554266777133
"6927",2022-10-05,56.9715628133018,81673,117698,6265136,1.87861843701398,69.3920032625873
"6928",2022-10-06,55.292258379207,46588,71755,6265136,1.14530634291099,64.9264859591666
"6929",2022-10-07,53.0876966292135,11355,17800,6265136,0.284111949046278,63.7921348314607
"6930",2022-10-08,59.4210744372324,31920,43446,6265136,0.693456614509246,73.4705151222207
"6931",2022-10-09,51.1634425103994,14216,24761,6265136,0.395218874737915,57.4128670086022
"6932",2022-10-10,49.3155359704858,16609,29274,6265136,0.467252426762963,56.7363530778165
"6933",2022-10-24,67.4040697674419,314,344,6265136,0.0054907028355011,91.2790697674419
"6934",2022-10-25,68.7835497835498,810,924,6265136,0.0147482831976832,87.6623376623377
"6935",2022-10-26,82.3385490753912,1378,1406,6265136,0.0224416517055655,98.0085348506401
"6936",2022-10-27,17.4146341463415,0,41,6265136,0.000654415163533561,0
"6937",2022-10-28,51.5738396624473,159,237,6265136,0.00378283887213302,67.0886075949367
"6938",2022-10-29,78.9206349206349,656,693,6265136,0.0110612123982624,94.6608946608947
"6939",2022-10-30,49.9122807017544,30,57,6265136,0.00090979669076617,52.6315789473684
"6940",2022-10-31,NA,NA,0,6265136,0,NA
"6941",2022-11-01,NA,NA,0,6265136,0,NA
"6942",2022-11-02,NA,NA,0,6265136,0,NA
"6943",2022-11-03,NA,NA,0,6265136,0,NA
"6944",2022-11-04,NA,NA,0,6265136,0,NA
"6945",2022-11-05,NA,NA,0,6265136,0,NA
"6946",2022-11-06,NA,NA,0,6265136,0,NA
"6947",2022-11-07,NA,NA,0,6265136,0,NA
"6948",2022-11-08,NA,NA,0,6265136,0,NA
"6949",2022-11-09,NA,NA,0,6265136,0,NA
"6950",2022-11-10,NA,NA,0,6265136,0,NA
"6951",2022-11-11,NA,NA,0,6265136,0,NA
"6952",2022-11-12,NA,NA,0,6265136,0,NA
"6953",2022-11-13,NA,NA,0,6265136,0,NA
"6954",2022-11-14,NA,NA,0,6265136,0,NA
"6955",2022-11-15,NA,NA,0,6265136,0,NA
"6956",2022-11-16,NA,NA,0,6265136,0,NA
"6957",2022-11-17,NA,NA,0,6265136,0,NA
"6958",2022-11-18,NA,NA,0,6265136,0,NA
"6959",2022-11-19,NA,NA,0,6265136,0,NA
"6960",2022-11-20,NA,NA,0,6265136,0,NA
"6961",2022-11-21,NA,NA,0,6265136,0,NA
"6962",2022-11-22,NA,NA,0,6265136,0,NA
"6963",2022-11-23,NA,NA,0,6265136,0,NA
"6964",2022-11-24,NA,NA,0,6265136,0,NA
"6965",2022-11-25,NA,NA,0,6265136,0,NA
"6966",2023-01-18,NA,NA,0,6265136,0,NA
"6967",2023-01-19,NA,NA,0,6265136,0,NA
"6968",2023-01-20,NA,NA,0,6265136,0,NA
"6969",2023-01-21,NA,NA,0,6265136,0,NA
"6970",2023-01-22,NA,NA,0,6265136,0,NA
"6971",2023-01-23,NA,NA,0,6265136,0,NA
"6972",2023-01-24,NA,NA,0,6265136,0,NA
"6973",2023-01-25,NA,NA,0,6265136,0,NA
"6974",2023-01-26,NA,NA,0,6265136,0,NA
"6975",2023-01-27,NA,NA,0,6265136,0,NA
"6976",2023-01-28,NA,NA,0,6265136,0,NA
"6977",2023-01-29,NA,NA,0,6265136,0,NA
"6978",2023-01-30,NA,NA,0,6265136,0,NA
"6979",2023-01-31,NA,NA,0,6265136,0,NA
"6980",2023-02-01,NA,NA,0,6265136,0,NA
"6981",2023-02-02,NA,NA,0,6265136,0,NA
"6982",2023-02-03,NA,NA,0,6265136,0,NA
"6983",2023-02-04,NA,NA,0,6265136,0,NA
"6984",2023-02-05,NA,NA,0,6265136,0,NA
"6985",2023-02-06,NA,NA,0,6265136,0,NA
"6986",2023-02-07,NA,NA,0,6265136,0,NA
"6987",2023-02-08,NA,NA,0,6265136,0,NA
"6988",2023-02-09,NA,NA,0,6265136,0,NA
"6989",2023-02-10,NA,NA,0,6265136,0,NA
"6990",2023-02-11,NA,NA,0,6265136,0,NA
"6991",2023-02-12,63.9178356713427,789,998,6265136,0.015929422761134,79.0581162324649
"6992",2023-02-13,NA,NA,0,6265136,0,NA
"6993",2023-02-14,NA,NA,0,6265136,0,NA
"6994",2023-02-15,55.984375,43,64,6265136,0.00102152610893044,67.1875
"6995",2023-02-16,51.86,40,50,6265136,0.000798067272601904,80
"6996",2023-02-17,42.9347826086956,90,184,6265136,0.00293688756317501,48.9130434782609
"6997",2023-02-18,41.0531914893617,83,188,6265136,0.00300073294498316,44.1489361702128
"6998",2023-02-19,53.6231343283582,312,536,6265136,0.00855528116229241,58.2089552238806
"6999",2023-02-20,45.4585987261147,41,157,6265136,0.00250593123596998,26.1146496815287
"7000",2023-02-21,44.3274336283186,27,113,6265136,0.0018036320360803,23.8938053097345
"7001",2023-02-22,49.1666666666667,10,24,6265136,0.000383072290848914,41.6666666666667
"7002",2023-02-23,68.8327922077922,561,616,6265136,0.00983218879845545,91.0714285714286
"7003",2023-02-24,60.5180722891566,362,415,6265136,0.0066239583625958,87.2289156626506
"7004",2023-02-25,NA,NA,0,6265136,0,NA
"7005",2023-02-26,56.7285342584562,825,1153,6265136,0.0184034313061999,71.5524718126626
"7006",2023-02-27,77.9003759398496,1492,1596,6265136,0.0254743073414528,93.483709273183
"7007",2023-02-28,78.3149928774929,5440,5616,6265136,0.0896389160586458,96.8660968660969
"7008",2023-03-01,61.1145938318887,8505,9922,6265136,0.158368469575122,85.7186051199355
"7009",2023-03-02,57.3293032628071,10880,12903,6265136,0.205949240367647,84.3214756258235
"7010",2023-03-03,51.8084499740798,6933,11574,6265136,0.184736612261889,59.9015033696216
"7011",2023-03-04,61.9429372590256,23678,28530,6265136,0.455377185746646,82.9933403434981
"7012",2023-03-05,62.5056219143176,26778,31395,6265136,0.501106440466735,85.2938365981844
"7013",2023-03-06,59.9355344109442,44297,52338,6265136,0.835384898268769,84.6364018495166
"7014",2023-03-07,63.3725955110263,50946,56093,6265136,0.895319750441172,90.8241670083611
"7015",2023-03-08,61.2363241545001,70928,86576,6265136,1.38186944385565,81.9257068933654
"7016",2023-03-09,58.835429985564,30128,38792,6265136,0.619172512775461,77.6654980408332
"7017",2023-03-10,61.7625432331671,37915,44526,6265136,0.710694867597447,85.1524951713606
"7018",2023-03-11,63.9889949615487,60198,67878,6265136,1.08342420659344,88.6855829576593
"7019",2023-03-12,65.4938493250881,67434,75195,6265136,1.200213371266,89.6788350289248
"7020",2023-03-13,61.2069069437778,78419,89591,6265136,1.42999290039354,87.5299974327778
"7021",2023-03-14,71.9708294568096,137576,139730,6265136,2.23027880001328,98.4584555929292
"7022",2023-03-15,70.5743453021445,143998,145907,6265136,2.32887203087052,98.6916323411488
"7023",2023-03-16,73.1238922047387,148079,149283,6265136,2.3827575331166,99.193478158933
"7024",2023-03-17,62.7058349451966,65590,68244,6265136,1.08926605902889,96.1110134224254
"7025",2023-03-18,58.4405009799118,27555,32656,6265136,0.521233697081755,84.3795933365997
"7026",2023-03-19,64.6715166135811,50629,53059,6265136,0.846893028339688,95.4201926157673
"7027",2023-03-20,65.1912956461826,57588,60958,6265136,0.972971696065337,94.4716033990616
"7028",2023-03-21,69.0724299065421,55911,56924,6265136,0.908583628511815,98.2204342632282
"7029",2023-03-22,58.9302742329623,17074,18415,6265136,0.293928176499281,92.7178930219929
"7030",2023-03-23,69.7066695702097,99800,101026,6265136,1.6125108856376,98.7864510126106
"7031",2023-03-24,68.8978711562544,128193,129366,6265136,2.06485541574836,99.0932702564816
"7032",2023-03-25,71.3655285296661,139241,139907,6265136,2.23310395815829,99.523969494021
"7033",2023-03-26,69.7840569943198,102509,103870,6265136,1.65790495210319,98.6897082892077
"7034",2023-03-27,67.559824726588,53135,55228,6265136,0.881513186625159,96.2102556674151
"7035",2023-03-28,71.8525728212587,126349,127195,6265136,2.03020333477198,99.3348795157042
"7036",2023-03-29,70.7191359598576,97907,98051,6265136,1.56502588291779,99.8531376528541
"7037",2023-03-30,71.1680883497665,123113,123328,6265136,1.96848081190895,99.8256681370005
"7038",2023-03-31,66.6338366336634,39921,40400,6265136,0.644838356262338,98.8143564356436
"7039",2023-04-01,69.6164071493487,82294,82525,6265136,1.31721003342944,99.720084822781
"7040",2023-04-02,68.2278350719531,50432,50519,6265136,0.806351210891511,99.8277875650745
"7041",2023-04-03,62.0342356016528,11715,11859,6265136,0.18928559571572,98.7857323551733
"7042",2023-04-04,70.4510283118901,176304,176357,6265136,2.81489499988508,99.9699473227601
"7043",2023-04-05,65.8720318087918,44955,45019,6265136,0.718563810905302,99.857837801817
"7044",2023-04-06,63.2126886020723,10799,11002,6265136,0.175606722663323,98.1548809307399
"7045",2023-04-07,77.7137193879441,53553,53982,6265136,0.861625350191919,99.2052906524397
"7046",2023-04-08,72.3948966958137,51377,51692,6265136,0.825073869106752,99.3906213727463
"7047",2023-04-09,63.7756878693525,14324,15737,6265136,0.251183693378723,91.0211603228061
"7048",2023-04-10,77.6084300494005,109155,109513,6265136,1.74797482448905,99.6730981709934
"7049",2023-04-11,71.9649465852728,20325,20968,6265136,0.334677491438334,96.9334223578787
"7050",2023-04-12,78.3683221333712,112568,112798,6265136,1.80040784429899,99.7960956754552
"7051",2023-04-13,81.7166629661225,84705,85573,6265136,1.36586021436725,98.9856613651502
"7052",2023-04-14,80.6073318558053,43605,44218,6265136,0.705778773198219,98.6136867339093
"7053",2023-04-15,85.3294092156579,95859,96922,6265136,1.54700552390243,98.9032417820515
"7054",2023-04-16,63.4945104526997,6037,6649,6265136,0.106126985910601,90.7956083621597
"7055",2023-04-17,76.7259320326097,42616,43668,6265136,0.697000033199598,97.5909132545571
"7056",2023-04-18,61.619156626506,7538,8300,6265136,0.132479167251916,90.8192771084337
"7057",2023-04-19,73.7798165137615,49637,50140,6265136,0.800301860965189,98.9968089349821
"7058",2023-04-20,76.7073235262991,132153,132286,6265136,2.11146254446831,99.899460260345
"7059",2023-04-21,76.3585718659115,130578,130660,6265136,2.08550939676329,99.9372416960049
"7060",2023-04-22,72.4595211893441,95939,96322,6265136,1.53742871663121,99.60237536596
"7061",2023-04-23,76.7138396401164,75027,75580,6265136,1.20635848926504,99.2683249536915
"7062",2023-04-24,74.719053026994,137149,137364,6265136,2.19251425667376,99.843481552663
"7063",2023-04-25,77.6028241675913,210730,210894,6265136,3.36615198776212,99.9222358151488
"7064",2023-04-26,71.095769758827,38577,38603,6265136,0.616155818485026,99.9326477216797
"7065",2023-04-27,76.0491035023793,96830,96877,6265136,1.54628726335709,99.9514848725704
"7066",2023-04-28,66.3734705228031,13752,14384,6265136,0.229587992982116,95.6062291434928
"7067",2023-04-29,77.8962610899873,31060,31560,6265136,0.503740062466322,98.4157160963245
"7068",2023-04-30,73.1999849804746,53215,53264,6265136,0.850165104157356,99.9080054070291
"7069",2023-05-01,77.3379228095351,206206,206269,6265136,3.29233076504644,99.9694573590797
"7070",2023-05-02,77.7375751048634,176336,176420,6265136,2.81590056464856,99.9523863507539
"7071",2023-05-03,78.1839070352311,227128,227441,6265136,3.63026437095699,99.8623818924468
"7072",2023-05-04,75.2521552302941,37174,37235,6265136,0.594320697906638,99.8361756411978
"7073",2023-05-05,77.8567480423768,19502,19539,6265136,0.311868728787372,99.8106351399765
"7074",2023-05-06,68.7590793352988,29683,29848,6265136,0.476414239052432,99.4471991423211
"7075",2023-05-07,69.4669744724692,25888,26207,6265136,0.418298980261562,98.782767962758
"7076",2023-05-08,73.6298623578695,13170,13368,6265136,0.213371266002845,98.5188509874327
"7077",2023-05-09,75.0594594594595,369,370,6265136,0.00590569781725409,99.7297297297297
"7078",2023-05-10,71.2513353817065,21135,21155,6265136,0.337662263037865,99.9054597021981
"7079",2023-05-11,78.8714017665095,21700,21851,6265136,0.348771359472484,99.3089561118484
"7080",2023-05-12,78.9782352239439,150817,150886,6265136,2.40834356987622,99.9542701112098
"7081",2023-05-13,68.8424671550771,24166,24433,6265136,0.389983553429646,98.9072156509639
"7082",2023-05-14,74.0843353090601,23419,23620,6265136,0.377006979577139,99.1490262489416
"7083",2023-05-15,71.5269544056511,29548,29587,6265136,0.47224832788945,99.8681853516747
"7084",2023-05-16,71.1444427778611,46072,46669,6265136,0.744900030901165,98.7207782468019
"7085",2023-05-17,72.6616613979628,11285,11388,6265136,0.18176780200781,99.0955391640323
"7086",2023-05-18,75.3164939631276,214475,215012,6265136,3.43188080833361,99.7502464978699
"7087",2023-05-19,79.9032709512559,176235,176493,6265136,2.81706574286656,99.8538185650422
"7088",2023-05-20,79.3674458719962,33190,33624,6265136,0.536684279479328,98.7092552938377
"7089",2023-05-21,84.819647117236,81763,82577,6265136,1.31804002339295,99.0142533635274
"7090",2023-05-22,84.8117112465145,96186,96830,6265136,1.54553708012085,99.3349168646081
"7091",2023-05-23,71.4535794183445,6596,7152,6265136,0.114155542672976,92.2259507829978
"7092",2023-05-24,76.8292230749332,22928,23194,6265136,0.370207446414571,98.8531516771579
"7093",2023-05-25,72.4052486264886,35429,35857,6265136,0.572325963873729,98.806369746493
"7094",2023-05-26,74.3809096134502,27544,27836,6265136,0.444300012002932,98.9509987067107
"7095",2023-05-27,76.9960798495588,137477,138260,6265136,2.20681562219878,99.4336756834949
"7096",2023-05-28,77.9290892197288,231990,233547,6265136,3.72772434628714,99.3333247697466
"7097",2023-05-29,77.865113716849,50498,50828,6265136,0.811283266636191,99.3507515542614
"7098",2023-05-30,70.0008190846729,9627,9767,6265136,0.155894461030056,98.5666018224634
"7099",2023-05-31,64.5930642933865,6146,6517,6265136,0.104020088310932,94.3071965628357
"7100",2023-06-01,76.4702501435002,129099,132404,6265136,2.11334598323165,97.5038518473762
"7101",2023-06-02,78.89586890012,115730,118322,6265136,1.88857831657605,97.8093676577475
"7102",2023-06-03,79.4952043743277,42599,44624,6265136,0.712259079451747,95.4620831839369
"7103",2023-06-04,81.603849180797,54623,55908,6265136,0.892366901532545,97.7015811690635
"7104",2023-06-05,78.3445944842676,59069,61243,6265136,0.977520679519168,96.4502065542184
"7105",2023-06-06,80.561946162849,157707,161487,6265136,2.57754979301327,97.6592543053001
"7106",2023-06-07,80.8265814405969,147192,149563,6265136,2.38722670984317,98.4147148693193
"7107",2023-06-08,81.8385475229843,145759,151190,6265136,2.41319581889364,96.4078312057676
"7108",2023-06-09,78.5046317487304,43368,45879,6265136,0.732290567994055,94.5269077355653
"7109",2023-06-10,78.768590436863,30226,30513,6265136,0.487028533778038,99.0594172975453
"7110",2023-06-11,81.1924949036901,23796,24037,6265136,0.383662860630639,98.9973790406457
"7111",2023-06-12,75.930558592706,39784,41157,6265136,0.656921094769531,96.6639939742936
"7112",2023-06-13,77.5069014237583,44464,46005,6265136,0.734301697521011,96.6503640908597
"7113",2023-06-14,79.7877860865624,40424,44130,6265136,0.70437417479844,91.6020847496034
"7114",2023-06-15,78.4631851329099,23713,25506,6265136,0.407110077099683,92.9702815023916
"7115",2023-06-16,77.7969709877905,182917,194849,6265136,3.11005219998417,93.8762836863417
"7116",2023-06-17,78.0119241296151,50396,52247,6265136,0.833932415832633,96.4572128543266
"7117",2023-06-18,66.983843537415,5040,5880,6265136,0.0938527112579839,85.7142857142857
"7118",2023-06-19,82.4158413517954,78938,85220,6265136,1.36022585942268,92.6284909645623
"7119",2023-06-20,77.104066139098,79465,93258,6265136,1.48852315416617,85.2098479487015
"7120",2023-06-21,72.2963931772417,81903,101308,6265136,1.61701198505507,80.8455403324515
"7121",2023-06-22,75.6249046501921,61333,69481,6265136,1.10901024335306,88.2730530648667
"7122",2023-06-23,76.4251084621541,82423,94964,6265136,1.51575320950734,86.7939429678615
"7123",2023-06-24,78.0993538114018,47379,54009,6265136,0.862056306519124,87.724268177526
"7124",2023-06-25,83.1890293678447,47416,50225,6265136,0.801658575328612,94.4071677451468
"7125",2023-06-26,81.0441998001343,109639,122082,6265136,1.94859297547571,89.8076702544192
"7126",2023-06-27,78.8945864661654,82469,93100,6265136,1.48600126158474,88.5810955961332
"7127",2023-06-28,75.0719014778325,85623,101500,6265136,1.62007656338186,84.3576354679803
"7128",2023-06-29,81.5628733572282,132635,147312,6265136,2.35129772123063,90.0367926577604
"7129",2023-06-30,73.1477169779591,148930,184339,6265136,2.94229845928325,80.7913680772924
"7130",2023-07-01,75.3946394928958,169575,203824,6265136,3.25330527541621,83.1967776120575
"7131",2023-07-02,68.9798597553687,114683,150594,6265136,2.40368285700422,76.1537644262056
"7132",2023-07-03,68.552417618039,169931,225201,6265136,3.59451095714443,75.457480206571
"7133",2023-07-04,68.4708779622966,143076,190646,6265136,3.04296666504925,75.0479947127136
"7134",2023-07-05,64.530271588679,162619,230827,6265136,3.68430948665759,70.4505972005008
"7135",2023-07-06,62.9751409556045,156773,228086,6265136,3.64055943877356,68.7341616758591
"7136",2023-07-07,62.3201116627502,153689,226396,6265136,3.61358476495961,67.8850333044753
"7137",2023-07-08,60.9905856737919,97413,146054,6265136,2.33121834865197,66.6965642844427
"7138",2023-07-09,64.3939518981372,83141,118748,6265136,1.89537784973862,70.0146528783643
"7139",2023-07-10,66.1530205915547,68776,93922,6265136,1.49912148754632,73.2267200442921
"7140",2023-07-11,68.9484118044605,27907,35512,6265136,0.566819299692776,78.5847037621086
"7141",2023-07-12,45.4852300995025,3023,6432,6265136,0.102663373947509,46.9993781094527
"7142",2023-07-13,57.5435237038375,72313,116247,6265136,1.85545852476307,62.2063365076088
"7143",2023-07-14,59.1712315170641,125404,196465,6265136,3.13584573423466,63.8301987631385
"7144",2023-07-15,48.0714898527837,70630,131711,6265136,2.10228477083339,53.6249819680968
"7145",2023-07-16,47.0735620585267,46475,89190,6265136,1.42359240086728,52.1078596255186
"7146",2023-07-17,57.9817927737003,109089,173173,6265136,2.76407407596579,62.9942312023237
"7147",2023-07-18,45.2449853049228,56657,108880,6265136,1.73787129281791,52.0361866274798
"7148",2023-07-19,52.1988528803681,112854,194923,6265136,3.11123333954762,57.896707930824
"7149",2023-07-20,56.9558199118209,137479,220914,6265136,3.52608466919154,62.2319092497533
"7150",2023-07-21,72.6982045062392,63717,79978,6265136,1.2765564865631,79.6681587436545
"7151",2023-07-22,64.5850526729903,64906,91508,6265136,1.4605907996251,70.929317655287
"7152",2023-07-23,45.5398632667507,60479,115846,6265136,1.8490580252368,52.2063774321081
"7153",2023-07-24,57.2221088031652,79601,126375,6265136,2.01711503150131,62.9879327398615
"7154",2023-07-25,57.92518358297,94043,147481,6265136,2.35399518861203,63.7661800503116
"7155",2023-07-26,58.996465228924,110801,173420,6265136,2.76801652829244,63.8917079921578
"7156",2023-07-27,45.3391445917987,30104,58966,6265136,0.941176695924877,51.0531492724621
"7157",2023-07-28,34.8407472334831,7202,18254,6265136,0.291358399881503,39.4543661663197
"7158",2023-07-29,46.3697064228024,26794,46802,6265136,0.747022889846286,57.2496901841802
"7159",2023-07-30,39.6249055748603,10820,26476,6265136,0.42259258218816,40.8672004834567
"7160",2023-07-31,52.325459832992,61904,106941,6265136,1.7069222439864,57.8861241245173
"7161",2023-08-01,50.7642908329199,40636,72564,6265136,1.15821907138169,56.0002204950113
"7162",2023-08-02,31.4558565923158,11664,34252,6265136,0.546708004423208,34.053485927829
"7163",2023-08-03,57.8775140287145,84252,132407,6265136,2.11339386726801,63.6310769068101
"7164",2023-08-04,52.5972716305256,19486,32327,6265136,0.515982414428035,60.2777863705262
"7165",2023-08-05,42.4601498948908,9943,21882,6265136,0.349266161181497,45.4391737501143
"7166",2023-08-06,53.4050437885177,28523,49328,6265136,0.787341248458134,57.8231430424911
"7167",2023-08-07,29.755937936613,2552,13599,6265136,0.217058336802266,18.7660857415986
"7168",2023-08-08,44.2754742003382,80185,164382,6265136,2.62375788809692,48.7796717402149
"7169",2023-08-09,54.418501048218,77551,129744,6265136,2.07088880432923,59.7723208780367
"7170",2023-08-10,59.1884737594349,54254,84659,6265136,1.35127154462409,64.0853305614288
"7171",2023-08-11,30.5247385358005,2881,9944,6265136,0.158719619175067,28.9722445695897
"7172",2023-08-12,35.2236241026757,1481,4597,6265136,0.073374305043019,32.2166630411138
"7173",2023-08-13,46.5629333978391,13509,24804,6265136,0.395905212592352,54.4629898403483
"7174",2023-08-14,58.631678118208,70452,114104,6265136,1.82125336145935,61.7436724391783
"7175",2023-08-15,59.8501087335893,26340,37247,6265136,0.594512234052062,70.7171047332671
"7176",2023-08-16,42.3321264159727,18445,38666,6265136,0.617161383248504,47.70340867946
"7177",2023-08-17,54.2104748876295,62876,107457,6265136,1.71515829823966,58.5127074085448
"7178",2023-08-18,48.2616093785568,27382,52716,6265136,0.841418286849639,51.9424842552546
"7179",2023-08-19,52.1389241977988,37112,64510,6265136,1.02966639511098,57.5290652611998
"7180",2023-08-20,65.0408900963542,63246,86867,6265136,1.38651419538219,72.8078556874302
"7181",2023-08-21,59.9818655390752,63054,91759,6265136,1.46459709733356,68.7169650933423
"7182",2023-08-22,56.6783165041783,30430,45952,6265136,0.733455746212053,66.221274373259
"7183",2023-08-23,56.6250386992112,101745,161502,6265136,2.57778921319505,62.9992198239031
"7184",2023-08-24,58.8257913728711,79964,126647,6265136,2.02145651746427,63.1392768877273
"7185",2023-08-25,53.0316577431551,114027,197045,6265136,3.14510331459684,57.8685071937882
"7186",2023-08-26,40.3580527461273,28368,62488,6265136,0.997392554606955,45.397516323134
"7187",2023-08-27,47.9052508223137,38390,75093,6265136,1.19858531402989,51.1232738071458
"7188",2023-08-28,57.2214462325945,58460,92212,6265136,1.47182758682333,63.3973886262092
"7189",2023-08-29,34.1271092735926,6860,20801,6265136,0.332011946747844,32.9791836930917
"7190",2023-08-30,52.1222488559599,2993,4589,6265136,0.0732466142794027,65.2211810852038
"7191",2023-08-31,33.3611713665944,9235,30426,6265136,0.48563989672371,30.3523302438704
"7192",2023-09-01,51.2278494274952,113542,200435,6265136,3.19921227567925,56.6477910544566
"7193",2023-09-02,55.2044190199461,99066,165195,6265136,2.63673446194943,59.9691273948969
"7194",2023-09-03,41.7369732153495,41054,92329,6265136,1.47369506424122,44.4649026849636
"7195",2023-09-04,51.8013375605293,36321,63399,6265136,1.01193334031376,57.2895471537406
"7196",2023-09-05,41.4171855260783,20596,44328,6265136,0.707534521197944,46.46273235878
"7197",2023-09-06,49.3915311445229,24974,48885,6265136,0.780270372422881,51.0872455763527
"7198",2023-09-07,48.7363087117521,81124,133406,6265136,2.12933925137459,60.8098586270483
"7199",2023-09-08,57.1518682805804,11642,13301,6265136,0.212301855857558,87.5272535899556
"7200",2023-09-09,50.6598605482031,29879,52061,6265136,0.830963605578554,57.3922898138722
"7201",2023-09-10,54.0219102962842,77516,122180,6265136,1.95015718733001,63.4440988705189
"7202",2023-09-11,38.979111789675,26244,59603,6265136,0.951344072977825,44.031340704327
"7203",2023-09-12,48.1716492325741,29585,51145,6265136,0.816343013144487,57.8453416756281
"7204",2023-09-13,38.7194910352805,2909,6916,6265136,0.110388665146295,42.0618854829381
"7205",2023-09-14,40.0170414617006,12531,28460,6265136,0.454259891565004,44.0302178496135
"7206",2023-09-15,50.2342848904268,18287,27744,6265136,0.442831568221344,65.9133506343714
"7207",2023-09-16,60.3855737112937,64148,77539,6265136,1.23762676500558,82.7299810417983
"7208",2023-09-17,58.3950284516322,37678,43407,6265136,0.692834122036617,86.8016679337434
"7209",2023-09-18,64.0635566560451,87425,98542,6265136,1.57286290353474,88.7185159627367
"7210",2023-09-19,68.338348942817,143998,158771,6265136,2.53419877876554,90.6954040725321
"7211",2023-09-20,63.9033655783958,106824,119088,6265136,1.90080470719231,89.701733172108
"7212",2023-09-21,63.2915527915667,62904,71716,6265136,1.14468385043836,87.7126443192593
"7213",2023-09-22,68.5341609494082,113788,126226,6265136,2.01473679102896,90.1462456229303
"7214",2023-09-23,67.7606568875237,151047,165386,6265136,2.63978307893077,91.3299795629618
"7215",2023-09-24,65.6522860140908,58497,66710,6265136,1.06478135510546,87.6885024733923
"7216",2023-09-25,67.9436881670172,92096,102696,6265136,1.6391663325425,89.6782737399704
"7217",2023-09-26,72.155491959662,141990,154098,6265136,2.45961141146816,92.1426624615504
"7218",2023-09-27,70.3263978775058,144972,155289,6265136,2.47862137390154,93.3562583312405
"7219",2023-09-28,58.5045388900351,24022,29082,6265136,0.464187848436171,82.6009215322192
"7220",2023-09-29,59.4019699188074,39071,45078,6265136,0.719505530286972,86.6742091485869
"7221",2023-09-30,63.6242253133177,89449,101654,6265136,1.62253461058148,87.9935860861353
"7222",2023-10-01,64.3400332754276,71468,81742,6265136,1.3047122999405,87.4311859264515
"7223",2023-10-02,64.4950742040506,40057,47302,6265136,0.755003562572305,84.6835228954378
"7224",2023-10-03,56.7669478357381,35511,45050,6265136,0.719058612614315,78.8257491675916
"7225",2023-10-04,58.5473121967952,16670,20407,6265136,0.325723176639741,81.6876561964032
"7226",2023-10-05,64.060896963986,59855,67918,6265136,1.08406266041152,88.1283312229453
"7227",2023-10-06,57.9363366603723,21459,25949,6265136,0.414180953134936,82.6968283941578
"7228",2023-10-07,65.92001417192,71776,81852,6265136,1.30646804794022,87.6899770317158
"7229",2023-10-08,64.4581458809647,21722,27118,6265136,0.432839765968368,80.1017774172137
"7230",2023-10-09,57.6552503673562,13294,17694,6265136,0.282420046428362,75.1328133830677
"7231",2023-10-10,64.699678438452,30076,35452,6265136,0.565861618965654,84.8358343675956
"7232",2023-10-11,63.6518849840256,13382,15650,6265136,0.249795056324396,85.5079872204473
"7233",2023-10-12,37.9199457259159,253,737,6265136,0.0117635115981521,34.3283582089552
"7234",2023-10-13,54.498127340824,197,267,6265136,0.00426167923569417,73.7827715355805
"7235",2023-10-14,53.1860465116279,116,215,6265136,0.00343168927218819,53.953488372093
"7236",2023-10-15,55.2344827586207,110,145,6265136,0.00231439509054552,75.8620689655172
"7237",2023-10-16,55.1371640407785,807,1079,6265136,0.0172222917427491,74.7914735866543
"7238",2023-10-17,54.9013806706114,327,507,6265136,0.0080924021441833,64.4970414201183
"7239",2023-10-18,55.8499184339315,870,1226,6265136,0.0195686095241987,70.9624796084829
"7240",2023-10-19,NA,NA,0,6265136,0,NA
"7241",2023-10-20,72.7262658227848,528,632,6265136,0.0100875703256881,83.5443037974684
"7242",2023-10-21,59.9115044247788,520,791,6265136,0.0126254242525621,65.7395701643489
"7243",2023-10-22,59.5075630252101,387,595,6265136,0.00949700054396265,65.0420168067227
"7244",2023-10-23,NA,NA,0,6265136,0,NA
"7245",2023-10-24,19.7368421052632,3,95,6265136,0.00151632781794362,3.15789473684211
"7246",2023-10-25,62.3847006651885,739,902,6265136,0.0143971335977383,81.9290465631929
"7247",2023-10-26,65.9612462006079,1000,1316,6265136,0.0210051306148821,75.9878419452888
"7248",2023-10-27,63.2980535279805,596,822,6265136,0.0131202259615753,72.5060827250608
"7249",2023-10-28,71.2814021421616,869,1027,6265136,0.0163923017792431,84.6153846153846
"7250",2023-10-29,62.6262458471761,451,602,6265136,0.00960872996212692,74.9169435215947
"7251",2023-10-30,NA,NA,0,6265136,0,NA
"7252",2023-10-31,53.7674418604651,31,43,6265136,0.000686337854437637,72.0930232558139
"7253",2023-11-01,NA,NA,0,6265136,0,NA
"7254",2023-11-02,NA,NA,0,6265136,0,NA
"7255",2023-11-03,NA,NA,0,6265136,0,NA
"7256",2023-11-04,NA,NA,0,6265136,0,NA
"7257",2023-11-05,NA,NA,0,6265136,0,NA
"7258",2023-11-06,NA,NA,0,6265136,0,NA
"7259",2023-11-07,NA,NA,0,6265136,0,NA
"7260",2024-01-28,NA,NA,0,6265136,0,NA
"7261",2024-01-29,NA,NA,0,6265136,0,NA
"7262",2024-01-30,NA,NA,0,6265136,0,NA
"7263",2024-01-31,NA,NA,0,6265136,0,NA
"7264",2024-02-01,NA,NA,0,6265136,0,NA
"7265",2024-02-02,NA,NA,0,6265136,0,NA
"7266",2024-02-03,NA,NA,0,6265136,0,NA
"7267",2024-02-04,NA,NA,0,6265136,0,NA
"7268",2024-02-05,NA,NA,0,6265136,0,NA
"7269",2024-02-06,NA,NA,0,6265136,0,NA
"7270",2024-02-07,NA,NA,0,6265136,0,NA
"7271",2024-02-08,NA,NA,0,6265136,0,NA
"7272",2024-02-09,NA,NA,0,6265136,0,NA
"7273",2024-02-10,NA,NA,0,6265136,0,NA
"7274",2024-02-11,NA,NA,0,6265136,0,NA
"7275",2024-02-12,43.2078313253012,4,332,6265136,0.00529916669007664,1.20481927710843
"7276",2024-02-13,56.55,70,80,6265136,0.00127690763616305,87.5
"7277",2024-02-14,53.3985815602837,584,705,6265136,0.0112527485436868,82.8368794326241
"7278",2024-02-15,48.2048192771084,81,166,6265136,0.00264958334503832,48.7951807228916
"7279",2024-02-16,74.5843137254902,730,765,6265136,0.0122104292708091,95.4248366013072
"7280",2024-02-17,76.7149950347567,998,1007,6265136,0.0160730748702023,99.1062562065541
"7281",2024-02-18,58.4112081513828,1087,1374,6265136,0.0219308886511003,79.1120815138282
"7282",2024-02-19,65.1967467079783,1062,1291,6265136,0.0206060969785812,82.2618125484121
"7283",2024-02-20,43.5714285714286,8,91,6265136,0.00145248243613546,8.79120879120879
"7284",2024-02-21,46.9132947976879,34,173,6265136,0.00276131276320259,19.6531791907514
"7285",2024-02-22,53.7414448669202,176,263,6265136,0.00419783385388601,66.9201520912547
"7286",2024-02-23,52.4958263772955,408,599,6265136,0.00956084592577081,68.1135225375626
"7287",2024-02-24,NA,NA,0,6265136,0,NA
"7288",2024-02-25,49.8897959183673,358,735,6265136,0.011731588907248,48.7074829931973
"7289",2024-02-26,64.3993902439024,289,328,6265136,0.00523532130826849,88.109756097561
"7290",2024-02-27,55.6461538461538,378,455,6265136,0.00726241218067732,83.0769230769231
"7291",2024-02-28,51.9049504950495,301,505,6265136,0.00806047945327923,59.6039603960396
"7292",2024-02-29,51.449168207024,319,541,6265136,0.0086350878895526,58.9648798521257
"7293",2024-03-01,71.9213975675792,22780,23269,6265136,0.371404547323474,97.8984915552881
"7294",2024-03-02,70.3407304083185,14147,15772,6265136,0.251742340469544,89.6969312706061
"7295",2024-03-03,58.6123762376238,1760,2020,6265136,0.0322419178131169,87.1287128712871
"7296",2024-03-04,69.0111717659007,52587,55139,6265136,0.880092626879927,95.3716969839859
"7297",2024-03-05,60.0622509960159,42098,46184,6265136,0.737158778356926,91.1527801836134
"7298",2024-03-06,71.497986561869,80497,87661,6265136,1.39918750367111,91.8276086286946
"7299",2024-03-07,65.1507320082076,70651,79439,6265136,1.26795332136445,88.9374236835811
"7300",2024-03-08,71.3189769591079,136268,142399,6265136,2.27287963102477,95.6944922366028
"7301",2024-03-09,70.0727214852286,107866,116238,6265136,1.855314872654,92.7975360897469
"7302",2024-03-10,70.6182485892575,127880,133972,6265136,2.13837337290044,95.4527811781566
"7303",2024-03-11,52.647,3142,5000,6265136,0.0798067272601904,62.84
"7304",2024-03-12,61.2153412244775,58543,66657,6265136,1.0639354037965,87.8272349490676
"7305",2024-03-13,57.9632443161314,44625,55420,6265136,0.88457776495195,80.521472392638
"7306",2024-03-14,63.8924956187387,71981,76462,6265136,1.22043639595374,94.1395725981533
"7307",2024-03-15,62.6919530718993,60131,67678,6265136,1.08023193750303,88.8486657407134
"7308",2024-03-16,65.9054643250071,70130,73623,6265136,1.1751221362154,95.255558724855
"7309",2024-03-17,68.8182752849287,121796,125470,6265136,2.00267001386722,97.071809994421
"7310",2024-03-18,70.1718034279623,178490,180107,6265136,2.87475004533022,99.1022003586757
"7311",2024-03-19,71.2222301979515,179911,181105,6265136,2.89067946809136,99.3407139504707
"7312",2024-03-20,71.398212704455,195715,196498,6265136,3.13637245863458,99.6015226618083
"7313",2024-03-21,73.2678820442223,224153,224457,6265136,3.58263571612811,99.8645620319259
"7314",2024-03-22,68.6951856510909,119499,120037,6265136,1.91595202402629,99.5518048601681
"7315",2024-03-23,68.7687512878632,113532,116472,6265136,1.85904982748978,97.4757881722646
"7316",2024-03-24,68.8345337209815,89945,90804,6265136,1.44935401242687,99.0540064314347
"7317",2024-03-25,73.4147747598285,192524,192883,6265136,3.07867219482546,99.8138768061467
"7318",2024-03-26,71.9610614581241,159212,159328,6265136,2.54308924818232,99.927194215706
"7319",2024-03-27,67.1773654488879,25422,26031,6265136,0.415489783462003,97.660481733318
"7320",2024-03-28,62.0180753727046,30952,31258,6265136,0.498919736139806,99.0210506110436
"7321",2024-03-29,68.5051155740811,91768,92365,6265136,1.4742696726775,99.3536512748335
"7322",2024-03-30,69.8053297536481,80046,80454,6265136,1.28415408699827,99.4928779178164
"7323",2024-03-31,68.1432906590801,52516,52725,6265136,0.841561938958707,99.6036036036036
"7324",2024-04-01,70.3432173875961,70260,70349,6265136,1.12286469120543,99.8734878960611
"7325",2024-04-02,72.7342978700194,146594,146668,6265136,2.34101861475952,99.949545913219
"7326",2024-04-03,68.9439902744987,56623,56758,6265136,0.905934045166777,99.7621480672328
"7327",2024-04-04,62.736771214162,41430,41576,6265136,0.663608898513935,99.6488358668463
"7328",2024-04-05,69.0459950802731,68574,68703,6265136,1.09659231659137,99.8122352735688
"7329",2024-04-06,71.1001295857724,111338,111895,6265136,1.7859947493558,99.5022118950802
"7330",2024-04-07,73.2117577363586,156920,156986,6265136,2.50570777713365,99.9579580344744
"7331",2024-04-08,72.5190004790037,99724,100208,6265136,1.59945450505783,99.5170046303688
"7332",2024-04-09,65.7524934252965,19905,20153,6265136,0.321668994894923,98.7694139830298
"7333",2024-04-10,69.7014298435741,59413,59517,6265136,0.94997139726895,99.8252600097451
"7334",2024-04-11,71.7232276237263,134378,134551,6265136,2.14761499191717,99.8714242183261
"7335",2024-04-12,73.9590372862084,211061,211070,6265136,3.36896118456168,99.9957360117497
"7336",2024-04-13,73.7439240105109,97564,97803,6265136,1.56106746924568,99.7556312178563
"7337",2024-04-14,77.1838435381369,235461,235559,6265136,3.75983857333664,99.9583968347633
"7338",2024-04-15,76.9098156015943,228165,228310,6265136,3.64413478015481,99.9364898602777
"7339",2024-04-16,76.0380679278579,172134,172271,6265136,2.74967694236805,99.92047413668
"7340",2024-04-17,76.8312313401602,214966,215034,6265136,3.43223195793355,99.9683770938549
"7341",2024-04-18,72.609177519728,62214,62348,6265136,0.99515796624367,99.7850773080131
"7342",2024-04-19,71.6397524845303,26597,26665,6265136,0.425609276478595,99.7449840615038
"7343",2024-04-20,70.2276393403154,8011,8307,6265136,0.13259089667008,96.4367400987119
"7344",2024-04-21,63.0516593101193,5720,6117,6265136,0.0976355501301169,93.5098904691842
"7345",2024-04-22,72.471464742004,32644,34361,6265136,0.54844779107748,95.0030557899945
"7346",2024-04-23,75.5865380021975,20571,20933,6265136,0.334118844347513,98.2706730998901
"7347",2024-04-24,78.9241839677598,104555,104714,6265136,1.67137632766471,99.8481578394484
"7348",2024-04-25,82.0862032978501,133964,134148,6265136,2.1411825697,99.8628380594567
"7349",2024-04-26,82.2980226160996,163813,163954,6265136,2.61692643224345,99.914000268368
"7350",2024-04-27,73.9512667462528,37533,37695,6265136,0.601662916814575,99.5702347791484
"7351",2024-04-28,78.5084296058814,35382,36182,6265136,0.577513401145642,97.7889558343928
"7352",2024-04-29,82.4975766950245,116140,116370,6265136,1.85742177025367,99.8023545587351
"7353",2024-04-30,84.4506817008614,98477,98797,6265136,1.57693304662501,99.6761035254107
"7354",2024-05-01,87.7907851170099,35550,35638,6265136,0.568830429219733,99.7530725629946
"7355",2024-05-02,85.2629699264258,116132,116481,6265136,1.85919347959885,99.7003803195371
"7356",2024-05-03,84.268939463237,218190,218644,6265136,3.48985241501541,99.7923565247617
"7357",2024-05-04,82.221497255421,128063,128435,6265136,2.04999540313251,99.710359325729
"7358",2024-05-05,77.1330748014351,48103,48221,6265136,0.769672039042728,99.7552933369279
"7359",2024-05-06,74.4532100335703,95708,95918,6265136,1.53098033306859,99.7810629913051
"7360",2024-05-07,73.3576924787617,44717,44966,6265136,0.717717859596344,99.4462482764756
"7361",2024-05-08,79.9219320132108,68634,69337,6265136,1.10671180960796,98.986111311421
"7362",2024-05-09,79.9806316028627,87448,88030,6265136,1.40507724014291,99.3388617516756
"7363",2024-05-10,78.9326739071004,39333,40237,6265136,0.642236656953656,97.7533116286005
"7364",2024-05-11,52.0555555555556,9,18,6265136,0.000287304218136685,50
"7365",2024-05-12,71.7277871807129,75798,77399,6265136,1.23539217664229,97.9314978229693
"7366",2024-05-13,76.1660472355903,125523,125922,6265136,2.00988454201154,99.6831371801591
"7367",2024-05-14,75.0850973085816,44213,44549,6265136,0.711061978542844,99.2457743159218
"7368",2024-05-15,79.1347242921013,39984,40260,6265136,0.642603767899053,99.3144560357675
"7369",2024-05-16,72.7301989439437,37138,37498,6265136,0.598518531760524,99.0399487972692
"7370",2024-05-17,75.4052058380461,40363,40493,6265136,0.646322761389378,99.6789568567407
"7371",2024-05-18,72.5325961093099,17133,17272,6265136,0.275684358647602,99.1952292728115
"7372",2024-05-19,70.1239556054371,71645,72171,6265136,1.15194626261904,99.2711754028626
"7373",2024-05-20,72.5412725053402,25938,26216,6265136,0.41844263237063,98.9395788831248
"7374",2024-05-21,70.6063258404615,4830,5027,6265136,0.0802376835873954,96.0811617266759
"7375",2024-05-22,76.5410945304028,64992,65471,6265136,1.04500524809038,99.2683783659941
"7376",2024-05-23,71.2863403825475,61180,61378,6265136,0.979675461155193,99.6774088435596
"7377",2024-05-24,70.5501882560282,37214,37449,6265136,0.597736425833374,99.3724799060055
"7378",2024-05-25,74.0950119232967,50389,50741,6265136,0.809894629581864,99.3062809168128
"7379",2024-05-26,72.878761995679,39383,39806,6265136,0.635357317063827,98.9373461287243
"7380",2024-05-27,76.3839352706183,97994,98626,6265136,1.57420365655271,99.3591953440269
"7381",2024-05-28,62.5188953488372,561,688,6265136,0.0109814056710022,81.5406976744186
"7382",2024-05-29,85.0404992781674,77224,78273,6265136,1.24934239256738,98.659818839191
"7383",2024-05-30,88.1932773109244,10736,10829,6265136,0.17284540990012,99.1411949395143
"7384",2024-05-31,70.6041932737335,8349,9396,6265136,0.14997280186735,88.8569604086845
"7385",2024-06-01,86.5510490914567,48732,49805,6265136,0.794954810238756,97.845597831543
"7386",2024-06-02,80.4698216735254,1421,1458,6265136,0.0232716416690715,97.4622770919067
"7387",2024-06-03,81.8303369576919,8821,9289,6265136,0.148264937903982,94.9617827537948
"7388",2024-06-04,73.93129950132,14437,17045,6265136,0.272061133229989,84.6993253153417
"7389",2024-06-05,79.8463295648134,24450,25828,6265136,0.412249630335239,94.6647049713489
"7390",2024-06-06,75.4435633661952,125822,139980,6265136,2.23426913637629,89.885697956851
"7391",2024-06-07,78.0225041650647,143023,156060,6265136,2.49092757124506,91.6461617326669
"7392",2024-06-08,73.0587097772277,89972,103424,6265136,1.65078619203159,86.9933477722772
"7393",2024-06-09,65.2880150093809,54175,66625,6265136,1.06342464074204,81.3133208255159
"7394",2024-06-10,72.8145370583586,140424,160679,6265136,2.56465302588803,87.3941211981653
"7395",2024-06-11,67.7519268590868,14592,18813,6265136,0.300280791989192,77.5633870196141
"7396",2024-06-12,76.7018106374953,4801,5302,6265136,0.0846270535867059,90.5507355714824
"7397",2024-06-13,69.1314243263321,23373,29614,6265136,0.472679284216656,78.9255082055784
"7398",2024-06-14,67.1109262611929,64106,81748,6265136,1.30480806801321,78.419043890982
"7399",2024-06-15,75.642495750425,44341,50005,6265136,0.798147079329164,88.6731326867313
"7400",2024-06-16,71.3114306538685,68890,80949,6265136,1.29205495299703,85.1029660650533
"7401",2024-06-17,72.2473106027601,126310,149197,6265136,2.38138485740772,84.6598792200916
"7402",2024-06-18,73.4099049798517,168016,201010,6265136,3.20839004931417,83.5858912491916
"7403",2024-06-19,76.7820895119615,65439,74113,6265136,1.1829431954869,88.2962503204566
"7404",2024-06-20,68.6398495328237,22695,24723,6265136,0.394612343610737,91.7971120009708
"7405",2024-06-21,75.7233668254354,120421,143815,6265136,2.29548089618486,83.7332684351424
"7406",2024-06-22,70.223609714307,166127,214776,6265136,3.42811393080693,77.348958915335
"7407",2024-06-23,79.0768426511426,102444,119556,6265136,1.90827461686386,85.6870420556057
"7408",2024-06-24,62.0698494208167,81340,118011,6265136,1.88361433814047,68.9257781054309
"7409",2024-06-25,62.3789833599271,15263,21935,6265136,0.350112112490455,69.5828584454069
"7410",2024-06-26,67.5148049506502,5751,6383,6265136,0.101881268020359,90.0986996710011
"7411",2024-06-27,81.6522998493801,7872,8631,6265136,0.137762372596541,91.2061174834897
"7412",2024-06-28,48.3910384461723,36787,65078,6265136,1.03873243932773,56.5275515535204
"7413",2024-06-29,61.0323933154282,141336,201060,6265136,3.20918811658677,70.2954341987466
"7414",2024-06-30,62.5802725405682,156603,226902,6265136,3.62166120575834,69.0179020017452
"7415",2024-07-01,74.2423831134863,58393,70731,6265136,1.1289619251681,82.5564462541177
"7416",2024-07-02,56.813154865734,106417,168546,6265136,2.69022093055921,63.1382530585122
"7417",2024-07-03,61.4318145610961,17981,25108,6265136,0.400757461609772,71.6146248207743
"7418",2024-07-04,59.4019651559066,41095,62794,6265136,1.00227672631528,65.4441507150365
"7419",2024-07-05,58.2350914557755,12114,15964,6265136,0.254806918796336,75.8832372838887
"7420",2024-07-06,40.7920730869625,27522,58232,6265136,0.929461068363081,47.2626734441544
"7421",2024-07-07,62.6615210843374,4677,5312,6265136,0.0847866670412262,88.0459337349398
"7422",2024-07-08,43.71116438087,12899,25447,6265136,0.406168357718013,50.6896687232287
"7423",2024-07-09,42.3754976070135,10336,22357,6265136,0.356847800271215,46.231605313772
"7424",2024-07-10,47.1181821128023,48383,92569,6265136,1.47752578714971,52.2669576208018
"7425",2024-07-11,57.1475370976153,13057,21093,6265136,0.336672659619839,61.9020528137297
"7426",2024-07-12,55.491230700045,4638,6671,6265136,0.106478135510546,69.5248088742318
"7427",2024-07-13,41.4037354304171,3037,7121,6265136,0.113660740963963,42.648504423536
"7428",2024-07-14,67.0990272373541,3876,5140,6265136,0.0820413156234757,75.408560311284
"7429",2024-07-15,57.9976146002636,77060,123669,6265136,1.9739236307081,62.3114927750689
"7430",2024-07-16,50.4042896963418,89784,162156,6265136,2.58822793312069,55.3689040183527
"7431",2024-07-17,55.8950213886005,140740,232133,6265136,3.70515500381795,60.629035940603
"7432",2024-07-18,54.4961663901127,144530,244678,6265136,3.90539008251377,59.0694708964435
"7433",2024-07-19,50.8585661107655,56885,101277,6265136,1.61651718334606,56.1677379859198
"7434",2024-07-20,49.906593205543,104754,191303,6265136,3.05345326901124,54.7581585233896
"7435",2024-07-21,54.0164773411472,58291,99652,6265136,1.5905799969865,58.4945610725324
"7436",2024-07-22,65.703426032356,81686,116578,6265136,1.86074173010769,70.0698244951878
"7437",2024-07-23,38.8193370165746,22919,54300,6265136,0.866701058045667,42.2081031307551
"7438",2024-07-24,58.3671452748813,24490,36634,6265136,0.584727929289963,66.8504667794945
"7439",2024-07-25,58.2694351682287,34658,55698,6265136,0.889015018987617,62.2248554705734
"7440",2024-07-26,59.9839414396666,75447,114207,6265136,1.82289738004091,66.0616249441803
"7441",2024-07-27,34.1770598623714,11973,32842,6265136,0.524202507335834,36.4563668473296
"7442",2024-07-28,43.3895984541427,61558,127308,6265136,2.03200696680806,48.3535991453797
"7443",2024-07-29,49.5232249415105,20776,38041,6265136,0.60718554234098,54.6147577613627
"7444",2024-07-30,57.0423296190723,97488,154360,6265136,2.4637932839766,63.1562580979528
"7445",2024-07-31,48.9294594551461,135545,250636,6265136,4.00048777871701,54.0804194130133
"7446",2024-08-01,49.5378956288918,132356,244263,6265136,3.89876612415118,54.1858570475266
"7447",2024-08-02,47.7417620088272,122428,233370,6265136,3.72489918814213,52.4608990015855
"7448",2024-08-03,52.9946206027816,56476,96851,6265136,1.54587226837534,58.3122528419944
"7449",2024-08-04,42.1134868312513,70865,151533,6265136,2.41867056038369,46.7653910369359
"7450",2024-08-05,49.1178289073586,118283,217052,6265136,3.46444195305577,54.4952361646057
"7451",2024-08-06,40.0895198838153,41757,93644,6265136,1.49468423351065,44.5912178035966
"7452",2024-08-07,25.3343915343915,1896,8505,6265136,0.135751243069584,22.2927689594356
"7453",2024-08-08,31.4213295735191,38385,108516,6265136,1.73206136307336,35.3726639389583
"7454",2024-08-09,47.3539251468655,112493,217546,6265136,3.47232685770907,51.709983175972
"7455",2024-08-10,42.4214724626538,78991,166483,6265136,2.65729267489165,47.4468864688887
"7456",2024-08-11,41.9716275507309,98760,211508,6265136,3.37595225386967,46.6932692853225
"7457",2024-08-12,40.6855822104394,79925,178037,6265136,2.8417100602445,44.8923538365621
"7458",2024-08-13,49.3507511737089,33946,63900,6265136,1.01992997438523,53.1236306729264
"7459",2024-08-14,50.3219951993443,11452,17081,6265136,0.272635741666262,67.0452549616533
"7460",2024-08-15,34.1974471874536,6107,20213,6265136,0.322626675622046,30.2132291099787
"7461",2024-08-16,32.9213761985336,10750,35460,6265136,0.56598930972927,30.3158488437676
"7462",2024-08-17,38.7158950405275,3216,7279,6265136,0.116182633545385,44.1818931171864
"7463",2024-08-18,49.7349116781158,60516,114128,6265136,1.8216364337502,53.0246740501893
"7464",2024-08-19,58.8274852215413,25664,36878,6265136,0.58862249758026,69.5916264439503
"7465",2024-08-20,52.6769952671817,15956,24721,6265136,0.394580420919833,64.5443145503823
"7466",2024-08-21,51.3958095493922,10650,14891,6265136,0.237680395126299,71.519709891881
"7467",2024-08-22,33.9134617812681,11832,39601,6265136,0.63208524124616,29.8780333829954
"7468",2024-08-23,45.5753292912398,58280,119575,6265136,1.90857788242745,48.7392849675936
"7469",2024-08-24,35.2354570132449,42414,109778,6265136,1.75220458103384,38.6361566069704
"7470",2024-08-25,31.8076552256074,5575,20744,6265136,0.331102150057078,26.8752410335519
"7471",2024-08-26,38.4355501100447,39581,88146,6265136,1.40692875621535,44.9039094230027
"7472",2024-08-27,50.5494036224415,9235,13582,6265136,0.216786993929581,67.9944043587101
"7473",2024-08-28,44.5283498320665,93109,181024,6265136,2.88938659910974,51.4346164044547
"7474",2024-08-29,50.9058305830583,17448,31815,6265136,0.507810205556591,54.8420556341348
"7475",2024-08-30,45.5848841774637,22687,50940,6265136,0.813070937326819,44.5367098547311
"7476",2024-08-31,55.6373799519808,30676,53312,6265136,0.850931248739054,57.5405162064826
"7477",2024-09-01,46.8993172276754,31111,66933,6265136,1.06834073514126,46.4808091673763
"7478",2024-09-02,52.9126618043235,43660,76095,6265136,1.21457858217284,57.3756488599777
"7479",2024-09-03,49.0808693975519,80398,150403,6265136,2.40063424002288,53.4550507636151
"7480",2024-09-04,47.3080293133663,6858,12554,6265136,0.200378730804886,54.628007009718
"7481",2024-09-05,48.4376060289704,26845,61304,6265136,0.978494321591742,43.7899647657575
"7482",2024-09-06,46.7843501055355,32734,58748,6265136,0.937697122616333,55.7193436372302
"7483",2024-09-07,45.6397988865051,81019,151954,6265136,2.42539028681899,53.3181094278532
"7484",2024-09-08,44.6453359586512,38659,73134,6265136,1.16731703828935,52.8605026389914
"7485",2024-09-09,54.7334314227226,31868,46896,6265136,0.748523256318777,67.9546229955646
"7486",2024-09-10,45.3113984111959,48480,83459,6265136,1.33211793008165,58.0884026887454
"7487",2024-09-11,59.8307027393487,36876,47201,6265136,0.753391466681649,78.1254634435711
"7488",2024-09-12,54.1477818853974,81113,119020,6265136,1.89971933570157,68.1507309695849
"7489",2024-09-13,48.4943858203674,50904,94671,6265136,1.5110765352899,53.7693697119498
"7490",2024-09-14,47.8629376088392,15364,33306,6265136,0.53160857162558,46.1298264576953
"7491",2024-09-15,53.5923176476679,53688,96585,6265136,1.5416265504851,55.586271160118
"7492",2024-09-16,40.3275312045096,11241,32287,6265136,0.515343960609953,34.8158701644625
"7493",2024-09-17,47.2595930810524,36304,75445,6265136,1.20420370762901,48.1198223871695
"7494",2024-09-18,38.8698958228654,19624,59706,6265136,0.952988091559385,32.8677184872542
"7495",2024-09-19,50.5765870307167,16109,29300,6265136,0.467667421744716,54.9795221843003
"7496",2024-09-20,42.1898455757687,29350,65469,6265136,1.04497332539948,44.8303777360277
"7497",2024-09-21,51.7113321120126,36059,57315,6265136,0.914824514583562,62.9137224112362
"7498",2024-09-22,41.3867281475541,23022,44892,6265136,0.716536720032893,51.2830793905373
"7499",2024-09-23,56.8332355883672,123768,173922,6265136,2.77602912370937,71.1629351088419
"7500",2024-09-24,51.7708192311412,70776,113753,6265136,1.81565092920569,62.2190183995147
"7501",2024-09-25,49.1310782241015,51075,87032,6265136,1.38914781738178,58.6853111499219
"7502",2024-09-26,51.7782483362397,17570,28099,6265136,0.448497845856818,62.528915619773
"7503",2024-09-27,54.7135961736765,30710,45579,6265136,0.727502164358443,67.3775203492837
"7504",2024-09-28,52.2994499449945,10892,18180,6265136,0.290177260318052,59.9119911991199
"7505",2024-09-29,62.2897143479941,82825,100927,6265136,1.61093071243785,82.0642642702151
"7506",2024-09-30,53.8283938814532,12428,16736,6265136,0.267129077485309,74.2590822179732
"7507",2024-10-01,68.2171295238717,111763,122572,6265136,1.95641403474721,91.1815096433117
"7508",2024-10-02,67.408205385543,111928,123553,6265136,1.97207211463566,90.5910823695095
"7509",2024-10-03,68.7449557023608,73313,78108,6265136,1.24670877056779,93.8610641675629
"7510",2024-10-04,66.4346701305506,81130,91612,6265136,1.46225077955211,88.5582674758765
"7511",2024-10-05,68.0980578863015,95906,106070,6265136,1.69301991209768,90.4176487225417
"7512",2024-10-06,62.6331891838155,34679,40236,6265136,0.642220695608204,86.1889849885675
"7513",2024-10-07,70.0655125684222,69572,75268,6265136,1.201378549484,92.4323749800712
"7514",2024-10-08,73.8837643487792,79446,83021,6265136,1.32512686077365,95.6938605894894
"7515",2024-10-09,61.2264612463948,21579,27391,6265136,0.437197213276775,78.7813515388266
"7516",2024-10-10,57.666066201306,3942,4441,6265136,0.0708843351525011,88.7637919387525
"7517",2024-10-11,58.1277108433735,690,830,6265136,0.0132479167251916,83.1325301204819
"7518",2024-10-12,59.4299572509043,4484,6082,6265136,0.0970769030392956,73.7257481091746
"7519",2024-10-13,48.265690376569,519,956,6265136,0.0152590462521484,54.2887029288703
"7520",2024-10-14,29.8850102669405,77,487,6265136,0.00777317523514254,15.8110882956879
"7521",2024-10-15,64.2477962781587,813,1021,6265136,0.0162965337065309,79.6278158667973
"7522",2024-10-16,37.5900826446281,236,605,6265136,0.00965661399848303,39.0082644628099
"7523",2024-10-17,67.2108285479902,984,1219,6265136,0.0194568801060344,80.7219031993437
"7524",2024-10-18,65.5650557620818,1100,1345,6265136,0.0214680096329912,81.7843866171004
"7525",2024-10-19,62.4843304843305,512,702,6265136,0.0112048645073307,72.9344729344729
"7526",2024-10-20,44.7976653696498,98,257,6265136,0.00410206578117378,38.1322957198444
"7527",2024-10-21,NA,NA,0,6265136,0,NA
"7528",2024-10-22,57.5968253968254,301,315,6265136,0.00502782381739199,95.5555555555556
"7529",2024-10-23,64.5929487179487,763,936,6265136,0.0149398193431076,81.517094017094
"7530",2024-10-24,61.0975609756098,38,41,6265136,0.000654415163533561,92.6829268292683
"7531",2024-10-25,31.9235668789809,33,157,6265136,0.00250593123596998,21.0191082802548
"7532",2024-10-26,56.9788235294118,521,850,6265136,0.0135671436342324,61.2941176470588
"7533",2024-10-27,54.9565217391304,190,253,6265136,0.00403822039936563,75.098814229249
"7534",2024-10-28,51.0573770491803,211,366,6265136,0.00584185243544593,57.6502732240437
"7535",2024-10-29,53.908203125,347,512,6265136,0.00817220887144349,67.7734375
"7536",2024-10-30,48.982905982906,59,117,6265136,0.00186747741788845,50.4273504273504
"7537",2024-10-31,NA,NA,0,6265136,0,NA
"7538",2024-11-01,NA,NA,0,6265136,0,NA
"7539",2024-11-02,NA,NA,0,6265136,0,NA
"7540",2024-11-03,NA,NA,0,6265136,0,NA
"7541",2024-11-04,NA,NA,0,6265136,0,NA
"7542",2024-11-05,NA,NA,0,6265136,0,NA
"7543",2024-11-06,NA,NA,0,6265136,0,NA
"7544",2024-11-07,NA,NA,0,6265136,0,NA
"7545",2024-11-08,NA,NA,0,6265136,0,NA
"7546",2024-11-09,NA,NA,0,6265136,0,NA
"7547",2024-11-10,NA,NA,0,6265136,0,NA
"7548",2024-11-11,NA,NA,0,6265136,0,NA
"7549",2024-11-12,NA,NA,0,6265136,0,NA
"7550",2024-11-13,NA,NA,0,6265136,0,NA
"7551",2024-11-14,NA,NA,0,6265136,0,NA
"7552",2024-11-15,NA,NA,0,6265136,0,NA
"7553",2024-11-16,NA,NA,0,6265136,0,NA
"7554",2024-11-17,NA,NA,0,6265136,0,NA
"7555",2024-11-18,NA,NA,0,6265136,0,NA
"7556",2024-11-19,NA,NA,0,6265136,0,NA
"7557",2024-11-20,NA,NA,0,6265136,0,NA
"7558",2024-11-21,NA,NA,0,6265136,0,NA
"7559",2024-11-22,NA,NA,0,6265136,0,NA
"7560",2024-11-23,NA,NA,0,6265136,0,NA
"7561",2025-01-20,NA,NA,0,6265136,0,NA
"7562",2025-01-21,NA,NA,0,6265136,0,NA
"7563",2025-01-23,NA,NA,0,6265136,0,NA
"7564",2025-01-24,NA,NA,0,6265136,0,NA
"7565",2025-01-25,NA,NA,0,6265136,0,NA
"7566",2025-01-26,NA,NA,0,6265136,0,NA
"7567",2025-01-27,NA,NA,0,6265136,0,NA
"7568",2025-01-28,NA,NA,0,6265136,0,NA
"7569",2025-01-29,NA,NA,0,6265136,0,NA
"7570",2025-01-30,NA,NA,0,6265136,0,NA
"7571",2025-01-31,NA,NA,0,6265136,0,NA
"7572",2025-02-01,NA,NA,0,6265136,0,NA
"7573",2025-02-02,NA,NA,0,6265136,0,NA
"7574",2025-02-03,NA,NA,0,6265136,0,NA
"7575",2025-02-04,NA,NA,0,6265136,0,NA
"7576",2025-02-05,NA,NA,0,6265136,0,NA
"7577",2025-02-06,NA,NA,0,6265136,0,NA
"7578",2025-02-07,NA,NA,0,6265136,0,NA
"7579",2025-02-08,NA,NA,0,6265136,0,NA
"7580",2025-02-09,NA,NA,0,6265136,0,NA
"7581",2025-02-10,NA,NA,0,6265136,0,NA
"7582",2025-02-11,69.3009009009009,503,555,6265136,0.00885854672588113,90.6306306306306
"7583",2025-02-12,62.4748908296943,704,916,6265136,0.0146205924340669,76.8558951965066
"7584",2025-02-13,58.7046332046332,366,518,6265136,0.00826797694415572,70.6563706563707
"7585",2025-02-14,54.4744525547445,692,959,6265136,0.0153069302885045,72.1584984358707
"7586",2025-02-15,61.6082224909311,595,827,6265136,0.0132000326888355,71.9467956469166
"7587",2025-02-16,62.4873949579832,298,357,6265136,0.00569820032637759,83.4733893557423
"7588",2025-02-17,71.253164556962,483,553,6265136,0.00882662403497705,87.3417721518987
"7589",2025-02-18,75.3630084420568,1275,1303,6265136,0.0207976331240056,97.8511128165771
"7590",2025-02-19,NA,NA,0,6265136,0,NA
"7591",2025-02-20,0,0,26,6265136,0.00041499498175299,0
"7592",2025-02-21,55.3893188854489,877,1292,6265136,0.0206220583240332,67.8792569659443
"7593",2025-02-22,58.7096774193548,429,527,6265136,0.00841162905322406,81.404174573055
"7594",2025-02-23,66.8504672897196,603,749,6265136,0.0119550477435765,80.5073431241656
"7595",2025-02-24,50.4684684684685,68,111,6265136,0.00177170934517623,61.2612612612613
"7596",2025-02-25,55.5360281195079,389,569,6265136,0.00908200556220966,68.3655536028119
"7597",2025-02-26,56.9318181818182,38,44,6265136,0.000702299199889675,86.3636363636364
"7598",2025-02-27,56.32,220,275,6265136,0.00438936999931047,80
"7599",2025-02-28,39.3106060606061,131,396,6265136,0.00632069279900708,33.0808080808081
"7600",2025-03-01,63.3484650555193,5182,6124,6265136,0.0977472795482812,84.6178967994775
"7601",2025-03-02,61.6168574401665,16504,19220,6265136,0.306777059588172,85.8688865764828
"7602",2025-03-03,56.561412467104,20250,25459,6265136,0.406359893863437,79.5396519894733
"7603",2025-03-04,69.6883873732324,32664,35005,6265136,0.558726897548593,93.3123839451507
"7604",2025-03-05,68.3358453962095,50413,53608,6265136,0.855655806992857,94.0400686464707
"7605",2025-03-06,70.3365513216448,38913,41123,6265136,0.656378409024162,94.6258784621745
"7606",2025-03-07,67.1305714916152,50416,54384,6265136,0.868041811063639,92.7037363930568
"7607",2025-03-08,70.0861628454246,56969,59492,6265136,0.949572363632649,95.7590936596517
"7608",2025-03-09,59.8370073949265,36088,42732,6265136,0.682060213856491,84.451932977628
"7609",2025-03-10,71.6837216789408,121499,124245,6265136,1.98311736568847,97.7898506982172
"7610",2025-03-11,71.2222438903318,108727,112813,6265136,1.80064726448077,96.3780769946726
"7611",2025-03-12,70.8453411846207,43391,46192,6265136,0.737286469120543,93.9361794250087
"7612",2025-03-13,65.4949279151416,65228,66935,6265136,1.06837265783217,97.4497646970942
"7613",2025-03-14,70.3064653339005,106620,108146,6265136,1.72615566525611,98.5889445749265
"7614",2025-03-15,65.7099548101671,81256,84311,6265136,1.34571699640678,96.3765107755809
"7615",2025-03-16,66.5777765206692,69159,70709,6265136,1.12861077556816,97.8079169554088
"7616",2025-03-17,70.5855864214713,160346,161667,6265136,2.58042283519464,99.1828882827046
"7617",2025-03-18,68.1280392574451,111564,112692,6265136,1.79871594168107,98.9990416356086
"7618",2025-03-19,69.6477486890545,100407,102407,6265136,1.63455350370686,98.047008505278
"7619",2025-03-20,61.7365163877749,27994,28924,6265136,0.461665955854749,96.7846770847739
"7620",2025-03-21,70.58900042661,113448,114859,6265136,1.83330417727564,98.7715372761386
"7621",2025-03-22,68.5552150233275,101810,102454,6265136,1.63530368694311,99.371425224979
"7622",2025-03-23,63.9864155376877,25036,27237,6265136,0.434739166077161,91.9190806623343
"7623",2025-03-24,70.1508513589732,63729,65601,6265136,1.04708022299915,97.1463849636439
"7624",2025-03-25,68.3715367510067,82732,83195,6265136,1.32790413488231,99.4434761704429
"7625",2025-03-26,62.9996073523277,38611,40749,6265136,0.650408865825099,94.7532454784166
"7626",2025-03-27,60.9062031867084,26826,29372,6265136,0.468816638617262,91.3318807027101
"7627",2025-03-28,68.3944067040214,58249,60501,6265136,0.965677361193755,96.2777474752483
"7628",2025-03-29,67.0887502391052,173635,177746,6265136,2.83706530871796,97.6871490778977
"7629",2025-03-30,73.8857969889183,175005,175153,6265136,2.79567753996082,99.9155024464325
"7630",2025-03-31,66.2957335151803,67129,67456,6265136,1.07668851881268,99.5152395635674
"7631",2025-04-01,66.4827519520391,40860,41367,6265136,0.660272977314459,98.7743853796504
"7632",2025-04-02,70.5032709597252,54414,54724,6265136,0.873468668517331,99.4335209414516
"7633",2025-04-03,70.999576788246,141328,141773,6265136,2.26288782877179,99.6861179491158
"7634",2025-04-04,72.4589753564603,177026,177369,6265136,2.83104788148254,99.8066178419002
"7635",2025-04-05,69.7849663954722,84401,84810,6265136,1.35368170778735,99.5177455488739
"7636",2025-04-06,69.0054644808743,36312,37332,6265136,0.595868948415485,97.2677595628415
"7637",2025-04-07,64.3863219613791,44005,44173,6265136,0.705060512652878,99.6196771783669
"7638",2025-04-08,64.4831841605642,43526,44244,6265136,0.706193768179972,98.377181086701
"7639",2025-04-09,72.6402363544931,103005,103404,6265136,1.65046696512254,99.6141348497157
"7640",2025-04-10,70.4286685359844,93969,94152,6265136,1.50279259700029,99.805633443793
"7641",2025-04-11,70.265468495584,80081,81068,6265136,1.29395435310582,98.7825035772438
"7642",2025-04-12,65.5220106258194,57701,57972,6265136,0.925311118545551,99.5325329469399
"7643",2025-04-13,69.4231348312996,69149,69739,6265136,1.11312827047968,99.1539884426218
"7644",2025-04-14,70.9280354574083,76628,77163,6265136,1.23162529911561,99.3066625196014
"7645",2025-04-15,73.0063593779505,164043,164167,6265136,2.62032619882473,99.9244671584423
"7646",2025-04-16,76.2611210736391,224614,224731,6265136,3.58700912478197,99.9479377566958
"7647",2025-04-17,77.1034447711843,147516,147586,6265136,2.35567112988449,99.9525700269673
"7648",2025-04-18,75.5539569581958,57924,58176,6265136,0.928567233017767,99.5668316831683
"7649",2025-04-19,69.5803090662347,22821,22843,6265136,0.364605014160906,99.9036904084402
"7650",2025-04-20,69.1996962377397,54606,54648,6265136,0.872255606262976,99.9231444883619
"7651",2025-04-21,72.0489493094535,92316,92463,6265136,1.4758338845318,99.8410174880763
"7652",2025-04-22,71.8697411262343,93561,93675,6265136,1.49517903521967,99.8783026421137
"7653",2025-04-23,72.9910073825855,76296,76396,6265136,1.2193829471539,99.8691030944028
"7654",2025-04-24,71.6473385732763,50226,50255,6265136,0.802137415692173,99.9422942990747
"7655",2025-04-25,66.9246294747228,46457,46623,6265136,0.744165809010371,99.6439525556056
"7656",2025-04-26,70.8896362139458,143229,143326,6265136,2.28767579825881,99.9323221188061
"7657",2025-04-27,74.3639004314769,200668,200706,6265136,3.20353780029675,99.9810668340757
"7658",2025-04-28,74.8986999687082,105385,105459,6265136,1.68326753002648,99.9298305502612
"7659",2025-04-29,76.2869143033292,116698,116784,6265136,1.86402976727081,99.9263597753117
"7660",2025-04-30,74.1205660032472,92815,93003,6265136,1.4844530110759,99.7978559831403
"7661",2025-05-01,69.6098117632279,47438,47759,6265136,0.762297897443886,99.327875374275
"7662",2025-05-02,70.3248737347277,47623,47717,6265136,0.761627520934901,99.803005218266
"7663",2025-05-03,74.8105623043673,107098,107344,6265136,1.71335466620357,99.7708302280519
"7664",2025-05-04,77.4596721212442,132298,132427,6265136,2.11371309417705,99.9025878408482
"7665",2025-05-05,78.7893708426664,146801,146879,6265136,2.3443864586499,99.9468950632834
"7666",2025-05-06,79.1067093127046,201554,201660,6265136,3.218764923858,99.9474362788852
"7667",2025-05-07,81.8587971375935,159505,159586,6265136,2.54720727530895,99.9492436679909
"7668",2025-05-08,79.8681012765417,94338,94474,6265136,1.50793215023584,99.8560450494316
"7669",2025-05-09,79.8536250043507,57155,57462,6265136,0.917170832365012,99.4657338763009
"7670",2025-05-10,82.752626173024,42415,42838,6265136,0.683752116474407,99.0125589429945
"7671",2025-05-11,77.6659017020463,30695,31374,6265136,0.500771252212242,97.8357875948237
"7672",2025-05-12,79.0338132011313,30966,31467,6265136,0.502255657339282,98.4078558489847
"7673",2025-05-13,78.8276908280143,113447,114370,6265136,1.82549907934959,99.1929701844889
"7674",2025-05-14,78.2778556178276,29713,29976,6265136,0.478457291270293,99.1226314384841
"7675",2025-05-15,75.8887102388569,59903,60329,6265136,0.962932009776005,99.2938719355534
"7676",2025-05-16,75.9196452681097,69877,70363,6265136,1.12308815004175,99.3092960789051
"7677",2025-05-17,74.2509153407755,177318,178622,6265136,2.85104744733394,99.2699667454177
"7678",2025-05-18,76.7710396810565,31792,32106,6265136,0.512454957083134,99.0219896592537
"7679",2025-05-19,78.0304331354969,62352,63352,6265136,1.01118315707752,98.4215178684177
"7680",2025-05-20,77.9035765802419,26746,27037,6265136,0.431546896986753,98.9236971557495
"7681",2025-05-21,74.2333857406521,72678,73145,6265136,1.16749261308932,99.36154214232
"7682",2025-05-22,67.5897039737964,15924,16181,6265136,0.258270530759428,98.4117174463877
"7683",2025-05-23,74.7494975126878,78632,79604,6265136,1.27058694336404,98.7789558313653
"7684",2025-05-24,77.5857901642454,125534,126518,6265136,2.01939750390095,99.2222450560395
"7685",2025-05-25,77.5899980897803,128917,130875,6265136,2.08894108603548,98.5039159503343
"7686",2025-05-26,69.3677521842732,3357,3777,6265136,0.0602860017723478,88.880063542494
"7687",2025-05-27,74.7377654204525,59845,60423,6265136,0.964432376248496,99.0434106217831
"7688",2025-05-28,73.8121610707281,16685,17334,6265136,0.276673962065628,96.2559132341064
"7689",2025-05-29,78.3760502684354,82153,83074,6265136,1.32597281208261,98.8913498808291
"7690",2025-05-30,75.7179328116053,41034,41912,6265136,0.66897191058582,97.9051345676656
"7691",2025-05-31,71.6066808704916,12416,13142,6265136,0.209764001930684,94.4757266778268
"7692",2025-06-01,75.4311454893624,65015,66321,6265136,1.05857239172462,98.0307896443057
"7693",2025-06-02,79.7287977455349,104089,105036,6265136,1.67651588090027,99.0984043566015
"7694",2025-06-03,78.5814017335373,173409,178479,6265136,2.8487649749343,97.1593296690367
"7695",2025-06-04,79.5851291796385,23911,24733,6265136,0.394771957065258,96.6765050741924
"7696",2025-06-05,70.2303995606206,6524,7283,6265136,0.116246478927193,89.5784704105451
"7697",2025-06-06,67.2469084913438,2265,2426,6265136,0.0387222240666444,93.363561417972
"7698",2025-06-07,68.160542236164,8638,8926,6265136,0.142470969504892,96.7734707595788
"7699",2025-06-08,78.5140734068903,39699,39969,6265136,0.63795901637251,99.3244764692637
"7700",2025-06-09,66.3424514512424,4731,4789,6265136,0.0764388833698103,98.7888912090207
"7701",2025-06-10,75.0438034188034,14828,14976,6265136,0.239037109489722,99.0117521367521
"7702",2025-06-11,72.8748048440862,23034,23699,6265136,0.37826792586785,97.1939744293008
"7703",2025-06-12,71.2565256190972,51614,53788,6265136,0.858528849174224,95.9582062913661
"7704",2025-06-13,75.5327259535902,78039,84077,6265136,1.34198204157101,92.8184878147412
"7705",2025-06-14,75.7893989435521,85698,92953,6265136,1.48365494380329,92.1949802588405
"7706",2025-06-15,70.9579955013862,17755,19117,6265136,0.305133041006612,92.8754511691165
"7707",2025-06-16,71.3183021974089,36339,41913,6265136,0.668987871931272,86.7010235487796
"7708",2025-06-17,70.1523351176153,18488,20363,6265136,0.325020877439851,90.7921229681285
"7709",2025-06-18,74.4349882231709,49549,54344,6265136,0.867403357245557,91.1765788311497
"7710",2025-06-19,70.893623107998,97767,115354,6265136,1.8412050432744,84.7538880316244
"7711",2025-06-20,77.3125239665619,165494,182546,6265136,2.91367976688774,90.6587928522126
"7712",2025-06-21,74.0704268230805,43491,49271,6265136,0.786431451767368,88.2689614580585
"7713",2025-06-22,75.1836468351917,64498,70494,6265136,1.12517908629597,91.4943115726161
"7714",2025-06-23,76.279052553664,6204,6755,6265136,0.107818888528517,91.8430792005922
"7715",2025-06-24,64.7376338729763,15993,20075,6265136,0.320424009949664,79.6662515566625
"7716",2025-06-25,75.341008854441,36085,39867,6265136,0.636330959136402,90.5134572453408
"7717",2025-06-26,73.2528345323741,16439,17375,6265136,0.277328377229161,94.6129496402878
"7718",2025-06-27,74.3468080124316,162351,187908,6265136,2.99926450120157,86.3991953509164
"7719",2025-06-28,76.4304435570074,201973,233882,6265136,3.73307139701357,86.3567953070352
"7720",2025-06-29,72.7115740799877,129587,156574,6265136,2.49913170280741,82.7640604442628
"7721",2025-06-30,80.0426672369429,128990,144959,6265136,2.31374067538199,88.9837816210101
"7722",2025-07-01,67.641749305831,39962,50420,6265136,0.80477103769176,79.2582308607695
"7723",2025-07-02,62.2182869900548,6990,9854,6265136,0.157283098084383,70.9356606454232
"7724",2025-07-03,75.4134135254214,59803,71495,6265136,1.14115639309346,83.646408839779
"7725",2025-07-04,78.948,4261,4750,6265136,0.0758163908971808,89.7052631578947
"7726",2025-07-05,79.0125986178215,56050,65404,6265136,1.0439358379451,85.6981224389946
"7727",2025-07-06,80.607417875235,72678,83501,6265136,1.33278830659063,87.0384785810948
"7728",2025-07-07,78.5954636906093,98747,116306,6265136,1.85640024414474,84.9027565215896
"7729",2025-07-08,78.038034552979,77348,91338,6265136,1.45787737089825,84.6832643587554
"7730",2025-07-09,64.0759089093088,28615,40048,6265136,0.639219962663221,71.4517578905314
"7731",2025-07-10,80.4039035910259,50691,57588,6265136,0.919181961891969,88.0235465722025
"7732",2025-07-11,77.4197562474396,49910,58584,6265136,0.935079461962198,85.1939095998908
"7733",2025-07-12,68.0757546854881,93093,125814,6265136,2.00816071670272,73.9925604463732
"7734",2025-07-13,69.4983037562308,123146,163302,6265136,2.60651963500872,75.4099766077574
"7735",2025-07-14,70.3996414887457,124438,162338,6265136,2.59113289799296,76.653648560411
"7736",2025-07-15,55.7319149580774,83575,132029,6265136,2.10736047868713,63.3004870142166
"7737",2025-07-16,54.5034053353297,34755,54767,6265136,0.874155006371769,63.4597476582614
"7738",2025-07-17,68.7008230833256,24707,32439,6265136,0.517770085118663,76.1644933567619
"7739",2025-07-18,52.1222691253795,16243,27006,6265136,0.43105209527774,60.145893505147
"7740",2025-07-19,55.2045186996287,28074,44172,6265136,0.705044551307426,63.5560988861722
"7741",2025-07-20,36.7901183309114,3902,9634,6265136,0.153771602084935,40.5023873780361
"7742",2025-07-21,49.743201186702,19400,34381,6265136,0.548767017986521,56.4265146447166
"7743",2025-07-22,62.8572280045596,95832,134221,6265136,2.142347747918,71.398663398425
"7744",2025-07-23,56.8628133459902,17427,28443,6265136,0.453988548692319,61.2699082375277
"7745",2025-07-24,51.2853160714839,36373,64574,6265136,1.03068792121991,56.3276241211633
"7746",2025-07-25,66.1377717391304,13833,18400,6265136,0.293688756317501,75.179347826087
"7747",2025-07-26,55.678730424763,11740,19093,6265136,0.304749968715763,61.4885036400775
"7748",2025-07-27,35.6763174457859,6909,17477,6265136,0.278956434465269,39.5319562854037
"7749",2025-07-28,30.1233713069312,14283,42749,6265136,0.682331556729176,33.4113078668507
"7750",2025-07-29,54.7853884387554,8865,14687,6265136,0.234424280654083,60.3595016000545
"7751",2025-07-30,54.8951957358184,34220,56658,6265136,0.904337910621573,60.397472554626
"7752",2025-07-31,60.7578822450576,24816,37077,6265136,0.591798805325216,66.9309814709928
"7753",2025-08-01,39.1688276051314,6161,14577,6265136,0.232668532654359,42.2652123207793
"7754",2025-08-02,57.9691863995143,9753,13176,6265136,0.210306687676054,74.0209471766849
"7755",2025-08-03,57.0500291657011,80084,125147,6265136,1.99751449928621,63.9919454721248
"7756",2025-08-04,49.8011281949978,98609,182238,6265136,2.90876367248851,54.1100099869402
"7757",2025-08-05,34.3915854137648,10019,27999,6265136,0.446901711311614,35.7834208364584
"7758",2025-08-06,36.9109525252185,37660,89121,6265136,1.42249106803108,42.2571560013914
"7759",2025-08-07,45.5772420443587,2994,5185,6265136,0.0827595761688174,57.7434908389585
"7760",2025-08-08,40.1591386554622,13037,30464,6265136,0.486246427850888,42.7947741596639
"7761",2025-08-09,52.4274071618037,85591,150800,6265136,2.40697089416734,56.7579575596817
"7762",2025-08-10,42.09770610171,62992,134618,6265136,2.14868440206246,46.7931480188385
"7763",2025-08-11,43.7807147807148,44126,90909,6265136,1.45102995369933,48.5386485386485
"7764",2025-08-12,60.0813630115822,62583,93851,6265136,1.49798823201923,66.6833597937156
"7765",2025-08-13,60.7432979749277,7710,10370,6265136,0.165519152337635,74.3490838958534
"7766",2025-08-14,33.1719651855245,3264,10915,6265136,0.174218085608996,29.9038021071919
"7767",2025-08-15,38.3175090177868,9024,24119,6265136,0.384971690957706,37.4144865044156
"7768",2025-08-16,60.0283515906247,43197,64723,6265136,1.03306616169226,66.7413438808461
"7769",2025-08-17,50.2930244399185,4220,7856,6265136,0.125392329871211,53.7169042769857
"7770",2025-08-18,41.6848305860071,29629,62303,6265136,0.994439705698328,47.556297449561
"7771",2025-08-19,40.4206936519258,10444,22432,6265136,0.358044901180118,46.5584878744651
"7772",2025-08-20,43.8791019449158,19937,38305,6265136,0.611399337540318,52.0480355045033
"7773",2025-08-21,45.6188388832159,19484,40151,6265136,0.640863981244781,48.5268112873901
"7774",2025-08-22,31.1649972446433,8975,30849,6265136,0.492391545849922,29.0933255535025
"7775",2025-08-23,41.1361367739195,4133,9417,6265136,0.150307990121843,43.8887119040034
"7776",2025-08-24,52.9419015364042,41419,68797,6265136,1.09809268306386,60.2046600869224
"7777",2025-08-25,47.9373964058274,48441,91704,6265136,1.4637192233337,52.8232138183722
"7778",2025-08-26,63.3091225847323,22809,31570,6265136,0.503899675920842,72.2489705416535
"7779",2025-08-27,31.7625030200532,4026,16556,6265136,0.264256035303942,24.3174679874366
"7780",2025-08-28,49.1004004929144,87581,162300,6265136,2.59052636686578,53.962415280345
"7781",2025-08-29,59.0795165837191,74225,114932,6265136,1.83446935549364,64.5816656805763
"7782",2025-08-30,56.4593291982302,118080,192337,6265136,3.06995730020865,61.3922438220415
"7783",2025-08-31,48.8808532155261,79397,150302,6265136,2.39902214413223,52.8249790421951
"7784",2025-09-01,33.9544406255115,23599,67209,6265136,1.07274606648603,35.1128569090449
"7785",2025-09-02,29.0785911378023,7281,30805,6265136,0.491689246650033,23.6357734134069
"7786",2025-09-03,50.8925851167044,46440,89671,6265136,1.43126980802971,51.7893187318085
"7787",2025-09-04,43.5471799295857,19081,42889,6265136,0.684566145092461,44.489262981184
"7788",2025-09-05,35.0458620241653,1545,7697,6265136,0.122854475944337,20.0727556190724
"7789",2025-09-06,32.1306294613887,3154,15410,6265136,0.245964333415907,20.4672290720311
"7790",2025-09-07,33.1101834673263,1965,9702,6265136,0.154856973575673,20.2535559678417
"7791",2025-09-08,47.6214087972931,9884,16255,6265136,0.259451670322879,60.8059058751154
"7792",2025-09-09,37.8073342034931,31643,80445,6265136,1.2840104348892,39.3349493442725
"7793",2025-09-10,46.6604516216095,20296,44462,6265136,0.709673341488517,45.6479690522244
"7794",2025-09-11,46.0400811770675,31702,65043,6265136,1.03817379223691,48.7400642651784
"7795",2025-09-12,33.4849254869135,22244,66901,6265136,1.0678299720868,33.2491293104737
"7796",2025-09-13,33.1468836488431,12543,45165,6265136,0.7208941673413,27.7715044835603
"7797",2025-09-14,38.7360763888889,26112,57600,6265136,0.919373498037393,45.3333333333333
"7798",2025-09-15,53.1046955975501,26156,38206,6265136,0.609819164340567,68.4604512380254
"7799",2025-09-16,56.0646608171818,22420,30544,6265136,0.487523335487051,73.4023048716605
"7800",2025-09-17,57.9294670978037,87052,119065,6265136,1.90043759624691,73.1130055011968
"7801",2025-09-18,52.814263174503,63174,95070,6265136,1.51744511212526,66.4499842221521
"7802",2025-09-19,58.4537848316554,92115,124061,6265136,1.9801804781253,74.2497642288874
"7803",2025-09-20,62.300786511078,81705,97265,6265136,1.55248026539248,84.0024674857348
"7804",2025-09-21,59.4857985317126,63753,83090,6265136,1.32622819360984,76.72764472259
"7805",2025-09-22,69.5243375204336,167098,185968,6265136,2.96829949102462,89.8530930052482
"7806",2025-09-23,63.9877210319379,80019,95122,6265136,1.51827510208877,84.1224953217973
"7807",2025-09-24,63.2715023487075,66333,72806,6265136,1.16208171698108,91.1092492377002
"7808",2025-09-25,68.0553748033871,85999,92822,6265136,1.48156400754908,92.6493719161406
"7809",2025-09-26,61.4686705463586,42123,53097,6265136,0.847499559466866,79.3321656590768
"7810",2025-09-27,54.1846590909091,17747,29568,6265136,0.471945062325862,60.0209686147186
"7811",2025-09-28,54.6097865694951,55853,96050,6265136,1.53308723066826,58.1499219156689
"7812",2025-09-29,55.2909916017544,49774,72277,6265136,1.15363816523696,68.865614234127
"7813",2025-09-30,61.8509773202029,110417,134040,6265136,2.13945874439118,82.3761563712325
"7814",2025-10-01,54.4122044241037,20559,26220,6265136,0.418506477752438,78.4096109839817
"7815",2025-10-02,54.136733819117,9841,13998,6265136,0.223426913637629,70.3029004143449
"7816",2025-10-03,53.8269509038661,30620,49067,6265136,0.783175337295152,62.4044673609554
"7817",2025-10-04,61.6117513469112,33188,41391,6265136,0.660656049605308,80.181682008166
"7818",2025-10-05,53.5627796812425,64302,110617,6265136,1.7655961498681,58.1303054684181
"7819",2025-10-06,47.3784898686555,15023,30302,6265136,0.483660689887658,49.5775856379117
"7820",2025-10-07,46.7627780607913,8780,17667,6265136,0.281989090101157,49.6971755249901
"7821",2025-10-08,43.2125367792556,27332,58117,6265136,0.927625513636097,47.0292685444878
"7822",2025-10-09,43.4670536920044,29472,64423,6265136,1.02827775805665,45.7476367135961
"7823",2025-10-10,54.1757054041129,20002,31365,6265136,0.500627600103174,63.7717200701419
"7824",2025-10-11,60.4256513026052,14392,19960,6265136,0.31858845522268,72.1042084168337
"7825",2025-10-12,61.5658164346782,10269,14153,6265136,0.225900922182695,72.557055041334
"7826",2025-10-13,27.5714285714286,15,49,6265136,0.000782105927149866,30.6122448979592
"7827",2025-10-14,17.3216783216783,39,429,6265136,0.00684741719892433,9.09090909090909
"7828",2025-10-15,50.703216374269,391,684,6265136,0.010917560289194,57.1637426900585
"7829",2025-10-16,35.3025018953753,472,1319,6265136,0.0210530146512382,35.7846853677028
"7830",2025-10-17,60.4188640973631,649,986,6265136,0.0157378866157095,65.8215010141988
"7831",2025-10-18,71.1038759689922,575,645,6265136,0.0102950678165646,89.1472868217054
"7832",2025-10-19,50.6959064327485,536,855,6265136,0.0136469503614926,62.6900584795322
"7833",2025-10-20,57.2222222222222,147,207,6265136,0.00330399850857188,71.0144927536232
"7834",2025-10-21,51.4786516853933,237,445,6265136,0.00710279872615694,53.2584269662921
"7835",2025-10-22,67.2955665024631,1258,1421,6265136,0.0226810718873461,88.5292047853624
"7836",2025-10-23,47.4576271186441,131,236,6265136,0.00376687752668098,55.5084745762712
"7837",2025-10-24,NA,NA,0,6265136,0,NA
"7838",2025-10-25,59.6496815286624,425,471,6265136,0.00751779370790993,90.2335456475584
"7839",2025-10-26,45.4421052631579,28,95,6265136,0.00151632781794362,29.4736842105263
"7840",2025-10-27,56.0060975609756,230,328,6265136,0.00523532130826849,70.1219512195122
"7841",2025-10-28,51.11,186,300,6265136,0.00478840363561142,62
"7842",2025-10-29,51.7863070539419,342,482,6265136,0.00769336850788235,70.954356846473
"7843",2025-10-30,NA,NA,0,6265136,0,NA
"7844",2025-10-31,NA,NA,0,6265136,0,NA
"7845",2025-11-01,NA,NA,0,6265136,0,NA
"7846",2025-11-02,NA,NA,0,6265136,0,NA
"7847",2025-11-03,NA,NA,0,6265136,0,NA
"7848",2025-11-04,NA,NA,0,6265136,0,NA
"7849",2025-11-05,NA,NA,0,6265136,0,NA
"7850",2025-11-06,NA,NA,0,6265136,0,NA
"7851",2025-11-07,NA,NA,0,6265136,0,NA
"7852",2025-11-08,NA,NA,0,6265136,0,NA
"7853",2025-11-09,NA,NA,0,6265136,0,NA
"7854",2025-11-10,NA,NA,0,6265136,0,NA
"7855",2025-11-11,NA,NA,0,6265136,0,NA
"7856",2025-11-12,NA,NA,0,6265136,0,NA
"7857",2025-11-13,NA,NA,0,6265136,0,NA
"7858",2025-11-14,NA,NA,0,6265136,0,NA
"7859",2025-11-15,NA,NA,0,6265136,0,NA
"7860",2025-11-16,NA,NA,0,6265136,0,NA
"7861",2025-11-17,NA,NA,0,6265136,0,NA
"7862",2025-11-18,NA,NA,0,6265136,0,NA
"7863",2025-11-19,NA,NA,0,6265136,0,NA
"7864",2025-11-20,NA,NA,0,6265136,0,NA
"7865",2025-12-07,NA,NA,0,6265136,0,NA
"7866",2026-01-26,NA,NA,0,6265136,0,NA
"7867",2026-01-27,NA,NA,0,6265136,0,NA
"7868",2026-01-28,NA,NA,0,6265136,0,NA
"7869",2026-01-29,NA,NA,0,6265136,0,NA
"7870",2026-01-30,NA,NA,0,6265136,0,NA
"7871",2026-01-31,NA,NA,0,6265136,0,NA
"7872",2026-02-01,NA,NA,0,6265136,0,NA
"7873",2026-02-02,NA,NA,0,6265136,0,NA
"7874",2026-02-03,NA,NA,0,6265136,0,NA
"7875",2026-02-04,NA,NA,0,6265136,0,NA
"7876",2026-02-05,NA,NA,0,6265136,0,NA
"7877",2026-02-06,NA,NA,0,6265136,0,NA
"7878",2026-02-07,NA,NA,0,6265136,0,NA
"7879",2026-02-08,NA,NA,0,6265136,0,NA
"7880",2026-02-09,NA,NA,0,6265136,0,NA
"7881",2026-02-10,NA,NA,0,6265136,0,NA
"7882",2026-02-11,NA,NA,0,6265136,0,NA
"7883",2026-02-12,14.1148148148148,33,270,6265136,0.00430956327205028,12.2222222222222
"7884",2026-02-13,NA,NA,0,6265136,0,NA
"7885",2026-02-14,48.3950103950104,279,481,6265136,0.00767740716243031,58.004158004158
"7886",2026-02-15,NA,NA,0,6265136,0,NA
"7887",2026-02-16,49.9046052631579,184,304,6265136,0.00485224901741957,60.5263157894737
"7888",2026-02-17,NA,NA,0,6265136,0,NA
"7889",2026-02-18,NA,NA,0,6265136,0,NA
"7890",2026-02-19,53.5777777777778,62,90,6265136,0.00143652109068343,68.8888888888889
"7891",2026-02-20,24.6710526315789,19,76,6265136,0.00121306225435489,25
"7892",2026-02-21,29.6913580246914,0,81,6265136,0.00129286898161508,0
"7893",2026-02-22,53.1527027027027,526,740,6265136,0.0118113956345082,71.0810810810811
"7894",2026-02-23,47.8333333333333,30,114,6265136,0.00181959338153234,26.3157894736842
"7895",2026-02-24,53.7619047619048,210,294,6265136,0.00469263556289919,71.4285714285714
"7896",2026-02-25,70.8646953405018,1028,1116,6265136,0.0178128615244745,92.1146953405018
"7897",2026-02-26,39.7060702875399,96,313,6265136,0.00499590112648792,30.6709265175719
"7898",2026-02-27,61.1166875784191,673,797,6265136,0.0127211923252743,84.4416562107905
"7899",2026-02-28,30,0,8,6265136,0.000127690763616305,0
"7900",2026-03-01,49.7420901246405,1055,2086,6265136,0.0332953666129514,50.575263662512
"7901",2026-03-02,56.6407420620763,4131,5606,6265136,0.0894793026041254,73.6889047449162
"7902",2026-03-03,62.4121013605932,22046,27782,6265136,0.443438099348522,79.3535382621842
"7903",2026-03-04,59.8745647922927,15310,20967,6265136,0.334661530092882,73.0195068440883
"7904",2026-03-05,63.0568757183239,26612,32193,6265136,0.513843594137462,82.6639331531699
"7905",2026-03-06,59.5385421518398,31925,42940,6265136,0.685380173710515,74.3479273404751
"7906",2026-03-07,61.6495973619441,72687,83698,6265136,1.33593269164468,86.8443690410762
"7907",2026-03-08,64.5528632793032,70670,84274,6265136,1.34512642662506,83.8574174715808
"7908",2026-03-09,58.6151465185571,57937,69138,6265136,1.10353550186301,83.7990685296075
"7909",2026-03-10,69.9282101648777,119286,129308,6265136,2.06392965771214,92.2495127911653
"7910",2026-03-11,72.0717724319777,138263,141461,6265136,2.25790788899076,97.7393062398824
"7911",2026-03-12,62.5828986324545,78914,85116,6265136,1.35856587949567,92.7134733775083
"7912",2026-03-13,71.8562134831461,174315,178000,6265136,2.84111949046278,97.9297752808989
"7913",2026-03-14,73.4187668987546,137812,142762,6265136,2.27867359942386,96.5326907720542
"7914",2026-03-15,68.957205713275,87742,90456,6265136,1.44379946420956,96.9996462368444
"7915",2026-03-16,72.2799281544679,141265,144755,6265136,2.31048456090977,97.5890297399054
"7916",2026-03-17,65.725991381322,56151,64279,6265136,1.02597932431156,87.3551237573702
"7917",2026-03-18,68.8792320916905,77282,87250,6265136,1.39262739069032,88.5753581661891
"7918",2026-03-19,72.3291206556762,60014,63934,6265136,1.0204726601306,93.8686770732318
"7919",2026-03-20,56.8429145379693,33275,40322,6265136,0.643593371317079,82.523188333912
"7920",2026-03-21,66.5238494703369,99911,102518,6265136,1.63632521305204,97.4570319358552
"7921",2026-03-22,70.0284698717441,85987,88339,6265136,1.41000929588759,97.3375292905738
"7922",2026-03-23,67.2321963903334,61560,65380,6265136,1.04355276565425,94.1572346283267
"7923",2026-03-24,64.9754434356204,48317,52206,6265136,0.8332780006691,92.5506646745585
"7924",2026-03-25,68.8122189682361,106728,110975,6265136,1.77131031153992,96.173011939626
"7925",2026-03-26,72.9437373272675,116325,117378,6265136,1.87351080646932,99.1028983284772
"7926",2026-03-27,NA,NA,0,6265136,0,NA
"7927",2026-03-28,73.3737242345407,129509,129922,6265136,2.07372992381969,99.6821169624852
"7928",2026-03-29,72.7670769021554,146807,147070,6265136,2.34743507563124,99.8211735908071
"7929",2026-03-30,72.8138559238751,146898,147547,6265136,2.35504863741186,99.5601401587291
"7930",2026-03-31,71.4906285946275,86429,88674,6265136,1.41535634661402,97.4682545052665
"7931",2026-04-01,67.3966856277407,54784,56783,6265136,0.906333078803078,96.4795801560326
"7932",2026-04-02,69.1974721974722,57896,60606,6265136,0.967353302466219,95.5284955284955
"7933",2026-04-03,65.4189173949817,70172,70940,6265136,1.13229784636758,98.9173949816747
"7934",2026-04-04,71.7421636664671,141550,141935,6265136,2.26547356673502,99.7287490752809
"7935",2026-04-05,72.3749892141757,79964,81125,6265136,1.29486414979659,98.568875192604
"7936",2026-04-06,69.2847491734943,6741,6957,6265136,0.111043080309829,96.895213454075
"7937",2026-04-07,69.3441267915371,38165,39561,6265136,0.631446787428078,96.4712722125325
"7938",2026-04-08,68.3363896848138,1547,1745,6265136,0.0278525478138064,88.6532951289398
"7939",2026-04-09,69.9527363755368,40441,43543,6265136,0.695004865018094,92.8760076246469
"7940",2026-04-10,65.6422103665998,38998,40862,6265136,0.65221249786118,95.4383045372228
"7941",2026-04-11,63.9671443817655,11502,13118,6265136,0.209380929639835,87.6810489403873
"7942",2026-04-12,71.7574751366076,60352,62039,6265136,0.99022591049899,97.2807427585873
"7943",2026-04-13,76.7034373074664,138466,139586,6265136,2.22798036626819,99.1976272692104
"7944",2026-04-14,70.9221472882185,76821,77698,6265136,1.24016461893245,98.8712708177817
"7945",2026-04-15,75.8422542993301,14068,14479,6265136,0.231104320800059,97.1614061744596
"7946",2026-04-16,76.6389775153875,78121,79610,6265136,1.27068271143675,98.1296319557844
"7947",2026-04-17,81.9712688347992,71525,73335,6265136,1.17052526872521,97.5318742755847
"7948",2026-04-18,79.3074114870181,62112,63550,6265136,1.01434350347702,97.7372147915028
"7949",2026-04-19,63.0997025335932,7589,9749,6265136,0.155607156811919,77.8438814237358
"7950",2026-04-20,80.3585829821164,67306,70232,6265136,1.12099721378754,95.8338079507917
"7951",2026-04-21,81.3936358156839,46979,48113,6265136,0.767948213733908,97.6430486562883
"7952",2026-04-22,78.0569695485228,135842,138811,6265136,2.21561032354286,97.8611205163856
"7953",2026-04-23,73.9149987207494,49250,50811,6265136,0.811011923763507,96.9278305878648
"7954",2026-04-24,64.773358736207,12224,12597,6265136,0.201065068659324,97.0389775343336
"7955",2026-04-25,74.5449832265935,60493,62301,6265136,0.994407783007424,97.0979599043354
"7956",2026-04-26,74.9801599298606,129810,132308,6265136,2.11181369406825,98.1119811349276
"7957",2026-04-27,77.2057961576034,141870,144337,6265136,2.30381271851082,98.2908055453557
"7958",2026-04-28,73.8464514679344,140997,142411,6265136,2.27307116717019,99.0070991707101
"7959",2026-04-29,69.3976640711902,13363,14384,6265136,0.229587992982116,92.9018353726363
"7960",2026-04-30,69.3936712733949,37606,39218,6265136,0.625972045938029,95.8896425110918
"7961",2026-05-01,72.3242645271092,39588,41130,6265136,0.656490138442326,96.2509117432531
"7962",2026-05-02,71.1856152550898,45040,45729,6265136,0.729896366176249,98.4932974698769
"7963",2026-05-03,72.0654412702461,61026,62728,6265136,1.00122327751544,97.2866981252391
"7964",2026-05-04,71.4817866926264,42684,44171,6265136,0.705028589961974,96.6335378415703
"7965",2026-05-05,73.4947510554943,51303,52582,6265136,0.839279466559066,97.5676086873835
"7966",2026-05-06,73.7031740173464,95497,97542,6265136,1.5569015580827,97.9034672243751
"7967",2026-05-07,75.3039869549888,133782,136144,6265136,2.17304141522227,98.2650722764132
"7968",2026-05-08,77.01549975131,170363,172906,6265136,2.7598123967301,98.5292586723422
"7969",2026-05-09,78.4834094762623,84203,84928,6265136,1.35556514655069,99.1463357196684
"7970",2026-05-10,78.5223176670132,89914,91385,6265136,1.4586275541345,98.3903266400394
"7971",2026-05-11,77.475989813305,160572,163743,6265136,2.61355858835307,98.0634286656529
"7972",2026-05-12,77.6032679630578,59100,60527,6265136,0.966092356175508,97.6423744775059
"7973",2026-05-13,78.3795391230133,60916,62099,6265136,0.991183591226112,98.094977374837
"7974",2026-05-14,77.9908105372506,37169,37543,6265136,0.599236792305865,99.0038089657193
"7975",2026-05-15,71.4020243302787,29833,31319,6265136,0.49989337821238,95.2552763498196
"7976",2026-05-16,66.9493933645897,27332,27941,6265136,0.445975953275396,97.8204072867829
"7977",2026-05-17,71.7303262955854,8069,8336,6265136,0.133053775688189,96.7970249520153
"7978",2026-05-18,70.1618280789295,8219,8818,6265136,0.140747144196072,93.2070764345657
"7979",2026-05-19,78.8746303962153,61690,62567,6265136,0.998653500897666,98.5983026195918
"7980",2026-05-20,80.6758796506638,38290,39618,6265136,0.632356584118844,96.6479882881519
"7981",2026-05-21,78.7084059355854,68339,71164,6265136,1.13587318774884,96.0302962171885
"7982",2026-05-22,70.3780846543553,11736,12238,6265136,0.195334945642042,95.8980225527047
"7983",2026-05-23,67.7145233113364,15909,18639,6265136,0.297503517880538,85.3532914855947
"7984",2026-05-24,67.7444051825677,717,849,6265136,0.0135511822887803,84.452296819788
"7985",2026-05-25,65.2281176072998,2650,2959,6265136,0.0472296211925807,89.5572828658331
"7986",2026-05-26,76.239226201877,9649,10442,6265136,0.166668369210182,92.40566941199
"7987",2026-05-27,56.6902891824348,3861,5602,6265136,0.0894154572223173,68.9218136379864
"7988",2026-05-28,72.8131065510316,84095,89131,6265136,1.42265068148561,94.3498894885057
"7989",2026-05-29,70.5216817304763,18800,19694,6265136,0.314342737332438,95.4605463592973
"7990",2026-05-30,66.801229640121,27991,31066,6265136,0.495855157813015,90.1017189210069
"7991",2026-05-31,70.1160452639647,40593,44362,6265136,0.708077206943313,91.5039899012668
