"","date","mean_snow","snow_pixels","available_pixels","total_pixels","available_percent","snow_cover_percent"
"1",2000-06-01,83.9652827487473,8237,8382,2079119,0.403151527161264,98.2701026008113
"2",2000-06-02,70.6138824827033,39537,39892,2079119,1.91869729438286,99.110097262609
"3",2000-06-03,75.6813431911115,23935,24211,2079119,1.16448361060622,98.8600223039114
"4",2000-06-04,77.0775105942643,20025,20294,2079119,0.976086505870996,98.6744850694787
"5",2000-06-05,76.8463285934063,69078,69551,2079119,3.34521496845539,99.3199235093672
"6",2000-06-06,73.7082245658,28261,28731,2079119,1.38188338426035,98.3641362987714
"7",2000-06-07,76.6875902388222,83048,84498,2079119,4.06412523766076,98.2839830528533
"8",2000-06-08,77.1984375,22219,22400,2079119,1.0773794092594,99.1919642857143
"9",2000-06-09,72.3126493410519,39797,40595,2079119,1.95250969280739,98.0342406700333
"10",2000-06-10,75.6593577566712,53780,55275,2079119,2.65857798423274,97.2953414744459
"11",2000-06-11,73.4579449382181,91116,92260,2079119,4.43745644188716,98.7600260134403
"12",2000-06-12,71.6662264483184,43730,45432,2079119,2.18515630899434,96.2537418559606
"13",2000-06-13,80.1947820303525,98434,99234,2079119,4.77288697760927,99.1938246971804
"14",2000-06-14,77.6016597510373,35767,36391,2079119,1.75030866439102,98.2852903190349
"15",2000-06-15,78.4402939160089,55558,56887,2079119,2.73611082386338,97.6637896180147
"16",2000-06-16,74.9808202407672,43024,44109,2079119,2.12152358763496,97.5401845428371
"17",2000-06-17,75.8133979514676,28228,29094,2079119,1.39934270236576,97.0234412593662
"18",2000-06-18,74.4026422727842,53808,55861,2079119,2.68676299913569,96.3248062154276
"19",2000-06-19,77.6161073401736,153125,158375,2079119,7.61740910452937,96.6850828729282
"20",2000-06-20,78.6323114902084,102628,108562,2079119,5.22153854589372,94.5339990051768
"21",2000-06-21,75.286314674201,27533,28315,2079119,1.36187490951696,97.2382129613279
"22",2000-06-22,79.8573904884584,120710,125763,2079119,6.04886011815582,95.9821251083387
"23",2000-06-23,85.286795003863,146870,155320,2079119,7.47047186813261,94.5596188514035
"24",2000-06-24,77.8121890226611,71038,77578,2079119,3.73129195587169,91.5697749361933
"25",2000-06-25,82.2690742397138,128867,134160,2079119,6.45273310474292,96.0547107930829
"26",2000-06-26,79.7102960368157,67804,72795,2079119,3.50124259361778,93.1437598736177
"27",2000-06-28,80.3989837105377,26967,27748,2079119,1.33460374322009,97.1853827302869
"28",2000-06-29,70.0304581715928,54998,65434,2079119,3.14719840470892,84.0511049301586
"29",2000-06-30,63.8723860589812,4394,5595,2079119,0.26910436583957,78.5344057193923
"30",2000-07-01,66.2309890391095,18396,23447,2079119,1.12773727718327,78.4577984390327
"31",2000-07-02,43.2844720496894,392,805,2079119,0.0387183225202598,48.695652173913
"32",2000-07-03,76.3584941716033,10066,10466,2079119,0.503386290058433,96.1781005159564
"33",2000-07-04,78.4950876573715,31151,33996,2079119,1.63511564273137,91.6313683962819
"34",2000-07-05,78.1903973118152,38401,42259,2079119,2.03254359178094,90.8705837809697
"35",2000-07-06,75.4070787416327,51448,58711,2079119,2.82384029004593,87.6292347260309
"36",2000-07-07,69.9343740169865,24125,25432,2079119,1.22321040786987,94.8608052846807
"37",2000-07-08,63.2030432715169,9381,10515,2079119,0.505743057516188,89.2154065620542
"38",2000-07-09,63.5225051147988,13773,17596,2079119,0.846320003809306,78.2734712434644
"39",2000-07-10,76.0583678976563,17522,20011,2079119,0.962474971370085,87.5618409874569
"40",2000-07-11,67.9622703358301,49728,61013,2079119,2.93456026326535,81.5039417828987
"41",2000-07-12,73.7580928427398,116581,138363,2079119,6.65488603586423,84.2573520377558
"42",2000-07-13,80.1538513552675,92098,103522,2079119,4.97912817881035,88.9646645157551
"43",2000-07-14,70.0214653487941,54561,70113,2079119,3.37224564827699,77.8186641564332
"44",2000-07-15,71.3678502665392,62384,76349,2079119,3.6721803802476,81.7089942238929
"45",2000-07-16,71.7259378688855,30034,34733,2079119,1.6705633491878,86.4710793769614
"46",2000-07-17,69.7478741991846,14089,17170,2079119,0.825830556115355,82.0559114735003
"47",2000-07-18,43.2173106646059,1594,3235,2079119,0.155594749506882,49.273570324575
"48",2000-07-19,67.0608645543206,86928,114533,2079119,5.50872749467443,75.8977761867759
"49",2000-07-20,64.9267828601872,10612,13139,2079119,0.631950359743718,80.7671816728823
"50",2000-07-21,60.3333477883781,32059,46120,2079119,2.21824724799302,69.5121422376409
"51",2000-07-22,60.5175764847031,54780,83350,2079119,4.00890954293622,65.7228554289142
"52",2000-07-23,50.7344680500319,27303,48529,2079119,2.33411363178346,56.2612046405242
"53",2000-07-24,60.2671109368875,86849,127550,2079119,6.13480998442129,68.0901607212858
"54",2000-07-25,55.8756601401114,69060,111340,2079119,5.35515283155991,62.0262259744925
"55",2000-07-26,56.985344586939,76525,121798,2079119,5.85815434325789,62.8294389070428
"56",2000-07-27,54.0657201740325,5318,8734,2079119,0.420081775021055,60.8884817952828
"57",2000-07-28,60.2595362752431,8947,10696,2079119,0.514448667921365,83.6480927449514
"58",2000-07-29,64.0069224600059,19619,23691,2079119,1.13947301717699,82.8120383267908
"59",2000-07-30,58.8695389699107,24310,31473,2079119,1.51376616730452,77.240809582817
"60",2000-07-31,60.5802223987291,13671,17626,2079119,0.847762922660992,77.5615567911041
"61",2000-08-01,50.4036811814529,11733,18418,2079119,0.885855980345521,63.7039852318384
"62",2000-08-02,66.0630759104871,35752,36464,2079119,1.75381976693013,98.047389205792
"63",2000-08-03,60.6317158510197,32986,43442,2079119,2.08944269183245,75.9311265595507
"64",2000-08-04,67.775288340387,53312,61906,2079119,2.97751114775056,86.1176622621394
"65",2000-08-05,42.1310336976321,13158,26352,2079119,1.2674599193216,49.931693989071
"66",2000-08-18,60.6219571008635,56122,87088,2079119,4.18869723185638,64.4428623920632
"67",2000-08-19,64.3983842699659,134187,192854,2079119,9.2757557407729,69.5795783338691
"68",2000-08-20,62.8138041425233,108623,156185,2079119,7.51207602835624,69.5476518231584
"69",2000-08-21,69.7619318798134,30047,36876,2079119,1.77363585249329,81.4811801713852
"70",2000-08-22,49.2370058889567,64939,101546,2079119,4.88408792377925,63.9503279301991
"71",2000-08-23,57.0231249763374,94495,132065,2079119,6.35196927160013,71.5518873282096
"72",2000-08-24,55.5950381257597,26134,36196,2079119,1.74092969185506,72.2013482152724
"73",2000-08-25,48.7001082292915,30699,51742,2079119,2.48865024079911,59.3309110587144
"74",2000-08-26,55.6961781349955,97480,146316,2079119,7.03740382344637,66.622925722409
"75",2000-08-27,46.4134963239585,19412,34276,2079119,1.64858288534711,56.6343797409266
"76",2000-08-28,53.8877385326538,111833,168740,2079119,8.11593756778712,66.2753348346569
"77",2000-08-29,42.6965243464673,12839,23679,2079119,1.13889584963631,54.2210397398539
"78",2000-08-30,54.2646221628178,28740,40401,2079119,1.94317881756648,71.1368530481919
"79",2000-08-31,59.7317189676906,57663,75365,2079119,3.62485264191227,76.5116433357659
"80",2000-09-01,60.5232395081801,38084,49205,2079119,2.36662740324147,77.3986383497612
"81",2000-09-02,64.1348463540404,96018,123726,2079119,5.95088592812629,77.6053537655788
"82",2000-09-03,57.7845145920191,35065,50370,2079119,2.42266075198197,69.614850109192
"83",2000-09-04,38.2098450491308,4676,10584,2079119,0.509061770875068,44.1798941798942
"84",2000-09-05,54.7194538515293,36954,55809,2079119,2.68426193979277,66.2151265924851
"85",2000-09-06,50.2467481738995,15450,25601,2079119,1.23133885073437,60.3492051091754
"86",2000-09-07,61.5820766831774,41472,54510,2079119,2.62178355351473,76.0814529444139
"87",2000-09-08,50.3920347574222,36134,62145,2079119,2.989006401269,58.1446616783329
"88",2000-09-09,50.4288223412664,6783,11387,2079119,0.547683898805215,59.5679283393343
"89",2000-09-10,42.2381250783306,3494,7979,2079119,0.383768317253606,43.7899486151147
"90",2000-09-11,50.5317732499496,3292,4957,2079119,0.238418291593699,66.4111357676014
"91",2000-09-12,53.1413882480276,43917,70218,2079119,3.37729586425789,62.5437921900367
"92",2000-09-13,58.0126067828043,42548,50687,2079119,2.43790759451479,83.9426282873321
"93",2000-09-14,50.2583466798078,10062,16234,2079119,0.78081148794273,61.9810274732044
"94",2000-09-15,50.1627625812302,28678,52936,2079119,2.54607841109624,54.1748526522593
"95",2000-09-16,57.2943730495629,71240,103182,2079119,4.96277509849124,69.043050144405
"96",2000-09-17,58.2399443565934,60985,84107,2079119,4.04531919529378,72.5088280404723
"97",2000-09-18,61.8019403379092,49154,60608,2079119,2.91508085876758,81.1015047518479
"98",2000-09-19,59.9935525560023,54089,69640,2079119,3.34949562771539,77.6694428489374
"99",2000-09-20,60.1913825444113,15645,18126,2079119,0.871811570189104,86.3124793114863
"100",2000-09-21,55.6076867043602,38366,57658,2079119,2.77319383835172,66.5406361649728
"101",2000-09-22,53.8614695243751,12837,18523,2079119,0.890906196326425,69.3030286670626
"102",2000-09-23,52.7358757062147,805,1416,2079119,0.0681057697996122,56.8502824858757
"103",2000-09-24,56.967539395017,61883,89986,2079119,4.32808319292931,68.7695863801036
"104",2000-09-25,48.6733712469683,12999,23914,2079119,1.15019871397452,54.3572802542444
"105",2000-09-26,58.8894834758252,37600,47839,2079119,2.30092649819467,78.5969606388093
"106",2000-09-27,52.9916858623668,17935,27784,2079119,1.33633524584211,64.5515404549381
"107",2000-09-28,64.433294333254,75694,96581,2079119,4.64528485382511,78.3735931497914
"108",2000-09-29,60.6037348949442,85705,104849,2079119,5.04295328934996,81.7413613863747
"109",2000-09-30,53.4910682093808,21281,30509,2079119,1.46740037487032,69.7531875839916
"110",2000-10-01,70.0498185050745,73250,80994,2079119,3.89559231578375,90.4387979356495
"111",2000-10-02,69.0231866146334,130483,148879,2079119,7.16067719067547,87.6436569294528
"112",2000-10-03,68.7418930762489,60563,70742,2079119,3.40249884686735,85.6110938339317
"113",2000-10-04,54.1512297806337,10868,18052,2079119,0.868252370354944,60.2038555284733
"114",2000-10-05,56.7885469359385,18144,25897,2079119,1.24557565007102,70.0621693632467
"115",2000-10-06,66.8766854153335,70224,89073,2079119,4.28417036254298,78.838705331582
"116",2000-10-07,53.8929164277307,21359,33133,2079119,1.59360767709785,64.4644312317025
"117",2000-10-08,59.083660252095,29835,43079,2079119,2.07198337372704,69.2564822767474
"118",2000-10-09,53.3887121828538,8536,13519,2079119,0.650227331865083,63.1407648494711
"119",2000-10-10,58.1570377717167,25386,36297,2079119,1.74578751865574,69.9396644350773
"120",2000-10-11,53.2529100529101,1703,2835,2079119,0.136355831484393,60.0705467372134
"121",2000-10-12,42.5563549160671,390,834,2079119,0.0401131440768903,46.7625899280576
"122",2000-10-13,22.4209183673469,25,392,2079119,0.0188541396620395,6.37755102040816
"123",2000-10-14,0.62655601659751,0,241,2079119,0.0115914481085498,0
"124",2000-10-15,17.0458333333333,4,480,2079119,0.0230867016269872,0.833333333333333
"125",2000-10-16,22.4557522123894,3,452,2079119,0.0217399773654129,0.663716814159292
"126",2000-10-17,NA,NA,0,2079119,0,NA
"127",2000-10-18,32.2051282051282,29,234,2079119,0.0112547670431563,12.3931623931624
"128",2000-10-19,43.625,0,16,2079119,0.000769556720899573,0
"129",2000-10-20,NA,NA,0,2079119,0,NA
"130",2000-10-21,NA,NA,0,2079119,0,NA
"131",2000-10-22,NA,NA,0,2079119,0,NA
"132",2000-10-23,NA,NA,0,2079119,0,NA
"133",2000-10-24,NA,NA,0,2079119,0,NA
"134",2000-10-25,NA,NA,0,2079119,0,NA
"135",2000-10-26,NA,NA,0,2079119,0,NA
"136",2000-10-28,NA,NA,0,2079119,0,NA
"137",2000-10-29,NA,NA,0,2079119,0,NA
"138",2000-10-30,NA,NA,0,2079119,0,NA
"139",2000-10-31,NA,NA,0,2079119,0,NA
"140",2000-11-01,NA,NA,0,2079119,0,NA
"141",2000-11-02,NA,NA,0,2079119,0,NA
"142",2000-11-03,NA,NA,0,2079119,0,NA
"143",2000-11-04,NA,NA,0,2079119,0,NA
"144",2000-11-05,NA,NA,0,2079119,0,NA
"145",2000-11-06,NA,NA,0,2079119,0,NA
"146",2000-11-07,NA,NA,0,2079119,0,NA
"147",2000-11-08,NA,NA,0,2079119,0,NA
"148",2000-11-09,NA,NA,0,2079119,0,NA
"149",2000-11-10,NA,NA,0,2079119,0,NA
"150",2000-11-11,NA,NA,0,2079119,0,NA
"151",2000-11-12,NA,NA,0,2079119,0,NA
"152",2000-11-13,NA,NA,0,2079119,0,NA
"153",2000-11-14,NA,NA,0,2079119,0,NA
"154",2000-11-15,NA,NA,0,2079119,0,NA
"155",2000-11-16,NA,NA,0,2079119,0,NA
"156",2000-11-17,NA,NA,0,2079119,0,NA
"157",2000-11-18,NA,NA,0,2079119,0,NA
"158",2000-11-19,NA,NA,0,2079119,0,NA
"159",2000-11-20,NA,NA,0,2079119,0,NA
"160",2000-11-21,NA,NA,0,2079119,0,NA
"161",2000-11-22,NA,NA,0,2079119,0,NA
"162",2000-11-23,NA,NA,0,2079119,0,NA
"163",2000-11-24,NA,NA,0,2079119,0,NA
"164",2001-01-17,NA,NA,0,2079119,0,NA
"165",2001-01-18,NA,NA,0,2079119,0,NA
"166",2001-01-19,NA,NA,0,2079119,0,NA
"167",2001-01-20,NA,NA,0,2079119,0,NA
"168",2001-01-21,NA,NA,0,2079119,0,NA
"169",2001-01-22,NA,NA,0,2079119,0,NA
"170",2001-01-23,NA,NA,0,2079119,0,NA
"171",2001-01-24,NA,NA,0,2079119,0,NA
"172",2001-01-25,NA,NA,0,2079119,0,NA
"173",2001-01-26,NA,NA,0,2079119,0,NA
"174",2001-01-27,NA,NA,0,2079119,0,NA
"175",2001-01-28,NA,NA,0,2079119,0,NA
"176",2001-01-29,NA,NA,0,2079119,0,NA
"177",2001-01-30,NA,NA,0,2079119,0,NA
"178",2001-01-31,NA,NA,0,2079119,0,NA
"179",2001-02-01,NA,NA,0,2079119,0,NA
"180",2001-02-02,NA,NA,0,2079119,0,NA
"181",2001-02-03,NA,NA,0,2079119,0,NA
"182",2001-02-04,NA,NA,0,2079119,0,NA
"183",2001-02-05,NA,NA,0,2079119,0,NA
"184",2001-02-06,NA,NA,0,2079119,0,NA
"185",2001-02-07,NA,NA,0,2079119,0,NA
"186",2001-02-08,NA,NA,0,2079119,0,NA
"187",2001-02-09,NA,NA,0,2079119,0,NA
"188",2001-02-10,NA,NA,0,2079119,0,NA
"189",2001-02-11,NA,NA,0,2079119,0,NA
"190",2001-02-12,NA,NA,0,2079119,0,NA
"191",2001-02-13,NA,NA,0,2079119,0,NA
"192",2001-02-14,NA,NA,0,2079119,0,NA
"193",2001-02-15,NA,NA,0,2079119,0,NA
"194",2001-02-16,NA,NA,0,2079119,0,NA
"195",2001-02-17,NA,NA,0,2079119,0,NA
"196",2001-02-18,NA,NA,0,2079119,0,NA
"197",2001-02-19,NA,NA,0,2079119,0,NA
"198",2001-02-20,NA,NA,0,2079119,0,NA
"199",2001-02-21,54.64453125,158,256,2079119,0.0123129075343932,61.71875
"200",2001-02-22,NA,NA,0,2079119,0,NA
"201",2001-02-23,61.8817733990148,341,406,2079119,0.0195275017928267,83.9901477832512
"202",2001-02-24,NA,NA,0,2079119,0,NA
"203",2001-02-25,42.4318181818182,3,88,2079119,0.00423256196494765,3.40909090909091
"204",2001-02-26,64.9735537190083,524,605,2079119,0.0290988635090151,86.6115702479339
"205",2001-02-27,55.8746113989637,709,965,2079119,0.0464138897292555,73.4715025906736
"206",2001-02-28,57.8174850979279,2486,3523,2079119,0.169446770483075,70.5648594947488
"207",2001-03-01,50.5786471067645,1331,2454,2079119,0.118030762067972,54.2379788101059
"208",2001-03-02,66.9597332504451,33566,35389,2079119,1.70211517474469,94.8486817937777
"209",2001-03-03,66.9349622817299,31440,33273,2079119,1.60034129840572,94.4910287620593
"210",2001-03-04,70.4228135612092,51464,53889,2079119,2.59191513328482,95.5000092783314
"211",2001-03-05,60.5265794999046,56725,62868,2079119,3.02378074559465,90.2287332188077
"212",2001-03-06,65.5282683628869,74278,84423,2079119,4.06051794053154,87.9831325586629
"213",2001-03-07,59.6182672198032,51901,58334,2079119,2.80570760980973,88.9721260328453
"214",2001-03-08,66.0269364211064,89591,93962,2079119,4.51931803807286,95.3481194525446
"215",2001-03-09,57.6303437608342,29799,37497,2079119,1.80350427272321,79.4703576286103
"216",2001-03-10,63.4573785973458,54620,60357,2079119,2.90300843770847,90.4948887452988
"217",2001-03-11,64.3651881371431,82078,88579,2079119,4.26041029878521,92.6607886745165
"218",2001-03-12,66.2546818550468,103770,108504,2079119,5.21874890278046,95.6370272063703
"219",2001-03-13,67.7649049579785,119775,124103,2079119,5.96901860836248,96.5125742326938
"220",2001-03-14,68.8121181442547,167615,169894,2079119,8.17144184628201,98.6585753469811
"221",2001-03-15,65.0498487560961,160413,161990,2079119,7.79128082615762,99.0264831162417
"222",2001-03-16,56.3399009325622,29363,36137,2079119,1.73809195144674,81.2546697290865
"223",2001-03-17,64.0537742613115,74044,79499,2079119,3.8236868596747,93.1382784689116
"224",2001-03-18,66.1863875039584,134083,135787,2079119,6.5309874037994,98.7450934183685
"225",2001-03-19,68.0501544493717,136427,138233,2079119,6.64863338750692,98.693510232723
"226",2001-03-20,70.1507357525876,159559,160380,2079119,7.7138441811171,99.4880907843871
"227",2001-03-21,70.1094266621992,157238,158179,2079119,7.60798203469835,99.405104343813
"228",2001-03-22,71.7053146935646,168908,169530,2079119,8.15393443088154,99.6331032855542
"229",2001-03-23,69.8484718062754,166785,167289,2079119,8.04614839266054,99.6987249609956
"230",2001-03-24,71.3991360782388,189220,189369,2079119,9.10813666750196,99.9213176391067
"231",2001-03-25,67.5975466643049,89698,90326,2079119,4.34443627324843,99.3047406062485
"232",2001-03-26,68.4430800247428,87002,87298,2079119,4.19879766381818,99.6609315219134
"233",2001-03-27,64.1569768857929,41048,41057,2079119,1.97473064312336,99.9780792556689
"234",2001-03-28,70.2089528184053,173619,173733,2079119,8.35608736200285,99.934382069037
"235",2001-03-29,70.5075261388848,150364,150542,2079119,7.24066299235397,99.8817605718006
"236",2001-03-30,67.6544653285331,81553,83051,2079119,3.9945284517144,98.1962890272242
"237",2001-03-31,67.5287549352166,89279,89915,2079119,4.32466828498032,99.2926652950008
"238",2001-04-01,68.5035161518207,124192,124568,2079119,5.99138385056363,99.6981568300045
"239",2001-04-02,68.7948455716916,72901,73335,2079119,3.52721513294814,99.4081952682894
"240",2001-04-03,68.2950333961295,58106,58390,2079119,2.80840105833288,99.5136153450933
"241",2001-04-04,71.6664464001442,166250,166465,2079119,8.00651622153422,99.8708437209023
"242",2001-04-05,73.2973872301058,200952,201051,2079119,9.67000926834876,99.950758762702
"243",2001-04-06,74.5496498282427,225272,225318,2079119,10.8371863274781,99.97958440959
"244",2001-04-07,64.3188567912973,35603,35759,2079119,1.71991117391549,99.5637461897704
"245",2001-04-08,68.6153865430397,119581,119715,2079119,5.75796767765578,99.8880674936307
"246",2001-04-09,70.3714565665439,147904,147985,2079119,7.11767820889521,99.945264722776
"247",2001-04-10,70.7808363846599,129679,129725,2079119,6.23942160116857,99.9645403738678
"248",2001-04-11,72.72710916772,175606,175638,2079119,8.44771270908495,99.9817807080472
"249",2001-04-12,73.1383336482146,211702,211720,2079119,10.1831593093036,99.9914982051766
"250",2001-04-13,69.9772129143597,138747,139070,2079119,6.68889082346898,99.7677428633063
"251",2001-04-14,68.9778968383312,98134,98176,2079119,4.72200003943978,99.9572196870926
"252",2001-04-15,69.7567334059577,53157,53242,2079119,2.56079618338344,99.8403516021186
"253",2001-04-16,64.5179132973944,17594,17808,2079119,0.856516630361225,98.7982929020665
"254",2001-04-17,74.4108127012458,248711,248763,2079119,11.9648274100713,99.9790965698275
"255",2001-04-18,73.0548710499369,209618,209965,2079119,10.0987485564799,99.8347343604887
"256",2001-04-19,70.2473033302831,144148,144252,2079119,6.93813100645033,99.9279039458725
"257",2001-04-20,71.9818602138157,112524,112901,2079119,5.43023270914267,99.6660791312743
"258",2001-04-21,67.8394424131627,43691,43760,2079119,2.10473763166033,99.8423217550274
"259",2001-04-22,72.5987358783755,142736,142866,2079119,6.8714681555024,99.9090056416502
"260",2001-04-23,73.8851959464248,183261,183443,2079119,8.82311209699878,99.9007866203671
"261",2001-04-24,75.1430784182713,131402,131704,2079119,6.33460614808484,99.7706979286886
"262",2001-04-25,73.9450698304451,42549,42818,2079119,2.05942997971737,99.3717595403802
"263",2001-04-26,78.3889717959548,106405,106545,2079119,5.12452630176532,99.8686001220142
"264",2001-04-27,75.675709454492,40420,40806,2079119,1.96265822206425,99.0540606773514
"265",2001-04-28,74.2302313507901,61314,61638,2079119,2.96462107267549,99.4743502384892
"266",2001-04-29,66.825486942091,22711,22898,2079119,1.1013318621974,99.1833347890645
"267",2001-04-30,72.8992573936554,53813,53999,2079119,2.597205835741,99.6555491768366
"268",2001-05-01,73.6280086316605,36070,36146,2079119,1.73852482710225,99.7897416034969
"269",2001-05-02,71.0742648717756,26516,26594,2079119,1.2790994647252,99.7067007595698
"270",2001-05-03,73.0648633102237,65758,66062,2079119,3.17740350600423,99.5398262238503
"271",2001-05-04,75.1213961864741,126376,126602,2079119,6.08921374870799,99.8214878121989
"272",2001-05-05,75.9551118294145,57273,57543,2079119,2.76766264942026,99.5307856733226
"273",2001-05-06,75.5565206609008,161074,161295,2079119,7.75785320609354,99.8629839734648
"274",2001-05-07,74.8432094820324,171884,172115,2079119,8.27826593860188,99.8657874095808
"275",2001-05-08,65.8761165698973,17821,17912,2079119,0.861518749047072,99.4919606967396
"276",2001-05-09,70.3164067534476,15480,15518,2079119,0.746373824682474,99.7551230828715
"277",2001-05-10,72.9485102105157,167977,168111,2079119,8.08568436919676,99.9202907602715
"278",2001-05-11,76.6618059286842,239943,240087,2079119,11.5475352781635,99.9400217421185
"279",2001-05-12,79.3244041786635,132566,132674,2079119,6.38126052428937,99.9185974644618
"280",2001-05-13,78.8811991201615,132097,132297,2079119,6.36312784405318,99.8488249922523
"281",2001-05-14,77.3968535295405,141278,141619,2079119,6.81149082856729,99.7592130999372
"282",2001-05-15,78.44060229798,100177,100349,2079119,4.82651546159695,99.8285981923088
"283",2001-05-16,79.2699137763142,56352,56481,2079119,2.71658332207055,99.7716046104
"284",2001-05-17,77.2517900833874,99925,100135,2079119,4.81622264045492,99.790283117791
"285",2001-05-18,76.0171655912462,169832,170166,2079119,8.1845243105373,99.8037210723646
"286",2001-05-19,71.5720443349754,29224,29232,2079119,1.40598012908352,99.9726327312534
"287",2001-05-20,67.0429698918445,6697,6842,2079119,0.32908169277468,97.8807366267173
"288",2001-05-21,76.0710330883048,52659,52919,2079119,2.54526075708028,99.5086830816909
"289",2001-05-22,78.3931101094656,86499,86968,2079119,4.18292555644963,99.4607211848036
"290",2001-05-23,78.9635126171593,172406,173375,2079119,8.33886853037272,99.441095890411
"291",2001-05-24,78.289667188683,95874,96421,2079119,4.63758928661611,99.4326961968866
"292",2001-05-25,79.7824271788881,51930,52217,2079119,2.51149645595081,99.4503705689718
"293",2001-05-26,80.8176373068079,18610,18699,2079119,0.89937132025632,99.5240387186481
"294",2001-05-27,74.6562966988181,7346,7361,2079119,0.35404418890886,99.7962233392202
"295",2001-05-28,75.8373803009576,5842,5848,2079119,0.281272981488794,99.8974008207934
"296",2001-05-29,72.6998522668406,103502,104242,2079119,5.01375823125083,99.2901133899964
"297",2001-05-30,72.5825313339302,17845,17872,2079119,0.859594857244823,99.8489256938227
"298",2001-05-31,68.6993083363669,5444,5494,2079119,0.264246539038891,99.089916272297
"299",2001-06-01,75.2935426721241,16206,16369,2079119,0.78730462277532,99.0042152849899
"300",2001-06-02,72.7784863018676,54185,55044,2079119,2.64746750907476,98.4394302739626
"301",2001-06-03,73.977793679189,41408,41925,2079119,2.01647909523216,98.7668455575432
"302",2001-06-04,71.5371721247866,44520,45101,2079119,2.16923610433073,98.7117802266025
"303",2001-06-05,73.4588062697861,25622,25902,2079119,1.2458161365463,98.9190023936376
"304",2001-06-06,74.8965853205901,42518,43108,2079119,2.07337819528368,98.6313445300176
"305",2001-06-07,75.4075272107357,135954,137262,2079119,6.60193091400733,99.0470778511168
"306",2001-06-08,77.7578818124208,49668,50496,2079119,2.42872101115905,98.3602661596958
"307",2001-06-09,78.6522386706557,152477,154422,2079119,7.42728049717212,98.7404644415951
"308",2001-06-10,80.0108150295462,17800,17938,2079119,0.862769278718534,99.2306834652693
"309",2001-06-11,76.2395301641965,30326,32522,2079119,1.5642202298185,93.2476477461411
"310",2001-06-12,69.1062542030935,5871,5948,2079119,0.286082710994416,98.7054472091459
"311",2001-06-13,79.9296433646415,27807,28853,2079119,1.38775125425721,96.3747270647766
"312",2001-06-14,76.8238908253087,31498,33854,2079119,1.62828582683338,93.0407042003899
"313",2001-07-03,43.0235092260919,14272,33221,2079119,1.5978402390628,42.9607778212576
"314",2001-07-04,55.3905133203379,29331,47709,2079119,2.29467384983736,61.4789662327863
"315",2001-07-05,55.1044763723943,8040,12041,2079119,0.579139529771985,66.7718628020929
"316",2001-07-06,63.5529080830645,25998,36261,2079119,1.74405601603371,71.6968643997683
"317",2001-07-07,69.1380211458208,57468,75003,2079119,3.60744142110192,76.6209351625935
"318",2001-07-08,70.221172696489,21309,28055,2079119,1.34936961280235,75.954375334165
"319",2001-07-09,45.9428492906873,39939,76412,2079119,3.67521050983614,52.2679683819295
"320",2001-07-10,67.8472735581511,58553,74401,2079119,3.57848684947807,78.6992110321098
"321",2001-07-11,54.002503413746,20466,30758,2079119,1.47937660133932,66.5387866571299
"322",2001-07-12,51.8250507978011,37786,63487,2079119,3.05355297123445,59.5176965362988
"323",2001-07-13,60.0392212725546,8607,10530,2079119,0.506464516942032,81.7378917378917
"324",2001-07-14,59.3022156573117,32418,47390,2079119,2.27933081271442,68.4068368854189
"325",2001-07-15,51.585512623292,51252,88408,2079119,4.25218566133059,57.9721292190752
"326",2001-07-16,61.1713319238901,24140,35475,2079119,1.70625154211952,68.0479210711769
"327",2001-07-17,75.22096258889,24183,29109,2079119,1.4000641617916,83.0773987426569
"328",2001-07-18,67.5148550554223,47319,63783,2079119,3.06778977057109,74.1874794224166
"329",2001-07-19,48.4767587939699,5740,11144,2079119,0.535996256106553,51.5075376884422
"330",2001-07-20,69.5891750602763,67164,88758,2079119,4.26901971460027,75.670925437707
"331",2001-07-21,77.6338280450358,43118,50804,2079119,2.44353497803637,84.8712699787418
"332",2001-07-22,52.2466441694788,24045,40005,2079119,1.92413228872421,60.1049868766404
"333",2001-07-23,59.405768489483,125311,191974,2079119,9.23343012112342,65.2749851542396
"334",2001-07-24,62.9774234595512,42085,51868,2079119,2.49471049997619,81.1386596745585
"335",2001-07-25,60.9245358808222,76719,114518,2079119,5.50800603524858,66.9929618051311
"336",2001-07-26,54.3650717602215,86100,141931,2079119,6.82649718462483,60.6632800445287
"337",2001-07-27,63.366199320662,95315,138370,2079119,6.65522271692962,68.8841511888415
"338",2001-07-28,64.0301161931627,52380,74445,2079119,3.58060313046055,70.3606689502317
"339",2001-07-29,54.8021282613307,17541,28286,2079119,1.36048008796033,62.0130099695963
"340",2001-07-30,38.1556443340712,8881,18523,2079119,0.890906196326425,47.9457971170977
"341",2001-07-31,45.8277237701304,24701,47627,2079119,2.29072987164275,51.8634388057194
"342",2001-08-01,50.71679805943,8132,13192,2079119,0.634499516381698,61.6434202546998
"343",2001-08-02,52.2738437259742,95008,148278,2079119,7.13177071634668,64.0742389295782
"344",2001-08-03,68.7957625864293,39785,47293,2079119,2.27466537509397,84.1245004546127
"345",2001-08-04,47.5973342915945,16907,30611,2079119,1.47230629896605,55.2317794256967
"346",2001-08-05,51.8707704032503,126024,194197,2079119,9.3403504080334,64.8949262861939
"347",2001-08-06,55.3439336869681,151318,230181,2079119,11.0710834733365,65.7387012829034
"348",2001-08-07,55.8276717156883,155584,238330,2079119,11.4630283307497,65.2809130197625
"349",2001-08-08,52.1733452195231,53247,89740,2079119,4.31625125834548,59.3347448183642
"350",2001-08-09,65.7867449835331,86286,117812,2079119,5.66643852516378,73.2404169354565
"351",2001-08-10,46.2997201119552,31756,62525,2079119,3.00728337339036,50.7892842862855
"352",2001-08-11,54.5643755353531,83029,138927,2079119,6.68201291027594,59.7644806265161
"353",2001-08-12,44.8736416295658,21084,41778,2079119,2.0094087928589,50.4667528364211
"354",2001-08-13,57.3170586322748,11418,18454,2079119,0.887587482967545,61.8727647122575
"355",2001-08-14,38.7911629845769,621,2399,2079119,0.11538541083988,25.88578574406
"356",2001-08-15,51.9180116959064,14662,25650,2079119,1.23369561819213,57.1617933723197
"357",2001-08-16,48.9800358595959,17404,29002,2079119,1.39491775122059,60.0096545065858
"358",2001-08-17,43.2487129899491,17483,36713,2079119,1.76579599339913,47.6207338000163
"359",2001-08-18,39.6939452937985,14030,31331,2079119,1.50693635140653,44.7799304203505
"360",2001-08-19,61.580565384469,108961,157698,2079119,7.58484723577631,69.0947253611333
"361",2001-08-20,59.3947965861794,93329,142714,2079119,6.86415736665386,65.3958266182715
"362",2001-08-21,55.0368975324775,15705,26018,2079119,1.25139542277282,60.3620570374356
"363",2001-08-22,56.5013577791231,35991,57815,2079119,2.78074511367555,62.2520107238606
"364",2001-08-23,57.8819829504734,68601,106044,2079119,5.10042955694215,64.6910716306439
"365",2001-08-24,53.4693906810036,12598,20925,2079119,1.00643589905147,60.205495818399
"366",2001-08-25,64.8029947389721,44621,61775,2079119,2.9712104020982,72.2314852286524
"367",2001-08-26,59.7758596515826,111790,171174,2079119,8.23300638395397,65.3078154392606
"368",2001-08-27,52.3541557366537,97965,171546,2079119,8.25089857771489,57.1071316148438
"369",2001-08-28,53.741530663654,117167,196503,2079119,9.45126277043305,59.6260616886256
"370",2001-08-29,49.6905320016307,19885,39248,2079119,1.88772263636665,50.6650020383204
"371",2001-08-30,45.2475742009132,9621,21024,2079119,1.01119753126204,45.7619863013699
"372",2001-08-31,29.7350501964208,833,4582,2079119,0.220381805947615,18.1798341335661
"373",2001-09-01,37.1587223887903,5755,16343,2079119,0.786054093103858,35.2138530257603
"374",2001-09-02,53.083506343714,9136,13005,2079119,0.625505322206184,70.2499038831219
"375",2001-09-03,39.1681709128299,10229,26259,2079119,1.26298687088137,38.9542633002018
"376",2001-09-04,44.2301297886523,11732,25503,2079119,1.22662531581886,46.0024310865388
"377",2001-09-05,42.198399776713,9063,21497,2079119,1.03394755182363,42.1593710750337
"378",2001-09-06,44.0774195418402,50668,103501,2079119,4.97811813561417,48.9541163853489
"379",2001-09-07,45.0277955932554,51210,96670,2079119,4.64956551308511,52.9740353780904
"380",2001-09-08,45.0553774002438,68729,128789,2079119,6.19440253299595,53.3655824643409
"381",2001-09-09,47.5680748206894,37344,63298,2079119,3.04446258246882,58.9971247116813
"382",2001-09-10,54.4798241558589,82219,123291,2079119,5.92996360477683,66.6869438969592
"383",2001-09-11,58.7113657273477,68874,105431,2079119,5.07094591507268,65.326137473798
"384",2001-09-12,34.741845979615,3489,17660,2079119,0.849398230692904,19.7565118912797
"385",2001-09-13,39.3607828403579,11937,29278,2079119,1.40819260465611,40.7712275428649
"386",2001-09-14,32.8379921651949,3025,15061,2079119,0.72439336084178,20.0849877166191
"387",2001-09-15,31.1933245369692,11273,40926,2079119,1.968429897471,27.5448370229194
"388",2001-09-16,36.9180884282934,6078,22097,2079119,1.06280592885737,27.505996289089
"389",2001-09-17,44.7424326575951,33617,72020,2079119,3.4639671899492,46.6773118578173
"390",2001-09-18,44.7988104853513,23101,54476,2079119,2.62014824548282,42.405830090315
"391",2001-09-19,50.3940148238795,42218,71911,2079119,3.45872458478808,58.7086815647119
"392",2001-09-20,47.1547368203603,55045,96816,2079119,4.65658771816332,56.8552718558916
"393",2001-09-21,24.6201377159932,7655,38485,2079119,1.85102440023876,19.8908665713915
"394",2001-09-22,49.3018428163459,47958,78087,2079119,3.75577347905531,61.4161127972646
"395",2001-09-23,42.8060058463992,8837,22578,2079119,1.08594072777941,39.1398706705643
"396",2001-09-24,56.2452494873547,5504,7315,2079119,0.351831713336274,75.2426520847573
"397",2001-09-25,58.9946728883734,57386,74149,2079119,3.5663663311239,77.3928171654372
"398",2001-09-26,63.5103378719112,83030,97167,2079119,4.67346986872805,85.4508217810574
"399",2001-09-27,64.7166950441782,88816,99257,2079119,4.77399321539556,89.480842660971
"400",2001-09-28,64.3722016717909,72509,83264,2079119,4.00477317556138,87.0832532667179
"401",2001-09-29,67.6523226414159,92263,100855,2079119,4.8508526928954,91.4808388280204
"402",2001-09-30,66.5687452749029,70712,76718,2079119,3.68992828212334,92.1713287624808
"403",2001-10-01,60.4359467621072,37857,44705,2079119,2.15018957548846,84.681802930321
"404",2001-10-02,69.1878829287131,129703,134653,2079119,6.47644507120564,96.3238843546003
"405",2001-10-03,61.6576048480729,30281,35313,2079119,1.69845978032041,85.7502902613768
"406",2001-10-04,66.2925124312378,76380,83258,2079119,4.00448459179104,91.7389319945231
"407",2001-10-05,68.448983743145,117857,122902,2079119,5.91125375699996,95.8951034157296
"408",2001-10-06,68.8987174321273,126135,131533,2079119,6.32638151063022,95.8960869135502
"409",2001-10-07,68.4681492365801,101344,106167,2079119,5.10634552423406,95.4571571203858
"410",2001-10-08,64.8895334397729,51633,56370,2079119,2.71124452231931,91.5965939329431
"411",2001-10-09,58.344189435337,10848,13725,2079119,0.660135374646665,79.0382513661202
"412",2001-10-10,70.3603251155104,28269,29651,2079119,1.42613289571208,95.3391116657111
"413",2001-10-11,64.2787761770385,5930,6733,2079119,0.323839087613552,88.0736670132185
"414",2001-10-12,62.0816993464052,5734,7038,2079119,0.3385087626057,81.4720090934925
"415",2001-10-13,14.4847161572052,15,458,2079119,0.0220285611357503,3.27510917030568
"416",2001-10-14,51.8599137931034,788,1392,2079119,0.0669514347182629,56.6091954022989
"417",2001-10-15,16.9557823129252,24,588,2079119,0.0282812094930593,4.08163265306122
"418",2001-10-16,13.1829268292683,0,328,2079119,0.0157759127784413,0
"419",2001-10-17,NA,NA,0,2079119,0,NA
"420",2001-10-18,56.1037735849057,199,318,2079119,0.015294939827879,62.5786163522013
"421",2001-10-19,NA,NA,0,2079119,0,NA
"422",2001-10-20,20.843537414966,6,441,2079119,0.0212109071197945,1.36054421768707
"423",2001-10-21,NA,NA,0,2079119,0,NA
"424",2001-10-22,NA,NA,0,2079119,0,NA
"425",2001-10-23,NA,NA,0,2079119,0,NA
"426",2001-10-24,NA,NA,0,2079119,0,NA
"427",2001-10-25,NA,NA,0,2079119,0,NA
"428",2001-10-26,NA,NA,0,2079119,0,NA
"429",2001-10-27,NA,NA,0,2079119,0,NA
"430",2001-10-28,NA,NA,0,2079119,0,NA
"431",2001-10-29,NA,NA,0,2079119,0,NA
"432",2001-10-30,NA,NA,0,2079119,0,NA
"433",2001-10-31,NA,NA,0,2079119,0,NA
"434",2001-11-01,NA,NA,0,2079119,0,NA
"435",2001-11-02,NA,NA,0,2079119,0,NA
"436",2001-11-03,NA,NA,0,2079119,0,NA
"437",2001-11-04,NA,NA,0,2079119,0,NA
"438",2001-11-05,NA,NA,0,2079119,0,NA
"439",2001-11-06,NA,NA,0,2079119,0,NA
"440",2001-11-07,NA,NA,0,2079119,0,NA
"441",2001-11-08,NA,NA,0,2079119,0,NA
"442",2001-11-09,NA,NA,0,2079119,0,NA
"443",2001-11-10,NA,NA,0,2079119,0,NA
"444",2001-11-11,NA,NA,0,2079119,0,NA
"445",2001-11-12,NA,NA,0,2079119,0,NA
"446",2001-11-13,NA,NA,0,2079119,0,NA
"447",2001-11-14,NA,NA,0,2079119,0,NA
"448",2001-11-15,NA,NA,0,2079119,0,NA
"449",2001-11-16,NA,NA,0,2079119,0,NA
"450",2001-11-17,NA,NA,0,2079119,0,NA
"451",2001-11-18,NA,NA,0,2079119,0,NA
"452",2001-11-19,NA,NA,0,2079119,0,NA
"453",2001-11-20,NA,NA,0,2079119,0,NA
"454",2001-11-21,NA,NA,0,2079119,0,NA
"455",2001-11-22,NA,NA,0,2079119,0,NA
"456",2001-11-23,NA,NA,0,2079119,0,NA
"457",2001-11-24,NA,NA,0,2079119,0,NA
"458",2002-01-16,NA,NA,0,2079119,0,NA
"459",2002-01-18,NA,NA,0,2079119,0,NA
"460",2002-01-19,NA,NA,0,2079119,0,NA
"461",2002-01-20,NA,NA,0,2079119,0,NA
"462",2002-01-21,NA,NA,0,2079119,0,NA
"463",2002-01-22,NA,NA,0,2079119,0,NA
"464",2002-01-23,NA,NA,0,2079119,0,NA
"465",2002-01-24,NA,NA,0,2079119,0,NA
"466",2002-01-25,NA,NA,0,2079119,0,NA
"467",2002-01-26,NA,NA,0,2079119,0,NA
"468",2002-01-27,NA,NA,0,2079119,0,NA
"469",2002-01-28,NA,NA,0,2079119,0,NA
"470",2002-01-29,NA,NA,0,2079119,0,NA
"471",2002-01-30,NA,NA,0,2079119,0,NA
"472",2002-01-31,NA,NA,0,2079119,0,NA
"473",2002-02-01,NA,NA,0,2079119,0,NA
"474",2002-02-02,NA,NA,0,2079119,0,NA
"475",2002-02-03,NA,NA,0,2079119,0,NA
"476",2002-02-04,NA,NA,0,2079119,0,NA
"477",2002-02-05,NA,NA,0,2079119,0,NA
"478",2002-02-06,NA,NA,0,2079119,0,NA
"479",2002-02-07,NA,NA,0,2079119,0,NA
"480",2002-02-08,NA,NA,0,2079119,0,NA
"481",2002-02-09,NA,NA,0,2079119,0,NA
"482",2002-02-10,NA,NA,0,2079119,0,NA
"483",2002-02-11,NA,NA,0,2079119,0,NA
"484",2002-02-12,NA,NA,0,2079119,0,NA
"485",2002-02-13,NA,NA,0,2079119,0,NA
"486",2002-02-14,NA,NA,0,2079119,0,NA
"487",2002-02-15,NA,NA,0,2079119,0,NA
"488",2002-02-16,NA,NA,0,2079119,0,NA
"489",2002-02-17,NA,NA,0,2079119,0,NA
"490",2002-02-18,NA,NA,0,2079119,0,NA
"491",2002-02-19,NA,NA,0,2079119,0,NA
"492",2002-02-20,NA,NA,0,2079119,0,NA
"493",2002-02-21,60.0560747663551,84,107,2079119,0.0051464105710159,78.5046728971963
"494",2002-02-22,63.8778625954198,567,655,2079119,0.0315037282618263,86.5648854961832
"495",2002-02-23,NA,NA,0,2079119,0,NA
"496",2002-02-24,NA,NA,0,2079119,0,NA
"497",2002-02-25,57.9445438282648,424,559,2079119,0.0268863879364288,75.8497316636851
"498",2002-02-26,84.6378787878788,660,660,2079119,0.0317442147371074,100
"499",2002-02-27,47.9255319148936,48,94,2079119,0.00452114573528499,51.063829787234
"500",2002-02-28,63.1756601607348,1488,1742,2079119,0.0837854879879411,85.4190585533869
"501",2002-03-01,60.4847290640394,4909,6090,2079119,0.2929125268924,80.6075533661741
"502",2002-03-02,64.6473164516643,22830,25116,2079119,1.20801166263211,90.89823220258
"503",2002-03-03,64.0190421089702,38820,39754,2079119,1.9120598676651,97.650550887961
"504",2002-03-04,71.4806457829896,65696,67453,2079119,3.24430684342743,97.3952233406965
"505",2002-03-05,70.2971642743879,44939,48559,2079119,2.33555655063515,92.5451512592928
"506",2002-03-06,51.9877112135177,1052,1953,2079119,0.0939340172448042,53.8658474142345
"507",2002-03-07,68.842513126542,90059,94846,2079119,4.56183604690256,94.9528709697826
"508",2002-03-08,57.0745180395951,34646,42379,2079119,2.03831526718769,81.7527549021921
"509",2002-03-09,55.5308029551419,50767,65919,2079119,3.17052559281119,77.0142144146604
"510",2002-03-10,66.0232420748278,138025,143877,2079119,6.92009452080424,95.9326369051342
"511",2002-03-11,68.3670482873234,148302,151634,2079119,7.29318523855537,97.8026036377066
"512",2002-03-12,68.4952070984831,166067,168374,2079119,8.09833395779655,98.6298359604214
"513",2002-03-13,68.0722945002957,159520,162336,2079119,7.80792249024707,98.2653262369407
"514",2002-03-14,66.6702196445716,47706,51037,2079119,2.45474164778447,93.4733624625272
"515",2002-03-15,63.8504135012131,51490,56469,2079119,2.71600615452988,91.1827728488197
"516",2002-03-16,65.6533274090212,67681,69769,2079119,3.35570017877765,97.0072668377073
"517",2002-03-17,68.0562211216556,106052,108429,2079119,5.21514160565124,97.8077820509273
"518",2002-03-18,68.4800173598007,104942,105992,2079119,5.09792849759922,99.0093591969205
"519",2002-03-19,68.9706989438227,97604,98563,2079119,4.74061369262654,99.0270182522853
"520",2002-03-28,NA,NA,0,2079119,0,NA
"521",2002-03-29,70.6494698684878,78256,80829,2079119,3.88765626209948,96.8167365673211
"522",2002-03-30,70.2520216035568,32503,33513,2079119,1.61188464921921,96.9862441440635
"523",2002-03-31,73.7828183520599,20455,21360,2079119,1.02735822240093,95.7631086142322
"524",2002-04-01,73.0037975687628,99211,100854,2079119,4.85080459560035,98.3709124080354
"525",2002-04-02,72.6558854343083,126698,126949,2079119,6.1059035100925,99.8022828064813
"526",2002-04-03,58.1044538706257,5030,5658,2079119,0.272134495428112,88.9006716154118
"527",2002-04-04,72.5804271940556,88014,89093,2079119,4.28513230844411,98.7889059746557
"528",2002-04-05,55.4759082217973,4203,5230,2079119,0.251548853144048,80.3632887189293
"529",2002-04-06,70.1328576400975,85863,86190,2079119,4.14550586089589,99.6206056387052
"530",2002-04-07,74.6273914534177,160310,160415,2079119,7.71552758644407,99.9345447744912
"531",2002-04-08,65.3844017414803,26457,26644,2079119,1.28150432947801,99.2981534304159
"532",2002-04-09,60.5888830372959,20347,20887,2079119,1.00460820183934,97.4146598362618
"533",2002-04-10,68.016084961592,38466,38794,2079119,1.86588646441113,99.1545084291385
"534",2002-04-11,71.0329623179627,78875,79242,2079119,3.81132585484525,99.5368617652255
"535",2002-04-12,73.711878319256,121654,121827,2079119,5.85954916481452,99.8579953540677
"536",2002-04-13,73.508908354189,201341,201384,2079119,9.68602566760248,99.978647757518
"537",2002-04-14,74.1484027366266,92683,92815,2079119,4.46415044064337,99.8577816085762
"538",2002-04-16,72.3036309072321,119584,121292,2079119,5.83381711195944,98.5918279853577
"539",2002-04-17,67.2513589091023,30856,31827,2079119,1.53079260975442,96.9491312407704
"540",2002-04-18,74.5393822296941,39077,39853,2079119,1.91682149987567,98.052844202444
"541",2002-04-19,73.0435110663984,3800,3976,2079119,0.191234845143544,95.5734406438632
"542",2002-04-20,65.3427068581833,4794,4943,2079119,0.237744929462912,96.9856362532875
"543",2002-04-21,71.970924751457,93054,93344,2079119,4.48959390972811,99.6893212204319
"544",2002-04-22,69.2718843210997,77075,77110,2079119,3.70878242178538,99.9546102969783
"545",2002-04-23,73.6085344980884,179791,179952,2079119,8.6552044399575,99.9105316973415
"546",2002-04-24,74.3584777227723,161527,161600,2079119,7.77252288108569,99.9548267326733
"547",2002-04-25,73.0890592850481,140416,140457,2079119,6.75560177171196,99.9708095716127
"548",2002-04-26,69.011524555589,13167,13276,2079119,0.638539689166421,99.1789695691473
"549",2002-04-27,66.7741203178207,2640,2643,2079119,0.127121150833598,99.8864926220204
"550",2002-04-28,73.6899781098315,52408,52535,2079119,2.52679139577869,99.7582564004949
"551",2002-04-29,75.2117074661844,78279,78514,2079119,3.77631102404432,99.700690322745
"552",2002-04-30,74.5054992884087,144422,144746,2079119,6.9618910702081,99.7761596175369
"553",2002-05-01,71.5878450944469,31542,31658,2079119,1.52266416688992,99.633583928233
"554",2002-05-02,71.4727174378507,44107,44369,2079119,2.13402888434957,99.4094976222137
"555",2002-05-03,73.3594197087609,109699,109738,2079119,5.27810096487984,99.9644608066486
"556",2002-05-04,74.7831155950996,140068,140153,2079119,6.74098019401487,99.9393519938924
"557",2002-05-05,75.6384223806497,158801,158923,2079119,7.64376642222018,99.9232332639077
"558",2002-05-06,75.8722805644991,66328,66466,2079119,3.19683481320694,99.7923750488972
"559",2002-05-07,73.4363955170213,123666,123757,2079119,5.95237694427303,99.9264688058049
"560",2002-05-08,74.7141471384081,195729,195870,2079119,9.42081718266246,99.9280134783275
"561",2002-05-09,78.0517993208736,109647,109847,2079119,5.28334357004096,99.8179285733793
"562",2002-05-10,76.7591700265513,152346,152535,2079119,7.33652090140103,99.8760940112105
"563",2002-05-11,78.558888986163,216700,217027,2079119,10.438411654167,99.8493275030296
"564",2002-05-12,80.5262056206026,221834,222147,2079119,10.6846698048548,99.8591023061306
"565",2002-05-13,80.3421884584533,169385,169544,2079119,8.15460779301233,99.9062190345869
"566",2002-05-14,79.0908919184748,153363,153523,2079119,7.38404102891657,99.8957810881757
"567",2002-05-15,79.1361340597984,140637,140773,2079119,6.77080051694973,99.9033905649521
"568",2002-05-16,79.8779968545015,104065,104276,2079119,5.01539353928274,99.7976523840577
"569",2002-05-17,75.2203969883641,15985,16071,2079119,0.772971628848565,99.4648746188787
"570",2002-05-18,71.5008324504314,19678,19821,2079119,0.953336485309403,99.2785429594874
"571",2002-05-19,72.3927769643729,20432,20490,2079119,0.985513575702016,99.7169350902879
"572",2002-05-20,73.5087238586453,74319,74451,2079119,3.58089171423088,99.8227021799573
"573",2002-05-21,72.4733397939916,99788,100093,2079119,4.81420255406256,99.6952833864506
"574",2002-05-22,74.3016703423675,217685,218099,2079119,10.4899719544673,99.8101779467123
"575",2002-05-23,79.3927490738384,211555,212166,2079119,10.2046107028987,99.7120179482104
"576",2002-05-24,80.4409403919315,229061,229734,2079119,11.0495839824464,99.7070525042005
"577",2002-05-25,83.0755180169223,266180,267221,2079119,12.8526072822191,99.6104348086415
"578",2002-05-26,84.7991075500958,261840,263096,2079119,12.6542059401121,99.5226077173351
"579",2002-05-27,84.1448723354081,138402,139937,2079119,6.73059117828272,98.9030778135875
"580",2002-05-28,72.5842173350582,3344,3865,2079119,0.185896045392303,86.5200517464424
"581",2002-05-29,82.4606277177423,22538,23227,2079119,1.1171558722709,97.0336246609549
"582",2002-05-30,85.8333073201186,6276,6407,2079119,0.308159369425223,97.9553613235524
"583",2002-05-31,87.2430262045647,96831,99372,2079119,4.77952440432702,97.4429416737109
"584",2002-06-01,87.7769865713934,79765,81170,2079119,3.90405743971365,98.2690649254651
"585",2002-06-02,85.8301779755284,86767,89900,2079119,4.32394682555448,96.5150166852058
"586",2002-06-03,81.5154036977356,88286,94328,2079119,4.53692164806343,93.5946908659147
"587",2002-06-04,77.4379751209399,5352,5788,2079119,0.278387143785421,92.4671734623359
"588",2002-06-05,81.8293711967546,70030,73950,2079119,3.55679496940772,94.6991210277214
"589",2002-06-06,77.7003192584058,105347,113701,2079119,5.46871054518765,92.6526591674655
"590",2002-06-07,82.7922297006524,52819,58093,2079119,2.79411616170118,90.9214535314065
"591",2002-06-08,75.7698502174263,11087,12418,2079119,0.597272210008181,89.2816878724432
"592",2002-06-09,79.0984928242921,33378,36094,2079119,1.73602376775932,92.4752036349532
"593",2002-06-10,76.533983909416,119945,134240,2079119,6.45658088834742,89.3511620977354
"594",2002-06-11,76.2509600948897,103366,120561,2079119,5.79865798927334,85.7375104718773
"595",2002-06-12,72.5123025575348,127238,154602,2079119,7.43593801028224,82.3003583394781
"596",2002-06-13,69.7809420096833,102516,127642,2079119,6.13923493556646,80.315256733677
"597",2002-06-14,77.6173743102391,22782,26096,2079119,1.2551470117872,87.3007357449417
"598",2002-06-15,61.9857693447969,44348,60714,2079119,2.92017917204354,73.0441084428633
"599",2002-06-16,57.5933013069966,27659,37261,2079119,1.79215331108994,74.2304285982663
"600",2002-06-17,62.3900061204861,20434,22874,2079119,1.10017752711605,89.3328670105797
"601",2002-06-18,66.7160867666327,29683,34345,2079119,1.65190159870599,86.4259717571699
"602",2002-06-19,70.4628188499784,8208,9252,2079119,0.444996173860178,88.715953307393
"603",2002-06-20,69.7109339589943,33902,37507,2079119,1.80398524567377,90.3884608206468
"604",2002-06-21,63.5537755063554,83443,106052,2079119,5.1008143353026,78.681212989854
"605",2002-06-22,68.3944954568109,176101,208664,2079119,10.0361739756118,84.3945290035655
"606",2002-06-23,74.410507002517,94182,108461,2079119,5.21668071909304,86.8348991803505
"607",2002-06-24,69.4536631183469,60959,76656,2079119,3.68694624982986,79.5228031726153
"608",2002-06-25,65.5434319355654,21186,27687,2079119,1.33166980822166,76.5196662693683
"609",2002-06-26,16.9001309757695,558,3054,2079119,0.146889139101706,18.2711198428291
"610",2002-06-27,64.4371471984506,100273,127019,2079119,6.10927032074643,78.9433076941245
"611",2002-06-28,66.2786035893573,132889,173903,2079119,8.36426390216241,76.415588000207
"612",2002-06-29,63.6042320597467,51694,73912,2079119,3.55496727219558,69.9399285636974
"613",2002-06-30,65.5791637742297,123379,168543,2079119,8.10646240066105,73.2032775018838
"614",2002-07-01,71.7200848322991,150448,190965,2079119,9.18489995041169,78.7830230670542
"615",2002-07-02,71.9209655212819,27515,34137,2079119,1.6418973613343,80.6016931774907
"616",2002-07-03,55.9908803719378,20767,33554,2079119,1.61385663831652,61.8912797281993
"617",2002-07-04,59.7998062038129,56153,85657,2079119,4.11987000263092,65.5556463569819
"618",2002-07-05,67.6307399755846,62509,85192,2079119,4.09750476042978,73.3742604939431
"619",2002-07-06,62.8112408887328,39618,56935,2079119,2.73841949402608,69.584614033547
"620",2002-07-07,60.5681331671938,21204,31299,2079119,1.50539723796473,67.7465733729512
"621",2002-07-08,54.0393417177426,31389,50252,2079119,2.41698527116534,62.4631855448539
"622",2002-07-09,41.872480813627,31253,64108,2079119,3.08342139146437,48.7505459537031
"623",2002-07-10,62.8731086072858,90628,129402,2079119,6.22388617486541,70.0360118081637
"624",2002-07-11,58.4532853999732,109553,171349,2079119,8.24142341058881,63.9355934379541
"625",2002-07-12,59.2710129905438,151592,235402,2079119,11.3221994508251,64.3970739415978
"626",2002-07-13,57.2258555036983,147162,237404,2079119,11.4184902355276,61.9880035719701
"627",2002-07-14,57.3088917689282,137282,220676,2079119,10.6139186838271,62.2097554786202
"628",2002-07-15,62.8681558326352,56307,81164,2079119,3.90376885594331,69.3743531615002
"629",2002-07-16,44.7710912980341,31994,64043,2079119,3.08029506728571,49.9570601002452
"630",2002-07-17,63.4569774080418,18144,24522,2079119,1.17944186936871,73.9907022265721
"631",2002-07-18,61.9417393751759,7603,10659,2079119,0.512669068004284,71.3293930012196
"632",2002-07-19,45.7149307645996,1637,3322,2079119,0.159779214176774,49.2775436484046
"633",2002-07-20,42.6235373234701,3439,7435,2079119,0.357603388743021,46.2542030934768
"634",2002-07-21,47.6978465679677,5979,8916,2079119,0.428835482721287,67.0592193808883
"635",2002-07-22,50.4665337510681,19086,31599,2079119,1.5198264264816,60.4006455900503
"636",2002-07-23,64.4989624243256,44347,58309,2079119,2.80450517743333,76.0551544358504
"637",2002-07-24,63.1346322497661,50732,68416,2079119,3.29062453856658,74.1522450888681
"638",2002-07-25,54.4198308779978,47806,79351,2079119,3.81656846000638,60.2462476843392
"639",2002-07-26,61.2426524452779,23501,34127,2079119,1.64141638838373,68.8633633193659
"640",2002-07-27,51.0959258106893,64369,115704,2079119,5.56504942718527,55.6324759731729
"641",2002-07-28,59.8504189435337,24589,27450,2079119,1.32027074929333,89.5774134790528
"642",2002-07-29,55.3485200449607,27953,40035,2079119,1.9255752075759,69.8214062695142
"643",2002-07-30,44.1372431826672,13485,26770,2079119,1.2875645886551,50.373552484124
"644",2002-07-31,33.2387810974884,2839,8401,2079119,0.404065375767332,33.7935960004761
"645",2002-08-01,40.2309611344538,3495,7616,2079119,0.366308999148197,45.890231092437
"646",2002-08-02,44.3973847411182,22050,41602,2079119,2.000943668929,53.0022595067545
"647",2002-08-03,51.425532658051,16691,28630,2079119,1.37702555745967,58.2989870764932
"648",2002-08-04,61.0633299284985,11416,16643,2079119,0.800483281620725,68.5934026317371
"649",2002-08-05,37.2792318821518,2757,7603,2079119,0.365683734312466,36.2620018413784
"650",2002-08-06,49.880182574532,47813,86540,2079119,4.16233991416557,55.2495955627455
"651",2002-08-07,64.343249900238,51428,72673,2079119,3.49537472362092,70.7663093583587
"652",2002-08-08,42.9142743076979,26208,55106,2079119,2.65044954136824,47.5592494465212
"653",2002-08-09,45.5476549729662,16260,31812,2079119,1.53007115032858,51.1127876273105
"654",2002-08-10,41.0236691170531,21933,49516,2079119,2.38158566200395,44.2947734065757
"655",2002-08-11,56.9677661946994,49427,77124,2079119,3.70945578391617,64.087702919973
"656",2002-08-12,53.3426719551127,123220,206740,2079119,9.94363477992361,59.6014317500242
"657",2002-08-13,53.4391100216055,141175,240680,2079119,11.5760569741318,58.6567226192455
"658",2002-08-14,57.4531660211588,96745,153884,2079119,7.40140415243187,62.8687842790673
"659",2002-08-15,70.7387586761895,30165,39764,2079119,1.91254084061566,75.8600744391912
"660",2002-08-16,43.7874583502283,26931,56723,2079119,2.72822286747416,47.4780953052554
"661",2002-08-17,51.8568116582027,4452,9058,2079119,0.435665298619271,49.1499227202473
"662",2002-08-18,43.0180122087525,19543,46524,2079119,2.23767855519573,42.0062763304961
"663",2002-08-19,42.2583329974608,46187,99244,2079119,4.77336795055983,46.538833581879
"664",2002-08-20,32.4584341183959,1981,7855,2079119,0.377804252666634,25.2196053469128
"665",2002-08-21,52.2173739650613,67035,115345,2079119,5.54778249826008,58.116953487364
"666",2002-08-22,35.4874815905744,1721,5432,2079119,0.261264506745405,31.6826215022091
"667",2002-08-23,46.4287874492014,10407,21162,2079119,1.0178349579798,49.1777714771761
"668",2002-08-24,54.4143681135843,15637,27046,2079119,1.30083944209062,57.8163129483103
"669",2002-08-25,53.869109947644,3551,4966,2079119,0.238851167249205,71.5062424486508
"670",2002-08-26,37.08388136262,9227,30412,2079119,1.46273493724986,30.3399973694594
"671",2002-08-27,45.8098424391242,24862,48870,2079119,2.35051480939763,50.8737466748517
"672",2002-08-28,31.8819011208619,20867,57545,2079119,2.76775884401037,36.2620557824311
"673",2002-08-29,51.3454149554863,68200,108843,2079119,5.23505388580452,62.6590593791057
"674",2002-08-30,56.4257136504091,90121,130421,2079119,6.2728973185277,69.1000682405441
"675",2002-08-31,53.3622738265202,109890,171605,2079119,8.2537363181232,64.0365956702893
"676",2002-09-01,53.7007062821943,13055,18831,2079119,0.905720163203742,69.3271732781052
"677",2002-09-02,53.1278900355563,78704,115310,2079119,5.54609909293311,68.2542710953083
"678",2002-09-03,45.1216917337064,19158,34308,2079119,1.65012199878891,55.8412032179084
"679",2002-09-04,59.0714722971014,73479,93113,2079119,4.47848343457012,78.9137929182821
"680",2002-09-05,57.0578677812445,26928,33974,2079119,1.63405750224013,79.260611055513
"681",2002-09-06,63.0344007152924,56457,65987,2079119,3.17379620887501,85.557761377241
"682",2002-09-07,64.4440488691955,71117,78086,2079119,3.75572538176026,91.0752247521963
"683",2002-09-08,66.5629444642645,77649,84090,2079119,4.04450154127782,92.3403496254014
"684",2002-09-09,70.1602806665831,148705,159620,2079119,7.67729023687437,93.1618844756296
"685",2002-09-10,60.7699498545162,37032,48459,2079119,2.33074682112953,76.4192410078623
"686",2002-09-11,66.6964316574391,132116,156235,2079119,7.51448089310905,84.5623579863667
"687",2002-09-12,60.6993578252286,70688,88138,2079119,4.23919939166541,80.2015021897479
"688",2002-09-13,61.9135045147748,88910,110526,2079119,5.31600163338414,80.4426107884118
"689",2002-09-14,58.6639752271806,27314,34554,2079119,1.66195393337274,79.0472883023673
"690",2002-09-15,63.051426500626,25105,30354,2079119,1.4599452941366,82.7073861764512
"691",2002-09-16,61.3082248887762,121067,149923,2079119,7.21089076671417,80.7527864303676
"692",2002-09-17,64.3134568240945,130938,159904,2079119,7.69094986867034,81.8853812287372
"693",2002-09-18,54.6158497690914,26412,39193,2079119,1.88507728513856,67.3895848748501
"694",2002-09-19,63.3269952951631,138229,164299,2079119,7.90233748044244,84.132587538573
"695",2002-09-20,69.700316379975,133879,150452,2079119,7.23633423579891,88.9845266264323
"696",2002-09-21,64.758688033876,47631,54788,2079119,2.63515460154036,86.9369204935387
"697",2002-09-22,52.9091717291451,9117,13498,2079119,0.649217288668902,67.5433397540376
"698",2002-09-23,59.4123592190036,31489,40666,2079119,1.95592460075638,77.4332366104362
"699",2002-09-24,55.8574144486692,57107,81530,2079119,3.92137246593389,70.0441555255734
"700",2002-09-25,63.7620003028468,88968,105664,2079119,5.08215258482078,84.1989703210176
"701",2002-09-26,66.4977682915753,131250,154142,2079119,7.41381325455638,85.148758936565
"702",2002-09-27,65.1014174086862,91640,110060,2079119,5.29358829388794,83.2636743594403
"703",2002-09-28,60.4002775024777,59658,75675,2079119,3.6397628033797,78.8344895936571
"704",2002-09-29,64.7451300741485,123490,143226,2079119,6.88878318172264,86.2203789814698
"705",2002-09-30,66.1410488245931,81984,93457,2079119,4.49502890406946,87.7237660100367
"706",2002-10-01,64.7087059488883,46403,56582,2079119,2.72144114887123,82.0101799158743
"707",2002-10-02,63.7874538315279,120167,137269,2079119,6.60226759507272,87.5412511200635
"708",2002-10-03,55.7724975546136,8575,12268,2079119,0.590057615749748,69.897293772416
"709",2002-10-04,56.7385131137843,3784,5071,2079119,0.243901383230109,74.6203904555314
"710",2002-10-05,67.6025431608574,72579,79586,2079119,3.82787132434459,91.1956876837635
"711",2002-10-06,71.6606019107242,82567,92007,2079119,4.42528782623794,89.7399110937211
"712",2002-10-07,63.0053159318797,25360,31415,2079119,1.51097652419126,80.7257679452491
"713",2002-10-08,54.9400826446281,17447,25168,2079119,1.21051272197503,69.3221551176097
"714",2002-10-09,58.9822784810127,16842,24095,2079119,1.1589043243797,69.8983191533513
"715",2002-10-10,60.2697692987709,24865,35067,2079119,1.68662784573658,70.9071206547466
"716",2002-10-11,59.9710163679886,11877,15457,2079119,0.743439889684044,76.8389726337582
"717",2002-10-12,61.1955890432462,9521,12741,2079119,0.612807636311341,74.72725845695
"718",2002-10-13,16.3259423503326,30,451,2079119,0.0216918800703567,6.65188470066519
"719",2002-10-14,15.5555555555556,0,18,2079119,0.00086575131101202,0
"720",2002-10-15,33.8586956521739,9,276,2079119,0.0132748534355176,3.26086956521739
"721",2002-10-16,46.1893939393939,125,264,2079119,0.012697685894843,47.3484848484849
"722",2002-10-17,43.046511627907,1,43,2079119,0.0020681836874176,2.32558139534884
"723",2002-10-18,51.8582375478927,339,522,2079119,0.0251067880193486,64.9425287356322
"724",2002-10-19,33.2857142857143,1,77,2079119,0.0037034917193292,1.2987012987013
"725",2002-10-20,72.2826086956522,46,46,2079119,0.00221247557258627,100
"726",2002-10-21,NA,NA,0,2079119,0,NA
"727",2002-10-22,NA,NA,0,2079119,0,NA
"728",2002-10-23,NA,NA,0,2079119,0,NA
"729",2002-10-24,NA,NA,0,2079119,0,NA
"730",2002-10-25,NA,NA,0,2079119,0,NA
"731",2002-10-26,NA,NA,0,2079119,0,NA
"732",2002-10-27,NA,NA,0,2079119,0,NA
"733",2002-10-28,NA,NA,0,2079119,0,NA
"734",2002-10-29,NA,NA,0,2079119,0,NA
"735",2002-10-30,NA,NA,0,2079119,0,NA
"736",2002-10-31,NA,NA,0,2079119,0,NA
"737",2002-11-01,NA,NA,0,2079119,0,NA
"738",2002-11-02,NA,NA,0,2079119,0,NA
"739",2002-11-03,NA,NA,0,2079119,0,NA
"740",2002-11-04,NA,NA,0,2079119,0,NA
"741",2002-11-05,NA,NA,0,2079119,0,NA
"742",2002-11-06,NA,NA,0,2079119,0,NA
"743",2002-11-07,NA,NA,0,2079119,0,NA
"744",2002-11-08,NA,NA,0,2079119,0,NA
"745",2002-11-09,NA,NA,0,2079119,0,NA
"746",2002-11-10,NA,NA,0,2079119,0,NA
"747",2002-11-11,NA,NA,0,2079119,0,NA
"748",2002-11-12,NA,NA,0,2079119,0,NA
"749",2002-11-13,NA,NA,0,2079119,0,NA
"750",2002-11-14,NA,NA,0,2079119,0,NA
"751",2002-11-15,NA,NA,0,2079119,0,NA
"752",2002-11-16,NA,NA,0,2079119,0,NA
"753",2002-11-17,NA,NA,0,2079119,0,NA
"754",2002-11-18,NA,NA,0,2079119,0,NA
"755",2002-11-19,NA,NA,0,2079119,0,NA
"756",2002-11-20,NA,NA,0,2079119,0,NA
"757",2002-11-21,NA,NA,0,2079119,0,NA
"758",2002-11-22,NA,NA,0,2079119,0,NA
"759",2002-11-23,NA,NA,0,2079119,0,NA
"760",2002-11-25,NA,NA,0,2079119,0,NA
"761",2002-12-05,NA,NA,0,2079119,0,NA
"762",2002-12-06,NA,NA,0,2079119,0,NA
"763",2002-12-11,NA,NA,0,2079119,0,NA
"764",2003-01-15,NA,NA,0,2079119,0,NA
"765",2003-01-16,NA,NA,0,2079119,0,NA
"766",2003-01-17,NA,NA,0,2079119,0,NA
"767",2003-01-19,NA,NA,0,2079119,0,NA
"768",2003-01-20,NA,NA,0,2079119,0,NA
"769",2003-01-21,NA,NA,0,2079119,0,NA
"770",2003-01-22,NA,NA,0,2079119,0,NA
"771",2003-01-23,NA,NA,0,2079119,0,NA
"772",2003-01-24,NA,NA,0,2079119,0,NA
"773",2003-01-25,NA,NA,0,2079119,0,NA
"774",2003-01-26,NA,NA,0,2079119,0,NA
"775",2003-01-27,NA,NA,0,2079119,0,NA
"776",2003-01-28,NA,NA,0,2079119,0,NA
"777",2003-01-29,NA,NA,0,2079119,0,NA
"778",2003-01-30,NA,NA,0,2079119,0,NA
"779",2003-01-31,NA,NA,0,2079119,0,NA
"780",2003-02-02,NA,NA,0,2079119,0,NA
"781",2003-02-03,NA,NA,0,2079119,0,NA
"782",2003-02-04,NA,NA,0,2079119,0,NA
"783",2003-02-05,NA,NA,0,2079119,0,NA
"784",2003-02-06,NA,NA,0,2079119,0,NA
"785",2003-02-07,NA,NA,0,2079119,0,NA
"786",2003-02-08,NA,NA,0,2079119,0,NA
"787",2003-02-09,NA,NA,0,2079119,0,NA
"788",2003-02-10,NA,NA,0,2079119,0,NA
"789",2003-02-11,NA,NA,0,2079119,0,NA
"790",2003-02-12,NA,NA,0,2079119,0,NA
"791",2003-02-13,NA,NA,0,2079119,0,NA
"792",2003-02-14,NA,NA,0,2079119,0,NA
"793",2003-02-15,NA,NA,0,2079119,0,NA
"794",2003-02-16,NA,NA,0,2079119,0,NA
"795",2003-02-17,NA,NA,0,2079119,0,NA
"796",2003-02-18,NA,NA,0,2079119,0,NA
"797",2003-02-19,NA,NA,0,2079119,0,NA
"798",2003-02-20,NA,NA,0,2079119,0,NA
"799",2003-02-21,NA,NA,0,2079119,0,NA
"800",2003-02-22,49.5362831858407,317,565,2079119,0.0271749717067662,56.1061946902655
"801",2003-02-23,51.6489361702128,52,94,2079119,0.00452114573528499,55.3191489361702
"802",2003-02-24,49.4326241134752,67,141,2079119,0.00678171860292749,47.5177304964539
"803",2003-02-25,NA,NA,0,2079119,0,NA
"804",2003-02-26,NA,NA,0,2079119,0,NA
"805",2003-02-27,58.5555555555556,15,18,2079119,0.00086575131101202,83.3333333333333
"806",2003-02-28,58.5597345132743,410,452,2079119,0.0217399773654129,90.7079646017699
"807",2003-03-01,58.6674975074776,7630,8024,2079119,0.385932695531136,95.0897308075773
"808",2003-03-02,36.1366742596811,0,439,2079119,0.021114712529682,0
"809",2003-03-03,51.8974167537703,4455,6697,2079119,0.322107584991528,66.5223234284008
"810",2003-03-04,54.6226908744946,9622,12613,2079119,0.606651182544145,76.286371204313
"811",2003-03-05,57.7172552525704,11631,13422,2079119,0.64556189424463,86.6562360303979
"812",2003-03-06,57.3254307224555,26031,27628,2079119,1.32883206781334,94.2196322571304
"813",2003-03-07,54.7609914429035,2839,3389,2079119,0.163001732945541,83.7710239008557
"814",2003-03-08,51.542755765819,5781,8455,2079119,0.406662629700368,68.3737433471319
"815",2003-03-09,66.5541451042681,72818,78068,2079119,3.75485963044924,93.2750935082236
"816",2003-03-10,64.5847909622569,108138,112683,2079119,5.41974749882041,95.9665610606746
"817",2003-03-11,61.8818437395766,122957,125918,2079119,6.05631519888953,97.6484696389714
"818",2003-03-12,69.2181930797601,104298,106557,2079119,5.12510346930599,97.8800078831048
"819",2003-03-13,66.2760560856516,109240,111615,2079119,5.36837958770037,97.872149800654
"820",2003-03-14,67.6015235523842,101505,103705,2079119,4.98792998380564,97.8785979460971
"821",2003-03-15,63.9994801940609,70316,75028,2079119,3.60864385347832,93.7196779868849
"822",2003-03-16,63.4829282443904,75856,79283,2079119,3.81329784394255,95.6775096805116
"823",2003-03-17,63.076359228091,65422,70941,2079119,3.41207020858354,92.2202957387125
"824",2003-03-18,60.421905129194,36982,38895,2079119,1.87074429121181,95.0816300295668
"825",2003-03-19,70.1242212230578,147604,148791,2079119,7.15644462871053,99.2022366944237
"826",2003-03-20,56.0519987604586,15641,16135,2079119,0.776049855732163,96.9383328168578
"827",2003-03-21,63.3141051152991,38781,42715,2079119,2.05447595832658,90.7901205665457
"828",2003-03-22,62.2036085944563,49926,51987,2079119,2.50043407808788,96.0355473483756
"829",2003-03-23,66.4480610985769,136099,136959,2079119,6.58735743360529,99.3720748545185
"830",2003-03-24,69.4314604114713,153109,153984,2079119,7.40621388193749,99.4317591438072
"831",2003-03-25,71.4647409958231,183060,184109,2079119,8.85514489550622,99.4302288318333
"832",2003-03-26,60.9815980865915,40109,40974,2079119,1.97073856763369,97.8889051593694
"833",2003-03-27,66.0698956520291,119247,120079,2079119,5.77547509305624,99.3071228108162
"834",2003-03-28,68.2029311529291,148120,148474,2079119,7.1411977861777,99.7615744170697
"835",2003-03-29,70.8339308423666,164803,165130,2079119,7.94230633263416,99.8019742021438
"836",2003-03-30,71.0874701492537,133521,134000,2079119,6.44503753753393,99.6425373134328
"837",2003-03-31,70.2250166947263,106076,106321,2079119,5.11375250767272,99.7695657490054
"838",2003-04-01,70.9004137385537,131415,131484,2079119,6.32402474317247,99.9475221319704
"839",2003-04-02,69.7596199980808,10403,10421,2079119,0.501221911780903,99.8272718549084
"840",2003-04-03,63.1499708227971,5101,5141,2079119,0.247268193884044,99.2219412565649
"841",2003-04-04,61.4353709752683,6358,6429,2079119,0.30921750991646,98.8956291802769
"842",2003-04-05,71.8800939308839,145483,145639,2079119,7.00484195469331,99.8928858341516
"843",2003-04-06,61.0532400879815,17078,17731,2079119,0.852813138641896,96.3171845919576
"844",2003-04-07,64.3068432671082,1355,1359,2079119,0.0653642239814075,99.7056659308315
"845",2003-04-08,71.745244639912,71348,72760,2079119,3.49955918829081,98.0593732820231
"846",2003-04-09,72.5502957925582,89747,90435,2079119,4.34967887840956,99.2392325979986
"847",2003-04-10,71.0212115232833,80919,81088,2079119,3.90011346151904,99.7915844514602
"848",2003-04-11,73.8526728008383,130675,130743,2079119,6.28838464753581,99.9479895673191
"849",2003-04-12,76.1523351333007,99777,100187,2079119,4.81872369979785,99.5907652689471
"850",2003-04-13,72.2202723571529,42324,42738,2079119,2.05558219611287,99.0313070335533
"851",2003-04-14,74.6497768730917,62784,63865,2079119,3.0717337487657,98.3073671024818
"852",2003-04-15,74.3841459148053,127892,128623,2079119,6.18641838201661,99.4316724069568
"853",2003-04-16,71.1042534560989,74440,75374,2079119,3.62528551756778,98.760845915037
"854",2003-04-17,78.1543941626001,85549,86888,2079119,4.17907777284513,98.4589356412853
"855",2003-04-18,76.1328973185088,44449,45870,2079119,2.20622292422896,96.9021146718988
"856",2003-04-19,80.33396116551,165677,168304,2079119,8.09496714714261,98.4391339480939
"857",2003-04-20,68.9400501535072,42250,42669,2079119,2.05226348275399,99.0180224518972
"858",2003-04-21,70.717566217946,141234,142182,2079119,6.83856960568395,99.3332489344643
"859",2003-04-22,70.172863889242,101651,102277,2079119,4.91924704646535,99.3879366817564
"860",2003-04-23,73.1046261811276,147916,148481,2079119,7.1415344672431,99.6194799334595
"861",2003-04-24,75.3125190500545,192919,193569,2079119,9.31014530673809,99.664202429108
"862",2003-04-25,76.8024839825809,242677,243641,2079119,11.7184730647933,99.604335887638
"863",2003-04-26,79.3027679229292,233713,234797,2079119,11.2931005873161,99.5383245952887
"864",2003-04-27,78.0299501728931,129696,129849,2079119,6.24538566575554,99.8821708291939
"865",2003-04-28,74.229569154775,72725,72880,2079119,3.50533086369756,99.7873216245884
"866",2003-04-29,73.9720413726748,124650,124720,2079119,5.99869463941217,99.9438742783836
"867",2003-04-30,70.1812156984571,19293,19314,2079119,0.928951156715897,99.8912705809257
"868",2003-05-01,71.3925270332965,27959,28021,2079119,1.34773430477043,99.7787373755398
"869",2003-05-02,67.1041935892563,78781,78930,2079119,3.79631949878771,99.8112251361966
"870",2003-05-03,71.7828785807313,154079,154333,2079119,7.42299983791212,99.8354208108441
"871",2003-05-04,73.5782023435851,146657,146869,2079119,7.06400162761247,99.8556536777673
"872",2003-05-05,74.6600635807347,108594,108838,2079119,5.23481339932923,99.7758135945166
"873",2003-05-06,72.0846719867344,77081,77192,2079119,3.71272639997999,99.8562027153073
"874",2003-05-07,73.5002905551419,109838,110134,2079119,5.2971474937221,99.7312364937258
"875",2003-05-08,76.8951919256139,125722,125830,2079119,6.05208263692458,99.9141699117857
"876",2003-05-09,77.1788884641522,93773,94176,2079119,4.52961085921489,99.5720778117567
"877",2003-05-10,80.1328010591988,98838,99698,2079119,4.79520412251535,99.1373949326967
"878",2003-05-11,76.9950163398693,73148,73440,2079119,3.53226534892904,99.6023965141612
"879",2003-05-12,74.184450385854,32618,32914,2079119,1.58307436948053,99.1006866379048
"880",2003-05-13,73.1142411573429,58974,60276,2079119,2.89911255680892,97.839936293052
"881",2003-05-14,67.1370549946865,29960,30112,2079119,1.448305748733,99.4952178533475
"882",2003-05-15,73.9043335831876,35991,36021,2079119,1.73251266522022,99.9167152494378
"883",2003-05-16,73.9935161936243,62558,62926,2079119,3.02657038870791,99.4151860915997
"884",2003-05-17,73.569741642836,39664,40564,2079119,1.95101867666064,97.7812838970516
"885",2003-05-18,77.3980988172875,44148,45235,2079119,2.17568114186826,97.5969934785012
"886",2003-05-19,76.403579854344,19316,19498,2079119,0.937801059006243,99.0665709303518
"887",2003-05-20,64.4759052545603,3471,3673,2079119,0.176661364741508,94.5004083855159
"888",2003-05-21,76.4338047534865,30164,30546,2079119,1.4691799747874,98.7494270935638
"889",2003-05-22,75.203040443875,79169,80383,2079119,3.8662048685044,98.4897304156352
"890",2003-05-23,76.6180242742743,31608,31968,2079119,1.53757432835735,98.8738738738739
"891",2003-05-24,75.9775191018674,106043,108759,2079119,5.23101371301979,97.5027354058055
"892",2003-05-25,76.5788103153454,113558,115207,2079119,5.54114507154232,98.5686633624693
"893",2003-05-26,77.0030985814587,109286,111664,2079119,5.37073635515812,97.8703969050007
"894",2003-05-27,75.6999041544105,30157,30257,2079119,1.45527985651615,99.6694979674125
"895",2003-05-28,78.3480612361767,76231,78581,2079119,3.77953354281309,97.0094552118197
"896",2003-05-29,81.0319758358504,19068,19202,2079119,0.9235642596696,99.302156025414
"897",2003-05-30,76.1448934606907,6661,6805,2079119,0.3273020928576,97.8839088905217
"898",2003-05-31,78.4118070554356,4126,4167,2079119,0.200421428499283,99.0160787137029
"899",2003-06-01,78.4700986743746,19940,20066,2079119,0.965120322598177,99.3720721618658
"900",2003-06-02,73.8174610407363,10605,10973,2079119,0.527771618651939,96.6463136790303
"901",2003-06-03,75.8591348961167,196023,200369,2079119,9.63720691312041,97.8310018016759
"902",2003-06-04,78.5686065332549,52224,54368,2079119,2.61495373761675,96.0565038257799
"903",2003-06-05,75.2494197887557,20785,21113,2079119,1.01547819052204,98.4464547908871
"904",2003-06-06,68.2278195488722,5125,5320,2079119,0.255877609699108,96.3345864661654
"905",2003-06-07,70.6479162389653,4170,4871,2079119,0.234281924218864,85.6087045781154
"906",2003-06-08,70.3010501750292,16866,17140,2079119,0.824387637263668,98.4014002333722
"907",2003-06-09,71.6567630756298,36173,38067,2079119,1.83091973090525,95.0245619565503
"908",2003-06-10,72.2765698276387,15248,16419,2079119,0.789709487528131,92.8680187587551
"909",2003-06-11,72.9142258769904,31032,32469,2079119,1.56167107318052,95.57424004435
"910",2003-06-12,71.8052344492819,18421,19983,2079119,0.961128247108511,92.1833558524746
"911",2003-06-13,74.2595370490107,14390,15466,2079119,0.74387276533955,93.0428035691194
"912",2003-06-14,71.5253383326498,15276,17069,2079119,0.820972729314676,89.4955767766126
"913",2003-06-15,77.5506871318936,20669,22412,2079119,1.07795657680008,92.2229162948421
"914",2003-06-16,71.9109862441661,27566,32568,2079119,1.56643270539108,84.6413657577991
"915",2003-06-17,71.0501907836807,8967,10221,2079119,0.491602452769659,87.7311417669504
"916",2003-06-18,70.6566134406236,57592,63628,2079119,3.06033468983738,90.5136103602188
"917",2003-06-19,77.2538049384452,171229,184957,2079119,8.8959314017139,92.577734284185
"918",2003-06-20,79.3090193506068,69455,76225,2079119,3.66621631566062,91.1183994752378
"919",2003-06-21,74.6994875938171,41850,47033,2079119,2.26216007837935,88.9800778177025
"920",2003-06-22,77.1955503099093,129140,141493,2079119,6.80543056939021,91.2695327684055
"921",2003-06-23,78.8709864768683,158181,175625,2079119,8.44708744424922,90.0674733096085
"922",2003-06-24,74.2111205586764,60894,71741,2079119,3.45054804462852,84.8803334216139
"923",2003-06-25,72.1902314924015,50977,59354,2079119,2.85476685076708,85.8863766553223
"924",2003-06-26,64.7585706650378,20927,26194,2079119,1.25986054670271,79.8923417576544
"925",2003-06-27,77.6528953788749,96972,111488,2079119,5.36227123122823,86.9797646383467
"926",2003-06-28,75.4644755492559,56070,67728,2079119,3.25753359956789,82.7870304748405
"927",2003-06-29,67.1870841770321,51997,69140,2079119,3.32544698018728,75.2053803876193
"928",2003-06-30,58.4774829931973,37848,58800,2079119,2.82812094930593,64.3673469387755
"929",2003-07-01,51.2388126827074,2591,4447,2079119,0.213888671115025,58.2639982010344
"930",2003-07-02,62.3791000841043,32030,42804,2079119,2.05875661758658,74.8294551911036
"931",2003-07-03,62.3851333675674,82438,103211,2079119,4.96416992004787,79.8732693220684
"932",2003-07-04,55.0447716570745,71154,107032,2079119,5.1479496844577,66.4791837955004
"933",2003-07-05,47.853993664926,25865,46724,2079119,2.24729801420698,55.3569899837343
"934",2003-07-06,58.1770968276675,105059,162877,2079119,7.83394312687249,64.5020475573592
"935",2003-07-07,57.3290660969933,42107,62726,2079119,3.01695092969666,67.1284634760705
"936",2003-07-08,60.2231708409206,24143,33499,2079119,1.61121128708843,72.0708080838234
"937",2003-07-09,57.696524186327,70313,109442,2079119,5.26386416554319,64.2468156649184
"938",2003-07-10,70.3541794972286,14479,17861,2079119,0.859065786999205,81.0648899837635
"939",2003-07-11,63.3547736537224,18825,23305,2079119,1.12090746128528,80.7766573696632
"940",2003-07-12,54.1607981379488,91339,147794,2079119,7.10849162553947,61.8015616330839
"941",2003-07-13,61.2442759052816,54434,76606,2079119,3.68454138507704,71.0570973552985
"942",2003-07-14,55.865018281383,75849,119794,2079119,5.76176736396522,63.3161927976359
"943",2003-07-15,41.1768108108108,8081,18500,2079119,0.889799958540132,43.6810810810811
"944",2003-07-16,39.3379964433906,7074,16870,2079119,0.811401367598488,41.932424422051
"945",2003-07-17,49.6339406207827,40141,71136,2079119,3.4214491811195,56.4285312640576
"946",2003-07-18,64.6856046129048,43470,60179,2079119,2.89444711918846,72.2345004071188
"947",2003-07-19,58.234542970838,11392,16837,2079119,0.809814156861632,67.6605095919701
"948",2003-07-20,50.525,23140,38600,2079119,1.85655558917022,59.9481865284974
"949",2003-07-21,50.6609987950194,114535,201663,2079119,9.69944481292317,56.795247516897
"950",2003-07-22,54.9227744803115,111833,185159,2079119,8.90564705531526,60.3983603281504
"951",2003-07-23,65.846893718559,57950,81303,2079119,3.91045437995613,71.2765826599264
"952",2003-07-24,49.6072080631407,95988,174721,2079119,8.4036074895184,54.9378723793934
"953",2003-07-25,56.3389677208902,85736,134886,2079119,6.48765174095374,63.5618225761013
"954",2003-07-26,53.5573051809187,82078,140284,2079119,6.74728093966723,58.5084542784637
"955",2003-07-27,54.469146760925,76831,126178,2079119,6.06882049560415,60.8909635594161
"956",2003-07-28,52.8894322420224,8675,12065,2079119,0.580293864853334,71.9021964359718
"957",2003-07-29,75.3849982028809,29463,36169,2079119,1.73963106488854,81.4592606928585
"958",2003-07-30,54.7147353189437,47696,82930,2079119,3.9887086790126,57.5135656577837
"959",2003-07-31,44.1426792828685,7392,16064,2079119,0.772634947783172,46.0159362549801
"960",2003-08-01,55.0324183555807,121644,204668,2079119,9.84397718456712,59.4347919557527
"961",2003-08-02,54.5336853788974,141771,237848,2079119,11.4398454345326,59.6057145740137
"962",2003-08-03,41.6234057573143,29276,63745,2079119,3.06596207335896,45.926739352106
"963",2003-08-04,49.8778369689685,76675,140599,2079119,6.76243158760995,54.534527272598
"964",2003-08-05,51.9525029448833,69854,121397,2079119,5.83886732794034,57.541784393354
"965",2003-08-06,61.7938619418384,48958,72694,2079119,3.4963847668171,67.3480617382452
"966",2003-08-07,50.7759125037976,64034,115205,2079119,5.54104887695221,55.5826570027343
"967",2003-08-08,54.3883231542909,95274,159478,2079119,7.67046042097638,59.7411555198836
"968",2003-08-09,51.0135592383116,68847,121467,2079119,5.84223413859428,56.6795919879473
"969",2003-08-10,44.1573996199732,30893,64206,2079119,3.08813492637988,48.1154409245242
"970",2003-08-11,51.7769302615193,27872,38544,2079119,1.85386214064707,72.3121627231216
"971",2003-08-12,57.8454488211012,55702,85758,2079119,4.1247278294316,64.9525408708225
"972",2003-08-13,60.0106471075358,76203,118342,2079119,5.69193009154358,64.3921853610722
"973",2003-08-14,58.8967547601848,46361,73369,2079119,3.52885044098005,63.1888127138165
"974",2003-08-15,53.5499988553376,102940,174724,2079119,8.40375178140357,58.9157757377349
"975",2003-08-16,63.9822701407607,80733,116865,2079119,5.62089038674554,69.0822744192016
"976",2003-08-17,47.8736638811513,71419,134625,2079119,6.47509834694407,53.0503249767874
"977",2003-08-18,51.5689697698902,93514,166225,2079119,7.99497287072072,56.2574823281697
"978",2003-08-19,54.4267994536874,124406,205743,2079119,9.89568177675256,60.4666987455223
"979",2003-08-20,54.3960437272254,74571,124865,2079119,6.00566874719533,59.7212990029232
"980",2003-08-21,52.0198217259841,80630,139897,2079119,6.72866728648048,57.6352602271671
"981",2003-08-22,58.8002341856602,95399,146892,2079119,7.06510786539876,64.9449936007407
"982",2003-08-23,63.5179197613302,89591,128043,2079119,6.158521950884,69.9694633833946
"983",2003-08-24,55.657650891407,68174,106517,2079119,5.12317957750374,64.0029291099073
"984",2003-08-25,51.099410528474,58496,97545,2079119,4.6916506462593,59.9682197959916
"985",2003-08-26,46.2588405683642,68975,127735,2079119,6.14370798400669,53.9985125455044
"986",2003-08-27,52.1001099369545,135750,222855,2079119,10.7187226897547,60.9140472504543
"987",2003-08-28,56.3611137949025,68623,103502,2079119,4.97816623290923,66.3011342775985
"988",2003-08-29,45.5399474375821,54008,98930,2079119,4.75826539991217,54.5921358536339
"989",2003-08-30,46.0077848101266,34980,63200,2079119,3.03974904755331,55.3481012658228
"990",2003-08-31,35.8266794046661,16464,39776,2079119,1.91311800815634,41.3917940466613
"991",2003-09-01,38.7295076057963,19628,41613,2079119,2.00147273917462,47.1679523225915
"992",2003-09-02,46.8539339994962,11784,23818,2079119,1.14558137364913,49.4751868334873
"993",2003-09-03,43.1666452442159,14794,31120,2079119,1.49678782214967,47.5385604113111
"994",2003-09-04,46.2005640754451,31559,56730,2079119,2.72855954853955,55.6301780363124
"995",2003-09-05,42.727256914246,11535,22996,2079119,1.10604539711291,50.1608975473995
"996",2003-09-06,39.6318498859742,34589,74983,2079119,3.60647947520079,46.1291226011229
"997",2003-09-07,49.4284579182202,67836,114527,2079119,5.50843891090409,59.2314476062413
"998",2003-09-08,44.0174439577428,18571,38810,2079119,1.86665602113203,47.851069312033
"999",2003-09-09,46.4713418310223,48983,92888,2079119,4.46766154318247,52.7333993626733
"1000",2003-09-10,52.4547654359535,7238,12811,2079119,0.616174446965277,56.498321754742
"1001",2003-09-11,43.8993990794408,22968,46928,2079119,2.25710986239845,48.9430617115581
"1002",2003-09-12,48.4454269087119,29188,57565,2079119,2.7687207899115,50.7044210892035
"1003",2003-09-13,54.3750862169935,52184,76841,2079119,3.69584424941526,67.9116617430799
"1004",2003-09-14,58.3296466532606,44484,62658,2079119,3.01368031363284,70.9949248300297
"1005",2003-09-15,56.9731541624456,26988,33562,2079119,1.61424141667697,80.4123711340206
"1006",2003-09-16,54.7598528961079,12274,16315,2079119,0.784707368842284,75.2313821636531
"1007",2003-09-17,59.4100334799909,45933,57049,2079119,2.74390258566249,80.5149958807341
"1008",2003-09-18,58.1744411860541,60611,76725,2079119,3.69026496318873,78.9977191267514
"1009",2003-09-19,60.8072711275904,53797,63649,2079119,3.06134473303356,84.5213593300759
"1010",2003-09-20,62.0671597364465,82205,99107,2079119,4.76677862113713,82.9457051469624
"1011",2003-09-21,62.1288468099625,47687,58620,2079119,2.81946343619581,81.3493688161037
"1012",2003-09-22,61.5354341567688,46735,58009,2079119,2.79007598891646,80.5650847282318
"1013",2003-09-23,65.9102992194276,126152,138360,2079119,6.65474174397906,91.176640647586
"1014",2003-09-24,55.2257579553997,5648,7982,2079119,0.383912609138775,70.7592082184916
"1015",2003-09-25,65.0479265187341,28609,32988,2079119,1.5866335693147,86.7254759306415
"1016",2003-09-26,62.0459245333691,29749,37235,2079119,1.79090278141848,79.8952598361756
"1017",2003-09-27,63.1330315480437,102543,121941,2079119,5.86503225645093,84.0923069353212
"1018",2003-09-28,59.883121130992,71332,82547,2079119,3.97028741500607,86.4138006226756
"1019",2003-09-29,61.2702470326721,40913,47686,2079119,2.29356761205107,85.7966698821457
"1020",2003-09-30,55.6195852621279,19004,26571,2079119,1.27799322693891,71.5215836814572
"1021",2003-10-01,52.943981953918,25906,37238,2079119,1.79104707330364,69.5687201246039
"1022",2003-10-02,59.1337346608011,35642,43190,2079119,2.07732217347829,82.5237323454503
"1023",2003-10-03,59.0854219138031,50723,56777,2079119,2.73082012140719,89.3372316254821
"1024",2003-10-04,46.606464347397,2167,4053,2079119,0.194938336862873,53.46656797434
"1025",2003-10-05,64.5722450053205,72713,83639,2079119,4.02280966120746,86.9367161252526
"1026",2003-10-06,63.0981325086238,43476,50442,2079119,2.42612375722602,86.1900796954918
"1027",2003-10-07,58.0139239762646,13699,17021,2079119,0.818664059151977,80.4829328476588
"1028",2003-10-08,73.7892574216391,81187,84449,2079119,4.061768470203,96.1373136449218
"1029",2003-10-09,49.6723796967699,835,1517,2079119,0.0729635966002908,55.0428477257746
"1030",2003-10-10,67.0711759157365,22644,25444,2079119,1.22378757541055,88.9954409684012
"1031",2003-10-11,56.6705604021884,5129,6763,2079119,0.325282006465238,75.8391246488245
"1032",2003-10-12,54.3305975049245,1947,3046,2079119,0.146504360741256,63.9198949441891
"1033",2003-10-13,62.9320576816417,3297,3606,2079119,0.173438845972741,91.4309484193012
"1034",2003-10-14,17.6088631984586,0,519,2079119,0.0249624961341799,0
"1035",2003-10-15,12.3153153153153,7,111,2079119,0.00533879975124079,6.30630630630631
"1036",2003-10-16,52.7574047954866,510,709,2079119,0.0341009821948623,71.9322990126939
"1037",2003-10-17,40.6428571428571,0,98,2079119,0.00471353491550989,0
"1038",2003-10-18,44.0769230769231,74,182,2079119,0.00875370770023265,40.6593406593407
"1039",2003-10-19,48.9583333333333,23,48,2079119,0.00230867016269872,47.9166666666667
"1040",2003-10-20,45.0204081632653,14,49,2079119,0.00235676745775494,28.5714285714286
"1041",2003-10-21,NA,NA,0,2079119,0,NA
"1042",2003-10-22,NA,NA,0,2079119,0,NA
"1043",2003-10-23,NA,NA,0,2079119,0,NA
"1044",2003-10-24,NA,NA,0,2079119,0,NA
"1045",2003-10-25,NA,NA,0,2079119,0,NA
"1046",2003-10-26,NA,NA,0,2079119,0,NA
"1047",2003-10-27,NA,NA,0,2079119,0,NA
"1048",2003-10-28,NA,NA,0,2079119,0,NA
"1049",2003-10-29,NA,NA,0,2079119,0,NA
"1050",2003-10-30,NA,NA,0,2079119,0,NA
"1051",2003-10-31,NA,NA,0,2079119,0,NA
"1052",2003-11-01,NA,NA,0,2079119,0,NA
"1053",2003-11-02,NA,NA,0,2079119,0,NA
"1054",2003-11-03,NA,NA,0,2079119,0,NA
"1055",2003-11-04,NA,NA,0,2079119,0,NA
"1056",2003-11-05,NA,NA,0,2079119,0,NA
"1057",2003-11-06,NA,NA,0,2079119,0,NA
"1058",2003-11-07,NA,NA,0,2079119,0,NA
"1059",2003-11-08,NA,NA,0,2079119,0,NA
"1060",2003-11-09,NA,NA,0,2079119,0,NA
"1061",2003-11-10,NA,NA,0,2079119,0,NA
"1062",2003-11-11,NA,NA,0,2079119,0,NA
"1063",2003-11-12,NA,NA,0,2079119,0,NA
"1064",2003-11-13,NA,NA,0,2079119,0,NA
"1065",2003-11-14,NA,NA,0,2079119,0,NA
"1066",2003-11-15,NA,NA,0,2079119,0,NA
"1067",2003-11-16,NA,NA,0,2079119,0,NA
"1068",2003-11-17,NA,NA,0,2079119,0,NA
"1069",2003-11-18,NA,NA,0,2079119,0,NA
"1070",2003-11-19,NA,NA,0,2079119,0,NA
"1071",2003-11-20,NA,NA,0,2079119,0,NA
"1072",2003-11-21,NA,NA,0,2079119,0,NA
"1073",2003-11-22,NA,NA,0,2079119,0,NA
"1074",2003-11-23,NA,NA,0,2079119,0,NA
"1075",2003-11-24,NA,NA,0,2079119,0,NA
"1076",2003-11-25,NA,NA,0,2079119,0,NA
"1077",2004-01-17,NA,NA,0,2079119,0,NA
"1078",2004-01-18,NA,NA,0,2079119,0,NA
"1079",2004-01-19,NA,NA,0,2079119,0,NA
"1080",2004-01-20,NA,NA,0,2079119,0,NA
"1081",2004-01-21,NA,NA,0,2079119,0,NA
"1082",2004-01-22,NA,NA,0,2079119,0,NA
"1083",2004-01-23,NA,NA,0,2079119,0,NA
"1084",2004-01-24,NA,NA,0,2079119,0,NA
"1085",2004-01-25,NA,NA,0,2079119,0,NA
"1086",2004-01-26,NA,NA,0,2079119,0,NA
"1087",2004-01-27,NA,NA,0,2079119,0,NA
"1088",2004-01-28,NA,NA,0,2079119,0,NA
"1089",2004-01-29,NA,NA,0,2079119,0,NA
"1090",2004-01-30,NA,NA,0,2079119,0,NA
"1091",2004-01-31,NA,NA,0,2079119,0,NA
"1092",2004-02-01,NA,NA,0,2079119,0,NA
"1093",2004-02-02,NA,NA,0,2079119,0,NA
"1094",2004-02-03,NA,NA,0,2079119,0,NA
"1095",2004-02-04,NA,NA,0,2079119,0,NA
"1096",2004-02-05,NA,NA,0,2079119,0,NA
"1097",2004-02-06,NA,NA,0,2079119,0,NA
"1098",2004-02-07,NA,NA,0,2079119,0,NA
"1099",2004-02-08,NA,NA,0,2079119,0,NA
"1100",2004-02-09,NA,NA,0,2079119,0,NA
"1101",2004-02-10,NA,NA,0,2079119,0,NA
"1102",2004-02-11,NA,NA,0,2079119,0,NA
"1103",2004-02-12,NA,NA,0,2079119,0,NA
"1104",2004-02-13,NA,NA,0,2079119,0,NA
"1105",2004-02-14,NA,NA,0,2079119,0,NA
"1106",2004-02-15,NA,NA,0,2079119,0,NA
"1107",2004-02-16,NA,NA,0,2079119,0,NA
"1108",2004-02-17,NA,NA,0,2079119,0,NA
"1109",2004-02-18,NA,NA,0,2079119,0,NA
"1110",2004-02-20,NA,NA,0,2079119,0,NA
"1111",2004-02-21,NA,NA,0,2079119,0,NA
"1112",2004-02-22,54.65,14,20,2079119,0.000961945901124467,70
"1113",2004-02-23,49.1504702194357,164,319,2079119,0.0153430371229352,51.41065830721
"1114",2004-02-24,54.6058394160584,105,137,2079119,0.0065893294227026,76.6423357664234
"1115",2004-02-25,58.5129533678756,322,386,2079119,0.0185655558917022,83.419689119171
"1116",2004-02-26,59.6127946127946,263,297,2079119,0.0142848966316983,88.5521885521886
"1117",2004-02-27,67.4903417533432,652,673,2079119,0.0323694795728383,96.8796433878157
"1118",2004-02-28,59.6298701298701,859,1078,2079119,0.0518488840706088,79.6846011131725
"1119",2004-02-29,57.7385740402194,481,547,2079119,0.0263092203957542,87.9341864716636
"1120",2004-03-01,62.0720668964637,15361,15666,2079119,0.753492224350795,98.053108642921
"1121",2004-03-02,65.6266912103083,10815,10865,2079119,0.522577110785867,99.5398067188219
"1122",2004-03-03,NA,NA,0,2079119,0,NA
"1123",2004-03-04,60.9973409306743,16952,21060,2079119,1.01292903388406,80.4938271604938
"1124",2004-03-05,57.0509554140127,35149,42704,2079119,2.05394688808096,82.3084488572499
"1125",2004-03-06,58.2641156285744,15059,19234,2079119,0.9251033731114,78.2936466673599
"1126",2004-03-07,60.4362822602223,37527,41111,2079119,1.9773278970564,91.2821386003746
"1127",2004-03-08,51.6347336065574,1362,1952,2079119,0.0938859199497479,69.7745901639344
"1128",2004-03-09,62.4794599427212,56058,65993,2079119,3.17408479264535,84.9453729941054
"1129",2004-03-10,55.5931210995021,18941,28522,2079119,1.3718310495936,66.40838650866
"1130",2004-03-11,64.7053006934873,81665,91422,2079119,4.39715090863005,89.3275141650806
"1131",2004-03-12,64.1730400407061,22967,25549,2079119,1.22883779139145,89.8939293123019
"1132",2004-03-13,67.8299410609037,80601,89075,2079119,4.28426655713309,90.4866685377491
"1133",2004-03-14,65.5966871493454,51165,56145,2079119,2.70042263093166,91.1301095378039
"1134",2004-03-15,69.9466402684888,39818,41417,2079119,1.9920456693436,96.1392664847768
"1135",2004-03-16,58.563890012131,11512,14838,2079119,0.713667664044242,77.5845801320933
"1136",2004-03-17,69.3775342077445,167025,169333,2079119,8.14445926375546,98.6370051909551
"1137",2004-03-18,67.5790056854304,108404,110106,2079119,5.29580076946053,98.4542168455852
"1138",2004-03-19,59.8230309072782,15642,18054,2079119,0.868348564945056,86.6400797607179
"1139",2004-03-20,66.5168305760243,66146,69754,2079119,3.3549787193518,94.8275367720848
"1140",2004-03-21,59.5595961958216,22746,25656,2079119,1.23398420196247,88.6576239476146
"1141",2004-03-22,69.1500011014914,44069,45393,2079119,2.18328051448715,97.0832507214769
"1142",2004-03-23,70.5931954456646,72672,74215,2079119,3.56954075259761,97.9209054773294
"1143",2004-03-24,68.3779388901228,61854,63034,2079119,3.03176489657398,98.1279944157122
"1144",2004-03-25,68.0728606427857,64136,68981,2079119,3.31779951027334,92.9763268146301
"1145",2004-03-26,58.6637649619151,9906,11947,2079119,0.5746183840367,82.9162132752992
"1146",2004-03-27,68.0323873483536,43550,46160,2079119,2.22017113979527,94.3457538994801
"1147",2004-03-28,69.025357307515,43623,45549,2079119,2.19078369251592,95.7715866429559
"1148",2004-03-29,73.9580407803715,154283,154388,2079119,7.42564518914021,99.9319895328652
"1149",2004-03-30,76.1611529876557,140149,140227,2079119,6.74453939384903,99.944375904783
"1150",2004-03-31,72.963029257237,77554,77656,2079119,3.73504354488608,99.8686514886165
"1151",2004-04-01,58.9083754918494,1771,1779,2079119,0.0855650879050213,99.5503091624508
"1152",2004-04-02,65.0552533638706,6616,6986,2079119,0.336007703262776,94.7036931004867
"1153",2004-04-03,73.8796959540864,91069,91302,2079119,4.3913792332233,99.7448029616
"1154",2004-04-04,67.6881631087818,46572,46938,2079119,2.25759083534901,99.2202479867059
"1155",2004-04-05,60.7201986754967,8881,9060,2079119,0.435761493209383,98.0242825607064
"1156",2004-04-06,63.1990387802453,17901,18102,2079119,0.870657235107755,98.8896254557507
"1157",2004-04-07,62.8011737761237,13865,13972,2079119,0.672015406525552,99.2341826510163
"1158",2004-04-08,61.7823169645508,16541,16841,2079119,0.810006546041857,98.2186330977971
"1159",2004-04-09,70.7866736074961,86017,86445,2079119,4.15777067113523,99.504887500723
"1160",2004-04-10,67.9059871872611,36685,37931,2079119,1.82437849877761,96.7150879228072
"1161",2004-04-11,70.6747927615954,64307,65263,2079119,3.1389737672543,98.5351577463494
"1162",2004-04-12,70.5783333333333,54349,55200,2079119,2.65497068710353,98.4583333333333
"1163",2004-04-13,73.8537559496104,65976,66601,2079119,3.20332794803953,99.0615756520172
"1164",2004-04-14,74.2868432606469,54235,54664,2079119,2.62919053695339,99.2152056197863
"1165",2004-04-15,73.6892485491914,80698,80817,2079119,3.8870790945588,99.8527537523046
"1166",2004-04-16,73.4659903789086,127792,128052,2079119,6.15895482653951,99.7969574860213
"1167",2004-04-17,72.3329014628631,42229,42451,2079119,2.04177827243174,99.4770441214577
"1168",2004-04-18,74.6947029138091,84633,85009,2079119,4.08870295543449,99.557693891235
"1169",2004-04-19,74.8297662271482,93853,94194,2079119,4.5304766105259,99.6379811877614
"1170",2004-04-20,76.1292750467445,211136,211255,2079119,10.1607940671025,99.9436699723083
"1171",2004-04-21,73.7616488448113,53752,54147,2079119,2.60432423540933,99.2705043677397
"1172",2004-04-22,76.3483720930233,79511,79550,2079119,3.82613982172257,99.950974230044
"1173",2004-04-23,76.0795432799643,46772,47031,2079119,2.26206388378924,99.4492993982692
"1174",2004-04-24,76.1269605765155,28241,28308,2079119,1.36153822845157,99.763317790024
"1175",2004-04-25,77.0691292875989,41604,41690,2079119,2.00517623089395,99.7937155193092
"1176",2004-04-26,75.8766331658291,38826,39800,2079119,1.91427234323769,97.5527638190955
"1177",2004-04-27,69.032347562898,15394,15859,2079119,0.762775002296646,97.0679109653824
"1178",2004-04-28,66.1452477922497,24310,24799,2079119,1.19276482009928,98.0281462962216
"1179",2004-04-29,66.9683933666191,22145,22432,2079119,1.0789185227012,98.720577746077
"1180",2004-04-30,69.6892255138041,35304,35714,2079119,1.71774679563796,98.8519908159265
"1181",2004-05-01,69.1548116020602,36696,36890,2079119,1.77430921462408,99.4741122255354
"1182",2004-05-02,72.047016888738,11686,11783,2079119,0.566730427647479,99.1767801069337
"1183",2004-05-03,69.2841840508951,33635,33795,2079119,1.62544808642507,99.5265571830152
"1184",2004-05-04,77.3518030863271,72986,73291,2079119,3.52509885196566,99.5838506774365
"1185",2004-05-05,66.83154755888,19539,19786,2079119,0.951653079982435,98.7516425755585
"1186",2004-05-06,72.6162275588715,12817,12867,2079119,0.618867895488426,99.6114090308541
"1187",2004-05-07,68.6800628022994,39439,39489,2079119,1.8993140844752,99.8733824609385
"1188",2004-05-08,71.9321388488055,49448,49896,2079119,2.39986263412532,99.1021324354658
"1189",2004-05-09,70.1719030520646,4417,4456,2079119,0.214321546770531,99.1247755834829
"1190",2004-05-10,72.8041850877431,73270,73738,2079119,3.5465983428558,99.3653204589221
"1191",2004-05-11,74.2269306581154,169512,169955,2079119,8.17437578128044,99.7393427672031
"1192",2004-05-12,75.1124302474864,78186,78671,2079119,3.78386229936815,99.3835085355468
"1193",2004-05-13,77.5729008558564,77928,78401,2079119,3.77087602970297,99.3966913687325
"1194",2004-05-14,74.9282523291054,88746,89090,2079119,4.28498801655894,99.6138736109552
"1195",2004-05-15,75.7632410655368,28736,28793,2079119,1.38486541655384,99.802035216893
"1196",2004-05-16,71.933200619332,22528,22605,2079119,1.08723935474593,99.6593673965937
"1197",2004-05-17,72.7587912409247,119176,119693,2079119,5.75690953716454,99.5680616243222
"1198",2004-05-18,75.2270222649367,124089,124860,2079119,6.00542826072005,99.3825084094185
"1199",2004-05-19,77.4387271765017,74863,75580,2079119,3.63519356034936,99.0513363323631
"1200",2004-05-20,67.6721702439919,10876,10902,2079119,0.524356710702947,99.7615116492387
"1201",2004-05-21,74.8450409059767,48896,49626,2079119,2.38687636446014,98.528996896788
"1202",2004-05-22,70.5399807321773,6117,6228,2079119,0.299549953610159,98.2177263969171
"1203",2004-05-23,79.5,29105,29510,2079119,1.41935117710915,98.6275838698746
"1204",2004-05-24,83.5942988348519,40481,40939,2079119,1.96905516230673,98.8812623659591
"1205",2004-05-25,73.1290185450874,18553,18819,2079119,0.905142995663067,98.5865348849567
"1206",2004-05-26,74.4702596122248,30043,30430,2079119,1.46360068856088,98.7282287216563
"1207",2004-05-27,72.2829529403018,38926,40353,2079119,1.94087014740378,96.4637077788516
"1208",2004-05-28,77.8455041418648,102049,104663,2079119,5.0340071924695,97.5024602772709
"1209",2004-05-29,75.7062506235658,39104,40092,2079119,1.92831675339411,97.5356679636835
"1210",2004-05-30,76.1455953398329,110491,114674,2079119,5.51550921327735,96.3522681688962
"1211",2004-05-31,75.7275457024194,83716,86921,2079119,4.18066498358199,96.3127437558243
"1212",2004-06-01,77.6831740683726,33316,34429,2079119,1.65594177149071,96.7672601585872
"1213",2004-06-02,71.0010974146952,38783,39183,2079119,1.884596312188,98.9791491207922
"1214",2004-06-03,70.3801501715998,55036,57401,2079119,2.76083283352228,95.8798627201617
"1215",2004-06-04,71.2459547658977,86674,88252,2079119,4.24468248330182,98.2119385396365
"1216",2004-06-05,67.0902467685076,16529,17020,2079119,0.818615961856921,97.1151586368978
"1217",2004-06-06,74.6949982286064,30876,31049,2079119,1.49337291420068,99.4428161937583
"1218",2004-06-07,69.407848777481,23925,24335,2079119,1.17044767519319,98.3151838915143
"1219",2004-06-08,66.3077734193766,22432,23709,2079119,1.140338768488,94.6138597157198
"1220",2004-06-09,69.5466741196199,20864,21468,2079119,1.032552730267,97.1865101546488
"1221",2004-06-10,71.4743151212597,31848,32451,2079119,1.5608053218695,98.1418138115929
"1222",2004-06-11,77.3586750238508,95739,97481,2079119,4.68857241937571,98.2129850945312
"1223",2004-06-12,79.2135545283776,92719,94758,2079119,4.55760348493761,97.8482027902657
"1224",2004-06-13,75.4213988750306,38504,40890,2079119,1.96669839484897,94.1648324773783
"1225",2004-06-14,55.9221843003413,6538,8790,2079119,0.422775223544203,74.3799772468714
"1226",2004-06-15,72.9756574842601,99067,105782,2079119,5.08782806563742,93.6520390992796
"1227",2004-06-16,65.5668749338134,9007,9443,2079119,0.454182757215917,95.3828232553214
"1228",2004-06-17,77.0626810035842,31517,34875,2079119,1.67739316508579,90.3713261648746
"1229",2004-06-18,86.6697893601317,17010,17613,2079119,0.847137657825262,96.5763924374042
"1230",2004-06-19,87.1605098293368,31298,32403,2079119,1.5584966517068,96.5898219300682
"1231",2004-06-20,83.9414762280011,17949,19035,2079119,0.915532011395211,94.2947202521671
"1232",2004-06-21,85.4534368498112,50376,51908,2079119,2.49663439177844,97.0486244894814
"1233",2004-06-22,80.0294480858744,67379,73689,2079119,3.54424157539804,91.4369851673927
"1234",2004-06-23,66.46306100062,17244,20967,2079119,1.00845598544383,82.2435255401345
"1235",2004-06-24,72.3802696413906,25698,29224,2079119,1.40559535072307,87.9345743224747
"1236",2004-06-25,72.3555623847572,3210,3254,2079119,0.156508598112951,98.6478180700676
"1237",2004-06-26,72.5751278772378,35710,43792,2079119,2.10627674510213,81.5445743514797
"1238",2004-06-27,62.322745294627,15874,21943,2079119,1.05539894541871,72.3419769402543
"1239",2004-06-28,53.3293849658314,1311,2195,2079119,0.10557356264841,59.7266514806378
"1240",2004-06-29,82.1546446836119,131280,144111,2079119,6.9313492878474,91.0964464891646
"1241",2004-06-30,78.6414789333471,138417,154652,2079119,7.43834287503505,89.5022372811215
"1242",2004-07-01,60.5304970696766,7364,9214,2079119,0.443168476648042,79.9218580421098
"1243",2004-07-02,54.2837544388524,24275,39143,2079119,1.88267242038575,62.0161970211788
"1244",2004-07-03,72.0952285081538,44159,54637,2079119,2.62789190998687,80.822519538042
"1245",2004-07-04,62.7825996942286,44319,62792,2079119,3.02012535117038,70.5806472162059
"1246",2004-07-05,60.223233030091,2138,2858,2079119,0.137462069270686,74.8075577326802
"1247",2004-07-06,58.7645951980732,26172,39859,2079119,1.91711008364601,65.6614566346371
"1248",2004-07-07,68.7414523311033,172495,229741,2079119,11.0499206635118,75.0823753705259
"1249",2004-07-08,47.8593766342433,10035,19122,2079119,0.919716476065103,52.4788202070913
"1250",2004-07-09,63.7327944753983,36015,50972,2079119,2.45161532360582,70.6564388291611
"1251",2004-07-10,56.9546575866023,17732,28781,2079119,1.38428824901316,61.6100899899239
"1252",2004-07-11,59.8927069823871,125436,191224,2079119,9.19735714983125,65.596368656654
"1253",2004-07-12,60.2345299671389,133557,201454,2079119,9.68939247825642,66.2965242685675
"1254",2004-07-13,62.716237122043,143398,208787,2079119,10.0420899429037,68.6814792108704
"1255",2004-07-14,62.9395894974722,147700,214615,2079119,10.3224009784914,68.8209118654335
"1256",2004-07-15,57.2031915706616,130756,209364,2079119,10.0698420821511,62.4539080262127
"1257",2004-07-16,67.2577501100421,12713,15903,2079119,0.76489128327912,79.9408916556625
"1258",2004-07-17,27.9053492916463,2511,8188,2079119,0.393820651920357,30.666829506595
"1259",2004-07-18,62.8401758635429,68265,98258,2079119,4.72594401763439,69.4752590119888
"1260",2004-07-19,51.2347879724844,72824,128073,2079119,6.15996486973569,56.8613212777088
"1261",2004-07-20,59.4669846267827,16233,21596,2079119,1.0387091840342,75.1666975365809
"1262",2004-07-21,42.2853314772925,13007,28735,2079119,1.38207577344058,45.2653558378284
"1263",2004-07-22,37.0010161126433,7887,20667,2079119,0.994026796926968,38.162287705037
"1264",2004-07-23,62.3150569934561,66868,98871,2079119,4.75542765950386,67.6315603159673
"1265",2004-07-24,60.8579588620952,96053,142156,2079119,6.83731907601248,67.5687273136554
"1266",2004-07-25,49.51489877222,93968,171692,2079119,8.2579207827931,54.7305640332689
"1267",2004-07-26,30.2778054862843,1175,4010,2079119,0.192870153175456,29.3017456359102
"1268",2004-07-27,50.7599143512879,45266,77993,2079119,3.75125233332003,58.0385419204288
"1269",2004-07-28,55.2796938456732,19296,32010,2079119,1.53959441474971,60.2811621368322
"1270",2004-07-29,46.8923122765197,25292,50340,2079119,2.42121783313028,50.2423520063568
"1271",2004-07-30,57.2250262881178,38130,62766,2079119,3.01887482149891,60.7494503393557
"1272",2004-07-31,54.1730015054923,31279,53803,2079119,2.58777876590998,58.1361634109622
"1273",2004-08-01,54.5072279874926,13031,22067,2079119,1.06136301000568,59.0519780667966
"1274",2004-08-02,54.9277697046421,65222,112169,2079119,5.39502548916152,58.146190123831
"1275",2004-08-03,42.3698910853964,53015,114677,2079119,5.51565350516252,46.2298455662426
"1276",2004-08-04,56.7685892524899,28046,45685,2079119,2.19732492464356,61.3899529386013
"1277",2004-08-05,46.1434699781274,36554,70865,2079119,3.40841481415927,51.5825866083398
"1278",2004-08-06,53.9295761771044,44849,76565,2079119,3.68256939597974,58.5763730163913
"1279",2004-08-07,44.6870947950335,78557,158099,2079119,7.60413425109385,49.6884863281868
"1280",2004-08-08,46.993793609989,30031,54460,2079119,2.61937868876192,55.1432243848696
"1281",2004-08-09,52.4366791926549,45073,77439,2079119,3.72460643185888,58.2045222691409
"1282",2004-08-10,62.8891571832939,61117,86555,2079119,4.16306137359141,70.6105944197331
"1283",2004-08-11,48.0946671944806,29217,53049,2079119,2.55151340543759,55.0754962393259
"1284",2004-08-12,34.8497640820076,18668,47898,2079119,2.30376423860299,38.9744874525032
"1285",2004-08-13,42.0042987216662,43806,88631,2079119,4.26291135812813,49.425144701064
"1286",2004-08-14,39.142056241479,35014,78483,2079119,3.77482000789758,44.6134831747002
"1287",2004-08-15,47.8138313520817,49551,91777,2079119,4.41422544837501,53.9906512524924
"1288",2004-08-16,42.1922654723485,44445,91098,2079119,4.38156738503183,48.788118290193
"1289",2004-08-17,50.9937289768598,34849,59161,2079119,2.84548407282123,58.905359949967
"1290",2004-08-18,46.3443804034582,15987,29842,2079119,1.43531947906782,53.5721466389652
"1291",2004-08-19,53.5633221148044,50253,74579,2079119,3.58704816799808,67.3822389680741
"1292",2004-08-20,50.7494675389694,74832,117849,2079119,5.66821812508086,63.4982053305501
"1293",2004-08-21,46.2795513373598,2404,4636,2079119,0.222979059880651,51.8550474547023
"1294",2004-08-22,42.0034110685694,13968,28730,2079119,1.3818352869653,48.6181691611556
"1295",2004-08-23,53.4518278735229,72344,121097,2079119,5.82443813942348,59.740538576513
"1296",2004-08-24,55.1265884366009,72082,119221,2079119,5.734207613898,60.4608248546816
"1297",2004-08-25,52.3378875889716,27611,48892,2079119,2.35157294988887,56.473451689438
"1298",2004-08-26,45.6340410934171,27841,55386,2079119,2.66391678398399,50.2672155418337
"1299",2004-08-27,37.9173755368752,25240,59837,2079119,2.87799784427924,42.1812590871869
"1300",2004-08-28,36.6856980903422,43606,102322,2079119,4.92141142474288,42.6164461210688
"1301",2004-08-29,37.7739672131148,5933,15250,2079119,0.733483749607406,38.9049180327869
"1302",2004-08-30,49.0345592170655,22061,39237,2079119,1.88719356612104,56.2249917170018
"1303",2004-08-31,46.1584396009757,52221,100846,2079119,4.8504198172399,51.7829165261885
"1304",2004-09-01,48.946090780518,104054,181008,2079119,8.70599518353687,57.4858569786971
"1305",2004-09-02,43.7383991557766,69724,138352,2079119,6.65435696561861,50.3960911298716
"1306",2004-09-03,66.340474163044,32046,44626,2079119,2.14638988917902,71.8101555147224
"1307",2004-09-04,55.8345507271657,26529,45863,2079119,2.20588624316357,57.8440136929551
"1308",2004-09-05,43.1786738351255,27102,61380,2079119,2.95221197055099,44.1544477028348
"1309",2004-09-06,26.8544286861119,3015,14948,2079119,0.718958366500426,20.1699223976452
"1310",2004-09-07,32.0458300550747,2973,10168,2079119,0.489053296131679,29.2387883556255
"1311",2004-09-08,58.9453624733476,34823,45024,2079119,2.1655326126114,77.3431947405828
"1312",2004-09-09,64.2644612749448,40359,48457,2079119,2.33065062653941,83.2882762036445
"1313",2004-09-10,58.3098665270872,15592,19105,2079119,0.918898822049147,81.6121434179534
"1314",2004-09-11,62.9036890960519,40817,50202,2079119,2.41458040641252,81.3055256762679
"1315",2004-09-12,56.91736043095,11533,16336,2079119,0.785717412038464,70.5986777668952
"1316",2004-09-13,60.4990372713519,12150,14542,2079119,0.6994308647076,83.5510933846789
"1317",2004-09-14,53.7501712622024,16309,23356,2079119,1.12336042333315,69.8278814865559
"1318",2004-09-15,56.6866090569541,35164,45247,2079119,2.17625830940894,77.7156496563308
"1319",2004-09-16,58.6813953488372,35165,45580,2079119,2.19227470866266,77.1500658183414
"1320",2004-09-17,67.2986922295582,57974,63008,2079119,3.03051436690252,92.0105383443372
"1321",2004-09-18,70.1685723232648,105956,118157,2079119,5.68303209195818,89.6739084438501
"1322",2004-09-19,66.5415382992192,80923,94780,2079119,4.55866162542885,85.3798269677147
"1323",2004-09-20,66.0467427059901,72094,88463,2079119,4.25483101255868,81.4962187581249
"1324",2004-09-21,63.2933190305387,44414,59662,2079119,2.8695808176444,74.4426938419765
"1325",2004-09-22,61.5288228593432,47647,62329,2079119,2.99785630355934,76.4443517463781
"1326",2004-09-23,63.809566479686,89155,111598,2079119,5.36756193368441,79.8894245416584
"1327",2004-09-24,54.902912142152,12102,20260,2079119,0.974451197839085,59.7334649555775
"1328",2004-09-25,50.3584258981287,26412,39972,2079119,1.92254507798736,66.0762533773642
"1329",2004-09-26,52.5479711793705,36339,52740,2079119,2.53665134126522,68.9021615472127
"1330",2004-09-27,47.5451371208264,7861,13747,2079119,0.661193515137902,57.1833854659198
"1331",2004-09-28,57.8019059875137,42723,57503,2079119,2.76573875761801,74.2969932003548
"1332",2004-09-29,69.2773071292864,57162,64214,2079119,3.08851970474033,89.0179711589373
"1333",2004-09-30,67.0450787804379,79201,97740,2079119,4.70102961879527,81.0323306732146
"1334",2004-10-01,53.9599621570483,19421,26425,2079119,1.2709710218607,73.4947965941343
"1335",2004-10-02,57.3256567762994,29529,44117,2079119,2.1219083659954,66.9333816895981
"1336",2004-10-03,62.5749242965534,113806,146955,2079119,7.0681379949873,77.4427545847368
"1337",2004-10-04,48.9859772943607,22564,43073,2079119,2.07169478995671,52.3854851066794
"1338",2004-10-05,60.438351946707,56461,71454,2079119,3.43674412094738,79.0172698519327
"1339",2004-10-06,63.5073805164467,64424,79195,2079119,3.80906528197761,81.3485699854789
"1340",2004-10-07,63.2550079683686,41309,49571,2079119,2.38423101323205,83.3329971152488
"1341",2004-10-08,65.6424323264025,54474,63725,2079119,3.06500012745783,85.4829344841114
"1342",2004-10-09,59.1909074817088,25649,33896,2079119,1.63030591322575,75.6696955392967
"1343",2004-10-10,52.0929118773946,2255,3132,2079119,0.150640728116091,71.9987228607918
"1344",2004-10-11,48.0095137420719,351,946,2079119,0.0455000411231873,37.1035940803383
"1345",2004-10-12,58.2793650793651,2663,3465,2079119,0.166657127369814,76.8542568542568
"1346",2004-10-13,54.3683023124647,1215,1773,2079119,0.085276504134684,68.5279187817259
"1347",2004-10-14,22.1481481481481,20,243,2079119,0.0116876426986623,8.23045267489712
"1348",2004-10-15,NA,NA,0,2079119,0,NA
"1349",2004-10-16,51.6548913043478,221,368,2079119,0.0176998045806902,60.054347826087
"1350",2004-10-17,NA,NA,0,2079119,0,NA
"1351",2004-10-18,6.65934065934066,0,182,2079119,0.00875370770023265,0
"1352",2004-10-19,NA,NA,0,2079119,0,NA
"1353",2004-10-20,NA,NA,0,2079119,0,NA
"1354",2004-10-21,NA,NA,0,2079119,0,NA
"1355",2004-10-22,NA,NA,0,2079119,0,NA
"1356",2004-10-23,NA,NA,0,2079119,0,NA
"1357",2004-10-24,NA,NA,0,2079119,0,NA
"1358",2004-10-25,NA,NA,0,2079119,0,NA
"1359",2004-10-26,NA,NA,0,2079119,0,NA
"1360",2004-10-27,NA,NA,0,2079119,0,NA
"1361",2004-10-28,NA,NA,0,2079119,0,NA
"1362",2004-10-29,NA,NA,0,2079119,0,NA
"1363",2004-10-30,NA,NA,0,2079119,0,NA
"1364",2004-10-31,NA,NA,0,2079119,0,NA
"1365",2004-11-01,NA,NA,0,2079119,0,NA
"1366",2004-11-02,NA,NA,0,2079119,0,NA
"1367",2004-11-03,NA,NA,0,2079119,0,NA
"1368",2004-11-04,NA,NA,0,2079119,0,NA
"1369",2004-11-05,NA,NA,0,2079119,0,NA
"1370",2004-11-06,NA,NA,0,2079119,0,NA
"1371",2004-11-07,NA,NA,0,2079119,0,NA
"1372",2004-11-08,NA,NA,0,2079119,0,NA
"1373",2004-11-09,NA,NA,0,2079119,0,NA
"1374",2004-11-10,NA,NA,0,2079119,0,NA
"1375",2004-11-11,NA,NA,0,2079119,0,NA
"1376",2004-11-12,NA,NA,0,2079119,0,NA
"1377",2004-11-13,NA,NA,0,2079119,0,NA
"1378",2004-11-14,NA,NA,0,2079119,0,NA
"1379",2004-11-15,NA,NA,0,2079119,0,NA
"1380",2004-11-16,NA,NA,0,2079119,0,NA
"1381",2004-11-17,NA,NA,0,2079119,0,NA
"1382",2004-11-18,NA,NA,0,2079119,0,NA
"1383",2004-11-19,NA,NA,0,2079119,0,NA
"1384",2004-11-20,NA,NA,0,2079119,0,NA
"1385",2004-11-21,NA,NA,0,2079119,0,NA
"1386",2004-11-22,NA,NA,0,2079119,0,NA
"1387",2004-11-23,NA,NA,0,2079119,0,NA
"1388",2004-12-01,NA,NA,0,2079119,0,NA
"1389",2005-01-17,NA,NA,0,2079119,0,NA
"1390",2005-01-18,NA,NA,0,2079119,0,NA
"1391",2005-01-19,NA,NA,0,2079119,0,NA
"1392",2005-01-20,NA,NA,0,2079119,0,NA
"1393",2005-01-21,NA,NA,0,2079119,0,NA
"1394",2005-01-22,NA,NA,0,2079119,0,NA
"1395",2005-01-23,NA,NA,0,2079119,0,NA
"1396",2005-01-24,NA,NA,0,2079119,0,NA
"1397",2005-01-25,NA,NA,0,2079119,0,NA
"1398",2005-01-26,NA,NA,0,2079119,0,NA
"1399",2005-01-27,NA,NA,0,2079119,0,NA
"1400",2005-01-28,NA,NA,0,2079119,0,NA
"1401",2005-01-29,NA,NA,0,2079119,0,NA
"1402",2005-01-30,NA,NA,0,2079119,0,NA
"1403",2005-01-31,NA,NA,0,2079119,0,NA
"1404",2005-02-01,NA,NA,0,2079119,0,NA
"1405",2005-02-02,NA,NA,0,2079119,0,NA
"1406",2005-02-03,NA,NA,0,2079119,0,NA
"1407",2005-02-04,NA,NA,0,2079119,0,NA
"1408",2005-02-05,NA,NA,0,2079119,0,NA
"1409",2005-02-06,NA,NA,0,2079119,0,NA
"1410",2005-02-07,NA,NA,0,2079119,0,NA
"1411",2005-02-08,NA,NA,0,2079119,0,NA
"1412",2005-02-09,NA,NA,0,2079119,0,NA
"1413",2005-02-10,NA,NA,0,2079119,0,NA
"1414",2005-02-11,NA,NA,0,2079119,0,NA
"1415",2005-02-12,NA,NA,0,2079119,0,NA
"1416",2005-02-13,NA,NA,0,2079119,0,NA
"1417",2005-02-14,NA,NA,0,2079119,0,NA
"1418",2005-02-15,NA,NA,0,2079119,0,NA
"1419",2005-02-16,NA,NA,0,2079119,0,NA
"1420",2005-02-17,NA,NA,0,2079119,0,NA
"1421",2005-02-18,NA,NA,0,2079119,0,NA
"1422",2005-02-19,NA,NA,0,2079119,0,NA
"1423",2005-02-20,NA,NA,0,2079119,0,NA
"1424",2005-02-21,NA,NA,0,2079119,0,NA
"1425",2005-02-22,NA,NA,0,2079119,0,NA
"1426",2005-02-23,70.8300835654596,711,718,2079119,0.0345338578503684,99.025069637883
"1427",2005-02-24,38.9230769230769,38,117,2079119,0.00562738352157813,32.4786324786325
"1428",2005-02-25,46.3286713286713,73,143,2079119,0.00687791319303994,51.0489510489511
"1429",2005-02-26,31.3353293413174,28,167,2079119,0.0080322482743893,16.7664670658683
"1430",2005-02-27,59.8116147308782,674,706,2079119,0.0339566903096937,95.4674220963173
"1431",2005-02-28,49.7918215613383,293,538,2079119,0.0258763447402482,54.4609665427509
"1432",2005-03-01,72.9575707724998,14435,14589,2079119,0.701691437575242,98.9444101720474
"1433",2005-03-02,60.4837420042644,3308,3752,2079119,0.18046105105095,88.1663113006396
"1434",2005-03-03,68.4336734693878,29475,31360,2079119,1.50833117296316,93.9891581632653
"1435",2005-03-04,52.0666666666667,97,120,2079119,0.0057716754067468,80.8333333333333
"1436",2005-03-05,63.4492095128708,57953,59204,2079119,2.84755225650865,97.8869670968178
"1437",2005-03-06,60.6944789575966,27787,31389,2079119,1.50972599451979,88.5246423906464
"1438",2005-03-07,71.753709975907,111940,114556,2079119,5.50983373246072,97.7164007123154
"1439",2005-03-08,73.4637476545279,108409,109786,2079119,5.28040963504253,98.7457417157015
"1440",2005-03-09,70.6047444942729,137727,140036,2079119,6.73535281049329,98.3511382787283
"1441",2005-03-10,66.9556288673699,177121,177931,2079119,8.55799980664887,99.5447673536371
"1442",2005-03-11,70.345438882127,123909,126526,2079119,6.08555835428371,97.9316504117731
"1443",2005-03-12,68.2346797771604,135356,137498,2079119,6.6132818756406,98.4421591586787
"1444",2005-03-13,68.5236231206668,99465,102696,2079119,4.93939981309391,96.8538209862117
"1445",2005-03-14,71.3161257878503,146522,149140,2079119,7.17323058468515,98.2446023870189
"1446",2005-03-15,67.7028376774512,128832,129754,2079119,6.2408164227252,99.2894246034804
"1447",2005-03-16,70.4253500670341,159942,161112,2079119,7.74905140109825,99.2737971100849
"1448",2005-03-17,67.5934949376763,105755,105979,2079119,5.09730323276349,99.7886373715547
"1449",2005-03-18,72.4954643558412,183850,184869,2079119,8.89169883974895,99.4487988792064
"1450",2005-03-19,68.3809374510111,143403,146717,2079119,7.05669083876392,97.741229714348
"1451",2005-03-20,66.013048244447,91375,93959,2079119,4.51917374618769,97.2498643025149
"1452",2005-03-21,66.0771206488679,147375,147950,2079119,7.11599480356824,99.6113551875634
"1453",2005-03-22,58.4954430770815,18127,19421,2079119,0.934097567286913,93.3371093146594
"1454",2005-03-23,66.4070447591262,68618,70265,2079119,3.37955643712553,97.6560165089305
"1455",2005-03-24,68.5298920270198,37015,37602,2079119,1.80855448870411,98.438912823786
"1456",2005-03-25,66.5843249815623,98521,100338,2079119,4.82598639135134,98.1891207717914
"1457",2005-03-26,63.8944829152004,16164,17618,2079119,0.847378144300543,91.7470768532183
"1458",2005-03-27,58.9453275529865,14626,16608,2079119,0.798799876293757,88.0659922928709
"1459",2005-03-28,74.8788258422635,154648,155652,2079119,7.48644017009127,99.3549713463367
"1460",2005-03-29,68.256126515141,69689,72023,2079119,3.46411148183437,96.7593685350513
"1461",2005-03-30,60.5822858813212,40511,41052,2079119,1.97449015664808,98.6821592127058
"1462",2005-03-31,61.5446299293076,22946,23482,2079119,1.12942068251024,97.7174005621327
"1463",2005-04-01,67.719602251163,91903,92219,2079119,4.43548445278986,99.6573374250426
"1464",2005-04-02,68.5518858893356,114746,114906,2079119,5.5266677857304,99.8607557481768
"1465",2005-04-03,68.0212772471222,97579,97992,2079119,4.71315013714944,99.5785370234305
"1466",2005-04-04,68.4053630084154,115249,115383,2079119,5.54961019547222,99.8838650407772
"1467",2005-04-05,68.1991266887928,119243,119316,2079119,5.73877685692834,99.9388179288612
"1468",2005-04-06,63.5637973409138,33429,33771,2079119,1.62429375134372,98.9872967931065
"1469",2005-04-07,70.3144963325543,136024,136062,2079119,6.54421415993986,99.9720715556143
"1470",2005-04-08,69.9162797777609,118240,118251,2079119,5.68755323769347,99.9906977530845
"1471",2005-04-09,66.5819987550224,35301,35342,2079119,1.69985460187705,99.8839907192575
"1472",2005-04-10,65.1733333333333,18303,18675,2079119,0.898216985174971,98.0080321285141
"1473",2005-04-11,62.5450680272109,2174,2352,2079119,0.113124837972237,92.4319727891156
"1474",2005-04-12,71.0374038304141,60395,61090,2079119,2.93826375498468,98.8623342609265
"1475",2005-04-13,73.2166214349754,164590,165076,2079119,7.93970907870112,99.7055901524146
"1476",2005-04-14,75.3285841423619,246019,246077,2079119,11.8356380755503,99.9764301417849
"1477",2005-04-15,77.1234478712237,250328,250543,2079119,12.0504405952714,99.9141863871671
"1478",2005-04-16,76.3815760750928,201485,201564,2079119,9.6946831807126,99.960806493223
"1479",2005-04-17,77.6799020531173,185628,185815,2079119,8.93719888087214,99.8993622689234
"1480",2005-04-18,78.9877979714771,96651,97115,2079119,4.67096880938513,99.522215929568
"1481",2005-04-19,76.3062551247511,68097,68296,2079119,3.28485286315983,99.7086212955371
"1482",2005-04-20,76.5430243842731,228614,228754,2079119,11.0024486332913,99.9387988843911
"1483",2005-04-21,70.9241175707241,30518,30824,2079119,1.48255102281303,99.007267064625
"1484",2005-04-22,74.8530389679479,22250,22557,2079119,1.08493068458323,98.6390034135745
"1485",2005-04-23,76.5105551747772,145803,145900,2079119,7.01739534870298,99.9335161069226
"1486",2005-04-24,66.1725461001031,17199,17462,2079119,0.839874966271772,98.4938724086588
"1487",2005-04-25,72.8918281095755,129600,129664,2079119,6.23648766617014,99.9506416584403
"1488",2005-04-26,73.7986114113283,115560,115657,2079119,5.56278885431762,99.9161313193322
"1489",2005-04-27,74.5083997837546,147936,147980,2079119,7.11743772241993,99.9702662521962
"1490",2005-04-28,75.36977445965,146790,146803,2079119,7.06082720613875,99.9911445951377
"1491",2005-04-29,74.5639391682117,183862,183917,2079119,8.84591021485543,99.9700952059897
"1492",2005-04-30,73.723361183702,108651,108676,2079119,5.22702163753013,99.976995840848
"1493",2005-05-01,70.5983767028306,24169,24518,2079119,1.17924948018848,98.5765559996737
"1494",2005-05-02,76.9679517084411,70454,70737,2079119,3.40225836039207,99.5999264882593
"1495",2005-05-03,77.6082131864571,49122,49384,2079119,2.37523681905653,99.4694637939414
"1496",2005-05-04,78.3663280221307,82615,82781,2079119,3.98154218204922,99.7994708930793
"1497",2005-05-05,78.4420266640381,121572,121737,2079119,5.85522040825946,99.8644619137978
"1498",2005-05-06,78.6146127851692,220862,221053,2079119,10.6320513640633,99.9135953821029
"1499",2005-05-07,80.4434464792566,154158,154314,2079119,7.42208598930605,99.8989074225281
"1500",2005-05-08,80.7941323079114,126206,126387,2079119,6.0788728302709,99.856789068496
"1501",2005-05-09,79.4343361708877,94437,94565,2079119,4.54832070699176,99.8646433669962
"1502",2005-05-10,77.2275462162121,132633,132962,2079119,6.39511254526557,99.7525608820565
"1503",2005-05-11,70.655527732205,34532,34743,2079119,1.67104432213837,99.3926834182425
"1504",2005-05-12,68.0777877847827,29908,29979,2079119,1.44190880849052,99.7631675506188
"1505",2005-05-13,75.5222937229487,43577,43667,2079119,2.1002645832201,99.7938947030939
"1506",2005-05-14,68.3513982642237,5133,5185,2079119,0.249384474866518,98.9971070395371
"1507",2005-05-15,69.1824623560673,6651,6774,2079119,0.325811076710857,98.1842338352524
"1508",2005-05-16,76.9105835922659,67759,67907,2079119,3.26614301538296,99.7820548691593
"1509",2005-05-17,69.959477423791,21726,21815,2079119,1.04924249165151,99.5920238368095
"1510",2005-05-18,76.2241802573765,63801,63953,2079119,3.07596631073065,99.762325457758
"1511",2005-05-19,72.9749767137427,39614,39723,2079119,1.91056885151836,99.7255997784659
"1512",2005-05-20,69.6572182653024,27626,27659,2079119,1.33032308396008,99.8806898297118
"1513",2005-05-21,73.7190858762354,83095,83271,2079119,4.00510985662677,99.7886419041443
"1514",2005-05-22,75.1430207102489,108835,109173,2079119,5.25092599317307,99.6903996409369
"1515",2005-05-23,76.0926069222396,75947,76247,2079119,3.66727445615186,99.6065418967304
"1516",2005-05-24,71.2275072804373,19259,19573,2079119,0.941408356135459,98.3957492464109
"1517",2005-05-25,74.5475803426285,7961,7997,2079119,0.384634068564618,99.549831186695
"1518",2005-05-26,72.6386320013959,22287,22924,2079119,1.10258239186886,97.2212528354563
"1519",2005-05-27,73.862984566776,16225,16458,2079119,0.791585282035324,98.5842751245595
"1520",2005-05-28,77.0236436322102,60998,61285,2079119,2.94764272752065,99.5316961736151
"1521",2005-05-29,70.9391314553991,42451,42600,2079119,2.04894476939511,99.650234741784
"1522",2005-05-30,73.8065288926216,72157,72631,2079119,3.49335463722856,99.347386102353
"1523",2005-05-31,74.7845768260247,58286,58652,2079119,2.82100254963761,99.375980358726
"1524",2005-06-01,65.1052813255092,2830,2897,2079119,0.139337863777879,97.6872626855368
"1525",2005-06-02,77.4028619355722,28666,29211,2079119,1.40497008588734,98.1342644894047
"1526",2005-06-03,71.1654601861427,1865,1934,2079119,0.0930201686387359,96.4322647362978
"1527",2005-06-04,79.4617961181473,87574,88669,2079119,4.26473905534027,98.7650700921404
"1528",2005-06-05,79.9063944615249,44304,45211,2079119,2.17452680678691,97.993851053947
"1529",2005-06-06,84.4009199888486,35118,35870,2079119,1.72524997366673,97.9035405631447
"1530",2005-06-07,82.5131956512953,24433,24743,2079119,1.19007137157613,98.7471203976882
"1531",2005-06-08,81.9335904430439,10117,10631,2079119,0.51132234374271,95.1650832471075
"1532",2005-06-09,82.2872216799145,41745,43026,2079119,2.06943421708907,97.0227304420583
"1533",2005-06-10,83.2791810128156,181050,185009,2079119,8.89843246105682,97.8601041030436
"1534",2005-06-11,83.8900959764904,62250,63974,2079119,3.07697635392683,97.3051552193078
"1535",2005-06-12,83.0995660668848,85334,88032,2079119,4.23410107838945,96.9352053798619
"1536",2005-06-13,77.2143078120634,190070,200408,2079119,9.6390827076276,94.8415232924833
"1537",2005-06-14,81.072775339186,115117,120288,2079119,5.78552742772299,95.7011505719606
"1538",2005-06-15,82.0310296470402,97596,101258,2079119,4.87023590280306,96.383495625037
"1539",2005-06-16,81.8687216854111,147597,157825,2079119,7.59095559224845,93.5194044036116
"1540",2005-06-17,83.8069481830417,101781,106992,2079119,5.14602579265545,95.1295423956931
"1541",2005-06-18,81.441862347086,71584,74143,2079119,3.56607774735357,96.5485615634652
"1542",2005-06-19,83.4956038545403,13460,14217,2079119,0.683799243814327,94.6753886192586
"1543",2005-06-20,58.3748390419779,5242,7766,2079119,0.37352359340663,67.4993561679114
"1544",2005-06-21,73.5312251822973,12204,13851,2079119,0.666195633823749,88.1091617933723
"1545",2005-06-22,69.6308375685302,104146,124945,2079119,6.00951653079982,83.3534755292329
"1546",2005-06-23,73.8325002474513,35761,40412,2079119,1.9437078878121,88.4910422646739
"1547",2005-06-24,69.5491618409022,13252,16405,2079119,0.789036125397344,80.7802499238037
"1548",2005-06-25,67.5314863566086,37459,47862,2079119,2.30203273598096,78.2645940412018
"1549",2005-06-26,62.8053003999473,16456,22753,2079119,1.09435775441425,72.3245286335868
"1550",2005-06-27,64.3266025405683,9674,13619,2079119,0.655037061370705,71.0331155004038
"1551",2005-06-28,76.3790319682294,186815,222596,2079119,10.7062654903351,83.9255871623929
"1552",2005-06-29,79.5154618419263,161965,183775,2079119,8.83908039895744,88.1322269079037
"1553",2005-06-30,71.7591531477898,43507,53752,2079119,2.58532580386212,80.9402440839411
"1554",2005-07-01,65.6342371572036,46932,64725,2079119,3.11309742251406,72.5098493626883
"1555",2005-07-02,76.0925991469553,139258,166697,2079119,8.01767479398726,83.5395957935656
"1556",2005-07-03,68.6199755058768,124717,164121,2079119,7.89377616192243,75.9908847740387
"1557",2005-07-04,73.0332256280383,138122,171765,2079119,8.2614318853322,80.4133554565831
"1558",2005-07-05,70.9511261869837,160153,207248,2079119,9.96806820581217,77.2760171388867
"1559",2005-07-06,69.637871691591,153331,201343,2079119,9.68405367850517,76.1541250502873
"1560",2005-07-07,61.4672571081422,133394,199173,2079119,9.57968254823317,66.9739372304479
"1561",2005-07-08,64.2258601081179,139809,199597,2079119,9.60007580133701,70.0456419685667
"1562",2005-07-09,55.9765497814118,33702,54669,2079119,2.62943102342867,61.6473687098721
"1563",2005-07-10,50.9211308882472,12257,23203,2079119,1.11600153718955,52.8250657242598
"1564",2005-07-11,62.4449406039788,24574,34935,2079119,1.68027900278916,70.3420638328324
"1565",2005-07-12,56.9146784486991,19300,30555,2079119,1.4696128504429,63.1647848142693
"1566",2005-07-13,58.0036640052499,23397,36572,2079119,1.7590142747962,63.9751722629334
"1567",2005-07-14,57.503415897685,19444,30885,2079119,1.48548495781146,62.9561275700178
"1568",2005-07-15,52.2301395348837,9539,16125,2079119,0.775568882781601,59.1565891472868
"1569",2005-07-16,42.1275409836066,4451,9150,2079119,0.440090249764443,48.6448087431694
"1570",2005-07-17,59.8301819030688,37815,55689,2079119,2.67849026438602,67.9038948445833
"1571",2005-07-18,55.5147557980227,49110,81019,2079119,3.89679474816016,60.615411199842
"1572",2005-07-19,49.5129843363561,2658,4852,2079119,0.233368075612796,54.7815333882935
"1573",2005-07-20,55.3069784016609,41646,64542,2079119,3.10429561751877,64.5254253044529
"1574",2005-07-21,62.4349293697169,24819,35254,2079119,1.6956220399121,70.4005219265899
"1575",2005-07-22,56.0242457707946,39541,59763,2079119,2.87443864444508,66.1630105583722
"1576",2005-07-23,52.1336716452338,100338,173410,2079119,8.34055193569969,57.8617150106684
"1577",2005-07-24,53.4673651126244,61851,104995,2079119,5.04997549442817,58.9085194533073
"1578",2005-07-25,44.6938701045974,13589,24666,2079119,1.1863678798568,55.0920295143112
"1579",2005-07-26,62.8999572727828,15298,16383,2079119,0.787977984906107,93.3772813282061
"1580",2005-07-27,28.1333655472336,2498,8278,2079119,0.398149408475417,30.1763711041314
"1581",2005-07-28,38.9731853240107,5986,13873,2079119,0.667253774314986,43.1485619548764
"1582",2005-07-29,64.931094070634,13225,18518,2079119,0.890665709851144,71.4169996759909
"1583",2005-07-30,68.2540169559952,74414,99080,2079119,4.76547999417061,75.1049656842955
"1584",2005-07-31,50.3126440144837,46064,82023,2079119,3.94508443239661,56.1598576009168
"1585",2005-08-01,29.682104534441,9184,28890,2079119,1.38953085417429,31.7895465559017
"1586",2005-08-02,43.9603377184371,8816,15279,2079119,0.734878571164036,57.7001112638262
"1587",2005-08-03,39.4060433250168,22733,50502,2079119,2.42900959492939,45.0140588491545
"1588",2005-08-04,57.1293839178557,39319,59992,2079119,2.88545292501295,65.540405387385
"1589",2005-08-05,38.2441325225891,7579,17597,2079119,0.846368101104362,43.0698414502472
"1590",2005-08-06,46.6008941272099,3244,4921,2079119,0.236686788971675,65.9215606584028
"1591",2005-08-07,38.7814734930185,3538,8809,2079119,0.423689072150271,40.1634691792485
"1592",2005-08-08,56.5226413962694,22241,33346,2079119,1.60385240094482,66.6976548911414
"1593",2005-08-09,59.8820046766945,41594,60299,2079119,2.90021879459521,68.9795850677457
"1594",2005-08-10,66.7230602342525,50467,68217,2079119,3.28105317685039,73.9800929387103
"1595",2005-08-11,44.9241741741742,598,1332,2079119,0.0640655970148895,44.8948948948949
"1596",2005-08-12,53.3850377487989,7637,13113,2079119,0.630699830072257,58.2399145885762
"1597",2005-08-13,41.0899791293101,15173,34019,2079119,1.63622188051766,44.6015461947735
"1598",2005-08-14,45.1342030712621,47652,95661,2079119,4.60103534237338,49.8134035813968
"1599",2005-08-15,44.3224208934995,9334,19183,2079119,0.922650411063532,48.6576656414534
"1600",2005-08-16,56.2821143847487,38139,57700,2079119,2.77521392474409,66.0987868284229
"1601",2005-08-17,67.0171048050139,69182,91904,2079119,4.42033380484715,75.2763753481894
"1602",2005-08-18,52.2543014279227,11377,19819,2079119,0.95324029071929,57.4045108229477
"1603",2005-08-19,27.1901106050748,1677,7685,2079119,0.369627712507076,21.8217306441119
"1604",2005-08-20,46.4711802378774,3208,6558,2079119,0.315422060978713,48.9173528514791
"1605",2005-08-21,45.4131846825012,5079,10315,2079119,0.496123598504944,49.2389723703345
"1606",2005-08-22,52.2765568959896,10187,15335,2079119,0.737572019687185,66.4297358982719
"1607",2005-08-23,46.0657793422066,4818,9091,2079119,0.437252509356126,52.9974700252997
"1608",2005-08-24,30.6867878787879,8422,24750,2079119,1.19040805264153,34.0282828282828
"1609",2005-08-25,36.7620953706927,6667,17238,2079119,0.829101172179178,38.6761805313842
"1610",2005-08-26,40.940330924456,11538,25323,2079119,1.21796780270874,45.5633218812937
"1611",2005-08-27,37.5577978689054,2823,6194,2079119,0.297914645578247,45.576364223442
"1612",2005-08-28,39.5980346614258,10647,27985,2079119,1.34600280214841,38.0453814543505
"1613",2005-08-29,48.2332575526224,45784,88413,2079119,4.25242614780587,51.7842398742266
"1614",2005-08-30,41.5346869116948,26639,56837,2079119,2.73370595911057,46.8691169484667
"1615",2005-08-31,49.5662282535293,16778,31097,2079119,1.49568158436338,53.9537575971959
"1616",2005-09-01,55.2274538654895,12661,16311,2079119,0.784514979662059,77.6224633682791
"1617",2005-09-02,52.0029839070183,59500,89480,2079119,4.30374596163086,66.495306213679
"1618",2005-09-03,58.8863412884791,61796,86443,2079119,4.15767447654511,71.487569843712
"1619",2005-09-04,52.191234490251,42202,69956,2079119,3.36469437295316,60.3264909371605
"1620",2005-09-05,40.7209827968691,11164,23891,2079119,1.14909247618823,46.7288937256708
"1621",2005-09-06,51.8480040470935,14864,21744,2079119,1.04582758370252,68.3590875643856
"1622",2005-09-07,44.2804872743093,24685,45970,2079119,2.21103265373459,53.6980639547531
"1623",2005-09-08,55.831606655558,29983,41409,2079119,1.99166089098315,72.4069646695163
"1624",2005-09-09,55.6816583953681,20466,29016,2079119,1.39559111335138,70.5334987593052
"1625",2005-09-10,58.8221520083102,19377,23104,2079119,1.11123990497898,83.8685941828255
"1626",2005-09-11,58.3613487669854,21077,25831,2079119,1.2424012285973,81.5957570361194
"1627",2005-09-12,58.1212346045407,23223,26956,2079119,1.29651068553556,86.1515061581837
"1628",2005-09-13,63.1236762911753,55759,61475,2079119,2.95678121358133,90.7019113460756
"1629",2005-09-14,66.3113891957024,73773,79672,2079119,3.83200769171943,92.595893161964
"1630",2005-09-15,59.6417525773196,12928,14744,2079119,0.709146518308957,87.683125339121
"1631",2005-09-16,62.3488542097066,26484,31463,2079119,1.51328519435395,84.1750627721451
"1632",2005-09-17,59.4148496240602,30202,37240,2079119,1.79114326789376,81.1009667024705
"1633",2005-09-18,69.300610961896,161206,169405,2079119,8.14792226899951,95.1601192408725
"1634",2005-09-19,71.2031955105579,104331,111907,2079119,5.38242399785678,93.2300928449516
"1635",2005-09-20,60.2858462156194,19664,24905,2079119,1.19786313337524,78.9560329251154
"1636",2005-09-21,58.5171099511144,28132,36207,2079119,1.74145876210068,77.6976827685254
"1637",2005-09-22,50.7996139461938,5682,8289,2079119,0.398678478721035,68.5486789721317
"1638",2005-09-23,64.6089388947597,41934,48261,2079119,2.32122355670839,86.8900354323367
"1639",2005-09-24,69.4009506392895,121118,129597,2079119,6.23326514740138,93.4574102795589
"1640",2005-09-25,67.8928380604657,81750,89836,2079119,4.32086859867088,90.999154013981
"1641",2005-09-26,65.3248700838122,59246,69083,2079119,3.32270543436908,85.7606068063055
"1642",2005-09-27,69.5708541202777,99010,106437,2079119,5.11933179389924,93.0221633454532
"1643",2005-09-28,67.2951864340517,92942,102315,2079119,4.92107474367749,90.8390754043884
"1644",2005-09-29,71.8488299841777,147530,156109,2079119,7.50842063393197,94.5044808435132
"1645",2005-09-30,58.0208247024056,56866,72414,2079119,3.48291752420136,78.5290137266275
"1646",2005-10-01,55.8108314889199,27443,36597,2079119,1.76021670717261,74.9870207940542
"1647",2005-10-02,64.1844665972326,90210,100815,2079119,4.84892880109316,89.4807320339235
"1648",2005-10-03,58.2016879293425,37774,50950,2079119,2.45055718311458,74.1393523061825
"1649",2005-10-04,60.5224389528489,50174,54548,2079119,2.62361125072687,91.9813742025372
"1650",2005-10-05,58.7405669432417,42718,46883,2079119,2.25494548412092,91.1161828381289
"1651",2005-10-06,66.2919677171407,48070,52040,2079119,2.50298323472586,92.3712528823982
"1652",2005-10-07,53.080229226361,245,349,2079119,0.0167859559746219,70.2005730659026
"1653",2005-10-08,57.2644747461875,17682,23541,2079119,1.13225842291855,75.1115075825156
"1654",2005-10-09,57.5483065397222,14035,19221,2079119,0.924478108275669,73.0190936995994
"1655",2005-10-10,68.2781532928191,28173,32252,2079119,1.55123396015331,87.3527223117946
"1656",2005-10-11,62.1167364016736,16374,19120,2079119,0.91962028147499,85.6380753138075
"1657",2005-10-12,50.9059529764882,2716,3998,2079119,0.192292985634781,67.9339669834917
"1658",2005-10-13,65.3718628490633,2463,2829,2079119,0.136067247714056,87.0625662778367
"1659",2005-10-14,67.0684410646388,234,263,2079119,0.0126495885997867,88.9733840304182
"1660",2005-10-15,35.4145299145299,32,702,2079119,0.0337643011294688,4.55840455840456
"1661",2005-10-16,47.6875,5,16,2079119,0.000769556720899573,31.25
"1662",2005-10-17,35.3289473684211,15,228,2079119,0.0109661832728189,6.57894736842105
"1663",2005-10-18,15.775,0,80,2079119,0.00384778360449787,0
"1664",2005-10-19,NA,NA,0,2079119,0,NA
"1665",2005-10-20,60.1037037037037,110,135,2079119,0.00649313483259015,81.4814814814815
"1666",2005-10-21,NA,NA,0,2079119,0,NA
"1667",2005-10-22,NA,NA,0,2079119,0,NA
"1668",2005-10-23,NA,NA,0,2079119,0,NA
"1669",2005-10-24,NA,NA,0,2079119,0,NA
"1670",2005-10-25,NA,NA,0,2079119,0,NA
"1671",2005-10-26,NA,NA,0,2079119,0,NA
"1672",2005-10-27,NA,NA,0,2079119,0,NA
"1673",2005-10-28,NA,NA,0,2079119,0,NA
"1674",2005-10-29,NA,NA,0,2079119,0,NA
"1675",2005-10-30,NA,NA,0,2079119,0,NA
"1676",2005-10-31,NA,NA,0,2079119,0,NA
"1677",2005-11-01,NA,NA,0,2079119,0,NA
"1678",2005-11-02,NA,NA,0,2079119,0,NA
"1679",2005-11-03,NA,NA,0,2079119,0,NA
"1680",2005-11-04,NA,NA,0,2079119,0,NA
"1681",2005-11-05,NA,NA,0,2079119,0,NA
"1682",2005-11-06,NA,NA,0,2079119,0,NA
"1683",2005-11-07,NA,NA,0,2079119,0,NA
"1684",2005-11-08,NA,NA,0,2079119,0,NA
"1685",2005-11-09,NA,NA,0,2079119,0,NA
"1686",2005-11-10,NA,NA,0,2079119,0,NA
"1687",2005-11-11,NA,NA,0,2079119,0,NA
"1688",2005-11-12,NA,NA,0,2079119,0,NA
"1689",2005-11-13,NA,NA,0,2079119,0,NA
"1690",2005-11-14,NA,NA,0,2079119,0,NA
"1691",2005-11-15,NA,NA,0,2079119,0,NA
"1692",2005-11-16,NA,NA,0,2079119,0,NA
"1693",2005-11-17,NA,NA,0,2079119,0,NA
"1694",2005-11-18,NA,NA,0,2079119,0,NA
"1695",2005-11-19,NA,NA,0,2079119,0,NA
"1696",2005-11-20,NA,NA,0,2079119,0,NA
"1697",2005-11-21,NA,NA,0,2079119,0,NA
"1698",2005-11-22,NA,NA,0,2079119,0,NA
"1699",2005-11-24,NA,NA,0,2079119,0,NA
"1700",2005-11-26,NA,NA,0,2079119,0,NA
"1701",2006-01-16,NA,NA,0,2079119,0,NA
"1702",2006-01-17,NA,NA,0,2079119,0,NA
"1703",2006-01-18,NA,NA,0,2079119,0,NA
"1704",2006-01-20,NA,NA,0,2079119,0,NA
"1705",2006-01-21,NA,NA,0,2079119,0,NA
"1706",2006-01-22,NA,NA,0,2079119,0,NA
"1707",2006-01-23,NA,NA,0,2079119,0,NA
"1708",2006-01-24,NA,NA,0,2079119,0,NA
"1709",2006-01-25,NA,NA,0,2079119,0,NA
"1710",2006-01-26,NA,NA,0,2079119,0,NA
"1711",2006-01-27,NA,NA,0,2079119,0,NA
"1712",2006-01-28,NA,NA,0,2079119,0,NA
"1713",2006-01-29,NA,NA,0,2079119,0,NA
"1714",2006-01-30,NA,NA,0,2079119,0,NA
"1715",2006-01-31,NA,NA,0,2079119,0,NA
"1716",2006-02-01,NA,NA,0,2079119,0,NA
"1717",2006-02-02,NA,NA,0,2079119,0,NA
"1718",2006-02-03,NA,NA,0,2079119,0,NA
"1719",2006-02-04,NA,NA,0,2079119,0,NA
"1720",2006-02-05,NA,NA,0,2079119,0,NA
"1721",2006-02-06,NA,NA,0,2079119,0,NA
"1722",2006-02-07,NA,NA,0,2079119,0,NA
"1723",2006-02-08,NA,NA,0,2079119,0,NA
"1724",2006-02-09,NA,NA,0,2079119,0,NA
"1725",2006-02-10,NA,NA,0,2079119,0,NA
"1726",2006-02-11,NA,NA,0,2079119,0,NA
"1727",2006-02-12,NA,NA,0,2079119,0,NA
"1728",2006-02-13,NA,NA,0,2079119,0,NA
"1729",2006-02-14,NA,NA,0,2079119,0,NA
"1730",2006-02-15,NA,NA,0,2079119,0,NA
"1731",2006-02-16,NA,NA,0,2079119,0,NA
"1732",2006-02-17,NA,NA,0,2079119,0,NA
"1733",2006-02-18,NA,NA,0,2079119,0,NA
"1734",2006-02-19,NA,NA,0,2079119,0,NA
"1735",2006-02-20,NA,NA,0,2079119,0,NA
"1736",2006-02-21,45.48,10,25,2079119,0.00120243237640558,40
"1737",2006-02-22,35.9717314487633,68,283,2079119,0.0136115345009112,24.0282685512367
"1738",2006-02-23,44.8125,10,32,2079119,0.00153911344179915,31.25
"1739",2006-02-24,24.4358974358974,9,117,2079119,0.00562738352157813,7.69230769230769
"1740",2006-02-25,50.7084745762712,192,295,2079119,0.0141887020415859,65.0847457627119
"1741",2006-02-26,52.5211267605634,96,142,2079119,0.00682981589798371,67.6056338028169
"1742",2006-02-27,49,104,174,2079119,0.00836892933978286,59.7701149425287
"1743",2006-02-28,63.7962264150943,2995,3445,2079119,0.165695181468689,86.9375907111756
"1744",2006-03-01,69.146462195477,9751,10303,2079119,0.495546430964269,94.6423371833447
"1745",2006-03-02,54.3628942999447,5326,7228,2079119,0.347647248666382,73.6856668511345
"1746",2006-03-03,67.632298915803,30547,33481,2079119,1.61034553577741,91.2368208834862
"1747",2006-03-04,67.66808927447,39228,42879,2079119,2.0623639147158,91.4853424753376
"1748",2006-03-05,65.3150936889298,23842,26097,2079119,1.25519510908226,91.3591600567115
"1749",2006-03-06,70.0878632366881,88286,91779,2079119,4.41432164296512,96.1941184802624
"1750",2006-03-07,66.3801130040236,110715,116810,2079119,5.61824503551745,94.7821248180806
"1751",2006-03-08,55.0055687038842,28261,35915,2079119,1.72741435194426,78.6885702352777
"1752",2006-03-09,58.6308324871406,47289,60073,2079119,2.8893488059125,78.719224942986
"1753",2006-03-10,64.6649371842864,156008,160549,2079119,7.7219726239816,97.1715800160699
"1754",2006-03-11,58.0400938059287,39981,48611,2079119,2.33805760997807,82.2468165641521
"1755",2006-03-12,63.9706632938596,82152,89342,2079119,4.2971085349131,91.9522732869199
"1756",2006-03-13,58.8883088761286,46654,51723,2079119,2.48773639219304,90.1997177271233
"1757",2006-03-14,66.4768535321873,82476,90921,2079119,4.37305416380688,90.7117167651038
"1758",2006-03-15,62.8419311519439,53417,61062,2079119,2.93691703072311,87.4799384232419
"1759",2006-03-16,66.716234445216,122411,125283,2079119,6.02577341652883,97.7075900162033
"1760",2006-03-17,65.8926851926948,132887,135629,2079119,6.52338803118051,97.9783084738515
"1761",2006-03-18,58.8342985736506,54698,60434,2079119,2.9067119294278,90.5086540689016
"1762",2006-03-19,58.2862962455199,44389,51059,2079119,2.45579978827571,86.9366810944202
"1763",2006-03-20,67.12956321126,101632,103162,2079119,4.96181315259011,98.5168957561893
"1764",2006-03-21,65.2953892171109,92880,94279,2079119,4.53456488060568,98.5161064500048
"1765",2006-03-22,63.1545824301615,39068,41059,2079119,1.97482683771347,95.150880440342
"1766",2006-03-23,60.1136141834743,20880,24592,2079119,1.18280868002264,84.9056603773585
"1767",2006-03-24,66.9746609948247,63121,65117,2079119,3.13195156217609,96.9347482224304
"1768",2006-03-25,71.3064354823704,171793,171984,2079119,8.27196519294951,99.888943157503
"1769",2006-03-26,71.1750214456857,202789,202838,2079119,9.75595913461423,99.9758427907986
"1770",2006-03-27,74.393653816418,245701,245754,2079119,11.8201026492471,99.9784337182711
"1771",2006-03-28,74.8713712787986,221605,221669,2079119,10.661679297818,99.9711281234634
"1772",2006-03-29,76.1887157070404,236949,237002,2079119,11.399155122915,99.9776373195163
"1773",2006-03-30,74.388251404354,200026,200092,2079119,9.62388396238984,99.9670151730204
"1774",2006-03-31,74.7463381062299,164118,164191,2079119,7.89714297257636,99.9555395849955
"1775",2006-04-01,68.0636990773152,126771,127129,2079119,6.11456102320262,99.7183962746502
"1776",2006-04-02,60.9729535908206,9652,9761,2079119,0.469477697043796,98.8833111361541
"1777",2006-04-03,68.2933679140422,39728,40485,2079119,1.9472189903512,98.1301716685192
"1778",2006-04-04,68.0239716382552,58488,60363,2079119,2.90329702147881,96.893792555042
"1779",2006-04-05,65.0827496610935,17033,17704,2079119,0.851514511675378,96.209896068685
"1780",2006-04-06,68.8508943301207,45370,46068,2079119,2.2157461886501,98.4848484848485
"1781",2006-04-07,69.564059818583,20167,20395,2079119,0.980944332671675,98.8820789409169
"1782",2006-04-08,62.076373846771,11939,12465,2079119,0.599532782875824,95.7801845166466
"1783",2006-04-09,63.023966802168,11271,11808,2079119,0.567932860023885,95.4522357723577
"1784",2006-04-10,66.521678451805,20265,21496,2079119,1.03389945452858,94.2733531819873
"1785",2006-04-11,69.5298410814019,73716,74126,2079119,3.56526009333761,99.4468877317001
"1786",2006-04-12,74.7377615042813,51758,52437,2079119,2.52207786086318,98.7051128020291
"1787",2006-04-13,73.2173900114486,65924,67257,2079119,3.23487977359641,98.018050165782
"1788",2006-04-14,70.6725405152711,76168,77008,2079119,3.70387649768965,98.9092042385207
"1789",2006-04-15,73.4772217275156,55648,56150,2079119,2.70066311740694,99.1059661620659
"1790",2006-04-16,71.2284215370456,54001,54325,2079119,2.61288555392933,99.4035895075932
"1791",2006-04-17,64.6287141503746,11377,11611,2079119,0.558457692897809,97.984669709758
"1792",2006-04-18,73.2463698912595,45009,46073,2079119,2.21598667512538,97.6906214051614
"1793",2006-04-19,74.6607606849848,48023,48877,2079119,2.35085149046303,98.2527569204329
"1794",2006-04-20,76.5418172308863,125726,126192,2079119,6.06949385773493,99.6307214403449
"1795",2006-04-21,74.8274627056585,62364,62543,2079119,3.00814912470138,99.7137969077275
"1796",2006-04-22,73.8130958226798,58408,59057,2079119,2.84048195413538,98.9010616861676
"1797",2006-04-23,68.4384789278217,12125,12386,2079119,0.595733096566382,97.8927821734216
"1798",2006-04-24,75.4794954394093,54334,55256,2079119,2.65766413562668,98.3314029245693
"1799",2006-04-25,75.209679700205,27694,28286,2079119,1.36048008796033,97.9070918475571
"1800",2006-04-26,81.9831148740211,82021,83387,2079119,4.01068914285329,98.3618549654023
"1801",2006-04-27,82.7123932260628,79633,80544,2079119,3.87394853300845,98.8689411998411
"1802",2006-04-28,84.5526867061249,118022,120296,2079119,5.78591220608344,98.1096628316819
"1803",2006-04-29,82.2391071619741,72986,74728,2079119,3.59421466496146,97.6688791349963
"1804",2006-04-30,75.6733700296087,49190,50323,2079119,2.42040017911433,97.7485444031556
"1805",2006-05-01,70.9405430456355,36132,36682,2079119,1.76430497725238,98.5006270105229
"1806",2006-05-02,84.8333054153984,241450,244765,2079119,11.7725344244365,98.6456396952179
"1807",2006-05-03,85.1952639751553,208350,211232,2079119,10.1596878293162,98.6356233903954
"1808",2006-05-04,81.077850309357,143770,146756,2079119,7.05856663327111,97.9653302079642
"1809",2006-05-05,81.8006941539224,63256,64539,2079119,3.1041513256336,98.0120547265994
"1810",2006-05-06,79.4390050277851,20752,22674,2079119,1.09055806810481,91.5233306871306
"1811",2006-05-07,82.361349611935,65559,67901,2079119,3.26585443161262,96.5508608120646
"1812",2006-05-08,70.9137666416818,54579,56034,2079119,2.69508383118042,97.4033622443516
"1813",2006-05-09,75.9213480369953,118801,121421,2079119,5.84002166302169,97.8422183971471
"1814",2006-05-10,76.3699914678568,117680,121892,2079119,5.86267548899317,96.5444820004594
"1815",2006-05-11,69.9466229149576,17448,18285,2079119,0.879459040103044,95.422477440525
"1816",2006-05-12,72.8462542417123,26163,26817,2079119,1.28982516152274,97.5612484617966
"1817",2006-05-13,69.4313040490235,50561,52383,2079119,2.51948060693015,96.521772330718
"1818",2006-05-14,71.608015826216,50263,52571,2079119,2.52852289840072,95.6097468185882
"1819",2006-05-15,73.7665627941702,58812,61614,2079119,2.96346673759414,95.4523322621482
"1820",2006-05-16,70.7307827307827,33471,34188,2079119,1.64435032338216,97.9027729027729
"1821",2006-05-17,66.7360179453443,44107,46363,2079119,2.22993489069168,95.1340508595216
"1822",2006-05-18,67.6657529337992,53843,55815,2079119,2.68455052356311,96.4668995789662
"1823",2006-05-19,66.2329526009582,44602,46752,2079119,2.24864473846855,95.401266255989
"1824",2006-05-20,66.2396649844304,25441,27939,2079119,1.34379032657582,91.0590930240882
"1825",2006-05-21,69.1522411300189,43483,44955,2079119,2.16221389925252,96.7256145033923
"1826",2006-05-22,70.7610653177517,64002,65633,2079119,3.15676976642511,97.5149696037055
"1827",2006-05-23,72.6993240811103,119887,125015,2079119,6.01288334145376,95.8980922289325
"1828",2006-05-24,75.9485825054519,99078,103175,2079119,4.96243841742584,96.029076811243
"1829",2006-05-25,79.1684915448696,77278,80188,2079119,3.85682589596844,96.3710280840026
"1830",2006-05-26,77.861004102201,45685,48023,2079119,2.30977640048501,95.1314994898278
"1831",2006-05-27,69.3030144442119,8704,9554,2079119,0.459521556967158,91.1032028469751
"1832",2006-05-28,67.9282266853495,6182,6423,2079119,0.308928926146122,96.2478592557995
"1833",2006-05-29,73.377632161929,40527,42883,2079119,2.06255630389603,94.5059813912273
"1834",2006-05-30,73.6202496222085,17272,17867,2079119,0.859354370769542,96.6698382492864
"1835",2006-05-31,69.9826985912475,17326,18669,2079119,0.897928401404633,92.806256360812
"1836",2006-06-01,71.1269606274008,47146,49984,2079119,2.40409519609027,94.3221830985916
"1837",2006-06-02,74.6976371754679,71449,73683,2079119,3.5439529916277,96.9680930472429
"1838",2006-06-03,76.0222100267941,115575,123908,2079119,5.95963963582652,93.2748490815766
"1839",2006-06-04,76.5041379310345,33907,36250,2079119,1.7435269457881,93.5365517241379
"1840",2006-06-05,75.8806003441463,57747,62764,2079119,3.0187786269088,92.0065642725129
"1841",2006-06-06,70.3857824013871,8035,9228,2079119,0.443841838778829,87.0719549198093
"1842",2006-06-07,78.4745148076019,43192,44673,2079119,2.14865046204666,96.684798424104
"1843",2006-06-08,66.6888135032269,10784,12086,2079119,0.581303908049515,89.2272050306139
"1844",2006-06-09,68.9328180737218,29359,37004,2079119,1.77979230626049,79.3400713436385
"1845",2006-06-10,71.7738266628275,12584,13892,2079119,0.668167622921055,90.5845090699683
"1846",2006-06-11,67.2774846924723,44543,47199,2079119,2.27014422935869,94.372762134791
"1847",2006-06-12,75.4475968663985,17996,18892,2079119,0.908654098202171,95.2572517467711
"1848",2006-06-13,66.531093358396,10684,12768,2079119,0.61410626327786,83.6779448621554
"1849",2006-06-14,61.6102796674225,27789,33075,2079119,1.59081803398459,84.0181405895692
"1850",2006-06-15,70.6593990597534,27836,29354,2079119,1.41184799908038,94.8286434557471
"1851",2006-06-16,67.4956845854386,51059,60365,2079119,2.90339321606892,84.5837819928767
"1852",2006-06-17,75.9019847114103,68658,71295,2079119,3.42909665103344,96.3012833999579
"1853",2006-06-18,76.5470289884953,23290,24251,2079119,1.16640750240847,96.0372768133273
"1854",2006-06-19,78.9935689637143,52800,57378,2079119,2.75972659573598,92.0213322179232
"1855",2006-06-20,80.1242070158722,71440,79762,2079119,3.83633644827449,89.566460219152
"1856",2006-06-21,69.1502730442792,41811,45597,2079119,2.19309236267862,91.6968221593526
"1857",2006-06-22,68.4994809622064,64724,78029,2079119,3.75298383594205,82.9486472977995
"1858",2006-06-23,64.5285129932628,6718,8312,2079119,0.399784716507328,80.822906641001
"1859",2006-06-24,64.2035377358491,3971,4240,2079119,0.203932531038387,93.6556603773585
"1860",2006-06-25,63.2345464785302,51306,65697,2079119,3.1598479933087,78.0948901776337
"1861",2006-06-26,65.5593269791869,42449,51410,2079119,2.47268193884044,82.5695390001945
"1862",2006-06-27,68.7546516876473,16618,19939,2079119,0.959011966126037,83.3441998094187
"1863",2006-06-28,62.4641751690932,8101,8723,2079119,0.419552704775436,92.8694256563109
"1864",2006-06-29,82.6003972533985,87849,93643,2079119,4.50397500094992,93.8126715291052
"1865",2006-06-30,79.5787251637614,41244,45951,2079119,2.21011880512852,89.7564797284063
"1866",2006-07-01,78.5042478169297,72920,84514,2079119,4.06489479438166,86.2815628179947
"1867",2006-07-02,71.0907553551296,9175,10644,2079119,0.511947608578441,86.1987974445697
"1868",2006-07-03,49.4856395200408,9053,15668,2079119,0.753588418940907,57.7801889200919
"1869",2006-07-04,54.0451560306173,13341,22079,2079119,1.06194017754636,60.4239322433081
"1870",2006-07-05,73.8335994323222,4818,5637,2079119,0.271124452231931,85.4709952102182
"1871",2006-07-06,68.3036811031422,39369,50474,2079119,2.42766287066782,77.998573523002
"1872",2006-07-07,36.4681612210828,1726,4193,2079119,0.201671958170744,41.1638445027427
"1873",2006-07-08,65.0549868563476,24436,32335,2079119,1.55522603564298,75.5713623009123
"1874",2006-07-09,62.4852613802103,18525,26054,2079119,1.25312692539484,71.1023259384356
"1875",2006-07-10,53.7752712243844,7044,11614,2079119,0.558601984782978,60.6509385224729
"1876",2006-07-11,71.1456768804466,77757,99604,2079119,4.79068297678007,78.0661419220112
"1877",2006-07-12,70.8431000994836,32360,42218,2079119,2.03057160268364,76.6497702401819
"1878",2006-07-13,61.2729164443496,16146,18742,2079119,0.901439503943738,86.1487568029026
"1879",2006-07-14,54.975709136499,4262,6381,2079119,0.306908839753761,66.7920388653816
"1880",2006-07-15,55.5219836701128,42700,68096,2079119,3.27523340414858,62.7055921052632
"1881",2006-07-16,53.83365237366,3771,5224,2079119,0.251260269373711,72.1860643185299
"1882",2006-07-17,72.3267204594633,40413,49449,2079119,2.37836314323519,81.7266274343263
"1883",2006-07-18,47.2101020222263,35147,65868,2079119,3.16807263076332,53.3597498026356
"1884",2006-07-19,58.2078252978407,56546,85952,2079119,4.13405870467251,65.7878816083395
"1885",2006-07-20,59.2960162449569,100166,149708,2079119,7.20054984827708,66.9075800892404
"1886",2006-07-21,55.1351237404612,31144,47438,2079119,2.28163948287712,65.6520089379822
"1887",2006-07-22,40.2966101694915,12884,29146,2079119,1.40184376170869,44.2050367117272
"1888",2006-07-23,59.5546521157745,92565,139098,2079119,6.69023754773055,66.5466074278566
"1889",2006-07-24,72.5725757677575,49086,59524,2079119,2.86294339092664,82.4642161145084
"1890",2006-07-25,69.6747675987359,83856,108218,2079119,5.20499307639438,77.4880334140346
"1891",2006-07-26,65.0929289681902,120281,167967,2079119,8.07875835870866,71.6098995636048
"1892",2006-07-27,67.221860615123,126102,170535,2079119,8.20227221241305,73.9449379892691
"1893",2006-07-28,68.1558377912401,126775,169362,2079119,8.1458540853121,74.8544537735738
"1894",2006-07-29,68.1688528661414,35229,44293,2079119,2.1303734899253,79.536269839478
"1895",2006-07-30,63.7767959417444,4443,6111,2079119,0.293922570088581,72.7049582719686
"1896",2006-07-31,50.7436604050262,22727,39553,2079119,1.9023923113588,57.4596111546532
"1897",2006-08-01,46.2539769182782,13970,25648,2079119,1.23359942360202,54.4681846537742
"1898",2006-08-02,60.5080139939793,36556,49164,2079119,2.36465541414416,74.3552192661297
"1899",2006-08-03,47.5573834021198,27956,51609,2079119,2.48225330055663,54.168846519018
"1900",2006-08-04,73.087330046317,76956,93702,2079119,4.50681274135824,82.1284497662803
"1901",2006-08-05,70.844619575793,23702,30834,2079119,1.48303199576359,76.869689304015
"1902",2006-08-06,51.180484087853,63734,111550,2079119,5.36525326352171,57.1349170775437
"1903",2006-08-07,50.1806208220266,9391,15109,2079119,0.726702031004478,62.1550069495003
"1904",2006-08-08,48.5148927159797,7956,14168,2079119,0.681442476356572,56.154714850367
"1905",2006-08-09,59.3520166336556,69564,101481,2079119,4.8809615996006,68.5487923847814
"1906",2006-08-10,53.1507762067115,37688,57781,2079119,2.77910980564364,65.2255931880722
"1907",2006-08-11,51.1401996990836,14374,21933,2079119,1.05491797246815,65.5359503943829
"1908",2006-08-12,51.7375263021359,40127,69386,2079119,3.33727891477111,57.8315510333497
"1909",2006-08-13,52.8408472807645,72389,121707,2079119,5.85377748940777,59.4780908246855
"1910",2006-08-14,57.9957092896817,21967,34027,2079119,1.63660665887811,64.5575572339613
"1911",2006-08-15,50.2073590527341,59180,103709,2079119,4.98812237298587,57.0635142562362
"1912",2006-08-16,47.3650561930422,49104,93161,2079119,4.48079210473282,52.7087515161924
"1913",2006-08-17,56.6259784946237,15546,23250,2079119,1.11826211005719,66.8645161290323
"1914",2006-08-18,51.2564162827865,78497,127644,2079119,6.13933113015657,61.4968192786187
"1915",2006-08-19,59.323206299825,19362,20572,2079119,0.989457553896626,94.1182189383628
"1916",2006-08-20,44.1252276093132,20986,41189,2079119,1.98107948607078,50.9504964917818
"1917",2006-08-21,57.0253779157073,14125,19978,2079119,0.96088776063323,70.7027730503554
"1918",2006-08-22,53.7554176134789,12064,18043,2079119,0.867819494699438,66.8624951504739
"1919",2006-08-23,NA,NA,0,2079119,0,NA
"1920",2006-08-24,41.4783662441893,12287,25169,2079119,1.21056081927008,48.8179903849974
"1921",2006-08-25,42.9096227405685,6183,13333,2079119,0.641281234984626,46.3736593414835
"1922",2006-08-26,56.5763270911025,47770,74279,2079119,3.57261897948121,64.3115820083738
"1923",2006-08-27,45.6214935115394,6525,12869,2079119,0.618964090078538,50.7032403450152
"1924",2006-08-28,58.8789491004827,36395,54696,2079119,2.63072965039519,66.5405148456926
"1925",2006-08-29,44.8289032153098,52644,98342,2079119,4.72998419041912,53.5315531512477
"1926",2006-08-30,52.8026181996284,120997,187839,2079119,9.03454780606593,64.4152705242255
"1927",2006-08-31,55.1553159676556,130308,199973,2079119,9.61816038427815,65.162796977592
"1928",2006-09-01,53.7168976754291,72705,115075,2079119,5.5347962285949,63.1805344340647
"1929",2006-09-02,42.4367237171416,33557,64329,2079119,3.09405089367179,52.1646535777021
"1930",2006-09-03,42.0715656178051,29270,57332,2079119,2.7575141201634,51.0535128723924
"1931",2006-09-04,50.7097386289648,66576,107510,2079119,5.17094019149457,61.9254022881592
"1932",2006-09-05,51.92708851136,42234,68398,2079119,3.28975878725556,61.7474195151905
"1933",2006-09-06,49.7941159431485,59620,103568,2079119,4.98134065438294,57.5660435655801
"1934",2006-09-07,51.8942368802379,77207,118009,2079119,5.67591369228986,65.4246709996695
"1935",2006-09-08,50.3981417058039,86663,137976,2079119,6.63627238267747,62.8101988751667
"1936",2006-09-09,46.4451444982947,63327,111420,2079119,5.3590006151644,56.836295099623
"1937",2006-09-10,57.5914481263129,9615,14757,2079119,0.709771783144688,65.1555194145152
"1938",2006-09-11,51.5118313595012,76850,128937,2079119,6.20152093266427,59.6027517314658
"1939",2006-09-12,42.2674608216857,44612,94440,2079119,4.54230854510973,47.2384582803897
"1940",2006-09-13,56.0432424649645,29812,41672,2079119,2.00431047958294,71.5396429257055
"1941",2006-09-14,50.7128528166775,76653,119538,2079119,5.74945445643082,64.1243788586056
"1942",2006-09-15,50.626622879646,43839,71863,2079119,3.45641591462538,61.003576249252
"1943",2006-09-16,60.336234389437,101428,134204,2079119,6.4548493857254,75.5774790617269
"1944",2006-09-17,59.1868129953837,46215,57405,2079119,2.7610252227025,80.50692448393
"1945",2006-09-18,60.0475823901465,38937,48064,2079119,2.31174838958232,81.0107356857523
"1946",2006-09-19,61.6646035641874,64759,74968,2079119,3.60575801577495,86.3821897342866
"1947",2006-09-20,63.7958120395566,26080,30134,2079119,1.44936388922423,86.5467578150926
"1948",2006-09-21,60.9530954762699,34602,44985,2079119,2.16365681810421,76.918972990997
"1949",2006-09-22,54.7861463133641,15659,20832,2079119,1.00196285061124,75.1680107526882
"1950",2006-09-23,57.2629956415435,33389,37628,2079119,1.80980501837557,88.7344530668651
"1951",2006-09-24,63.072963166001,67903,76614,2079119,3.68492616343749,88.6300154018848
"1952",2006-09-25,62.2211402873585,43443,52478,2079119,2.52404984996049,82.783261557224
"1953",2006-09-26,62.7113129882754,69301,83329,2079119,4.00789949974003,83.1655246072796
"1954",2006-09-27,68.6772122230575,99475,113065,2079119,5.43812066553189,87.9803652766108
"1955",2006-09-28,69.5345391755626,92767,104823,2079119,5.0417027596785,88.4987073447621
"1956",2006-09-29,67.3811432707374,113839,125727,2079119,6.04712861553379,90.5445926491525
"1957",2006-09-30,66.760207936311,77933,88681,2079119,4.26531622288094,87.8801547118323
"1958",2006-10-01,65.4154965802359,45960,52489,2079119,2.52457892020611,87.561203299739
"1959",2006-10-02,64.0852023348064,60717,66301,2079119,3.18889875952266,91.5778042563461
"1960",2006-10-03,64.4327479213141,113762,123275,2079119,5.92919404805593,92.2831068748733
"1961",2006-10-04,62.9132511020029,93894,103448,2079119,4.97556897897619,90.7644420385121
"1962",2006-10-05,59.2449421022208,45801,53629,2079119,2.5794098365702,85.4034197915307
"1963",2006-10-06,61.7425821099776,59696,64304,2079119,3.09284846129539,92.8340383179896
"1964",2006-10-07,69.3455360242371,58543,63374,2079119,3.0481179768931,92.3770000315587
"1965",2006-10-08,66.7840446845972,30656,32942,2079119,1.58442109374211,93.0605306295914
"1966",2006-10-09,70.0524662702724,47819,50623,2079119,2.43482936763119,94.4610157438319
"1967",2006-10-10,61.399564607778,25608,27102,2079119,1.30353289061376,94.4874916980297
"1968",2006-10-11,68.7997293640054,11605,12563,2079119,0.604246317791334,92.3744328583937
"1969",2006-10-12,67.7676463955499,12252,13303,2079119,0.639838316132939,92.0995264226114
"1970",2006-10-13,62.1573292402149,1111,1303,2079119,0.062670775458259,85.264773599386
"1971",2006-10-14,30.2860606060606,254,825,2079119,0.0396802684213843,30.7878787878788
"1972",2006-10-15,NA,NA,0,2079119,0,NA
"1973",2006-10-16,24.4137931034483,0,29,2079119,0.00139482155663048,0
"1974",2006-10-17,50.225,24,40,2079119,0.00192389180224893,60
"1975",2006-10-18,NA,NA,0,2079119,0,NA
"1976",2006-10-19,19.2816901408451,5,355,2079119,0.0170745397449593,1.40845070422535
"1977",2006-10-20,NA,NA,0,2079119,0,NA
"1978",2006-10-21,NA,NA,0,2079119,0,NA
"1979",2006-10-22,NA,NA,0,2079119,0,NA
"1980",2006-10-23,NA,NA,0,2079119,0,NA
"1981",2006-10-24,NA,NA,0,2079119,0,NA
"1982",2006-10-25,NA,NA,0,2079119,0,NA
"1983",2006-10-26,NA,NA,0,2079119,0,NA
"1984",2006-10-27,NA,NA,0,2079119,0,NA
"1985",2006-10-28,NA,NA,0,2079119,0,NA
"1986",2006-10-29,NA,NA,0,2079119,0,NA
"1987",2006-10-30,NA,NA,0,2079119,0,NA
"1988",2006-10-31,NA,NA,0,2079119,0,NA
"1989",2006-11-01,NA,NA,0,2079119,0,NA
"1990",2006-11-02,NA,NA,0,2079119,0,NA
"1991",2006-11-03,NA,NA,0,2079119,0,NA
"1992",2006-11-04,NA,NA,0,2079119,0,NA
"1993",2006-11-05,NA,NA,0,2079119,0,NA
"1994",2006-11-06,NA,NA,0,2079119,0,NA
"1995",2006-11-07,NA,NA,0,2079119,0,NA
"1996",2006-11-08,NA,NA,0,2079119,0,NA
"1997",2006-11-09,NA,NA,0,2079119,0,NA
"1998",2006-11-10,NA,NA,0,2079119,0,NA
"1999",2006-11-11,NA,NA,0,2079119,0,NA
"2000",2006-11-12,NA,NA,0,2079119,0,NA
"2001",2006-11-13,NA,NA,0,2079119,0,NA
"2002",2006-11-14,NA,NA,0,2079119,0,NA
"2003",2006-11-15,NA,NA,0,2079119,0,NA
"2004",2006-11-16,NA,NA,0,2079119,0,NA
"2005",2006-11-17,NA,NA,0,2079119,0,NA
"2006",2006-11-18,NA,NA,0,2079119,0,NA
"2007",2006-11-19,NA,NA,0,2079119,0,NA
"2008",2006-11-20,NA,NA,0,2079119,0,NA
"2009",2006-11-21,NA,NA,0,2079119,0,NA
"2010",2006-11-22,NA,NA,0,2079119,0,NA
"2011",2006-11-23,NA,NA,0,2079119,0,NA
"2012",2006-11-24,NA,NA,0,2079119,0,NA
"2013",2006-11-25,NA,NA,0,2079119,0,NA
"2014",2007-01-16,NA,NA,0,2079119,0,NA
"2015",2007-01-18,NA,NA,0,2079119,0,NA
"2016",2007-01-19,NA,NA,0,2079119,0,NA
"2017",2007-01-20,NA,NA,0,2079119,0,NA
"2018",2007-01-21,NA,NA,0,2079119,0,NA
"2019",2007-01-22,NA,NA,0,2079119,0,NA
"2020",2007-01-23,NA,NA,0,2079119,0,NA
"2021",2007-01-24,NA,NA,0,2079119,0,NA
"2022",2007-01-25,NA,NA,0,2079119,0,NA
"2023",2007-01-26,NA,NA,0,2079119,0,NA
"2024",2007-01-27,NA,NA,0,2079119,0,NA
"2025",2007-01-28,NA,NA,0,2079119,0,NA
"2026",2007-01-29,NA,NA,0,2079119,0,NA
"2027",2007-01-30,NA,NA,0,2079119,0,NA
"2028",2007-01-31,NA,NA,0,2079119,0,NA
"2029",2007-02-01,NA,NA,0,2079119,0,NA
"2030",2007-02-02,NA,NA,0,2079119,0,NA
"2031",2007-02-03,NA,NA,0,2079119,0,NA
"2032",2007-02-04,NA,NA,0,2079119,0,NA
"2033",2007-02-05,NA,NA,0,2079119,0,NA
"2034",2007-02-06,NA,NA,0,2079119,0,NA
"2035",2007-02-07,NA,NA,0,2079119,0,NA
"2036",2007-02-08,NA,NA,0,2079119,0,NA
"2037",2007-02-09,NA,NA,0,2079119,0,NA
"2038",2007-02-10,NA,NA,0,2079119,0,NA
"2039",2007-02-11,NA,NA,0,2079119,0,NA
"2040",2007-02-12,NA,NA,0,2079119,0,NA
"2041",2007-02-13,NA,NA,0,2079119,0,NA
"2042",2007-02-14,NA,NA,0,2079119,0,NA
"2043",2007-02-15,NA,NA,0,2079119,0,NA
"2044",2007-02-16,NA,NA,0,2079119,0,NA
"2045",2007-02-17,NA,NA,0,2079119,0,NA
"2046",2007-02-18,NA,NA,0,2079119,0,NA
"2047",2007-02-19,NA,NA,0,2079119,0,NA
"2048",2007-02-20,NA,NA,0,2079119,0,NA
"2049",2007-02-21,NA,NA,0,2079119,0,NA
"2050",2007-02-22,69.5406976744186,643,688,2079119,0.0330909389986817,93.4593023255814
"2051",2007-02-23,68.3,261,280,2079119,0.0134672426157425,93.2142857142857
"2052",2007-02-24,48.1862068965517,61,145,2079119,0.00697410778315238,42.0689655172414
"2053",2007-02-25,62.593984962406,224,266,2079119,0.0127938804849554,84.2105263157895
"2054",2007-02-26,57.1960784313725,233,255,2079119,0.0122648102393369,91.3725490196078
"2055",2007-02-27,NA,NA,0,2079119,0,NA
"2056",2007-02-28,59.3857142857143,140,140,2079119,0.00673362130787127,100
"2057",2007-03-01,75.2482138131781,14841,15116,2079119,0.727038712069872,98.1807356443504
"2058",2007-03-02,54.6192766448634,3808,5198,2079119,0.250009739702249,73.2589457483648
"2059",2007-03-03,65.757883039311,19961,21597,2079119,1.03875728132926,92.4248738250683
"2060",2007-03-04,67.1305159110394,37875,39658,2079119,1.90744252733971,95.504059710525
"2061",2007-03-05,65.51167710508,33309,35925,2079119,1.72789532489482,92.7181628392484
"2062",2007-03-06,49.9652777777778,79,144,2079119,0.00692601048809616,54.8611111111111
"2063",2007-03-07,61.6143199530181,50732,63003,2079119,3.03027388042724,80.5231496912845
"2064",2007-03-08,67.3803398569024,36420,38016,2079119,1.82846676885739,95.8017676767677
"2065",2007-03-09,73.2061292248004,52089,53612,2079119,2.57859218255425,97.1592180855032
"2066",2007-03-10,71.0453317871801,61558,65539,2079119,3.15224862068982,93.925754131128
"2067",2007-03-11,74.9473365530167,66845,69365,2079119,3.33626887157493,96.3670438982196
"2068",2007-03-12,67.7338076424977,57217,61001,2079119,2.93398309572468,93.7968230029016
"2069",2007-03-13,66.7401585820895,58665,64320,2079119,3.09361801801628,91.2080223880597
"2070",2007-03-14,75.5763380848229,117711,119331,2079119,5.73949831635419,98.6424315559243
"2071",2007-03-15,72.5132284030363,130021,130817,2079119,6.29194384736997,99.3915163931293
"2072",2007-03-16,55.4040234702431,12635,15509,2079119,0.745940949026968,81.4688245534851
"2073",2007-03-17,59.6015948449456,54022,62075,2079119,2.98563959061506,87.0269834877165
"2074",2007-03-18,69.6290294041951,122741,124336,2079119,5.98022527811058,98.7171856903873
"2075",2007-03-19,69.8384335878729,68969,70454,2079119,3.38864682589116,97.8922417463877
"2076",2007-03-20,71.8035269771766,132645,133372,2079119,6.41483243623862,99.4549080766578
"2077",2007-03-21,66.5219651498829,58230,58479,2079119,2.81268171759288,99.5742061252757
"2078",2007-03-22,61.9643151422957,28027,31554,2079119,1.51766204820407,88.8223363123534
"2079",2007-03-23,68.4889161789953,78817,79801,2079119,3.83821224278168,98.7669327452037
"2080",2007-03-24,69.495891857156,82653,87144,2079119,4.19139068037953,94.8464610300193
"2081",2007-03-25,71.4519741891469,104564,105537,2079119,5.07604422834864,99.0780484569393
"2082",2007-03-26,69.2054477032435,83153,83705,2079119,4.02598408268117,99.3405411863091
"2083",2007-03-27,63.0562161898728,40129,41038,2079119,1.97381679451729,97.7849797748428
"2084",2007-03-28,67.3902735223664,88804,89755,2079119,4.31697271777132,98.9404490000557
"2085",2007-03-29,67.0049057264923,73487,74199,2079119,3.56877119587672,99.0404183344789
"2086",2007-03-30,67.5306394888508,108307,108618,2079119,5.22423199441687,99.7136754497413
"2087",2007-03-31,68.1021267329607,96119,96439,2079119,4.63845503792712,99.6681840334305
"2088",2007-04-01,70.1982413512215,143534,143633,2079119,6.90835878081053,99.9310743352851
"2089",2007-04-02,70.6521884702015,131171,131416,2079119,6.32075412710865,99.8135691240032
"2090",2007-04-03,73.7939521051808,159366,159725,2079119,7.68234045285527,99.775238691501
"2091",2007-04-04,71.2908942101412,80535,80641,2079119,3.87861397062891,99.868553217346
"2092",2007-04-05,63.8485301817638,39995,40107,2079119,1.92903821281995,99.7207470017703
"2093",2007-04-06,69.8327600650471,101336,101465,2079119,4.8801920428797,99.8728625634455
"2094",2007-04-07,75.3406389425318,120053,120136,2079119,5.77821663887445,99.9309116334821
"2095",2007-04-08,75.5223042626973,127089,127173,2079119,6.11667730418509,99.933948243731
"2096",2007-04-09,74.5147267176182,200426,200452,2079119,9.64119898861008,99.9870293137509
"2097",2007-04-10,75.0842350883696,210390,210423,2079119,10.1207771176157,99.9843173037168
"2098",2007-04-11,75.9246223571863,218616,218659,2079119,10.5169064396987,99.9803346763682
"2099",2007-04-12,68.6660586640375,20135,20285,2079119,0.97565363021549,99.2605373428642
"2100",2007-04-13,70.5358062854199,1884,1941,2079119,0.0933568497041295,97.0633693972179
"2101",2007-04-14,72.0039827760575,95215,95913,2079119,4.61315586072755,99.2722571497086
"2102",2007-04-15,66.2243465111255,64748,64806,2079119,3.11699330341361,99.9105021140018
"2103",2007-04-16,70.5221876979698,99345,99447,2079119,4.78313170145624,99.8974328034028
"2104",2007-04-17,71.8745169913191,150938,151136,2079119,7.26923278561737,99.8689921659962
"2105",2007-04-18,70.5928021159134,95196,95278,2079119,4.58261407836685,99.9139360607905
"2106",2007-04-19,73.0606577575585,126200,126612,2079119,6.08969472165855,99.6745964047642
"2107",2007-04-20,74.145306740644,129329,129409,2079119,6.22422285593081,99.9381804974924
"2108",2007-04-21,73.4751228209943,157748,158157,2079119,7.60692389420711,99.7413962075659
"2109",2007-04-22,70.4032443718714,74504,74714,2079119,3.59354130283067,99.7189281794577
"2110",2007-04-23,69.1075829557529,81677,81881,2079119,3.93825461649862,99.7508579523943
"2111",2007-04-24,72.7015336762034,64844,64942,2079119,3.12353453554126,99.8490961165348
"2112",2007-04-25,72.9673151369628,81508,81628,2079119,3.9260860008494,99.8529916205224
"2113",2007-04-26,73.2971115632097,84478,84544,2079119,4.06633771323335,99.9219341408024
"2114",2007-04-27,74.4305512284735,93060,93083,2079119,4.47704051571844,99.9752908694391
"2115",2007-04-28,73.8410740696666,117568,117646,2079119,5.65845437418445,99.9336994032946
"2116",2007-04-29,75.0603529913985,203777,203801,2079119,9.80227682975337,99.9882238065564
"2117",2007-04-30,70.1354893199651,36575,36704,2079119,1.76536311774362,99.648539668701
"2118",2007-05-01,75.2805302763324,96465,96478,2079119,4.64033083243431,99.9865254254856
"2119",2007-05-02,69.0576853160978,24643,24755,2079119,1.19064853911681,99.5475661482529
"2120",2007-05-03,74.2226567833021,124503,124519,2079119,5.98902708310587,99.9871505553369
"2121",2007-05-04,72.9018546158976,62971,62978,2079119,3.02907144805083,99.9888850074629
"2122",2007-05-05,73.4744233365029,150372,150391,2079119,7.23340030080048,99.9873662652685
"2123",2007-05-06,76.0245881648671,90184,90206,2079119,4.33866459784168,99.9756113784006
"2124",2007-05-07,76.7219661595622,99503,99585,2079119,4.789769128174,99.9176582818698
"2125",2007-05-08,78.7339922423443,115234,115241,2079119,5.54278037957423,99.9939257729454
"2126",2007-05-09,67.3913206838249,5303,5323,2079119,0.256021901584277,99.6242720270524
"2127",2007-05-10,76.9667806640025,51991,52048,2079119,2.50336801308631,99.8904857055026
"2128",2007-05-11,75.9785328185328,25810,25900,2079119,1.24571994195618,99.6525096525097
"2129",2007-05-12,79.4025989219154,111082,111123,2079119,5.34471571853271,99.9631039478776
"2130",2007-05-13,80.6468362114617,77406,77423,2079119,3.72383687513798,99.9780427004895
"2131",2007-05-14,78.9296495437848,134966,135024,2079119,6.4942891676715,99.9570446735395
"2132",2007-05-15,81.6423673107323,87867,87931,2079119,4.22924325158877,99.9272156577316
"2133",2007-05-16,76.7420574886536,3930,3966,2079119,0.190753872192982,99.0922844175492
"2134",2007-05-17,75.4673710379117,7970,8045,2079119,0.386942738727317,99.0677439403356
"2135",2007-05-18,72.8321911227823,15388,15613,2079119,0.750943067712815,98.5588932300006
"2136",2007-05-19,65.8785334452841,3170,3573,2079119,0.171851635235886,88.7209627763784
"2137",2007-05-20,78.2878815147313,94230,94459,2079119,4.5432223937158,99.7575667750029
"2138",2007-05-21,80.4606060606061,39702,39765,2079119,1.91258893791072,99.8415692191626
"2139",2007-05-22,79.1236156000862,46138,46410,2079119,2.23219546355933,99.4139194139194
"2140",2007-05-23,79.372527049852,119227,119594,2079119,5.75214790495397,99.6931284178136
"2141",2007-05-24,81.3569018139249,166969,167427,2079119,8.0527858193783,99.7264479444773
"2142",2007-05-25,79.7089791645561,88286,88839,2079119,4.27291559549982,99.3775256362634
"2143",2007-05-26,75.7089214745786,7211,7297,2079119,0.350965962025262,98.8214334658079
"2144",2007-05-27,76.8935461064539,9887,9901,2079119,0.476211318351667,99.8586001413999
"2145",2007-05-28,74.5709293394777,51866,52080,2079119,2.50490712652811,99.5890937019969
"2146",2007-05-29,74.8201996790872,55950,56090,2079119,2.69777727970357,99.7504011410234
"2147",2007-05-30,73.8262093086363,98810,99499,2079119,4.78563276079917,99.3075307289521
"2148",2007-05-31,77.6302077466489,123080,124286,2079119,5.97782041335777,99.0296574030864
"2149",2007-06-01,80.4817855656653,88233,88913,2079119,4.27647479533398,99.2352074499792
"2150",2007-06-02,70.6982222331506,40638,40669,2079119,1.95606889264155,99.9237748653766
"2151",2007-06-03,69.1612758813654,8913,8935,2079119,0.429749331327355,99.7537772803582
"2152",2007-06-04,81.2752941176471,3792,3825,2079119,0.183972153590054,99.1372549019608
"2153",2007-06-05,82.8850649881468,12208,12233,2079119,0.58837421042278,99.7956347584403
"2154",2007-06-06,78.4684265010352,3630,3864,2079119,0.185847948097247,93.944099378882
"2155",2007-06-07,50.1219008264463,674,1452,2079119,0.0698372724216363,46.4187327823691
"2156",2007-06-08,66.0302826379542,2744,2972,2079119,0.142945160907096,92.328398384926
"2157",2007-06-09,70.3864148513789,18193,18638,2079119,0.89643738525789,97.6124047644597
"2158",2007-06-10,76.24117156957,45971,46809,2079119,2.25138628428676,98.2097459890192
"2159",2007-06-11,76.6299583165255,50542,52059,2079119,2.50389708333193,97.0859985785359
"2160",2007-06-12,77.7576239290265,82489,85553,2079119,4.11486788394507,96.4185943216486
"2161",2007-06-13,68.5784966698382,8059,8408,2079119,0.404402056832726,95.849191246432
"2162",2007-06-14,76.2157656809192,30829,31854,2079119,1.53209123672094,96.7821937590256
"2163",2007-06-15,74.2025805028672,137516,145088,2079119,6.97834034511733,94.7810983678871
"2164",2007-06-16,75.7081441485663,21901,24447,2079119,1.17583457223949,89.5856342291488
"2165",2007-06-17,84.6489020229941,179754,188483,2079119,9.06552246408214,95.3688131025079
"2166",2007-06-18,83.8691275499121,190126,202556,2079119,9.74239569740837,93.8634254230929
"2167",2007-06-19,88.9000397990685,91213,92967,2079119,4.47146122949191,98.113309023632
"2168",2007-06-20,88.2150155150231,102887,105704,2079119,5.08407647662303,97.3350109740407
"2169",2007-06-21,83.3636621169199,36821,38830,2079119,1.86761796703315,94.8261653360804
"2170",2007-06-22,75.9967286853404,13166,14673,2079119,0.705731610359965,89.7294350166973
"2171",2007-06-23,77.5327253070163,32866,36073,2079119,1.73501372456314,91.1096942311424
"2172",2007-06-24,82.5055332625556,51386,55573,2079119,2.6729109781595,92.4657657495546
"2173",2007-06-25,85.3813329143191,42133,44549,2079119,2.14268639745969,94.57675817639
"2174",2007-06-26,68.8500260519124,74506,94043,2079119,4.52321391897241,79.2254606935125
"2175",2007-06-27,75.8260149833401,124818,141357,2079119,6.79888933726256,88.2998365839682
"2176",2007-06-28,69.0043333915778,24793,28615,2079119,1.37630409803383,86.6433688624847
"2177",2007-06-29,64.1790073230269,5364,7374,2079119,0.354669453744591,72.7420667209113
"2178",2007-06-30,74.1063383707083,52945,59621,2079119,2.86760882854709,88.8026031096426
"2179",2007-07-01,71.2350393700787,58708,71120,2079119,3.4206796243986,82.5478065241845
"2180",2007-07-02,81.1746692640322,83485,93428,2079119,4.49363408251283,89.357580168686
"2181",2007-07-03,79.7527360746054,118650,134682,2079119,6.47783989276227,88.0964048647926
"2182",2007-07-04,75.927629331347,150692,178553,2079119,8.58791632417384,84.3962296909041
"2183",2007-07-05,72.9079408552192,49970,61341,2079119,2.9503361760438,81.4626432565495
"2184",2007-07-06,74.3030639247569,128569,156825,2079119,7.54285829719222,81.9824645305277
"2185",2007-07-07,76.35918504004,152822,182193,2079119,8.7629904781785,83.8791830641133
"2186",2007-07-08,73.2099862370466,118665,148224,2079119,7.12917346241365,80.0578853626943
"2187",2007-07-09,65.2226679742058,97013,134604,2079119,6.47408830374789,72.0728953077175
"2188",2007-07-10,64.2791966362014,105459,147928,2079119,7.11493666307701,71.2907630739278
"2189",2007-07-11,60.9396434702759,67411,100188,2079119,4.8187717970929,67.2845051303549
"2190",2007-07-12,54.4073213393303,25411,40020,2079119,1.92485374815006,63.495752123938
"2191",2007-07-13,68.9345086769095,13803,18094,2079119,0.870272456747305,76.2849563391179
"2192",2007-07-14,60.8685026103958,102441,144231,2079119,6.93712096325415,71.0256463589658
"2193",2007-07-15,65.1493457473578,117830,158960,2079119,7.64554602213726,74.1255661801711
"2194",2007-07-16,62.5983743392027,141569,201272,2079119,9.68063877055618,70.3371556898128
"2195",2007-07-17,59.3598909953995,24347,34127,2079119,1.64141638838373,71.34233891054
"2196",2007-07-18,54.220799581918,2770,3827,2079119,0.184068348180167,72.3804546642279
"2197",2007-07-19,59.9254099137523,9527,10551,2079119,0.507474560138212,90.294758790636
"2198",2007-07-20,59.6205630946057,16754,20707,2079119,0.995950688729217,80.9098372531028
"2199",2007-07-21,33.5126228184931,13518,35927,2079119,1.72799151948494,37.626297770479
"2200",2007-07-22,52.1949265687583,566,749,2079119,0.0360248739971113,75.5674232309746
"2201",2007-07-23,59.9415265740837,17270,19154,2079119,0.921255589506902,90.1639344262295
"2202",2007-07-24,45.8036598789213,7404,14536,2079119,0.699142280937262,50.9356081452944
"2203",2007-07-25,62.3117082814674,28558,40971,2079119,1.97059427574853,69.70296063069
"2204",2007-07-26,67.525766227042,52208,69529,2079119,3.34415682796415,75.0880927382819
"2205",2007-07-27,54.1367355017484,38610,60628,2079119,2.91604280466871,63.6834465923336
"2206",2007-07-28,68.0648730744196,49053,59917,2079119,2.88184562788373,81.8682510806616
"2207",2007-07-29,69.1682565346268,28246,37110,2079119,1.78489061953645,76.1142549178119
"2208",2007-07-30,56.2708083995213,17739,27573,2079119,1.32618671658525,64.3346752257643
"2209",2007-07-31,58.2006590160209,68804,105612,2079119,5.07965152547786,65.1478998598644
"2210",2007-08-01,45.2979880369766,58711,110340,2079119,5.30705553650368,53.2091716512597
"2211",2007-08-02,54.1882546044705,99883,162668,2079119,7.82389079220574,61.4029803034401
"2212",2007-08-03,54.7539061313351,59682,98755,2079119,4.74984837327734,60.4344083843856
"2213",2007-08-04,42.6602342294384,7029,15028,2079119,0.722806150104924,46.7726909768432
"2214",2007-08-05,63.4651711146824,53570,75914,2079119,3.65125805689814,70.566693890455
"2215",2007-08-06,46.8142781050257,32648,63832,2079119,3.07014653802885,51.1467602456448
"2216",2007-08-07,67.2386463286605,59613,80965,2079119,3.89419749422712,73.6281109121225
"2217",2007-08-08,37.1525851197982,376,793,2079119,0.0381411549795851,47.4148802017654
"2218",2007-08-09,48.2090751820082,14572,27746,2079119,1.33450754862997,52.5192820586751
"2219",2007-08-10,57.9588154540106,3471,5099,2079119,0.245248107491683,68.0721710139243
"2220",2007-08-11,36.7752981712165,8293,18865,2079119,0.907355471235653,43.9597137556321
"2221",2007-08-12,59.5266814201867,38151,51965,2079119,2.49937593759665,73.4167227941884
"2222",2007-08-13,54.1717370776368,29534,48714,2079119,2.34301163136886,60.6273350576836
"2223",2007-08-14,47.6777305051684,34579,65107,2079119,3.13147058922553,53.1110326078609
"2224",2007-08-15,46.1936943867477,40690,77994,2079119,3.75130043061508,52.1706797958817
"2225",2007-08-16,35.1824739975789,16531,40477,2079119,1.94683421199075,40.8404773081009
"2226",2007-08-17,47.1742644174186,22483,38235,2079119,1.8390000764747,58.8021446318818
"2227",2007-08-18,49.0956392761792,10328,16855,2079119,0.810679908172644,61.275585879561
"2228",2007-08-19,55.0907806882383,22649,31152,2079119,1.49832693559147,72.704802259887
"2229",2007-08-20,54.3740189445196,16310,22170,2079119,1.06631703139647,73.5678845286423
"2230",2007-08-21,50.4776002319276,38504,58639,2079119,2.82037728480188,65.6627841538908
"2231",2007-08-22,59.6448920193259,65438,85895,2079119,4.1313171588543,76.1837126724489
"2232",2007-08-23,56.9437982937723,95957,136793,2079119,6.57937328262596,70.1475952716879
"2233",2007-08-24,56.1266846004002,106656,150926,2079119,7.25913235365556,70.6677444575487
"2234",2007-08-25,45.7098095926729,13824,24894,2079119,1.19733406312962,55.531453362256
"2235",2007-08-26,45.460230316015,4065,7468,2079119,0.359190599479876,54.4322442420996
"2236",2007-08-27,53.2749611636774,44901,63729,2079119,3.06519251663806,70.4561502612625
"2237",2007-08-28,55.0450176773699,71690,96451,2079119,4.6390322054678,74.3278970669044
"2238",2007-08-29,47.6562336219367,29932,47701,2079119,2.29428907147691,62.7492086119788
"2239",2007-08-30,50.0893497551079,31834,48797,2079119,2.34700370685853,65.2376170666229
"2240",2007-08-31,57.9795261099609,58248,78246,2079119,3.76342094896925,74.4421440073614
"2241",2007-09-01,60.2736252442797,146451,187797,2079119,9.03252771967357,77.9836738606048
"2242",2007-09-02,56.4085485520533,76825,108533,2079119,5.22014372433709,70.784922558116
"2243",2007-09-03,57.075638678176,17113,22938,2079119,1.10325575399965,74.605458191647
"2244",2007-09-04,55.3981886006184,41116,59512,2079119,2.86236622338596,69.0885871756957
"2245",2007-09-05,56.8435091879075,78092,109655,2079119,5.27410888939017,71.2160868177466
"2246",2007-09-06,59.6078614959381,133215,178363,2079119,8.57877783811316,74.6875753379344
"2247",2007-09-07,54.7145128908502,37749,50307,2079119,2.41963062239343,75.0372711551076
"2248",2007-09-08,54.9002466429159,5736,7298,2079119,0.351014059320318,78.596875856399
"2249",2007-09-09,40.6582699619772,8251,16832,2079119,0.809573670386351,49.0197243346008
"2250",2007-09-10,50.6021943856171,28300,44386,2079119,2.13484653836553,63.7588428783851
"2251",2007-09-11,57.4971897826182,66835,91452,2079119,4.39859382748174,73.0820539736692
"2252",2007-09-12,59.5607364853845,42429,55181,2079119,2.65405683849746,76.8905964009351
"2253",2007-09-13,46.563204311612,9539,16328,2079119,0.785332633678015,58.421117099461
"2254",2007-09-14,51.4670056764428,17573,25368,2079119,1.22013218098627,69.2723115736361
"2255",2007-09-15,47.4734453135017,23433,38995,2079119,1.87555402071743,60.0923195281446
"2256",2007-09-16,57.6436131856812,62589,77660,2079119,3.7352359340663,80.5936131856812
"2257",2007-09-17,56.4212664950113,19877,24856,2079119,1.19550636591749,79.9686192468619
"2258",2007-09-18,54.2097121196599,7073,9761,2079119,0.469477697043796,72.461837926442
"2259",2007-09-19,47.3845008258644,21992,36931,2079119,1.77628120372138,59.548888467683
"2260",2007-09-20,60.2852565499804,35360,45878,2079119,2.20660770258941,77.0739788133746
"2261",2007-09-21,59.4086256288429,43947,57248,2079119,2.75347394737867,76.7660005589715
"2262",2007-09-22,56.0483059436762,38849,55252,2079119,2.65747174644645,70.3123868819228
"2263",2007-09-23,50.6750902527076,22863,34902,2079119,1.67869179205231,65.5062747120509
"2264",2007-09-24,65.0725094370589,80509,91395,2079119,4.39585228166353,88.0890639531703
"2265",2007-09-25,65.8021304256658,101757,119225,2079119,5.73440000307823,85.348710421472
"2266",2007-09-26,64.4120497132362,76894,88749,2079119,4.26858683894476,86.6421030096114
"2267",2007-09-27,59.4258609160816,10804,11964,2079119,0.575436038052656,90.304246071548
"2268",2007-09-28,58.877058132586,36734,48527,2079119,2.33401743719335,75.6980649947452
"2269",2007-09-29,64.9239923399599,113409,131592,2079119,6.32921925103854,86.1822907167609
"2270",2007-09-30,57.3420552769182,35887,46855,2079119,2.25359875985934,76.5916124212998
"2271",2007-10-01,62.6144964228859,41223,52137,2079119,2.50764867234632,79.0666896829507
"2272",2007-10-02,60.300621838322,43466,50013,2079119,2.4054900176469,86.9094035550757
"2273",2007-10-03,67.2917301629771,75342,85963,2079119,4.13458777491813,87.6446843409374
"2274",2007-10-04,67.5875211170137,90689,98262,2079119,4.72613640681462,92.2930532657589
"2275",2007-10-05,69.9122170303498,103303,110215,2079119,5.30104337462165,93.7286213310348
"2276",2007-10-06,71.4001638118301,79676,84243,2079119,4.05186042742142,94.5787780587111
"2277",2007-10-07,60.8322328300458,20762,23777,2079119,1.14360938455182,87.3196786810783
"2278",2007-10-08,68.4705822527333,55105,58995,2079119,2.8374999218419,93.4062208661751
"2279",2007-10-09,61.9667828959442,19232,21796,2079119,1.04832864304544,88.2363736465406
"2280",2007-10-10,71.577274042128,36166,38027,2079119,1.828995839103,95.1061088174192
"2281",2007-10-11,57.9035825260464,10120,10942,2079119,0.526280602505196,92.4876622189728
"2282",2007-10-12,71.2135617760618,11891,12432,2079119,0.597945572138968,95.6483268983269
"2283",2007-10-13,60.0938669737979,3156,3473,2079119,0.167041905730264,90.8724445724158
"2284",2007-10-14,29.4794520547945,17,146,2079119,0.00702220507820861,11.6438356164384
"2285",2007-10-15,33.5105421686747,15,664,2079119,0.0319366039173323,2.25903614457831
"2286",2007-10-16,39.2550091074681,114,549,2079119,0.0264054149858666,20.7650273224044
"2287",2007-10-17,21.5483870967742,0,31,2079119,0.00149101614674292,0
"2288",2007-10-18,21.6728624535316,1,269,2079119,0.0129381723701241,0.371747211895911
"2289",2007-10-19,49.8842105263158,345,760,2079119,0.0365539442427297,45.3947368421053
"2290",2007-10-20,42.4431818181818,77,352,2079119,0.0169302478597906,21.875
"2291",2007-10-21,NA,NA,0,2079119,0,NA
"2292",2007-10-22,NA,NA,0,2079119,0,NA
"2293",2007-10-23,NA,NA,0,2079119,0,NA
"2294",2007-10-24,NA,NA,0,2079119,0,NA
"2295",2007-10-25,NA,NA,0,2079119,0,NA
"2296",2007-10-26,NA,NA,0,2079119,0,NA
"2297",2007-10-27,NA,NA,0,2079119,0,NA
"2298",2007-10-28,NA,NA,0,2079119,0,NA
"2299",2007-10-29,NA,NA,0,2079119,0,NA
"2300",2007-10-30,NA,NA,0,2079119,0,NA
"2301",2007-10-31,NA,NA,0,2079119,0,NA
"2302",2007-11-01,NA,NA,0,2079119,0,NA
"2303",2007-11-02,NA,NA,0,2079119,0,NA
"2304",2007-11-03,NA,NA,0,2079119,0,NA
"2305",2007-11-04,NA,NA,0,2079119,0,NA
"2306",2007-11-05,NA,NA,0,2079119,0,NA
"2307",2007-11-06,NA,NA,0,2079119,0,NA
"2308",2007-11-07,NA,NA,0,2079119,0,NA
"2309",2007-11-08,NA,NA,0,2079119,0,NA
"2310",2007-11-09,NA,NA,0,2079119,0,NA
"2311",2007-11-10,NA,NA,0,2079119,0,NA
"2312",2007-11-11,NA,NA,0,2079119,0,NA
"2313",2007-11-12,NA,NA,0,2079119,0,NA
"2314",2007-11-13,NA,NA,0,2079119,0,NA
"2315",2007-11-14,NA,NA,0,2079119,0,NA
"2316",2007-11-15,NA,NA,0,2079119,0,NA
"2317",2007-11-16,NA,NA,0,2079119,0,NA
"2318",2007-11-17,NA,NA,0,2079119,0,NA
"2319",2007-11-18,NA,NA,0,2079119,0,NA
"2320",2007-11-19,NA,NA,0,2079119,0,NA
"2321",2007-11-20,NA,NA,0,2079119,0,NA
"2322",2007-11-21,NA,NA,0,2079119,0,NA
"2323",2007-11-22,NA,NA,0,2079119,0,NA
"2324",2007-11-23,NA,NA,0,2079119,0,NA
"2325",2007-11-24,NA,NA,0,2079119,0,NA
"2326",2007-11-25,NA,NA,0,2079119,0,NA
"2327",2008-01-17,NA,NA,0,2079119,0,NA
"2328",2008-01-18,NA,NA,0,2079119,0,NA
"2329",2008-01-19,NA,NA,0,2079119,0,NA
"2330",2008-01-20,NA,NA,0,2079119,0,NA
"2331",2008-01-21,NA,NA,0,2079119,0,NA
"2332",2008-01-22,NA,NA,0,2079119,0,NA
"2333",2008-01-23,NA,NA,0,2079119,0,NA
"2334",2008-01-24,NA,NA,0,2079119,0,NA
"2335",2008-01-25,NA,NA,0,2079119,0,NA
"2336",2008-01-26,NA,NA,0,2079119,0,NA
"2337",2008-01-27,NA,NA,0,2079119,0,NA
"2338",2008-01-28,NA,NA,0,2079119,0,NA
"2339",2008-01-29,NA,NA,0,2079119,0,NA
"2340",2008-01-30,NA,NA,0,2079119,0,NA
"2341",2008-01-31,NA,NA,0,2079119,0,NA
"2342",2008-02-01,NA,NA,0,2079119,0,NA
"2343",2008-02-02,NA,NA,0,2079119,0,NA
"2344",2008-02-03,NA,NA,0,2079119,0,NA
"2345",2008-02-04,NA,NA,0,2079119,0,NA
"2346",2008-02-05,NA,NA,0,2079119,0,NA
"2347",2008-02-06,NA,NA,0,2079119,0,NA
"2348",2008-02-07,NA,NA,0,2079119,0,NA
"2349",2008-02-08,NA,NA,0,2079119,0,NA
"2350",2008-02-09,NA,NA,0,2079119,0,NA
"2351",2008-02-10,NA,NA,0,2079119,0,NA
"2352",2008-02-11,NA,NA,0,2079119,0,NA
"2353",2008-02-12,NA,NA,0,2079119,0,NA
"2354",2008-02-13,NA,NA,0,2079119,0,NA
"2355",2008-02-14,NA,NA,0,2079119,0,NA
"2356",2008-02-15,NA,NA,0,2079119,0,NA
"2357",2008-02-16,NA,NA,0,2079119,0,NA
"2358",2008-02-17,NA,NA,0,2079119,0,NA
"2359",2008-02-18,NA,NA,0,2079119,0,NA
"2360",2008-02-19,NA,NA,0,2079119,0,NA
"2361",2008-02-20,NA,NA,0,2079119,0,NA
"2362",2008-02-21,NA,NA,0,2079119,0,NA
"2363",2008-02-22,44.8810810810811,110,370,2079119,0.0177959991708026,29.7297297297297
"2364",2008-02-23,73.4499366286439,784,789,2079119,0.0379487657993602,99.3662864385298
"2365",2008-02-24,72.183023872679,748,754,2079119,0.0362653604723924,99.2042440318302
"2366",2008-02-25,30.8,0,40,2079119,0.00192389180224893,0
"2367",2008-02-26,NA,NA,0,2079119,0,NA
"2368",2008-02-27,65.6292974588939,643,669,2079119,0.0321770903926134,96.1136023916293
"2369",2008-02-28,64.8482563619227,961,1061,2079119,0.051031230054653,90.5749293119698
"2370",2008-02-29,70.5079444723198,5813,5979,2079119,0.287573727141159,97.2236159892959
"2371",2008-03-01,70.7189346149995,19415,19974,2079119,0.960695371453005,97.2013617703014
"2372",2008-03-02,61.8982552565987,14041,15647,2079119,0.752578375744727,89.7360516392919
"2373",2008-03-03,62.6969717575593,43080,44118,2079119,2.12195646329046,97.6472188222494
"2374",2008-03-04,72.6562227783693,70871,72323,2079119,3.47854067035124,97.9923399195277
"2375",2008-03-05,61.1938431451885,26203,29658,2079119,1.42646957677747,88.35052936813
"2376",2008-03-06,67.917844883949,94626,97888,2079119,4.70814801846359,96.6676201372998
"2377",2008-03-07,65.5427261105136,94173,98558,2079119,4.74037320615126,95.5508431583433
"2378",2008-03-08,53.6913536913537,6439,8547,2079119,0.411087580845541,75.3363753363753
"2379",2008-03-09,66.90953004209,103384,106201,2079119,5.10798083226597,97.347482603742
"2380",2008-03-10,63.9316199534554,141598,148245,2079119,7.13018350560983,95.5162062801444
"2381",2008-03-11,64.5527229931095,48919,52681,2079119,2.5338136008569,92.858905487747
"2382",2008-03-12,65.3258427855656,119096,126337,2079119,6.07646796551809,94.2685040803565
"2383",2008-03-13,68.370106939401,113544,120068,2079119,5.77494602281062,94.5664123663257
"2384",2008-03-14,67.2048978245395,109138,115194,2079119,5.54051980670659,94.7427817421046
"2385",2008-03-15,69.2085097664254,142597,146420,2079119,7.04240594213222,97.3890178937304
"2386",2008-03-16,68.7683629667339,155424,159111,2079119,7.65280871369075,97.6827497784565
"2387",2008-03-17,69.9896544561554,147287,149243,2079119,7.17818460607594,98.6893857668366
"2388",2008-03-18,71.199291005145,143971,144994,2079119,6.97381919938205,99.2944535635957
"2389",2008-03-19,70.4906018923432,124581,125770,2079119,6.04919679922121,99.0546235191222
"2390",2008-03-20,70.7998172557253,153080,154314,2079119,7.42208598930605,99.2003317910235
"2391",2008-03-21,66.9011260338585,88536,90317,2079119,4.34400339759292,98.0280567335053
"2392",2008-03-22,66.6969528204312,136327,138259,2079119,6.64988391717838,98.6026226140794
"2393",2008-03-23,68.1765139197664,149369,150685,2079119,7.24754090554701,99.1266549424296
"2394",2008-03-24,63.717330085153,88421,89486,2079119,4.3040345454012,98.8098697002883
"2395",2008-03-25,67.5384904373961,143537,143737,2079119,6.91336089949637,99.8608569818488
"2396",2008-03-26,67.102586824312,164430,164758,2079119,7.92441413887324,99.8009201374137
"2397",2008-03-27,69.1727111622814,87860,88593,2079119,4.26108366091599,99.1726208616934
"2398",2008-03-28,64.6005204053684,86683,87624,2079119,4.21447738200651,98.9260933077696
"2399",2008-03-29,67.1094339281354,110033,110569,2079119,5.31806981707156,99.5152348307392
"2400",2008-03-30,64.8913202042305,72250,72663,2079119,3.49489375067036,99.4316226965581
"2401",2008-03-31,67.9647406715065,123830,124109,2079119,5.96930719213282,99.7751976085538
"2402",2008-04-01,70.1642051626185,175790,175841,2079119,8.45747645998137,99.97099652527
"2403",2008-04-02,71.6285995319337,206346,206381,2079119,9.92636785099843,99.9830410745175
"2404",2008-04-03,72.8473752104223,218534,218608,2079119,10.5144534776509,99.9661494547318
"2405",2008-04-04,74.2375339271192,204050,204114,2079119,9.81733128310597,99.9686449729073
"2406",2008-04-05,74.3168777334328,162006,162113,2079119,7.79719679344953,99.9339966566531
"2407",2008-04-06,73.7104407380114,147858,147911,2079119,7.11411900906105,99.9641676413519
"2408",2008-04-07,65.1052299518512,30043,30115,2079119,1.44845004061817,99.7609164868006
"2409",2008-04-08,71.2327640670782,200995,201019,2079119,9.66847015490696,99.9880608300708
"2410",2008-04-09,71.212009402803,134305,134428,2079119,6.46562317981799,99.9085012051061
"2411",2008-04-10,70.8885196148626,93426,93577,2079119,4.50080057947621,99.8386355621574
"2412",2008-04-11,70.620158256803,117948,118036,2079119,5.67721231925638,99.9254464739571
"2413",2008-04-12,69.5686739344563,59575,59899,2079119,2.88097987657272,99.4590894672699
"2414",2008-04-13,68.4797561420209,49008,49373,2079119,2.37470774881091,99.2607295485387
"2415",2008-04-14,71.2928779069767,87650,88064,2079119,4.23564019183125,99.5298873546512
"2416",2008-04-15,63.089235964542,11748,11845,2079119,0.569712459940965,99.1810890671169
"2417",2008-04-16,66.2599635848675,14810,14829,2079119,0.713234788388736,99.8718726819071
"2418",2008-04-17,64.5356669498726,28832,29425,2079119,1.41526290702937,97.9847068819031
"2419",2008-04-18,71.510950406847,96811,97211,2079119,4.67558614971053,99.5885239324768
"2420",2008-04-19,74.3563791337871,132572,132808,2079119,6.38770556182691,99.8222998614541
"2421",2008-04-20,74.4494433119021,127402,127540,2079119,6.13432901147072,99.8917986514035
"2422",2008-04-21,73.6676679475606,124826,125173,2079119,6.02048271407264,99.7227836674043
"2423",2008-04-22,73.7818252882548,76712,76755,2079119,3.69170788204042,99.9439775910364
"2424",2008-04-23,70.8357920618195,90678,91104,2079119,4.38185596880217,99.5324025289779
"2425",2008-04-24,74.1812068881303,184222,184259,2079119,8.86235948976466,99.9799195697361
"2426",2008-04-25,75.7299628967248,187235,187315,2079119,9.00934482345647,99.9572911939781
"2427",2008-04-26,77.4904920380481,245781,245794,2079119,11.8220265410494,99.9947110181697
"2428",2008-04-27,78.7569061429731,252559,252565,2079119,12.147693325875,99.9976243739235
"2429",2008-04-28,76.6042107052188,188230,188282,2079119,9.05585490777584,99.9723818527528
"2430",2008-04-29,78.8289851620406,142723,142742,2079119,6.86550409091543,99.9866892715529
"2431",2008-04-30,77.6064103918907,122973,123019,2079119,5.91688114052154,99.9626074021086
"2432",2008-05-01,68.280071062807,38246,38276,2079119,1.840972065572,99.9216219040652
"2433",2008-05-02,74.9427909954441,134256,134332,2079119,6.46100583949259,99.9434237560671
"2434",2008-05-03,76.3014162378718,185166,185209,2079119,8.90805192006807,99.976782985708
"2435",2008-05-04,76.4971036158087,171214,171248,2079119,8.23656558378813,99.9801457535271
"2436",2008-05-05,73.6114431726488,133840,133844,2079119,6.43753435950515,99.9970114461612
"2437",2008-05-06,71.5496231687696,47224,47236,2079119,2.27192382927577,99.9745956473876
"2438",2008-05-07,69.1334657942516,29147,29191,2079119,1.40400813998622,99.8492686101881
"2439",2008-05-08,68.1557833600457,63010,63017,2079119,3.03094724255803,99.9888918863164
"2440",2008-05-09,71.4933430712866,83452,83522,2079119,4.01718227768588,99.9161897464141
"2441",2008-05-10,74.6266638662081,76151,76178,2079119,3.66395574279298,99.964556696159
"2442",2008-05-11,69.9897295386247,56498,56570,2079119,2.72086398133055,99.8727240586884
"2443",2008-05-12,73.237456111955,80307,80318,2079119,3.86307854432575,99.9863044398516
"2444",2008-05-13,74.9006551899814,84387,84403,2079119,4.05955599463042,99.9810433278438
"2445",2008-05-14,72.7377477306712,47463,47481,2079119,2.28370766656454,99.9620900991976
"2446",2008-05-15,72.4310213812114,67106,67115,2079119,3.22804995769843,99.9865901810326
"2447",2008-05-16,73.8499691349741,37174,37259,2079119,1.79205711649983,99.7718671998712
"2448",2008-05-17,75.7733032784013,85580,85621,2079119,4.1181385000089,99.9521145513367
"2449",2008-05-18,76.9882324494237,223263,223326,2079119,10.7413765157261,99.9717901184815
"2450",2008-05-19,81.5291945498313,256620,256726,2079119,12.347826170604,99.9587108434674
"2451",2008-05-20,82.7573398014763,209761,209849,2079119,10.0931692702534,99.9580650848944
"2452",2008-05-21,82.1733013349333,199947,200010,2079119,9.61993998419523,99.9685015749212
"2453",2008-05-22,82.6893434823977,73224,73570,2079119,3.53851799728635,99.5296996058176
"2454",2008-05-23,78.8470955854418,105149,105288,2079119,5.06406800187964,99.8679811564471
"2455",2008-05-24,80.7843173763817,160977,161121,2079119,7.74948427675376,99.9106261753589
"2456",2008-05-25,82.057079120562,90023,90103,2079119,4.33371057645089,99.9112127232168
"2457",2008-05-26,75.9827133963278,31610,31643,2079119,1.52194270746408,99.8957115317764
"2458",2008-05-27,72.2572821763121,7788,7793,2079119,0.374822220373148,99.9358398562813
"2459",2008-05-28,72.7341389728097,1303,1324,2079119,0.0636808186544397,98.4138972809668
"2460",2008-05-29,75.533097762073,4194,4245,2079119,0.204173017513668,98.7985865724382
"2461",2008-05-30,74.1178410186172,19646,19713,2079119,0.948141977443331,99.6601227616294
"2462",2008-05-31,82.6699814520995,44645,44749,2079119,2.15230585647094,99.767592571901
"2463",2008-06-01,80.0765279917822,13497,13629,2079119,0.655518034321268,99.0314769975787
"2464",2008-06-02,89.9177642295341,42721,42974,2079119,2.06693315774614,99.4112719318658
"2465",2008-06-03,83.1592002676067,115760,116589,2079119,5.60761553331002,99.2889552187599
"2466",2008-06-04,84.9570787333134,153133,154166,2079119,7.41496758963773,99.3299430484024
"2467",2008-06-05,83.0090281170879,89176,90052,2079119,4.33125761440302,99.0272287122996
"2468",2008-06-06,80.4728904084647,97569,98858,2079119,4.75480239466813,98.6961095713043
"2469",2008-06-07,81.8690751502214,200056,202368,2079119,9.7333534059378,98.8575268817204
"2470",2008-06-08,82.2676784089432,121565,123088,2079119,5.92019985388042,98.7626738593527
"2471",2008-06-09,83.1294886373,120556,121362,2079119,5.83718392261338,99.3358711952671
"2472",2008-06-10,85.0119428129652,85350,86663,2079119,4.16825588145748,98.4849359011343
"2473",2008-06-11,72.2513822954482,17302,17905,2079119,0.861182067981679,96.6322256352974
"2474",2008-06-12,76.3088413599108,19955,20619,2079119,0.991718126764269,96.7796692371114
"2475",2008-06-13,80.3749439399036,69536,71352,2079119,3.43183819685165,97.4548716223792
"2476",2008-06-14,76.0614509934376,63175,66134,2079119,3.18086651124827,95.5257507484803
"2477",2008-06-15,73.416832754399,16995,17561,2079119,0.844636598482338,96.7769489209043
"2478",2008-06-16,75.5924480918427,42047,44598,2079119,2.14504316491745,94.2800125566169
"2479",2008-06-17,72.0456573222449,16812,18157,2079119,0.873302586335847,92.5923886104533
"2480",2008-06-18,64.5074835641348,18744,21447,2079119,1.03154268707082,87.3968387187019
"2481",2008-06-19,70.5795731592963,25259,26661,2079119,1.28232198349397,94.7413825437906
"2482",2008-06-20,77.3562961665353,64495,68502,2079119,3.29476090594141,94.150535750781
"2483",2008-06-21,81.7884833509825,206232,212475,2079119,10.2194727670711,97.0617719731733
"2484",2008-06-22,69.1483626642905,4430,4489,2079119,0.215908757507387,98.6856760971263
"2485",2008-06-23,83.7112290408175,34064,35426,2079119,1.70389477466177,96.1553661152826
"2486",2008-06-24,88.5126064259012,58456,60723,2079119,2.92061204769905,96.266653492087
"2487",2008-06-25,71.3907401574803,15325,15875,2079119,0.763544559017545,96.5354330708661
"2488",2008-06-26,78.215992656984,84066,92605,2079119,4.45405000868156,90.7791155985098
"2489",2008-06-27,72.619506204757,14131,15472,2079119,0.744161349109887,91.3327300930714
"2490",2008-06-28,77.8326274418638,130023,137651,2079119,6.6206407617842,94.4584492666236
"2491",2008-06-29,78.7809834083428,56373,59548,2079119,2.86409772600799,94.6681668569893
"2492",2008-06-30,75.3774498589186,25152,26226,2079119,1.26139966014451,95.9048272706475
"2493",2008-07-01,81.2039385847797,16670,17976,2079119,0.864596975930671,92.7347574543836
"2494",2008-07-02,79.5075749267574,58353,63829,2079119,3.07000224614368,91.4208275235395
"2495",2008-07-03,76.6401489420585,69751,79494,2079119,3.82344637319942,87.7437290864719
"2496",2008-07-04,82.2092815234598,154636,169929,2079119,8.17312525160897,91.0003589734536
"2497",2008-07-05,82.115218846608,121984,132947,2079119,6.39439108583972,91.7538568000782
"2498",2008-07-06,85.3629024220074,121960,130429,2079119,6.27328209688815,93.506812135338
"2499",2008-07-07,77.529090357179,119451,138362,2079119,6.65483793856917,86.3322299475289
"2500",2008-07-08,83.0934477969953,146096,158420,2079119,7.6195734828069,92.2206792071708
"2501",2008-07-09,68.464265294454,3446,3498,2079119,0.168244338106669,98.5134362492853
"2502",2008-07-10,62.1509776421087,19188,24242,2079119,1.16597462675297,79.1518851579903
"2503",2008-07-11,63.9528935795954,24237,28425,2079119,1.36716561197315,85.2664907651715
"2504",2008-07-12,68.2870503597122,20901,23630,2079119,1.13653908217856,88.4511214557766
"2505",2008-07-13,74.5705574494646,18502,20827,2079119,1.00172236413596,88.8366063283238
"2506",2008-07-14,81.851818362261,83678,90686,2079119,4.36175129946867,92.2722360673092
"2507",2008-07-15,74.177778636674,65275,77619,2079119,3.733263944969,84.0966773599248
"2508",2008-07-16,75.7823630943041,75401,89222,2079119,4.29133685950636,84.509425926341
"2509",2008-07-17,70.7075689190506,24338,30797,2079119,1.48125239584651,79.0271779718804
"2510",2008-07-18,70.5398177020868,59878,75042,2079119,3.60931721560911,79.7926494496415
"2511",2008-07-19,82.4234344422701,22534,24528,2079119,1.17973045313905,91.8705153294194
"2512",2008-07-20,70.0322941423179,12412,14306,2079119,0.688079903074331,86.7607996644764
"2513",2008-07-21,79.0419065189216,75351,85643,2079119,4.11919664050014,87.9826722557594
"2514",2008-07-22,75.2173172043011,153790,186000,2079119,8.94609688045754,82.6827956989247
"2515",2008-07-23,72.4885397796454,134411,168365,2079119,8.09790108214104,79.833100703828
"2516",2008-07-24,75.5779982874125,118579,138971,2079119,6.68412919125841,85.3264350116211
"2517",2008-07-25,82.23150189484,62121,69399,2079119,3.33790417960684,89.5128171875675
"2518",2008-07-26,72.6749245727721,138753,172683,2079119,8.30558520219381,80.3512795121697
"2519",2008-07-27,71.815415282392,159870,203175,2079119,9.77216792304817,78.6858619416759
"2520",2008-07-28,72.0523737021053,70056,87353,2079119,4.20144301504628,80.1987338729065
"2521",2008-07-29,64.0263015184382,23848,33192,2079119,1.59644541750616,71.8486382260786
"2522",2008-07-30,56.6933340088835,39176,59211,2079119,2.84788893757404,66.1633818040567
"2523",2008-07-31,56.1006310195948,54293,81297,2079119,3.91016579618579,66.7835221471887
"2524",2008-08-01,64.4271716250746,129209,177678,2079119,8.54583119099965,72.720877092268
"2525",2008-08-02,73.6525271417508,167078,205311,2079119,9.87490374528827,81.3780070234912
"2526",2008-08-03,65.8671820801537,112733,149912,2079119,7.21036169646855,75.1994503442019
"2527",2008-08-04,60.1931436055361,38131,56502,2079119,2.71759336526673,67.486106686489
"2528",2008-08-05,51.5251066187986,48126,83006,2079119,3.99236407343687,57.9789412813532
"2529",2008-08-06,64.2341670599339,9437,10595,2079119,0.509590841120686,89.0703161868806
"2530",2008-08-07,51.2527795833191,36950,58462,2079119,2.81186406357693,63.2034483938285
"2531",2008-08-08,64.880173944266,41384,50131,2079119,2.41116549846353,82.5517145079891
"2532",2008-08-09,69.7054796642196,29713,32283,2079119,1.55272497630006,92.0391537341635
"2533",2008-08-10,60.8050661940999,45088,57558,2079119,2.7683841088461,78.3348969734876
"2534",2008-08-11,66.5813464235624,15619,17112,2079119,0.823040913002094,91.2751285647499
"2535",2008-08-12,65.1632595596103,13504,17757,2079119,0.854063668313358,76.0488821309906
"2536",2008-08-13,57.2730755129648,53811,79099,2079119,3.80444794165221,68.0299371673472
"2537",2008-08-14,63.860832701648,108339,142476,2079119,6.85271021043047,76.0401751874
"2538",2008-08-15,58.1795229947271,42492,57274,2079119,2.75472447705014,74.1907322694416
"2539",2008-08-16,55.6100388241819,35306,54090,2079119,2.60158268959112,65.2726936587169
"2540",2008-08-17,56.9310322530585,53142,77326,2079119,3.71917143751753,68.724620438145
"2541",2008-08-18,77.3931065418748,73556,82484,2079119,3.96725728541753,89.1760826342078
"2542",2008-08-19,72.6615297825853,92033,111676,2079119,5.3713135226988,82.4107238797951
"2543",2008-08-20,69.4646630356323,37786,45717,2079119,2.19886403808536,82.6519675394273
"2544",2008-08-21,67.0145940442221,62130,79553,2079119,3.82628411360774,78.0988774779078
"2545",2008-08-22,69.1981109324759,41846,49760,2079119,2.39332140199767,84.0956591639871
"2546",2008-08-23,58.9339801339801,28780,43290,2079119,2.08213190298391,66.4818664818665
"2547",2008-08-24,64.5710626406893,55836,77298,2079119,3.71782471325595,72.2347279360397
"2548",2008-08-25,64.0647472924188,77689,110800,2079119,5.32918029222955,70.1164259927798
"2549",2008-08-26,54.7566285880781,66822,99531,2079119,4.78717187424096,67.1368719293486
"2550",2008-08-27,55.3968611651701,60488,87867,2079119,4.22616502470518,68.8404065234957
"2551",2008-08-28,53.9775649611572,18428,29864,2079119,1.43637761955905,61.7064023573533
"2552",2008-08-29,59.7219437773369,118480,172386,2079119,8.29130030556212,68.7294791920458
"2553",2008-08-30,55.5386754440724,23096,35242,2079119,1.69504487237142,65.5354406673855
"2554",2008-08-31,46.5399189860186,71257,122448,2079119,5.88941758504444,58.1936822161244
"2555",2008-09-01,57.1862543739541,129392,184044,2079119,8.85201857132757,70.3049270826541
"2556",2008-09-02,53.6227403826624,16202,24617,2079119,1.18401111239905,65.8163058049315
"2557",2008-09-03,47.8679835924007,5280,9264,2079119,0.445573341400853,56.9948186528497
"2558",2008-09-04,56.6546355887981,17472,22996,2079119,1.10604539711291,75.9784310314837
"2559",2008-09-05,64.5070499821067,38558,41915,2079119,2.0159981222816,91.9909340331623
"2560",2008-09-06,55.1252943947244,8013,10615,2079119,0.510552787021811,75.4875176636835
"2561",2008-09-07,57.6735323953601,17177,22673,2079119,1.09050997080975,75.7597141975036
"2562",2008-09-08,67.28481163567,15039,16776,2079119,0.806880221863203,89.6459227467811
"2563",2008-09-09,70.9767915108755,118251,142017,2079119,6.83063355199967,83.2653837216671
"2564",2008-09-10,67.3550661420407,48261,56167,2079119,2.7014807714229,85.9241191446935
"2565",2008-09-11,60.2839812273089,38258,56465,2079119,2.71581376534965,67.7552466129461
"2566",2008-09-12,69.8931414736263,150177,189166,2079119,9.09837291660554,79.3890022519903
"2567",2008-09-13,55.2407465825447,14286,19020,2079119,0.914810551969368,75.1104100946372
"2568",2008-09-14,55.8693275209033,53351,83958,2079119,4.0381526983304,63.5448676719312
"2569",2008-09-15,69.0837864971137,39330,47812,2079119,2.29962787122815,82.2596837613988
"2570",2008-09-16,56.6539641028036,41900,64239,2079119,3.08972213711673,65.2251747380875
"2571",2008-09-17,56.4281309209793,69787,107668,2079119,5.17853956411345,64.8168443734443
"2572",2008-09-18,54.6800089445438,12772,17888,2079119,0.860364413965723,71.3998211091234
"2573",2008-09-19,53.0019528157492,23406,37894,2079119,1.82259889886053,61.7670343590014
"2574",2008-09-20,59.9751459336015,67998,93707,2079119,4.50705322783352,72.5644829094945
"2575",2008-09-21,51.2169760895129,52910,84189,2079119,4.04926317348839,62.8466901851786
"2576",2008-09-22,50.5403000929491,51447,82841,2079119,3.9844280197526,62.1033063338202
"2577",2008-09-23,58.4709111453153,84864,112397,2079119,5.40599167243433,75.5037945852647
"2578",2008-09-24,55.5938784079662,47875,66682,2079119,3.20722382893908,71.7959869230077
"2579",2008-09-25,65.0163363000488,149138,172132,2079119,8.27908359261784,86.6416471080334
"2580",2008-09-26,56.8775934243896,25534,32727,2079119,1.57408017530502,78.02120573227
"2581",2008-09-27,60.5072545720354,62872,72506,2079119,3.48734247534653,86.712823766309
"2582",2008-09-28,59.6314268284146,80045,99991,2079119,4.80929662996683,80.0522046984229
"2583",2008-09-29,65.8485277765084,122319,131298,2079119,6.31507864629201,93.1613581318832
"2584",2008-09-30,64.6337112514351,128270,139360,2079119,6.70283903903528,92.0421928817451
"2585",2008-10-01,66.8927678920904,123969,132852,2079119,6.38982184280938,93.3136121398248
"2586",2008-10-02,59.2502584493042,45029,50300,2079119,2.41929394132803,89.520874751491
"2587",2008-10-03,66.5772872149822,98525,106046,2079119,5.10052575153226,92.9077947305886
"2588",2008-10-04,66.8313149790446,80414,86374,2079119,4.15435576318623,93.0997753953736
"2589",2008-10-05,60.4923405440535,47891,53855,2079119,2.59027982525291,88.9258193296816
"2590",2008-10-06,72.1211082634476,128009,131882,2079119,6.34316746660485,97.063283844649
"2591",2008-10-07,68.1595053686064,49034,52807,2079119,2.53987386003399,92.8551139053535
"2592",2008-10-08,60.0857392825897,1892,2286,2079119,0.109950416498527,82.7646544181977
"2593",2008-10-09,44.7473944048272,2061,3646,2079119,0.17536273777499,56.5277015907844
"2594",2008-10-10,56.1334240980259,7605,10283,2079119,0.494584485063145,73.9570164348925
"2595",2008-10-11,50.6716845878136,807,1395,2079119,0.0670957266034315,57.8494623655914
"2596",2008-10-12,49.5325749741468,564,967,2079119,0.046510084319368,58.3247156153051
"2597",2008-10-13,7.2159383033419,0,389,2079119,0.0187098477768709,0
"2598",2008-10-14,NA,NA,0,2079119,0,NA
"2599",2008-10-15,59.1452054794521,558,730,2079119,0.035111025391043,76.4383561643836
"2600",2008-10-16,25.6875,0,80,2079119,0.00384778360449787,0
"2601",2008-10-17,NA,NA,0,2079119,0,NA
"2602",2008-10-18,37.8725212464589,96,353,2079119,0.0169783451548468,27.1954674220963
"2603",2008-10-19,NA,NA,0,2079119,0,NA
"2604",2008-10-20,NA,NA,0,2079119,0,NA
"2605",2008-10-21,NA,NA,0,2079119,0,NA
"2606",2008-10-22,NA,NA,0,2079119,0,NA
"2607",2008-10-23,NA,NA,0,2079119,0,NA
"2608",2008-10-24,NA,NA,0,2079119,0,NA
"2609",2008-10-25,NA,NA,0,2079119,0,NA
"2610",2008-10-26,NA,NA,0,2079119,0,NA
"2611",2008-10-27,NA,NA,0,2079119,0,NA
"2612",2008-10-28,NA,NA,0,2079119,0,NA
"2613",2008-10-29,NA,NA,0,2079119,0,NA
"2614",2008-10-30,NA,NA,0,2079119,0,NA
"2615",2008-10-31,NA,NA,0,2079119,0,NA
"2616",2008-11-01,NA,NA,0,2079119,0,NA
"2617",2008-11-02,NA,NA,0,2079119,0,NA
"2618",2008-11-03,NA,NA,0,2079119,0,NA
"2619",2008-11-04,NA,NA,0,2079119,0,NA
"2620",2008-11-05,NA,NA,0,2079119,0,NA
"2621",2008-11-06,NA,NA,0,2079119,0,NA
"2622",2008-11-07,NA,NA,0,2079119,0,NA
"2623",2008-11-08,NA,NA,0,2079119,0,NA
"2624",2008-11-09,NA,NA,0,2079119,0,NA
"2625",2008-11-10,NA,NA,0,2079119,0,NA
"2626",2008-11-11,NA,NA,0,2079119,0,NA
"2627",2008-11-12,NA,NA,0,2079119,0,NA
"2628",2008-11-13,NA,NA,0,2079119,0,NA
"2629",2008-11-14,NA,NA,0,2079119,0,NA
"2630",2008-11-15,NA,NA,0,2079119,0,NA
"2631",2008-11-16,NA,NA,0,2079119,0,NA
"2632",2008-11-17,NA,NA,0,2079119,0,NA
"2633",2008-11-18,NA,NA,0,2079119,0,NA
"2634",2008-11-19,NA,NA,0,2079119,0,NA
"2635",2008-11-20,NA,NA,0,2079119,0,NA
"2636",2008-11-21,NA,NA,0,2079119,0,NA
"2637",2008-11-22,NA,NA,0,2079119,0,NA
"2638",2008-11-23,NA,NA,0,2079119,0,NA
"2639",2008-11-25,NA,NA,0,2079119,0,NA
"2640",2009-01-16,NA,NA,0,2079119,0,NA
"2641",2009-01-17,NA,NA,0,2079119,0,NA
"2642",2009-01-19,NA,NA,0,2079119,0,NA
"2643",2009-01-20,NA,NA,0,2079119,0,NA
"2644",2009-01-21,NA,NA,0,2079119,0,NA
"2645",2009-01-22,NA,NA,0,2079119,0,NA
"2646",2009-01-23,NA,NA,0,2079119,0,NA
"2647",2009-01-24,NA,NA,0,2079119,0,NA
"2648",2009-01-25,NA,NA,0,2079119,0,NA
"2649",2009-01-26,NA,NA,0,2079119,0,NA
"2650",2009-01-27,NA,NA,0,2079119,0,NA
"2651",2009-01-28,NA,NA,0,2079119,0,NA
"2652",2009-01-29,NA,NA,0,2079119,0,NA
"2653",2009-01-30,NA,NA,0,2079119,0,NA
"2654",2009-01-31,NA,NA,0,2079119,0,NA
"2655",2009-02-01,NA,NA,0,2079119,0,NA
"2656",2009-02-02,NA,NA,0,2079119,0,NA
"2657",2009-02-03,NA,NA,0,2079119,0,NA
"2658",2009-02-04,NA,NA,0,2079119,0,NA
"2659",2009-02-05,NA,NA,0,2079119,0,NA
"2660",2009-02-06,NA,NA,0,2079119,0,NA
"2661",2009-02-07,NA,NA,0,2079119,0,NA
"2662",2009-02-08,NA,NA,0,2079119,0,NA
"2663",2009-02-09,NA,NA,0,2079119,0,NA
"2664",2009-02-10,NA,NA,0,2079119,0,NA
"2665",2009-02-11,NA,NA,0,2079119,0,NA
"2666",2009-02-12,NA,NA,0,2079119,0,NA
"2667",2009-02-13,NA,NA,0,2079119,0,NA
"2668",2009-02-14,NA,NA,0,2079119,0,NA
"2669",2009-02-15,NA,NA,0,2079119,0,NA
"2670",2009-02-16,NA,NA,0,2079119,0,NA
"2671",2009-02-17,NA,NA,0,2079119,0,NA
"2672",2009-02-18,NA,NA,0,2079119,0,NA
"2673",2009-02-19,NA,NA,0,2079119,0,NA
"2674",2009-02-20,NA,NA,0,2079119,0,NA
"2675",2009-02-21,NA,NA,0,2079119,0,NA
"2676",2009-02-22,NA,NA,0,2079119,0,NA
"2677",2009-02-23,36.2245762711864,25,236,2079119,0.0113509616332687,10.5932203389831
"2678",2009-02-24,30,0,2,2079119,9.61945901124467e-05,0
"2679",2009-02-25,31.7184466019417,0,103,2079119,0.004954021390791,0
"2680",2009-02-26,23.3349282296651,25,209,2079119,0.0100523346667507,11.9617224880383
"2681",2009-02-27,58.9467741935484,497,620,2079119,0.0298203229348585,80.1612903225806
"2682",2009-02-28,54.6556717618665,813,1243,2079119,0.0597849377548856,65.4062751407884
"2683",2009-03-01,63.7353285759932,7938,9389,2079119,0.451585503282881,84.545745020769
"2684",2009-03-02,50.9454726909817,6513,11022,2079119,0.530128386109694,59.0909090909091
"2685",2009-03-03,53.2291239378846,4726,6826,2079119,0.328312136053781,69.2352768825081
"2686",2009-03-04,54.0888472742405,3081,4806,2079119,0.231155600040209,64.1073657927591
"2687",2009-03-05,54.8274785948628,16427,24994,2079119,1.20214379263525,65.7237737056894
"2688",2009-03-06,59.953667672837,44423,54994,2079119,2.64506264432195,80.7779030439684
"2689",2009-03-07,45.5701357466063,22,442,2079119,0.0212590044148507,4.97737556561086
"2690",2009-03-08,55.0415654520918,18873,25935,2079119,1.24740334728315,72.7703875072296
"2691",2009-03-09,51.8880089097884,5295,8081,2079119,0.388674241349341,65.5240688033659
"2692",2009-03-10,55.9041677727635,18493,22602,2079119,1.08709506286076,81.8201929032829
"2693",2009-03-11,56.3272760166442,35929,49747,2079119,2.39269613716194,72.2234506603413
"2694",2009-03-12,63.8274817035819,54473,62034,2079119,2.98366760151776,87.8115227133507
"2695",2009-03-13,67.083510432121,69793,74817,2079119,3.59849532422146,93.2849486079367
"2696",2009-03-14,64.4365578233779,106556,109454,2079119,5.26444133308387,97.3523123869388
"2697",2009-03-15,68.1901304922834,174448,176179,2079119,8.47373334571037,99.0174765437424
"2698",2009-03-16,61.131727801194,58166,63821,2079119,3.06961746778323,91.1392801742373
"2699",2009-03-17,57.6113116078643,17768,18565,2079119,0.892926282718786,95.7069754915163
"2700",2009-03-18,57.0538755648245,26582,28770,2079119,1.38375917876755,92.39485575252
"2701",2009-03-19,59.3855775366943,27745,31340,2079119,1.50736922706204,88.5290363752393
"2702",2009-03-20,64.0482296421672,56035,58491,2079119,2.81325888513356,95.801063411465
"2703",2009-03-21,66.4976386684767,155897,156903,2079119,7.54660988620661,99.3588395378036
"2704",2009-03-22,66.883788606143,140551,141234,2079119,6.79297336997065,99.5164053981336
"2705",2009-03-23,67.1070472004474,101196,101927,2079119,4.90241299319568,99.2828200574921
"2706",2009-03-24,67.083547297823,128014,128526,2079119,6.18175294439616,99.6016370228592
"2707",2009-03-25,66.2549943399278,92380,92755,2079119,4.46126460294,99.5957091261927
"2708",2009-03-26,66.0819190132428,83519,83668,2079119,4.02420448276409,99.8219151886026
"2709",2009-03-27,64.6545832118916,27204,27448,2079119,1.32017455470322,99.1110463421743
"2710",2009-03-28,60.188024826579,10678,10956,2079119,0.526953964635983,97.4625775830595
"2711",2009-03-29,68.0384696261682,84460,85600,2079119,4.11712845681272,98.6682242990654
"2712",2009-03-30,65.7252353057329,60449,60772,2079119,2.9229688151568,99.4685052326729
"2713",2009-03-31,68.7606314739143,83988,84184,2079119,4.0490226870131,99.7671766606481
"2714",2009-04-01,69.7549571043932,179230,179389,2079119,8.62812566284085,99.9113658028084
"2715",2009-04-02,69.5946057236978,179581,179709,2079119,8.64351679725884,99.9287737397682
"2716",2009-04-03,61.8904127918646,29850,29894,2079119,1.43782053841074,99.8528132735666
"2717",2009-04-04,68.3871145155519,150845,150914,2079119,7.25855518611489,99.9542785957565
"2718",2009-04-05,70.8084700130672,177525,177544,2079119,8.53938615346212,99.9892984274321
"2719",2009-04-06,72.6606046923091,216997,217036,2079119,10.4388445298225,99.9820306308631
"2720",2009-04-07,67.566722368107,41825,41890,2079119,2.0147956899052,99.8448317020769
"2721",2009-04-08,68.317277486911,58936,59210,2079119,2.84784084027898,99.5372403310252
"2722",2009-04-09,65.8554776995501,59617,59797,2079119,2.87607395247699,99.6989815542586
"2723",2009-04-10,62.8937406608003,23782,24092,2079119,1.15876003249453,98.7132658143782
"2724",2009-04-11,71.5133141260695,91035,91632,2079119,4.40725134059186,99.3484808800419
"2725",2009-04-12,72.7284423989092,155915,156221,2079119,7.51380753097827,99.8041236453486
"2726",2009-04-13,75.2865575550144,132598,132647,2079119,6.37996189732286,99.9630598505809
"2727",2009-04-14,75.0278010903684,151219,151325,2079119,7.278323174383,99.9299520898728
"2728",2009-04-15,75.171645234268,134058,134376,2079119,6.46312212047507,99.7633505983211
"2729",2009-04-16,74.7775580492531,150583,150691,2079119,7.24782948931735,99.9283301590672
"2730",2009-04-17,75.3543276012015,136542,136831,2079119,6.5812009798381,99.7887905518486
"2731",2009-04-18,75.2023335381628,131783,131817,2079119,6.34004114242619,99.9742066653011
"2732",2009-04-19,73.8148163697123,118915,119098,2079119,5.72829164660609,99.8463450267847
"2733",2009-04-20,72.2018808906874,96842,96869,2079119,4.6591368748013,99.9721273059493
"2734",2009-04-21,69.4095772919788,84672,84763,2079119,4.07687102085066,99.8926418366504
"2735",2009-04-22,71.2100140334552,133178,133253,2079119,6.40910885812693,99.9437160889436
"2736",2009-04-23,73.3050178325506,141551,141595,2079119,6.81033649348594,99.9689254564073
"2737",2009-04-24,75.4841091652946,180309,180387,2079119,8.67612676330696,99.9567596334547
"2738",2009-04-25,76.1620074620075,219769,219780,2079119,10.5708235074568,99.994994994995
"2739",2009-04-26,77.3975626244724,218860,218924,2079119,10.5296522228886,99.9707661106137
"2740",2009-04-27,75.7825159252966,128865,128883,2079119,6.19892367873123,99.9860338446498
"2741",2009-04-28,75.848620520495,160992,161039,2079119,7.74554029855915,99.97081452319
"2742",2009-04-29,74.4373123037069,43579,43621,2079119,2.09805210764752,99.9037161000436
"2743",2009-04-30,75.1136981044045,132860,132887,2079119,6.39150524813635,99.9796819854463
"2744",2009-05-01,73.9442116090207,65099,65139,2079119,3.13300970266733,99.9385928552787
"2745",2009-05-02,70.9927573542031,29079,29133,2079119,1.40121849687295,99.8146431881372
"2746",2009-05-03,68.7982243299879,17853,18134,2079119,0.872196348549554,98.450424616742
"2747",2009-05-04,73.145786163522,15846,15900,2079119,0.764746991393951,99.6603773584906
"2748",2009-05-05,72.785290567782,38758,38941,2079119,1.87295676678439,99.5300582933155
"2749",2009-05-06,75.2100973170601,92954,92995,2079119,4.47280795375349,99.955911608151
"2750",2009-05-07,76.1113926388512,173209,173261,2079119,8.33338543873631,99.9699874755427
"2751",2009-05-08,78.8926497802452,172877,172920,2079119,8.31698426112214,99.9751330094842
"2752",2009-05-09,79.2710541923048,53919,53956,2079119,2.59513765205359,99.9314256060494
"2753",2009-05-10,73.4981132075472,2371,2385,2079119,0.114712048709093,99.4129979035639
"2754",2009-05-11,71.7547553001783,19316,20188,2079119,0.970988192595037,95.6806023380226
"2755",2009-05-12,78.1931589537223,59480,59640,2079119,2.86852267715316,99.7317236753856
"2756",2009-05-13,81.4405235199786,119554,119728,2079119,5.75859294249151,99.8546705866631
"2757",2009-05-14,83.9592098990611,144347,144741,2079119,6.96165058373282,99.7277896380431
"2758",2009-05-15,82.139554502831,61470,61639,2079119,2.96466916997055,99.725822936777
"2759",2009-05-16,86.2970946327304,147768,148828,2079119,7.15822422862761,99.2877684306716
"2760",2009-05-17,83.8192835185623,151942,152244,2079119,7.32252458853967,99.8016342187541
"2761",2009-05-18,81.8930483948676,179644,180577,2079119,8.68526524936764,99.4833229038028
"2762",2009-05-19,77.0281905594406,4398,4576,2079119,0.220093222177278,96.1101398601399
"2763",2009-05-20,79.7906384333705,56237,56529,2079119,2.71889199223325,99.4834509720674
"2764",2009-05-21,80.5204123912355,40708,41029,2079119,1.97338391886179,99.2176265568256
"2765",2009-05-22,80.59375,4772,4832,2079119,0.232406129711671,98.7582781456954
"2766",2009-05-23,70.5026648635749,12545,12571,2079119,0.604631096151783,99.7931747673216
"2767",2009-05-24,69.0947286140017,20177,20469,2079119,0.984503532505835,98.5734525379843
"2768",2009-05-25,72.0328966521106,51417,51525,2079119,2.47821312777191,99.7903930131004
"2769",2009-05-26,72.2811412665275,35811,35925,2079119,1.72789532489482,99.6826722338205
"2770",2009-05-27,73.8751781373124,47323,47716,2079119,2.29501053090275,99.1763768966384
"2771",2009-05-28,79.3701255169026,150022,150657,2079119,7.24619418128544,99.5785127806873
"2772",2009-05-29,77.9818857651432,151850,152808,2079119,7.34965146295137,99.3730694728025
"2773",2009-05-30,80.5260133598295,41633,41767,2079119,2.00887972261328,99.6791725524936
"2774",2009-05-31,75.4199203508866,74075,74326,2079119,3.57487955234886,99.6622985227242
"2775",2009-06-01,75.4542735476022,19575,19726,2079119,0.948767242279061,99.2345128257123
"2776",2009-06-02,75.5661596275849,93786,94733,2079119,4.55640105256121,99.0003483474608
"2777",2009-06-03,78.4238836988967,96494,98159,2079119,4.72118238542383,98.3037724508196
"2778",2009-06-04,81.5798459682658,42660,43108,2079119,2.07337819528368,98.9607497448269
"2779",2009-06-05,78.942501798746,96353,97290,2079119,4.67938583601997,99.0368999897214
"2780",2009-06-06,74.9892857142857,8894,9240,2079119,0.444419006319504,96.2554112554113
"2781",2009-06-07,79.6770006060026,31032,31353,2079119,1.50799449189777,98.9761745287532
"2782",2009-06-08,70.2910966112397,4177,4751,2079119,0.228510248812117,87.91833298253
"2783",2009-06-09,77.1380947357316,46729,47395,2079119,2.2795712991897,98.5947884797974
"2784",2009-06-10,70.3427014402491,24965,25690,2079119,1.23561950999438,97.1778902296613
"2785",2009-06-11,71.6630586731637,23699,25037,2079119,1.20421197632266,94.6559092543036
"2786",2009-06-12,79.8595582019333,25757,27207,2079119,1.30858310659467,94.6704892123351
"2787",2009-06-13,83.5608015562658,97433,100754,2079119,4.84599486609473,96.7038529487663
"2788",2009-06-14,83.1252657016165,207320,213115,2079119,10.250255035907,97.2808108298337
"2789",2009-06-15,79.8487137607187,4719,4898,2079119,0.235580551185382,96.345447121274
"2790",2009-06-16,65.0729166666667,925,960,2079119,0.0461734032539744,96.3541666666667
"2791",2009-06-17,77.2106761244268,42135,44267,2079119,2.12912296025384,95.1837712065421
"2792",2009-06-18,80.2550840754255,112134,117573,2079119,5.65494327164535,95.3739378939042
"2793",2009-06-19,86.2411759351961,106600,109870,2079119,5.28444980782726,97.0237553472285
"2794",2009-06-20,80.83589222445,67201,72818,2079119,3.50234883140407,92.2862479057376
"2795",2009-06-21,79.6550643879809,138874,150028,2079119,7.21594098269507,92.5653877942784
"2796",2009-06-22,80.293514995077,141558,150316,2079119,7.22979300367127,94.1736075999894
"2797",2009-06-23,79.9290600006176,124322,129532,2079119,6.23013882322272,95.9778278726492
"2798",2009-06-24,72.257437567861,25673,27630,2079119,1.32892826240345,92.9171190734709
"2799",2009-06-25,77.461132878634,38898,41346,2079119,1.98863076139461,94.0792337831955
"2800",2009-06-26,70.0575948584847,20391,24273,2079119,1.16746564289971,84.0069212705475
"2801",2009-06-27,77.4547954708754,72471,80722,2079119,3.88250985152846,89.7784990461089
"2802",2009-06-28,80.5081286785146,96070,104322,2079119,5.01760601485533,92.0898755775388
"2803",2009-06-29,74.5173164199092,51263,53764,2079119,2.58590297140279,95.3481883788409
"2804",2009-06-30,63.425446971012,5435,5761,2079119,0.277088516818903,94.3412601978823
"2805",2009-07-01,52.2835585585586,2954,4440,2079119,0.213551990049632,66.5315315315315
"2806",2009-07-02,74.0844633361886,57880,61873,2079119,2.97592393701371,93.5464580673315
"2807",2009-07-03,69.0076879722423,92713,113554,2079119,5.46164024281438,81.646617468341
"2808",2009-07-04,78.6326014551712,150093,170839,2079119,8.21689379011014,87.8564028120043
"2809",2009-07-05,76.2460856425008,186088,219704,2079119,10.5671681130325,84.6994137566908
"2810",2009-07-06,76.3448808420653,178648,210435,2079119,10.1213542851564,84.8946230427448
"2811",2009-07-07,77.5915527825023,187439,218131,2079119,10.4915110679091,85.9295560924399
"2812",2009-07-08,79.0210165864098,40631,46725,2079119,2.24734611150204,86.9577314071696
"2813",2009-07-09,75.5029515108925,12323,14230,2079119,0.684424508650058,86.5987350667604
"2814",2009-07-10,77.6620773788777,55697,63118,2079119,3.0358050693587,88.2426566114262
"2815",2009-07-11,71.8574566704855,154488,190286,2079119,9.15224188706851,81.1872654845864
"2816",2009-07-12,73.8250534583871,153406,188932,2079119,9.08711814956239,81.196409290115
"2817",2009-07-13,70.6450863454857,76369,96415,2079119,4.63730070284577,79.208629362651
"2818",2009-07-14,72.2180187413503,75416,94657,2079119,4.55274565813693,79.6729243479088
"2819",2009-07-15,75.3141202487301,75881,91344,2079119,4.39339931961566,83.0716850586793
"2820",2009-07-16,51.6146664658937,16115,26564,2079119,1.27765654587352,60.6648095166391
"2821",2009-07-17,50.8862506716819,17337,29776,2079119,1.43214505759411,58.2247447608812
"2822",2009-07-18,54.4821651017319,48034,74657,2079119,3.59079975701247,64.3395796777261
"2823",2009-07-19,60.1548090537851,34037,48731,2079119,2.34382928538482,69.8467094867743
"2824",2009-07-20,58.6331213713022,8302,10851,2079119,0.521903748655079,76.5090775043775
"2825",2009-07-21,53.1861656270602,39688,59157,2079119,2.845291683641,67.0892709231367
"2826",2009-07-22,57.9548169831977,60614,84036,2079119,4.04190428734478,72.1286115474321
"2827",2009-07-23,77.5161545717944,51163,59364,2079119,2.85524782371764,86.185230105788
"2828",2009-07-24,69.0437471985657,112016,145015,2079119,6.97482924257823,77.2444229907251
"2829",2009-07-25,75.7477531726557,58613,66427,2079119,3.19495901869975,88.2367109759586
"2830",2009-07-26,40.0700827861833,3109,7006,2079119,0.336969649163901,44.376248929489
"2831",2009-07-27,61.4012752657754,59917,87668,2079119,4.21659366298899,68.3453483597208
"2832",2009-07-28,72.0007734664187,47065,54301,2079119,2.61173121884798,86.6742785584059
"2833",2009-07-29,56.749273255814,1068,1376,2079119,0.0661818779973633,77.6162790697674
"2834",2009-07-30,67.3561108278089,44593,58830,2079119,2.82956386815762,75.7997620261771
"2835",2009-07-31,59.3628048341328,45737,69423,2079119,3.33905851468819,65.881624245567
"2836",2009-08-01,55.5069151679791,88906,145405,2079119,6.99358718765015,61.1437020735188
"2837",2009-08-02,63.0210289549788,97776,140045,2079119,6.7357856861488,69.8175586418651
"2838",2009-08-03,55.2588228532015,12209,17398,2079119,0.836796739388173,70.1747327278998
"2839",2009-08-04,58.9381139604483,58485,85205,2079119,4.09813002526551,68.6403380083328
"2840",2009-08-05,71.3206369679532,79809,100790,2079119,4.84772636871675,79.1834507391606
"2841",2009-08-06,70.2941606831175,76284,95679,2079119,4.60190109368439,79.7290941585928
"2842",2009-08-07,41.3400989162455,16782,37001,2079119,1.77964801437532,45.3555309315964
"2843",2009-08-08,63.9865441842412,5584,7729,2079119,0.37174399348955,72.2473799974123
"2844",2009-08-09,75.693561308821,40011,47432,2079119,2.28135089910679,84.3544442570417
"2845",2009-08-10,66.139837398374,41216,54120,2079119,2.60302560844281,76.1566888396157
"2846",2009-08-11,45.9043081199126,32842,65481,2079119,3.14945897757656,50.1550067958645
"2847",2009-08-12,36.9446777122106,7246,17624,2079119,0.84766672807088,41.114389468906
"2848",2009-08-13,62.8916622511543,38259,52844,2079119,2.54165345995107,72.3998940277042
"2849",2009-08-14,55.7858193856906,41778,65244,2079119,3.13805991864824,64.0334743424683
"2850",2009-08-15,52.6845253084865,28280,47652,2079119,2.29193230401915,59.3469319231092
"2851",2009-08-16,50.9924186250624,38861,66083,2079119,3.17841354920041,58.8063495906663
"2852",2009-08-17,52.2695796858772,58353,94358,2079119,4.53836456691512,61.8421331524619
"2853",2009-08-18,48.9656692379419,7006,11797,2079119,0.567403789778267,59.387979994914
"2854",2009-08-19,20.8394663223585,1852,9294,2079119,0.44701626025254,19.9268345168926
"2855",2009-08-20,66.1307002336625,20409,26534,2079119,1.27621362702183,76.9164091354489
"2856",2009-08-21,50.2280387198408,55205,96488,2079119,4.64081180538488,57.2143686261504
"2857",2009-08-22,56.5916865214432,30398,47008,2079119,2.26095764600295,64.6655888359428
"2858",2009-08-23,56.2210808680507,48343,78659,2079119,3.78328513182747,61.4589557456871
"2859",2009-08-24,58.7087379591197,67230,102152,2079119,4.91323488458333,65.8136894040254
"2860",2009-08-25,54.7981955203969,54269,85454,2079119,4.11010625173451,63.5066819575444
"2861",2009-08-26,49.9722502903163,36549,66307,2079119,3.189187343293,55.1208771321278
"2862",2009-08-27,52.1605625155881,30005,52123,2079119,2.50697531021553,57.5657579187691
"2863",2009-08-28,50.2844589402303,101456,170471,2079119,8.19919398552945,59.5151081415607
"2864",2009-08-29,49.8400257083306,95699,166483,2079119,8.00738197284523,57.4827459860767
"2865",2009-08-30,44.6210098935972,11201,21428,2079119,1.03062883846475,52.2727272727273
"2866",2009-08-31,56.9896367792736,16806,19685,2079119,0.946795253181756,85.3746507493015
"2867",2009-09-01,50.3756097560976,12565,21730,2079119,1.04515422157173,57.8232857800276
"2868",2009-09-02,42.8552118909038,10818,20789,2079119,0.999894666923827,52.0371350233297
"2869",2009-09-03,42.8962662399032,37424,79357,2079119,3.81685704377671,47.1590407903525
"2870",2009-09-04,59.1622150147858,28317,41932,2079119,2.01681577629756,67.5307640942478
"2871",2009-09-05,52.7883043185534,26826,41588,2079119,2.00027030679822,64.5041838992017
"2872",2009-09-06,57.8642902430433,47430,70975,2079119,3.41370551661545,66.8263473053892
"2873",2009-09-07,57.2630543205506,63283,96041,2079119,4.61931231449475,65.8916504409575
"2874",2009-09-08,58.5293803166816,84766,127194,2079119,6.11768734738127,66.6430806484583
"2875",2009-09-09,55.8507448923134,125503,195196,2079119,9.38839960579457,64.2958872108035
"2876",2009-09-10,48.0833344583193,42928,74075,2079119,3.56280713128974,57.952075599055
"2877",2009-09-11,51.2421210747081,42711,70568,2079119,3.39412991752757,60.5246003854438
"2878",2009-09-12,44.1345652420361,13900,26463,2079119,1.27279871907284,52.5261686127801
"2879",2009-09-13,51.6792807129217,60956,94260,2079119,4.53365103199961,64.6679397411415
"2880",2009-09-14,44.6065103834883,16466,31396,2079119,1.51006267558519,52.4461714868136
"2881",2009-09-15,60.1216784058756,64765,83055,2079119,3.99472084089463,77.9784480163747
"2882",2009-09-16,52.600753403702,38444,52296,2079119,2.51529614226026,73.5123145173627
"2883",2009-09-17,55.004318100036,34328,44464,2079119,2.13859812737991,77.2040302267003
"2884",2009-09-18,65.0628478443388,98696,115533,2079119,5.55682478973065,85.4266746297595
"2885",2009-09-19,64.8282918149466,93437,104532,2079119,5.02770644681714,89.3860253319558
"2886",2009-09-20,67.1509872943452,114425,132382,2079119,6.36721611413296,86.4354670574549
"2887",2009-09-21,60.1622416414644,51071,59849,2079119,2.87857501181991,85.3330882721516
"2888",2009-09-22,67.4117697509484,137811,151575,2079119,7.29034749814705,90.9193468579911
"2889",2009-09-23,50.7318860061836,8955,14878,2079119,0.715591555846491,60.1895416050544
"2890",2009-09-24,55.9842283889,19813,25045,2079119,1.20459675468311,79.1096027151128
"2891",2009-09-25,61.3359711658756,80078,100714,2079119,4.84407097429248,79.5102964831106
"2892",2009-09-26,64.854874415808,30711,36589,2079119,1.75983192881216,83.9350624504632
"2893",2009-09-27,58.1597937020237,68419,91712,2079119,4.41109912419635,74.6020150034892
"2894",2009-09-28,58.4768751286349,54336,68022,2079119,3.27167420431442,79.8800388109729
"2895",2009-09-29,62.0725711746596,51698,63014,2079119,3.03080295067286,82.0420858856762
"2896",2009-09-30,56.5990178307971,35744,47446,2079119,2.28202426123757,75.336171647768
"2897",2009-10-01,59.673312699441,31084,41679,2079119,2.00464716064833,74.5795244607596
"2898",2009-10-02,61.9837937975902,57516,68554,2079119,3.29726196528433,83.8988242845057
"2899",2009-10-03,60.5363725294026,76603,89958,2079119,4.32673646866774,85.1541830632073
"2900",2009-10-04,60.138860295088,61991,75774,2079119,3.64452443559027,81.8103835088553
"2901",2009-10-05,63.5059093698652,43537,50513,2079119,2.42953866517501,86.189693742205
"2902",2009-10-06,51.1883259911894,907,1816,2079119,0.0873446878221016,49.9449339207048
"2903",2009-10-07,61.1393422831756,35854,41416,2079119,1.99199757204855,86.5704075719529
"2904",2009-10-08,61.0234666562457,42659,51179,2079119,2.46157146368245,83.3525469430821
"2905",2009-10-09,59.9683468160133,41439,48210,2079119,2.31877059466053,85.9551960174238
"2906",2009-10-10,70.573311947422,23756,25562,2079119,1.22946305622718,92.9348251310539
"2907",2009-10-11,58.4563977180114,5024,6135,2079119,0.29507690516993,81.8907905460473
"2908",2009-10-12,61.3359183673469,2161,2450,2079119,0.117838372887747,88.2040816326531
"2909",2009-10-13,67.3678343949045,2927,3140,2079119,0.151025506476541,93.2165605095541
"2910",2009-10-14,57.2283950617284,129,162,2079119,0.00779176179910818,79.6296296296296
"2911",2009-10-15,43.2413793103448,68,174,2079119,0.00836892933978286,39.0804597701149
"2912",2009-10-16,55.6084210526316,352,475,2079119,0.0228462151517061,74.1052631578947
"2913",2009-10-17,NA,NA,0,2079119,0,NA
"2914",2009-10-18,22.6105263157895,0,95,2079119,0.00456924303034122,0
"2915",2009-10-19,NA,NA,0,2079119,0,NA
"2916",2009-10-20,11.9264705882353,23,340,2079119,0.0163530803191159,6.76470588235294
"2917",2009-10-21,NA,NA,0,2079119,0,NA
"2918",2009-10-22,NA,NA,0,2079119,0,NA
"2919",2009-10-23,NA,NA,0,2079119,0,NA
"2920",2009-10-24,NA,NA,0,2079119,0,NA
"2921",2009-10-25,NA,NA,0,2079119,0,NA
"2922",2009-10-26,NA,NA,0,2079119,0,NA
"2923",2009-10-27,NA,NA,0,2079119,0,NA
"2924",2009-10-28,NA,NA,0,2079119,0,NA
"2925",2009-10-29,NA,NA,0,2079119,0,NA
"2926",2009-10-30,NA,NA,0,2079119,0,NA
"2927",2009-10-31,NA,NA,0,2079119,0,NA
"2928",2009-11-01,NA,NA,0,2079119,0,NA
"2929",2009-11-02,NA,NA,0,2079119,0,NA
"2930",2009-11-03,NA,NA,0,2079119,0,NA
"2931",2009-11-04,NA,NA,0,2079119,0,NA
"2932",2009-11-05,NA,NA,0,2079119,0,NA
"2933",2009-11-06,NA,NA,0,2079119,0,NA
"2934",2009-11-07,NA,NA,0,2079119,0,NA
"2935",2009-11-08,NA,NA,0,2079119,0,NA
"2936",2009-11-09,NA,NA,0,2079119,0,NA
"2937",2009-11-10,NA,NA,0,2079119,0,NA
"2938",2009-11-11,NA,NA,0,2079119,0,NA
"2939",2009-11-12,NA,NA,0,2079119,0,NA
"2940",2009-11-13,NA,NA,0,2079119,0,NA
"2941",2009-11-14,NA,NA,0,2079119,0,NA
"2942",2009-11-15,NA,NA,0,2079119,0,NA
"2943",2009-11-16,NA,NA,0,2079119,0,NA
"2944",2009-11-17,NA,NA,0,2079119,0,NA
"2945",2009-11-18,NA,NA,0,2079119,0,NA
"2946",2009-11-19,NA,NA,0,2079119,0,NA
"2947",2009-11-20,NA,NA,0,2079119,0,NA
"2948",2009-11-21,NA,NA,0,2079119,0,NA
"2949",2009-11-22,NA,NA,0,2079119,0,NA
"2950",2009-11-23,NA,NA,0,2079119,0,NA
"2951",2009-11-24,NA,NA,0,2079119,0,NA
"2952",2009-11-25,NA,NA,0,2079119,0,NA
"2953",2009-11-26,NA,NA,0,2079119,0,NA
"2954",2010-01-15,NA,NA,0,2079119,0,NA
"2955",2010-01-17,NA,NA,0,2079119,0,NA
"2956",2010-01-18,NA,NA,0,2079119,0,NA
"2957",2010-01-19,NA,NA,0,2079119,0,NA
"2958",2010-01-20,NA,NA,0,2079119,0,NA
"2959",2010-01-21,NA,NA,0,2079119,0,NA
"2960",2010-01-22,NA,NA,0,2079119,0,NA
"2961",2010-01-23,NA,NA,0,2079119,0,NA
"2962",2010-01-24,NA,NA,0,2079119,0,NA
"2963",2010-01-25,NA,NA,0,2079119,0,NA
"2964",2010-01-26,NA,NA,0,2079119,0,NA
"2965",2010-01-27,NA,NA,0,2079119,0,NA
"2966",2010-01-28,NA,NA,0,2079119,0,NA
"2967",2010-01-29,NA,NA,0,2079119,0,NA
"2968",2010-01-30,NA,NA,0,2079119,0,NA
"2969",2010-01-31,NA,NA,0,2079119,0,NA
"2970",2010-02-01,NA,NA,0,2079119,0,NA
"2971",2010-02-02,NA,NA,0,2079119,0,NA
"2972",2010-02-03,NA,NA,0,2079119,0,NA
"2973",2010-02-04,NA,NA,0,2079119,0,NA
"2974",2010-02-05,NA,NA,0,2079119,0,NA
"2975",2010-02-06,NA,NA,0,2079119,0,NA
"2976",2010-02-07,NA,NA,0,2079119,0,NA
"2977",2010-02-08,NA,NA,0,2079119,0,NA
"2978",2010-02-09,NA,NA,0,2079119,0,NA
"2979",2010-02-10,NA,NA,0,2079119,0,NA
"2980",2010-02-11,NA,NA,0,2079119,0,NA
"2981",2010-02-12,NA,NA,0,2079119,0,NA
"2982",2010-02-13,NA,NA,0,2079119,0,NA
"2983",2010-02-14,NA,NA,0,2079119,0,NA
"2984",2010-02-15,NA,NA,0,2079119,0,NA
"2985",2010-02-16,NA,NA,0,2079119,0,NA
"2986",2010-02-17,NA,NA,0,2079119,0,NA
"2987",2010-02-18,NA,NA,0,2079119,0,NA
"2988",2010-02-19,NA,NA,0,2079119,0,NA
"2989",2010-02-20,NA,NA,0,2079119,0,NA
"2990",2010-02-21,26.9285714285714,0,14,2079119,0.000673362130787127,0
"2991",2010-02-22,54.6655844155844,213,308,2079119,0.0148139668773168,69.1558441558442
"2992",2010-02-23,NA,NA,0,2079119,0,NA
"2993",2010-02-24,NA,NA,0,2079119,0,NA
"2994",2010-02-25,56.5591397849462,356,465,2079119,0.0223652422011439,76.5591397849462
"2995",2010-02-26,72.3293413173653,619,668,2079119,0.0321289930975572,92.6646706586826
"2996",2010-02-27,64.694942903752,537,613,2079119,0.0294836418694649,87.6019575856444
"2997",2010-02-28,51.6729028364514,946,1657,2079119,0.0796972179081621,57.0911285455643
"2998",2010-03-01,54.0420650095602,3611,5230,2079119,0.251548853144048,69.0439770554493
"2999",2010-03-02,67.2932757513027,26239,28018,2079119,1.34759001288527,93.6505103861803
"3000",2010-03-03,66.6190685237658,21825,25057,2079119,1.20517392222379,87.1014087879634
"3001",2010-03-04,66.0988839285714,36232,40320,2079119,1.93928293666692,89.8611111111111
"3002",2010-03-05,68.9687101572461,71639,75296,2079119,3.62153392855339,95.1431682957926
"3003",2010-03-06,45.9961089494163,157,1028,2079119,0.0494440193177976,15.272373540856
"3004",2010-03-07,61.4665384478399,46054,56154,2079119,2.70085550658717,82.01374790754
"3005",2010-03-08,64.1903682348316,68287,76310,2079119,3.6703045857404,89.4863058576857
"3006",2010-03-09,59.7843903817621,32500,42461,2079119,2.0422592453823,76.5408256988766
"3007",2010-03-10,64.8544105387984,78997,85171,2079119,4.0964947172336,92.7510537624309
"3008",2010-03-11,58.9605285500378,51912,64781,2079119,3.1157908710372,80.1346073694447
"3009",2010-03-12,63.309291915689,70676,81318,2079119,3.91117583938197,86.9131065692713
"3010",2010-03-13,65.6246986202805,73640,79219,2079119,3.81021961705896,92.9574975700274
"3011",2010-03-14,63.57424676438,88005,95654,2079119,4.60069866130799,92.0034708428294
"3012",2010-03-15,65.9889696340514,118160,123296,2079119,5.93020409125211,95.8344147417597
"3013",2010-03-16,66.3466106557821,88729,92363,2079119,4.44241046327796,96.0655240734926
"3014",2010-03-17,66.818000299846,145046,146742,2079119,7.05789327114032,98.8442300091317
"3015",2010-03-18,68.2700207456295,163864,164854,2079119,7.92903147919864,99.3994686207189
"3016",2010-03-19,72.0620490043844,174746,175168,2079119,8.42510698040853,99.7590884179759
"3017",2010-03-20,65.7509046552334,108699,110263,2079119,5.30335204478435,98.5815731478374
"3018",2010-03-21,62.7148039608051,72637,77459,2079119,3.72556837776,93.7747711692637
"3019",2010-03-22,68.3656433601805,126915,128505,2079119,6.18074290119998,98.7626940585969
"3020",2010-03-23,70.7260121416251,145891,147262,2079119,7.08290386456956,99.0690062609499
"3021",2010-03-24,68.3994180916267,124429,125793,2079119,6.0503030370075,98.91567893285
"3022",2010-03-25,69.3723547111631,80235,80426,2079119,3.86827305219182,99.7625146097033
"3023",2010-03-26,68.3930454302072,96965,97116,2079119,4.67101690668018,99.8445158367313
"3024",2010-03-27,71.5236328184044,131704,132316,2079119,6.36404169265925,99.5374709029898
"3025",2010-03-28,68.8256668977849,109233,109612,2079119,5.27204070570275,99.6542349377805
"3026",2010-03-29,71.6271544013324,162044,162110,2079119,7.79705250156437,99.9592869039541
"3027",2010-03-30,72.2781493268054,101851,102125,2079119,4.91193625761681,99.7317013463892
"3028",2010-03-31,69.6071984371378,120400,120804,2079119,5.810345631972,99.6655739876163
"3029",2010-04-01,71.6605616397009,175527,175593,2079119,8.44554833080742,99.9624130802481
"3030",2010-04-02,75.7949743031049,211107,211115,2079119,10.1540604457946,99.9962105961206
"3031",2010-04-03,74.9422025411775,177830,177949,2079119,8.55886555795989,99.9331269071476
"3032",2010-04-04,70.989923814205,63554,65104,2079119,3.13132629734036,97.6191939051364
"3033",2010-04-05,71.9450506675663,76428,77071,2079119,3.70690662727819,99.1657043505339
"3034",2010-04-06,74.882048970693,94755,95404,2079119,4.58867433754393,99.3197350215924
"3035",2010-04-07,76.4926940232658,122823,123529,2079119,5.94141076100021,99.4284742853905
"3036",2010-04-08,78.1336066296394,90489,90744,2079119,4.36454094258193,99.7189896852684
"3037",2010-04-09,70.433300248139,40024,40300,2079119,1.9383209907658,99.3151364764268
"3038",2010-04-10,71.7737998887146,78647,79076,2079119,3.80334170386592,99.4574839395012
"3039",2010-04-11,63.6848722724854,14858,15032,2079119,0.722998539285149,98.8424693986163
"3040",2010-04-12,71.5451408738261,48723,48980,2079119,2.35580551185382,99.4752960391997
"3041",2010-04-13,72.9801665341646,95205,95596,2079119,4.59790901819473,99.5909870705887
"3042",2010-04-14,71.0046075945317,124993,125011,2079119,6.01269095227354,99.9856012670885
"3043",2010-04-15,69.9493443659925,58240,58493,2079119,2.81335507972367,99.5674696117484
"3044",2010-04-16,71.2212094709223,94825,94901,2079119,4.56448139813065,99.9199165446096
"3045",2010-04-17,71.77587140299,119170,120065,2079119,5.77480173092545,99.2545704410111
"3046",2010-04-18,75.8251962182891,184319,184361,2079119,8.86726541386039,99.9772186091418
"3047",2010-04-19,77.4961988424685,218192,218223,2079119,10.4959360190542,99.9857943479835
"3048",2010-04-20,79.2360418936972,219161,219317,2079119,10.5485544598457,99.9288700830305
"3049",2010-04-21,72.2206212321916,73974,73982,2079119,3.55833408284951,99.9891865588927
"3050",2010-04-22,71.1848920962579,144865,144944,2079119,6.97141433462923,99.9454961916326
"3051",2010-04-23,74.1541795928775,188232,188248,2079119,9.05421959974393,99.9915005737113
"3052",2010-04-24,77.0315239965413,247485,247494,2079119,11.9037919426449,99.9963635482072
"3053",2010-04-25,78.470943431711,148855,148882,2079119,7.16082148256064,99.981864832552
"3054",2010-04-26,74.3387275512532,61247,61362,2079119,2.95134621923998,99.8125875949285
"3055",2010-04-27,69.1453107039015,14708,14789,2079119,0.711310896586487,99.4522956251268
"3056",2010-04-28,72.5276751252361,24252,24354,2079119,1.17136152379926,99.5811776299581
"3057",2010-04-29,77.2068228518806,145454,145511,2079119,6.99868550092611,99.9608277037475
"3058",2010-04-30,76.1546377695647,139271,139345,2079119,6.70211757960944,99.9468943987944
"3059",2010-05-01,72.6350680585406,77992,78168,2079119,3.75966935995487,99.7748439259032
"3060",2010-05-02,74.6099991625492,23856,23882,2079119,1.14865960053273,99.8911313960305
"3061",2010-05-03,73.0465849031034,29355,29516,2079119,1.41963976087949,99.4545331345711
"3062",2010-05-04,77.3213727404167,136235,136253,2079119,6.5534007432956,99.9867892817039
"3063",2010-05-05,78.7785565903085,70731,70763,2079119,3.40350889006353,99.9547786272487
"3064",2010-05-06,77.5976305325598,60505,61364,2079119,2.95144241383009,98.6001564435174
"3065",2010-05-07,78.394297635605,47303,47454,2079119,2.28240903959802,99.681797108779
"3066",2010-05-08,81.083761589404,18838,18875,2079119,0.907836444186215,99.8039735099338
"3067",2010-05-09,73.6603247905654,52297,52403,2079119,2.52044255283127,99.797721504494
"3068",2010-05-10,71.1093319705874,105547,105669,2079119,5.08239307129606,99.8845451362273
"3069",2010-05-11,76.1747141504625,109734,109848,2079119,5.28339166733602,99.8962202315927
"3070",2010-05-12,76.8568659986259,154142,154282,2079119,7.42054687586425,99.9092570747074
"3071",2010-05-13,74.8437530546983,71413,71611,2079119,3.44429539627121,99.7235061652539
"3072",2010-05-14,79.5226578001823,18413,18647,2079119,0.896870260913397,98.7451064514399
"3073",2010-05-15,81.2928533588961,39549,39641,2079119,1.90662487332375,99.7679170555738
"3074",2010-05-16,81.1258463164783,39349,39731,2079119,1.91095362987881,99.0385341421057
"3075",2010-05-17,83.4101946649681,63557,64367,2079119,3.09587859088393,98.7415911880311
"3076",2010-05-18,83.8246873597753,50437,51257,2079119,2.46532305269684,98.4002185067405
"3077",2010-05-19,85.9090648094982,107809,107978,2079119,5.19344972558088,99.8434866361666
"3078",2010-05-20,80.7460180477647,158045,159909,2079119,7.69119035514562,98.8343370291853
"3079",2010-05-21,75.4435887832967,42659,42722,2079119,2.05481263939197,99.8525349936801
"3080",2010-05-22,72.8565242494226,10249,10392,2079119,0.499827090224273,98.6239414934565
"3081",2010-05-23,70.8560679611651,7894,8240,2079119,0.39632171126328,95.8009708737864
"3082",2010-05-24,76.3623833709977,86861,89386,2079119,4.29922481589558,97.1751728458595
"3083",2010-05-25,80.4744350617786,87197,88461,2079119,4.25473481796857,98.5711217372627
"3084",2010-05-26,81.2889525357691,76424,77511,2079119,3.72806943710293,98.5976184025493
"3085",2010-05-27,82.6282370517928,7856,8032,2079119,0.386317473891586,97.808764940239
"3086",2010-05-28,69.2242990654206,929,963,2079119,0.0463176951391431,96.4693665628245
"3087",2010-05-29,62.8705045999442,6542,7174,2079119,0.345049994733346,91.1904098132144
"3088",2010-05-30,66.5860232350313,27403,27975,2079119,1.34552182919785,97.9553172475425
"3089",2010-05-31,67.0831325870294,20800,21171,2079119,1.0182678336353,98.2476028529592
"3090",2010-06-01,69.7910047230571,36408,37264,2079119,1.79229760297511,97.7028767711464
"3091",2010-06-02,74.5055471040036,52405,53902,2079119,2.59254039812055,97.2227375607584
"3092",2010-06-03,74.8539467645709,34779,34864,2079119,1.67686409484017,99.7561955025241
"3093",2010-06-04,72.7505220353885,8903,9099,2079119,0.437637287716576,97.845917133751
"3094",2010-06-05,73.7538203567971,55347,57848,2079119,2.78233232441241,95.6766007467847
"3095",2010-06-06,78.0550506005051,56974,58201,2079119,2.79931066956725,97.8917888008797
"3096",2010-06-07,78.8048703435567,37022,37985,2079119,1.82697575271064,97.4647887323944
"3097",2010-06-08,72.6848890114435,14035,14506,2079119,0.697699362085576,96.7530676961257
"3098",2010-06-09,77.1102859020703,44533,45645,2079119,2.19540103284131,97.5638076459634
"3099",2010-06-10,78.6355615090054,66807,68681,2079119,3.30337032175647,97.2714433394971
"3100",2010-06-11,80.6495691488524,123207,126958,2079119,6.106336385748,97.0454796074292
"3101",2010-06-12,79.2963556851312,6703,6860,2079119,0.329947444085692,97.7113702623907
"3102",2010-06-13,86.5613539498464,20110,20178,2079119,0.970507219644474,99.662999306175
"3103",2010-06-14,81.6813824793715,77457,80956,2079119,3.89376461857162,95.677899105687
"3104",2010-06-15,79.4220080090161,118688,125109,2079119,6.01740448718905,94.8676753870625
"3105",2010-06-16,82.5788805910222,57887,62265,2079119,2.99477807667575,92.9687625471774
"3106",2010-06-17,69.0843115334451,10172,10734,2079119,0.516276365133501,94.7643003540153
"3107",2010-06-18,73.559640053609,14950,15669,2079119,0.753636516235963,95.411321718042
"3108",2010-06-19,74.3193801569732,38326,39752,2079119,1.91196367307499,96.4127591064601
"3109",2010-06-20,71.8341469323481,74380,82555,2079119,3.97067219336652,90.0975107504088
"3110",2010-06-21,84.4713835060838,32141,33285,2079119,1.60091846594639,96.5630163737419
"3111",2010-06-22,83.2406702699914,73248,77521,2079119,3.72855041005349,94.4879452019453
"3112",2010-06-23,87.4119970820942,86652,89105,2079119,4.28570947598478,97.2470680657651
"3113",2010-06-24,82.4592963272296,130878,142481,2079119,6.85295069690576,91.8564580540563
"3114",2010-06-25,78.4506671272507,20116,23159,2079119,1.11388525620708,86.8603998445529
"3115",2010-06-26,69.8057901956537,22393,27702,2079119,1.3323912676475,80.8353187495488
"3116",2010-06-27,76.7799156327202,124326,145317,2079119,6.98935462568521,85.5550279733273
"3117",2010-06-28,79.7852237192039,181634,205302,2079119,9.87447086963276,88.4716174221391
"3118",2010-06-29,79.9157132584846,125906,140461,2079119,6.75579416089219,89.6376930251102
"3119",2010-06-30,79.5254252245998,149918,169969,2079119,8.17504914341122,88.203142926063
"3120",2010-07-01,84.8018007424703,165397,178593,2079119,8.58984021597609,92.6111325751849
"3121",2010-07-02,76.1683450955515,21790,25222,2079119,1.21310997590806,86.3928316549044
"3122",2010-07-03,79.4311687950366,64814,71886,2079119,3.45752215241167,90.162201263111
"3123",2010-07-04,78.8450544951159,47151,51289,2079119,2.46686216613864,91.9319932149194
"3124",2010-07-05,78.5704528443114,10039,10688,2079119,0.514063889560915,93.9277694610778
"3125",2010-07-06,72.0217410320766,121229,148613,2079119,7.14788331019052,81.5736173820594
"3126",2010-07-07,76.4376526908901,120998,141626,2079119,6.81182750963269,85.4348777766794
"3127",2010-07-08,69.8182946561163,35941,45117,2079119,2.17000566105163,79.6617682913314
"3128",2010-07-09,79.5212431928568,70594,81532,2079119,3.921468660524,86.5844085757739
"3129",2010-07-10,70.7053764734183,39571,49884,2079119,2.39928546658465,79.3260364044583
"3130",2010-07-11,70.1427347681765,7970,9339,2079119,0.44918063853007,85.3410429382161
"3131",2010-07-12,79.4149084640013,42162,48724,2079119,2.34349260431943,86.532304408505
"3132",2010-07-13,62.2286931363234,64411,93667,2079119,4.50512933603127,68.7659474521443
"3133",2010-07-14,69.5852199914566,126646,166211,2079119,7.99429950858994,76.1959196443075
"3134",2010-07-15,71.5442300400028,146931,187237,2079119,9.00559323444209,78.4732718426379
"3135",2010-07-16,67.0117142622682,106608,146232,2079119,7.03336365066165,72.9033316921057
"3136",2010-07-17,59.1817307221941,39564,61327,2079119,2.94966281391301,64.5131834265495
"3137",2010-07-18,61.763360371404,31347,38341,2079119,1.84409838975066,81.7584309225112
"3138",2010-07-19,72.5589887640449,690,712,2079119,0.034245274080031,96.9101123595506
"3139",2010-07-20,44.6095912455745,1698,3107,2079119,0.149438295739686,54.6507885420019
"3140",2010-07-21,57.567203183465,37098,50511,2079119,2.4294424705849,73.4453881332779
"3141",2010-07-22,69.9887929130288,73256,86017,2079119,4.13718502885116,85.1645604938559
"3142",2010-07-23,61.5028457855271,24675,33207,2079119,1.59716687693201,74.3066220977505
"3143",2010-07-24,62.8135287392736,52682,72601,2079119,3.49191171837687,72.5637387914767
"3144",2010-07-25,69.9172802373532,60367,73477,2079119,3.53404494884612,82.1576819957265
"3145",2010-07-26,59.3106604916898,30317,46208,2079119,2.22247980995797,65.6098511080332
"3146",2010-07-27,60.1852953676158,55763,84708,2079119,4.07422566962257,65.8296737026019
"3147",2010-07-28,59.4664981949458,55302,83100,2079119,3.99688521917216,66.5487364620939
"3148",2010-07-29,63.9722726023633,101531,145560,2079119,7.00104226838387,69.7519923055785
"3149",2010-07-30,54.1850172392976,43957,74539,2079119,3.58512427619583,58.9718134131126
"3150",2010-07-31,58.5012834590129,89963,137519,2079119,6.61429191883678,65.418596703001
"3151",2010-08-01,58.535483292218,73523,111475,2079119,5.3616459663925,65.9546983628616
"3152",2010-08-02,59.2730177805697,48570,73226,2079119,3.52197252778701,66.3288995711906
"3153",2010-08-03,61.4020872865275,132911,194990,2079119,9.37849156301299,68.1629827170624
"3154",2010-08-04,64.7277295220957,104499,144485,2079119,6.94933767619843,72.3251548603661
"3155",2010-08-05,63.9100785794912,66338,92136,2079119,4.43149237730019,72.0000868281671
"3156",2010-08-06,64.9909196325038,79868,112110,2079119,5.3921877487532,71.2407456961912
"3157",2010-08-07,58.4386677765781,78247,121331,2079119,5.83569290646663,64.4905259167072
"3158",2010-08-08,58.7951288840433,33954,51364,2079119,2.47046946326786,66.1046647457363
"3159",2010-08-09,53.0859881590076,30162,46111,2079119,2.21781437233751,65.411723883672
"3160",2010-08-10,55.8985423620481,72631,112648,2079119,5.41806409349345,64.4760670406931
"3161",2010-08-11,39.1045907769007,13549,28884,2079119,1.38924227040395,46.9083229469603
"3162",2010-08-12,52.8429942671382,28881,45527,2079119,2.18972555202468,63.4370812924199
"3163",2010-08-13,60.4035402057397,23272,32371,2079119,1.55695753826501,71.8915078310834
"3164",2010-08-14,57.1388907473072,21551,29894,2079119,1.43782053841074,72.0913895765036
"3165",2010-08-15,52.2239579811095,32036,44361,2079119,2.13364410598912,72.2165866414193
"3166",2010-08-16,49.7676452599388,31921,49050,2079119,2.35917232250775,65.0784913353721
"3167",2010-08-17,56.6725488442224,56105,78259,2079119,3.76404621380498,71.6914348509437
"3168",2010-08-18,68.6601089447945,82377,107761,2079119,5.18301261255368,76.4441681127681
"3169",2010-08-19,60.0398948065191,38042,55897,2079119,2.68849450175772,68.0573197130436
"3170",2010-08-20,61.9351414102327,82133,118874,2079119,5.71751785251349,69.0924844793647
"3171",2010-08-21,51.3460490463215,18366,30828,2079119,1.48274341199325,59.5757103931491
"3172",2010-08-22,60.6019449097339,72398,107460,2079119,5.16853532674176,67.3720454122464
"3173",2010-08-23,60.3050640876368,136047,201833,2079119,9.70762135308272,67.4057265164765
"3174",2010-08-24,57.1595965994125,103010,161031,2079119,7.7451555201987,63.9690494376859
"3175",2010-08-25,59.834508904955,62713,90736,2079119,4.36415616422148,69.1158966672544
"3176",2010-08-26,49.5090332805071,19920,34705,2079119,1.66921662492623,57.3980694424435
"3177",2010-08-27,71.1080645844811,19598,23597,2079119,1.1349518714417,83.0529304572615
"3178",2010-08-28,62.5516456889009,54374,74285,2079119,3.57290756325155,73.19647304301
"3179",2010-08-29,52.7385840080696,68596,110043,2079119,5.29277063987198,62.3356324345937
"3180",2010-08-30,44.2525913129319,37858,72936,2079119,3.5080243122207,51.9057804102227
"3181",2010-08-31,44.7949263160482,42436,81361,2079119,3.91324402306939,52.1576676786175
"3182",2010-09-01,43.3071324599709,9101,19236,2079119,0.925199567701512,47.3123310459555
"3183",2010-09-02,59.1387523048556,46603,58572,2079119,2.81715476603311,79.5653213139384
"3184",2010-09-03,50.1134998270059,38254,63586,2079119,3.05831460344502,60.1610417387475
"3185",2010-09-04,44.833613584937,25810,48171,2079119,2.31689480015333,53.5799547445559
"3186",2010-09-05,58.0722775219135,23319,26924,2079119,1.29497157209376,86.6104590699747
"3187",2010-09-06,49.3205870992661,8789,15534,2079119,0.747143381403373,56.579116776104
"3188",2010-09-07,48.397433214759,43778,71685,2079119,3.44785459610537,61.0699588477366
"3189",2010-09-08,50.9438207676325,41060,62087,2079119,2.98621675815574,66.133006909659
"3190",2010-09-09,68.7332482450542,19165,21938,2079119,1.05515845894343,87.3598322545355
"3191",2010-09-10,54.2601244205904,59191,81980,2079119,3.94301624870919,72.2017565259819
"3192",2010-09-11,60.8948634519428,148234,201614,2079119,9.69708804546541,73.5236640312677
"3193",2010-09-12,61.7455087471562,92127,114723,2079119,5.51786598073511,80.303862346696
"3194",2010-09-13,52.7902316366961,26308,39372,2079119,1.89368670095362,66.8190592299096
"3195",2010-09-14,56.1274527416811,32587,50097,2079119,2.40953019043162,65.0478072539274
"3196",2010-09-15,52.2953927039616,13712,21683,2079119,1.04289364870409,63.2384817599041
"3197",2010-09-16,54.0687302893185,20976,29172,2079119,1.40309429138015,71.9045660222131
"3198",2010-09-17,52.6620885626332,15483,25338,2079119,1.21868926213459,61.1058489225669
"3199",2010-09-18,63.0632177803741,116742,150638,2079119,7.24528033267937,77.4983735843545
"3200",2010-09-19,55.321710357051,100483,139924,2079119,6.72996591344699,71.8125553872102
"3201",2010-09-20,61.0365226673638,73923,91806,2079119,4.41562026993164,80.5208809881707
"3202",2010-09-21,45.0714580751755,2344,4842,2079119,0.232887102662233,48.4097480380008
"3203",2010-09-22,51.6398254984303,16318,24527,2079119,1.17968235584399,66.5307620173686
"3204",2010-09-23,49.6315510979628,24782,41577,2079119,1.9997412365526,59.6050701108786
"3205",2010-09-24,52.9997896741056,60785,90336,2079119,4.34491724619899,67.2876815444563
"3206",2010-09-25,55.4794178127417,73476,106014,2079119,5.09898663809046,69.3078272680967
"3207",2010-09-26,69.712838708802,130671,147398,2079119,7.08944509669721,88.6518134574417
"3208",2010-09-27,67.8800842105263,151189,178125,2079119,8.56733068188978,84.8780350877193
"3209",2010-09-28,59.3628372661465,32038,42548,2079119,2.04644371005219,75.2984864153427
"3210",2010-09-29,61.5808111526245,79694,103581,2079119,4.98196591921867,76.9388208262133
"3211",2010-09-30,55.5263105242097,26869,39984,2079119,1.92312224552803,67.1993797519008
"3212",2010-10-01,58.658522326725,40304,58159,2079119,2.79729058317489,69.299678467649
"3213",2010-10-02,65.3032555879495,80496,102900,2079119,4.94921166128538,78.2274052478134
"3214",2010-10-03,64.4509366911795,73926,97364,2079119,4.68294503585413,75.9274475165359
"3215",2010-10-04,50.0062214969475,36061,68633,2079119,3.30106165159378,52.5417801932015
"3216",2010-10-05,57.8726424132928,54096,73062,2079119,3.51408457139779,74.0412252607374
"3217",2010-10-06,53.1483218390805,19905,32625,2079119,1.56917425120929,61.0114942528736
"3218",2010-10-07,68.1651438055115,42318,54831,2079119,2.63722278522778,77.1789681019861
"3219",2010-10-08,56.0745606876666,24344,36762,2079119,1.76815276085688,66.2205538327621
"3220",2010-10-09,50.3852160065752,11194,19467,2079119,0.9363100428595,57.5024400267119
"3221",2010-10-10,55.2361205375322,9945,14734,2079119,0.708665545358395,67.4969458395548
"3222",2010-10-11,51.8338983050847,2369,4425,2079119,0.212830530623788,53.5367231638418
"3223",2010-10-12,61.0335309060119,4723,5905,2079119,0.284014527306999,79.9830651989839
"3224",2010-10-13,66.2545710267229,3185,3555,2079119,0.170985883924874,89.592123769339
"3225",2010-10-14,68.0014981273408,1227,1335,2079119,0.0642098889000581,91.9101123595506
"3226",2010-10-15,38.6465696465696,162,481,2079119,0.0231347989220434,33.6798336798337
"3227",2010-10-16,42.5720108695652,236,736,2079119,0.0353996091613804,32.0652173913043
"3228",2010-10-17,65.407196969697,471,528,2079119,0.0253953717896859,89.2045454545455
"3229",2010-10-18,54.7073170731707,98,123,2079119,0.00591596729191547,79.6747967479675
"3230",2010-10-19,81.5069708491762,789,789,2079119,0.0379487657993602,100
"3231",2010-10-20,58.5690235690236,273,297,2079119,0.0142848966316983,91.9191919191919
"3232",2010-10-21,NA,NA,0,2079119,0,NA
"3233",2010-10-22,NA,NA,0,2079119,0,NA
"3234",2010-10-23,NA,NA,0,2079119,0,NA
"3235",2010-10-24,NA,NA,0,2079119,0,NA
"3236",2010-10-25,NA,NA,0,2079119,0,NA
"3237",2010-10-26,NA,NA,0,2079119,0,NA
"3238",2010-10-27,NA,NA,0,2079119,0,NA
"3239",2010-10-28,NA,NA,0,2079119,0,NA
"3240",2010-10-29,NA,NA,0,2079119,0,NA
"3241",2010-10-30,NA,NA,0,2079119,0,NA
"3242",2010-10-31,NA,NA,0,2079119,0,NA
"3243",2010-11-01,NA,NA,0,2079119,0,NA
"3244",2010-11-02,NA,NA,0,2079119,0,NA
"3245",2010-11-03,NA,NA,0,2079119,0,NA
"3246",2010-11-04,NA,NA,0,2079119,0,NA
"3247",2010-11-05,NA,NA,0,2079119,0,NA
"3248",2010-11-06,NA,NA,0,2079119,0,NA
"3249",2010-11-07,NA,NA,0,2079119,0,NA
"3250",2010-11-08,NA,NA,0,2079119,0,NA
"3251",2010-11-09,NA,NA,0,2079119,0,NA
"3252",2010-11-10,NA,NA,0,2079119,0,NA
"3253",2010-11-11,NA,NA,0,2079119,0,NA
"3254",2010-11-12,NA,NA,0,2079119,0,NA
"3255",2010-11-13,NA,NA,0,2079119,0,NA
"3256",2010-11-14,NA,NA,0,2079119,0,NA
"3257",2010-11-15,NA,NA,0,2079119,0,NA
"3258",2010-11-16,NA,NA,0,2079119,0,NA
"3259",2010-11-17,NA,NA,0,2079119,0,NA
"3260",2010-11-18,NA,NA,0,2079119,0,NA
"3261",2010-11-19,NA,NA,0,2079119,0,NA
"3262",2010-11-20,NA,NA,0,2079119,0,NA
"3263",2010-11-21,NA,NA,0,2079119,0,NA
"3264",2010-11-22,NA,NA,0,2079119,0,NA
"3265",2010-11-23,NA,NA,0,2079119,0,NA
"3266",2010-11-24,NA,NA,0,2079119,0,NA
"3267",2010-11-25,NA,NA,0,2079119,0,NA
"3268",2010-11-26,NA,NA,0,2079119,0,NA
"3269",2011-01-16,NA,NA,0,2079119,0,NA
"3270",2011-01-18,NA,NA,0,2079119,0,NA
"3271",2011-01-19,NA,NA,0,2079119,0,NA
"3272",2011-01-20,NA,NA,0,2079119,0,NA
"3273",2011-01-21,NA,NA,0,2079119,0,NA
"3274",2011-01-22,NA,NA,0,2079119,0,NA
"3275",2011-01-23,NA,NA,0,2079119,0,NA
"3276",2011-01-24,NA,NA,0,2079119,0,NA
"3277",2011-01-25,NA,NA,0,2079119,0,NA
"3278",2011-01-26,NA,NA,0,2079119,0,NA
"3279",2011-01-27,NA,NA,0,2079119,0,NA
"3280",2011-01-28,NA,NA,0,2079119,0,NA
"3281",2011-01-29,NA,NA,0,2079119,0,NA
"3282",2011-01-30,NA,NA,0,2079119,0,NA
"3283",2011-01-31,NA,NA,0,2079119,0,NA
"3284",2011-02-01,NA,NA,0,2079119,0,NA
"3285",2011-02-02,NA,NA,0,2079119,0,NA
"3286",2011-02-03,NA,NA,0,2079119,0,NA
"3287",2011-02-04,NA,NA,0,2079119,0,NA
"3288",2011-02-05,NA,NA,0,2079119,0,NA
"3289",2011-02-06,NA,NA,0,2079119,0,NA
"3290",2011-02-07,NA,NA,0,2079119,0,NA
"3291",2011-02-08,NA,NA,0,2079119,0,NA
"3292",2011-02-09,NA,NA,0,2079119,0,NA
"3293",2011-02-10,NA,NA,0,2079119,0,NA
"3294",2011-02-11,NA,NA,0,2079119,0,NA
"3295",2011-02-12,NA,NA,0,2079119,0,NA
"3296",2011-02-13,NA,NA,0,2079119,0,NA
"3297",2011-02-14,NA,NA,0,2079119,0,NA
"3298",2011-02-15,NA,NA,0,2079119,0,NA
"3299",2011-02-16,NA,NA,0,2079119,0,NA
"3300",2011-02-17,NA,NA,0,2079119,0,NA
"3301",2011-02-18,NA,NA,0,2079119,0,NA
"3302",2011-02-19,NA,NA,0,2079119,0,NA
"3303",2011-02-20,NA,NA,0,2079119,0,NA
"3304",2011-02-21,NA,NA,0,2079119,0,NA
"3305",2011-02-22,44.7721518987342,68,158,2079119,0.00759937261888329,43.0379746835443
"3306",2011-02-23,NA,NA,0,2079119,0,NA
"3307",2011-02-24,NA,NA,0,2079119,0,NA
"3308",2011-02-25,NA,NA,0,2079119,0,NA
"3309",2011-02-26,78.3523936170213,736,752,2079119,0.0361691658822799,97.8723404255319
"3310",2011-02-27,65.2830188679245,51,53,2079119,0.00254915663797984,96.2264150943396
"3311",2011-02-28,64.1966731898239,890,1022,2079119,0.0491554355474602,87.0841487279843
"3312",2011-03-01,59.5863300492611,6347,8120,2079119,0.390550035856533,78.1650246305419
"3313",2011-03-02,66.6397249809014,12345,13090,2079119,0.629593592285963,94.3086325439267
"3314",2011-03-03,55.7910554052129,6342,7021,2079119,0.337691108589744,90.3290129611166
"3315",2011-03-04,60.1115409413282,23504,27918,2079119,1.34278028337964,84.1894118489863
"3316",2011-03-05,62.1755796186807,14722,15053,2079119,0.72400858248133,97.8011027702119
"3317",2011-03-06,63.5978215786342,53516,55453,2079119,2.66713930275275,96.5069518330839
"3318",2011-03-07,59.9957986870897,10177,11425,2079119,0.549511596017352,89.0765864332604
"3319",2011-03-08,64.3335404954942,31428,35399,2079119,1.70259614769525,88.7821689878245
"3320",2011-03-09,52.5475,278,400,2079119,0.0192389180224893,69.5
"3321",2011-03-10,57.9403545849477,15793,17034,2079119,0.819289323987708,92.7145708582834
"3322",2011-03-11,69.8504499559193,118561,120234,2079119,5.78293017378996,98.608546667332
"3323",2011-03-12,70.0958251695554,163998,165875,2079119,7.97813881745105,98.8684250188395
"3324",2011-03-13,65.0109072040494,92683,94433,2079119,4.54197186404434,98.146834263446
"3325",2011-03-14,69.5656522070208,116428,118191,2079119,5.68466739999009,98.5083466592211
"3326",2011-03-15,59.5956081914631,3986,4053,2079119,0.194938336862873,98.3469035282507
"3327",2011-03-16,66.3711155355292,83861,85887,2079119,4.13093238049385,97.6410865439473
"3328",2011-03-17,62.8726333907057,2648,2905,2079119,0.139722642138329,91.1531841652324
"3329",2011-03-18,67.0486503252173,106251,109619,2079119,5.27237738676815,96.9275399337706
"3330",2011-03-19,59.0680499088742,30492,35665,2079119,1.71539002818021,85.49558390579
"3331",2011-03-20,62.5627565230138,52059,54576,2079119,2.62495797498844,95.3880826737027
"3332",2011-03-21,67.6047683457943,66118,67277,2079119,3.23584171949754,98.277271578697
"3333",2011-03-22,67.2486706032036,121931,122612,2079119,5.89730554143366,99.4445894365967
"3334",2011-03-23,66.4422457208557,61362,61753,2079119,2.97015226160696,99.3668323806131
"3335",2011-03-24,60.4021348045095,8031,8338,2079119,0.40103524617879,96.3180618853442
"3336",2011-03-25,72.1293995012877,97613,97852,2079119,4.70641651584156,99.7557535870498
"3337",2011-03-26,72.8631173970394,136062,136460,2079119,6.56335688337224,99.708339440129
"3338",2011-03-27,70.3438645980254,70338,70900,2079119,3.41009821948623,99.2073342736248
"3339",2011-03-28,66.229863603733,55559,55720,2079119,2.67998128053276,99.7110552763819
"3340",2011-03-29,69.3586515486227,88612,88724,2079119,4.26738440656836,99.8737658356251
"3341",2011-03-30,72.5429654892795,167662,167716,2079119,8.06668593764955,99.967802714112
"3342",2011-03-31,72.0067476564123,149189,149237,2079119,7.1778960223056,99.9678363944598
"3343",2011-04-01,70.5979686042134,122164,122182,2079119,5.87662370455948,99.9852678790657
"3344",2011-04-02,65.8773326485191,46482,46728,2079119,2.2474904033872,99.4735490498202
"3345",2011-04-03,68.8814630947921,63742,64056,2079119,3.08092033212144,99.5098039215686
"3346",2011-04-04,73.5209603389432,84529,84970,2079119,4.0868271609273,99.48099329175
"3347",2011-04-05,65.6887521917848,34191,34789,2079119,1.67325679771095,98.2810658541493
"3348",2011-04-06,72.2444516798292,131923,132067,2079119,6.35206546619025,99.8909644347187
"3349",2011-04-07,70.3801629105143,104147,104229,2079119,5.0131329664151,99.9213270778766
"3350",2011-04-08,73.0851815216592,121901,122327,2079119,5.88359781234263,99.6517530880345
"3351",2011-04-09,68.8479152180689,41603,41707,2079119,2.00599388490991,99.750641379145
"3352",2011-04-10,61.9404077849861,21548,21580,2079119,1.0379396273133,99.8517145505097
"3353",2011-04-11,70.5837277228496,63104,64023,2079119,3.07933312138459,98.5645783546538
"3354",2011-04-12,71.8245078249928,76059,76294,2079119,3.6695350290195,99.691981020788
"3355",2011-04-13,69.4864353809386,37657,38077,2079119,1.83140070385582,98.8969719253092
"3356",2011-04-14,67.2824147721552,49019,49661,2079119,2.38855976978711,98.7072350536639
"3357",2011-04-15,62.0740866035183,5776,5912,2079119,0.284351208372392,97.6995940460081
"3358",2011-04-16,67.5350549227603,33311,34503,2079119,1.65950097132487,96.5452279511926
"3359",2011-04-17,71.6089681660737,42125,42439,2079119,2.04120110489106,99.2601145173072
"3360",2011-04-18,72.9496365709399,55924,56132,2079119,2.69979736609593,99.6294448799259
"3361",2011-04-19,71.5493411440105,147099,147149,2079119,7.07746887022821,99.9660208360233
"3362",2011-04-20,68.945639522352,46340,46394,2079119,2.23142590683843,99.8836056386602
"3363",2011-04-21,72.8253169322432,122110,122187,2079119,5.87686419103476,99.9369818393119
"3364",2011-04-22,72.7482781239751,48684,48784,2079119,2.3463784420228,99.7950147589374
"3365",2011-04-23,72.9356096898552,132264,132551,2079119,6.37534455699746,99.7834795663556
"3366",2011-04-24,80.2275996533796,22643,23080,2079119,1.11008556989763,98.1065857885615
"3367",2011-04-25,64.9008792002891,15766,16606,2079119,0.798703681703645,94.9415873780561
"3368",2011-04-26,81.7047542525428,160143,160551,2079119,7.72206881857171,99.7458751424781
"3369",2011-04-27,70.253367003367,24687,24948,2079119,1.19993131706266,98.953823953824
"3370",2011-04-28,76.7495136078002,44313,44717,2079119,2.15076674302914,99.0965404655947
"3371",2011-04-29,79.9687355504179,111860,112460,2079119,5.40902180202288,99.4664769695892
"3372",2011-04-30,79.0574477095023,131713,132242,2079119,6.36048249282509,99.5999758019389
"3373",2011-05-01,63.1824742268041,952,970,2079119,0.0466543762045366,98.1443298969072
"3374",2011-05-02,67.0101325019486,11251,11547,2079119,0.555379466014211,97.4365636095956
"3375",2011-05-03,66.9393384548024,25093,25123,2079119,1.2083483436975,99.8805875094535
"3376",2011-05-04,73.5262219886961,140741,140836,2079119,6.77383064653827,99.9325456559402
"3377",2011-05-05,77.1838679989482,197253,197756,2079119,9.5115286811385,99.7456461498008
"3378",2011-05-06,79.3178488613154,129802,130238,2079119,6.26409551353241,99.66522827439
"3379",2011-05-07,72.4977241178939,30869,30977,2079119,1.48990990895663,99.6513542305582
"3380",2011-05-08,69.7546763780831,48192,48328,2079119,2.32444607547716,99.7185896374772
"3381",2011-05-09,75.2219166086625,88639,89074,2079119,4.28421845983804,99.5116420055235
"3382",2011-05-10,77.4223293851235,169795,170457,2079119,8.19852062339866,99.6116322591621
"3383",2011-05-11,78.8354925032466,253066,254110,2079119,12.2220036467369,99.5891543032545
"3384",2011-05-12,76.8672099117172,152504,153031,2079119,7.36037715974891,99.6556253308153
"3385",2011-05-13,75.4885359147408,43425,44007,2079119,2.11661766353922,98.6774831276842
"3386",2011-05-14,79.0208105147864,12397,12782,2079119,0.614779625408647,96.9879518072289
"3387",2011-05-15,75.7341735357017,96148,96326,2079119,4.63302004358577,99.8152108465004
"3388",2011-05-16,75.7026628234164,115677,116568,2079119,5.60660549011384,99.2356392835083
"3389",2011-05-17,76.7576349184214,156574,157762,2079119,7.58792546265991,99.2469669502161
"3390",2011-05-18,70.3450985317926,71527,71652,2079119,3.44626738536851,99.8255456930721
"3391",2011-05-19,73.1725590026646,125439,126096,2079119,6.06487651740954,99.4789684050247
"3392",2011-05-20,69.661509999319,87690,88106,2079119,4.23766027822361,99.5278414636915
"3393",2011-05-21,74.2388930035572,95331,95863,2079119,4.61075099597474,99.4450413611091
"3394",2011-05-22,76.2344803946772,162249,163374,2079119,7.85784748251543,99.3113959381542
"3395",2011-05-23,78.5416846064946,43941,44129,2079119,2.12248553353608,99.5739762967663
"3396",2011-05-24,75.7758158065915,73153,73792,2079119,3.54919559678883,99.1340524718127
"3397",2011-05-25,76.8778541615517,97168,97752,2079119,4.70160678633594,99.4025697683935
"3398",2011-05-26,71.9135708619778,29762,30256,2079119,1.45523175922109,98.3672659968271
"3399",2011-05-27,75.4966125186161,115153,116163,2079119,5.58712608561607,99.1305320971394
"3400",2011-05-28,78.2046105205507,39934,40169,2079119,1.93202024511343,99.41497174438
"3401",2011-05-29,69.4406442166911,34025,34150,2079119,1.64252262617003,99.6339677891654
"3402",2011-05-30,79.4110538278175,35712,36078,2079119,1.73525421103843,98.9855313487444
"3403",2011-05-31,75.1734226295383,19765,19859,2079119,0.955164182521539,99.5266629739665
"3404",2011-06-01,67.2110729121902,13910,13962,2079119,0.67153443357499,99.6275605214153
"3405",2011-06-02,81.6471176941553,19157,19984,2079119,0.961176344403567,95.8616893514812
"3406",2011-06-03,78.2564664728778,118993,121782,2079119,5.85738478653699,97.7098421770048
"3407",2011-06-04,75.4675329768737,75597,76493,2079119,3.67910639073569,98.8286509876721
"3408",2011-06-05,77.9822639496059,111545,116204,2079119,5.58909807471338,95.9906715775705
"3409",2011-06-06,75.5337060759404,54625,56518,2079119,2.71836292198763,96.6506245797799
"3410",2011-06-07,73.840462658291,9577,10029,2079119,0.482367772118864,95.4930700967195
"3411",2011-06-08,76.9247437716417,95118,100789,2079119,4.84767827142169,94.3733939219558
"3412",2011-06-09,75.3435959978097,77460,80356,2079119,3.86490624153788,96.3960376325352
"3413",2011-06-10,79.8091217349182,132404,134185,2079119,6.45393553711933,98.672727950218
"3414",2011-06-11,78.7899351677243,208900,217947,2079119,10.4826611656187,95.8489908096923
"3415",2011-06-12,81.8596983908562,205071,213654,2079119,10.2761794779423,95.9827571681317
"3416",2011-06-13,83.0830814899591,215637,223684,2079119,10.7585953473563,96.4025142611899
"3417",2011-06-14,83.3324540922572,224682,237705,2079119,11.4329675213396,94.5213605098757
"3418",2011-06-15,79.8124553582424,150999,162404,2079119,7.81119310631089,92.977389719465
"3419",2011-06-16,83.6408516585701,85963,88721,2079119,4.26724011468319,96.8913785913143
"3420",2011-06-17,83.1121698404076,65446,68111,2079119,3.27595486357443,96.0872693103904
"3421",2011-06-18,81.2396821307225,119327,124202,2079119,5.97378024057305,96.074942432489
"3422",2011-06-19,74.1858087704568,121963,135774,2079119,6.53036213896367,89.8279493864805
"3423",2011-06-20,70.4716320952771,64190,75737,2079119,3.64274483567319,84.7538191372777
"3424",2011-06-21,78.0152222315381,97036,107343,2079119,5.16290794322018,90.3980697390608
"3425",2011-06-22,81.0542861267943,119374,131599,2079119,6.32955593210393,90.7104157326423
"3426",2011-06-23,74.2956542368116,98095,113812,2079119,5.47404934493889,86.1903841422697
"3427",2011-06-24,71.2954989493862,113270,135635,2079119,6.52367661495085,83.5108932060309
"3428",2011-06-25,71.6881001024105,163748,192363,2079119,9.25213996890029,85.1244782000697
"3429",2011-06-26,72.5201451905626,165276,195605,2079119,9.40807139947256,84.4947726285115
"3430",2011-06-27,76.7041385021711,78446,89356,2079119,4.29778189704389,87.7904113881552
"3431",2011-06-28,63.6885068250495,35006,47985,2079119,2.30794870327288,72.9519641554652
"3432",2011-06-29,64.5380614964571,35722,46149,2079119,2.21964206954965,77.4057942750656
"3433",2011-06-30,72.5512549416199,9321,10877,2079119,0.523154278326541,85.6945849039257
"3434",2011-07-01,53.2462006079027,2814,3948,2079119,0.18988812088197,71.2765957446808
"3435",2011-07-02,58.8281016442451,2276,3345,2079119,0.160885451963067,68.0418535127055
"3436",2011-07-03,69.5825781306042,34395,41821,2079119,2.01147697654632,82.2433705554626
"3437",2011-07-04,62.1974803664921,8510,12224,2079119,0.587941334767274,69.6171465968586
"3438",2011-07-05,60.9891443912688,6960,8567,2079119,0.412049526746665,81.2419750204272
"3439",2011-07-06,56.985406423266,14180,19118,2079119,0.919524086884878,74.170938382676
"3440",2011-07-07,61.0580542143482,44436,52606,2079119,2.53020630372768,84.4694521537467
"3441",2011-07-08,65.1721372622156,16592,21448,2079119,1.03159078436588,77.3591943304737
"3442",2011-07-09,66.2198598070407,88903,115983,2079119,5.57846857250595,76.6517506876008
"3443",2011-07-10,70.3314641744548,1280,1605,2079119,0.0771961585652385,79.7507788161994
"3444",2011-07-11,74.2807632800413,16632,19390,2079119,0.93260655114017,85.7761732851986
"3445",2011-07-12,63.6388987724604,16227,22484,2079119,1.08141958204413,72.1713218288561
"3446",2011-07-13,78.2983558454399,54285,62707,2079119,3.0160370810906,86.56928253624
"3447",2011-07-14,59.0127986348123,3968,4688,2079119,0.225480119223575,84.641638225256
"3448",2011-07-15,49.8297577012054,22915,41065,2079119,1.97511542148381,55.8017776695483
"3449",2011-07-16,61.4347917543122,42412,61802,2079119,2.97250902906471,68.6256108216563
"3450",2011-07-17,65.0712769941331,13316,16022,2079119,0.77061486139081,83.1107227562102
"3451",2011-07-18,64.7940383233815,64715,84909,2079119,4.08389322592887,76.2168910245086
"3452",2011-07-19,63.3892425992716,157329,226802,2079119,10.9085627133416,69.3684359044453
"3453",2011-07-20,70.6320151385068,89604,114146,2079119,5.49011384148767,78.4994655966919
"3454",2011-07-21,62.8330445385701,44025,62328,2079119,2.99780820626429,70.6343858298036
"3455",2011-07-22,54.7652745721378,13995,22963,2079119,1.10445818637606,60.9458694421461
"3456",2011-07-23,64.6952505420738,48940,67334,2079119,3.23858326531574,72.6824486886268
"3457",2011-07-24,49.0931583356604,38518,71620,2079119,3.44472827192671,53.7810667411338
"3458",2011-07-25,57.476367133828,101925,160116,2079119,7.70114649522226,63.6569736940718
"3459",2011-07-26,52.9971910275048,102618,172661,2079119,8.30452706170258,59.4332246425076
"3460",2011-07-27,67.2526441991854,88702,121776,2079119,5.85709620276665,72.8402969386414
"3461",2011-07-28,64.7346115274836,117722,168519,2079119,8.1053080655797,69.8568113981213
"3462",2011-07-29,62.0607645724356,73565,106674,2079119,5.13073085282757,68.9624463318147
"3463",2011-07-30,66.4247176516713,58407,79069,2079119,3.80300502280052,73.8683934285244
"3464",2011-07-31,62.5453165714919,98013,144296,2079119,6.9402472874328,67.9249598048456
"3465",2011-08-01,57.949437914522,48916,78102,2079119,3.75649493848116,62.6309185424189
"3466",2011-08-02,49.3536595854477,7000,11627,2079119,0.559227249618709,60.2046959662854
"3467",2011-08-03,44.8170117515389,13171,26805,2079119,1.28924799398207,49.1363551576198
"3468",2011-08-04,56.4218032007606,4444,6311,2079119,0.303542029099825,70.4167326889558
"3469",2011-08-05,47.8870602120724,60142,106756,2079119,5.13467483102218,56.3359436471955
"3470",2011-08-06,49.6147779161478,9114,16863,2079119,0.811064686533094,54.0473225404732
"3471",2011-08-07,45.1119228521333,4927,10266,2079119,0.493766831047189,47.9933761932593
"3472",2011-08-08,45.8114550459948,7341,14893,2079119,0.716313015272334,49.2916135097025
"3473",2011-08-09,42.0871245997173,32738,69326,2079119,3.33439307706774,47.2232639990768
"3474",2011-08-10,50.892948000407,6813,9827,2079119,0.472652118517507,69.3293985957057
"3475",2011-08-11,45.8169593515903,9433,16286,2079119,0.783312547285653,57.9209136681813
"3476",2011-08-12,38.7296989051095,8041,17536,2079119,0.843434166105932,45.8542427007299
"3477",2011-08-13,69.3107157137145,41732,50020,2079119,2.40582669871229,83.4306277489004
"3478",2011-08-14,38.8482520343683,39710,87988,2079119,4.23198479740698,45.1311542483066
"3479",2011-08-15,58.2837000640889,26753,37448,2079119,1.80114750526545,71.4403973509934
"3480",2011-08-16,51.5012227305283,89195,154981,2079119,7.45416688510855,57.5522160780999
"3481",2011-08-17,54.6553274196074,131502,217122,2079119,10.4429808971973,60.5659490977423
"3482",2011-08-18,54.9550572663516,141753,237836,2079119,11.4392682669919,59.601153736188
"3483",2011-08-19,52.8160165031052,106966,183723,2079119,8.83657933961452,58.2213440886552
"3484",2011-08-20,52.9541205026363,99527,172212,2079119,8.28293137622233,57.7933012798179
"3485",2011-08-21,50.8587709719051,28537,50365,2079119,2.42242026550669,56.6603792316092
"3486",2011-08-22,67.1916055167536,32663,45244,2079119,2.17611401752377,72.1929979665812
"3487",2011-08-23,55.084858932647,27016,41186,2079119,1.98093519418561,65.5951051328121
"3488",2011-08-24,56.1744227353464,9532,11260,2079119,0.541575542333075,84.6536412078153
"3489",2011-08-25,51.4452199740115,15745,26935,2079119,1.29550064233938,58.4555411175051
"3490",2011-08-26,63.1612503485238,63428,96837,2079119,4.6575977613595,65.4997573241633
"3491",2011-08-27,62.5523100000628,105381,159329,2079119,7.66329392401301,66.1405017291265
"3492",2011-08-28,64.5931725879039,43009,54662,2079119,2.62909434236328,78.6817167319161
"3493",2011-08-29,38.5986714975845,7244,16560,2079119,0.796491206131058,43.743961352657
"3494",2011-08-30,51.6738421955403,7167,11660,2079119,0.560814460355564,61.4665523156089
"3495",2011-08-31,54.4087532299742,35291,49536,2079119,2.38254760790508,71.2431363049096
"3496",2011-09-01,54.1797786419384,7652,10029,2079119,0.482367772118864,76.2987336723502
"3497",2011-09-02,40.5038265961272,16356,38938,2079119,1.87281247489922,42.0052390980533
"3498",2011-09-03,50.4325479026411,15334,23172,2079119,1.11451052104281,66.174693595719
"3499",2011-09-04,44.6907894736842,9410,20216,2079119,0.972334916856611,46.5472892758211
"3500",2011-09-05,43.719781316094,10435,25059,2079119,1.2052701168139,41.6417255277545
"3501",2011-09-06,59.873551419108,79422,124691,2079119,5.99729981785554,63.6950541739179
"3502",2011-09-07,50.0357848518112,9938,18220,2079119,0.876332715924389,54.5444566410538
"3503",2011-09-08,28.4485959254307,2526,12713,2079119,0.611460912049767,19.8694249980335
"3504",2011-09-09,52.1493339730203,41162,70868,2079119,3.40855910604443,58.0826324998589
"3505",2011-09-10,43.3895597250604,7193,16149,2079119,0.776723217862951,44.5414576753979
"3506",2011-09-11,42.4758113722869,14573,34417,2079119,1.65536460395004,42.3424470465177
"3507",2011-09-12,50.5533283310108,17774,27987,2079119,1.34609899673852,63.5080573123236
"3508",2011-09-13,48.7013966044423,61819,108907,2079119,5.23813211268811,56.7631098092868
"3509",2011-09-14,44.3206792318634,6308,11248,2079119,0.5409983747924,56.0810810810811
"3510",2011-09-15,48.1460474559066,11244,23643,2079119,1.13716434701429,47.5574165715011
"3511",2011-09-16,38.0674212174313,11135,34811,2079119,1.67431493820219,31.9870155985177
"3512",2011-09-17,48.2384227816152,58109,103803,2079119,4.99264351872115,55.9800776470815
"3513",2011-09-18,59.0335700987018,115063,156836,2079119,7.54338736743784,73.3651712617001
"3514",2011-09-19,64.7254716981132,86848,117660,2079119,5.65912773631524,73.8126806051334
"3515",2011-09-20,49.1659325952062,45464,82190,2079119,3.953116680671,55.3157318408566
"3516",2011-09-21,53.4283947993741,96264,155289,2079119,7.46898085198587,61.9902246778587
"3517",2011-09-22,48.6443553424271,27131,49631,2079119,2.38711685093542,54.6654308798936
"3518",2011-09-23,44.6037406578398,25698,52718,2079119,2.53559320077398,48.7461588072385
"3519",2011-09-24,50.1084616791659,78251,136675,2079119,6.57369780180932,57.2533382110847
"3520",2011-09-25,48.2201287964494,39333,68946,2079119,3.31611610494637,57.048994865547
"3521",2011-09-26,45.0735727295213,20423,44473,2079119,2.13903100303542,45.9222449576147
"3522",2011-09-27,42.0677762833445,39283,89220,2079119,4.29124066491625,44.0293656130912
"3523",2011-09-28,53.9978871242201,47832,70520,2079119,3.39182124736487,67.8275666477595
"3524",2011-09-29,54.8635312768347,68393,105973,2079119,5.09701464899316,64.5381370726506
"3525",2011-09-30,57.6772301039743,58675,82328,2079119,3.95975410738875,71.269798853367
"3526",2011-10-01,54.7356520985836,14466,23087,2079119,1.11042225096303,62.6586390609434
"3527",2011-10-02,56.0988433228181,32126,43746,2079119,2.10406426952955,73.4375714351026
"3528",2011-10-03,60.7616446417378,61422,78169,2079119,3.75971745724992,78.5759060497128
"3529",2011-10-04,62.4929260627447,73461,90685,2079119,4.36170320217361,81.0067817169322
"3530",2011-10-05,66.0122393021538,123510,140776,2079119,6.7709448088349,87.7351253054498
"3531",2011-10-06,68.1191482750444,107426,122293,2079119,5.88196250431072,87.8431308415036
"3532",2011-10-07,64.7458176469122,69189,80218,2079119,3.85826881482012,86.2512154379316
"3533",2011-10-08,66.0334528334485,83697,92608,2079119,4.45419430056673,90.3777211472011
"3534",2011-10-09,59.5134027724592,21182,26114,2079119,1.25601276309822,81.113578923183
"3535",2011-10-10,55.9489381413911,22206,28064,2079119,1.34980248845785,79.1262827822121
"3536",2011-10-11,55.7021901106345,13117,17716,2079119,0.852091679216053,74.0404154436667
"3537",2011-10-12,60.5651354301022,8110,10079,2079119,0.484772636871675,80.4643317789463
"3538",2011-10-13,67.9396689802456,3274,3746,2079119,0.180172467280613,87.3998932194341
"3539",2011-10-14,NA,NA,0,2079119,0,NA
"3540",2011-10-15,13.0185676392573,12,377,2079119,0.0181326802361962,3.18302387267904
"3541",2011-10-16,24.6511254019293,57,622,2079119,0.0299165175249709,9.16398713826367
"3542",2011-10-17,NA,NA,0,2079119,0,NA
"3543",2011-10-18,3.68807339449541,0,109,2079119,0.00524260516112834,0
"3544",2011-10-19,NA,NA,0,2079119,0,NA
"3545",2011-10-20,NA,NA,0,2079119,0,NA
"3546",2011-10-21,NA,NA,0,2079119,0,NA
"3547",2011-10-22,NA,NA,0,2079119,0,NA
"3548",2011-10-23,NA,NA,0,2079119,0,NA
"3549",2011-10-24,NA,NA,0,2079119,0,NA
"3550",2011-10-25,NA,NA,0,2079119,0,NA
"3551",2011-10-26,NA,NA,0,2079119,0,NA
"3552",2011-10-27,NA,NA,0,2079119,0,NA
"3553",2011-10-28,NA,NA,0,2079119,0,NA
"3554",2011-10-29,NA,NA,0,2079119,0,NA
"3555",2011-10-30,NA,NA,0,2079119,0,NA
"3556",2011-10-31,NA,NA,0,2079119,0,NA
"3557",2011-11-01,NA,NA,0,2079119,0,NA
"3558",2011-11-02,NA,NA,0,2079119,0,NA
"3559",2011-11-03,NA,NA,0,2079119,0,NA
"3560",2011-11-04,NA,NA,0,2079119,0,NA
"3561",2011-11-05,NA,NA,0,2079119,0,NA
"3562",2011-11-06,NA,NA,0,2079119,0,NA
"3563",2011-11-07,NA,NA,0,2079119,0,NA
"3564",2011-11-08,NA,NA,0,2079119,0,NA
"3565",2011-11-09,NA,NA,0,2079119,0,NA
"3566",2011-11-10,NA,NA,0,2079119,0,NA
"3567",2011-11-11,NA,NA,0,2079119,0,NA
"3568",2011-11-12,NA,NA,0,2079119,0,NA
"3569",2011-11-13,NA,NA,0,2079119,0,NA
"3570",2011-11-14,NA,NA,0,2079119,0,NA
"3571",2011-11-15,NA,NA,0,2079119,0,NA
"3572",2011-11-16,NA,NA,0,2079119,0,NA
"3573",2011-11-17,NA,NA,0,2079119,0,NA
"3574",2011-11-18,NA,NA,0,2079119,0,NA
"3575",2011-11-19,NA,NA,0,2079119,0,NA
"3576",2011-11-20,NA,NA,0,2079119,0,NA
"3577",2011-11-21,NA,NA,0,2079119,0,NA
"3578",2011-11-22,NA,NA,0,2079119,0,NA
"3579",2011-11-23,NA,NA,0,2079119,0,NA
"3580",2011-11-25,NA,NA,0,2079119,0,NA
"3581",2012-01-16,NA,NA,0,2079119,0,NA
"3582",2012-01-17,NA,NA,0,2079119,0,NA
"3583",2012-01-18,NA,NA,0,2079119,0,NA
"3584",2012-01-19,NA,NA,0,2079119,0,NA
"3585",2012-01-20,NA,NA,0,2079119,0,NA
"3586",2012-01-21,NA,NA,0,2079119,0,NA
"3587",2012-01-22,NA,NA,0,2079119,0,NA
"3588",2012-01-23,NA,NA,0,2079119,0,NA
"3589",2012-01-24,NA,NA,0,2079119,0,NA
"3590",2012-01-25,NA,NA,0,2079119,0,NA
"3591",2012-01-26,NA,NA,0,2079119,0,NA
"3592",2012-01-27,NA,NA,0,2079119,0,NA
"3593",2012-01-28,NA,NA,0,2079119,0,NA
"3594",2012-01-29,NA,NA,0,2079119,0,NA
"3595",2012-01-30,NA,NA,0,2079119,0,NA
"3596",2012-01-31,NA,NA,0,2079119,0,NA
"3597",2012-02-01,NA,NA,0,2079119,0,NA
"3598",2012-02-02,NA,NA,0,2079119,0,NA
"3599",2012-02-03,NA,NA,0,2079119,0,NA
"3600",2012-02-04,NA,NA,0,2079119,0,NA
"3601",2012-02-05,NA,NA,0,2079119,0,NA
"3602",2012-02-06,NA,NA,0,2079119,0,NA
"3603",2012-02-07,NA,NA,0,2079119,0,NA
"3604",2012-02-08,NA,NA,0,2079119,0,NA
"3605",2012-02-09,NA,NA,0,2079119,0,NA
"3606",2012-02-10,NA,NA,0,2079119,0,NA
"3607",2012-02-11,NA,NA,0,2079119,0,NA
"3608",2012-02-12,NA,NA,0,2079119,0,NA
"3609",2012-02-13,NA,NA,0,2079119,0,NA
"3610",2012-02-14,NA,NA,0,2079119,0,NA
"3611",2012-02-15,NA,NA,0,2079119,0,NA
"3612",2012-02-16,NA,NA,0,2079119,0,NA
"3613",2012-02-17,NA,NA,0,2079119,0,NA
"3614",2012-02-18,NA,NA,0,2079119,0,NA
"3615",2012-02-19,NA,NA,0,2079119,0,NA
"3616",2012-02-20,NA,NA,0,2079119,0,NA
"3617",2012-02-21,NA,NA,0,2079119,0,NA
"3618",2012-02-22,65.8751926040062,615,649,2079119,0.0312151444914889,94.7611710323575
"3619",2012-02-23,67.3176043557169,482,551,2079119,0.0265016095759791,87.4773139745917
"3620",2012-02-24,52.2988764044944,274,445,2079119,0.0214032963000194,61.5730337078652
"3621",2012-02-25,78.6416666666667,689,720,2079119,0.0346300524404808,95.6944444444444
"3622",2012-02-26,62.1797235023041,396,434,2079119,0.0208742260544009,91.2442396313364
"3623",2012-02-27,NA,NA,0,2079119,0,NA
"3624",2012-02-28,48.3666666666667,17,60,2079119,0.0028858377033734,28.3333333333333
"3625",2012-02-29,56.2272016675352,1538,1919,2079119,0.0922987092128926,80.1459093277749
"3626",2012-03-01,56.5056087870998,6651,8558,2079119,0.411616651091159,77.7167562514606
"3627",2012-03-02,68.9936678032148,33564,34901,2079119,1.67864369475725,96.1691642073293
"3628",2012-03-03,60.9002666533755,34442,40127,2079119,1.93000015872107,85.8324818700626
"3629",2012-03-04,66.068569077355,37723,41316,2079119,1.98718784254292,91.3036111917901
"3630",2012-03-05,62.9557522123894,40123,46443,2079119,2.23378267429618,86.3919212798484
"3631",2012-03-06,65.4812579711948,29471,32147,2079119,1.54618374417241,91.6757395713441
"3632",2012-03-07,70.5222492287557,79981,85576,2079119,4.11597412173137,93.4619519491446
"3633",2012-03-08,56.2482885019676,25616,37102,2079119,1.784505841176,69.0421001563258
"3634",2012-03-09,62.013891181163,31152,36354,2079119,1.74852906447394,85.69070803763
"3635",2012-03-10,58.755632518468,43291,54283,2079119,2.61086546753697,79.7505664756922
"3636",2012-03-11,64.0380821557481,59831,68431,2079119,3.29134599799242,87.432596337917
"3637",2012-03-12,62.0366737481032,71899,82375,2079119,3.9620146802564,87.2825493171472
"3638",2012-03-13,58.3140985095444,52464,61659,2079119,2.96563111587167,85.0873351822118
"3639",2012-03-14,57.2267253874456,13503,17938,2079119,0.862769278718534,75.2759504961534
"3640",2012-03-15,54.8600878391157,38234,47587,2079119,2.2888059798405,80.3454725029945
"3641",2012-03-16,54.9680777238029,2028,2882,2079119,0.138616404352036,70.3678001387925
"3642",2012-03-17,59.8395492506578,46236,52446,2079119,2.52251073651869,88.1592495137856
"3643",2012-03-18,68.5760581894663,110592,114110,2079119,5.48838233886564,96.9170099027254
"3644",2012-03-19,67.3653018363592,111281,115228,2079119,5.5421551147385,96.5746172805221
"3645",2012-03-20,67.3614472936378,117755,119644,2079119,5.75455276970678,98.4211494099161
"3646",2012-03-21,71.9014184397163,88621,90240,2079119,4.34029990587359,98.2058953900709
"3647",2012-03-22,72.0822661111968,115723,116658,2079119,5.6109342466689,99.1985118894547
"3648",2012-03-23,59.1798188874515,27619,29374,2079119,1.4128099449815,94.025328521822
"3649",2012-03-24,66.7289065422225,110293,112286,2079119,5.40065287268309,98.2250681295976
"3650",2012-03-25,68.2108877341185,188772,189167,2079119,9.0984210139006,99.7911897952603
"3651",2012-03-26,65.5315098662144,77246,79007,2079119,3.80002299050704,97.7710835748731
"3652",2012-03-27,67.7143135953784,24654,25619,2079119,1.23220460204539,96.2332643740973
"3653",2012-03-28,68.3840701726906,75656,76611,2079119,3.68478187155233,98.7534427171033
"3654",2012-03-29,70.3518097834318,118570,118854,2079119,5.71655590661237,99.7610513739546
"3655",2012-03-30,67.713134225884,70351,72825,2079119,3.50268551246946,96.6028149673876
"3656",2012-03-31,70.0691955497058,86926,88893,2079119,4.27551284943286,97.7872273407355
"3657",2012-04-01,67.6369134394711,68443,69281,2079119,3.33222869879021,98.7904331634936
"3658",2012-04-02,68.7329082686381,93996,94417,2079119,4.54120230732344,99.5541057224864
"3659",2012-04-03,70.2382267873035,107617,107872,2079119,5.18835141230492,99.7636087214476
"3660",2012-04-04,69.9513787318248,92515,92984,2079119,4.47227888350787,99.4956121483266
"3661",2012-04-05,73.6703817576223,132599,132702,2079119,6.38260724855095,99.9223824810478
"3662",2012-04-06,72.0355647251921,130083,130382,2079119,6.27102152402051,99.7706738660245
"3663",2012-04-07,73.658944248935,134576,134975,2079119,6.49193240021374,99.7043897017966
"3664",2012-04-08,74.2476372137049,139272,139454,2079119,6.70736018477057,99.8694910149583
"3665",2012-04-09,76.110674011754,146549,146674,2079119,7.0546226550765,99.9147769884233
"3666",2012-04-10,76.2559204655245,135217,135589,2079119,6.52146413937827,99.7256414605905
"3667",2012-04-11,75.8338493745288,136182,136617,2079119,6.57090815869606,99.681591602802
"3668",2012-04-12,73.5713675080826,128364,128672,2079119,6.18877514947437,99.7606316836608
"3669",2012-04-13,75.4097090471984,68791,69049,2079119,3.32107012633716,99.6263523005402
"3670",2012-04-14,73.0685751633987,38051,38250,2079119,1.83972153590054,99.4797385620915
"3671",2012-04-15,66.8662532325692,39758,39829,2079119,1.91566716479432,99.8217379296492
"3672",2012-04-16,66.205152873718,51456,51971,2079119,2.49966452136698,99.0090627465317
"3673",2012-04-17,65.4846985804707,32360,32546,2079119,1.56537456489984,99.4285011983039
"3674",2012-04-18,68.7494391059561,23369,23623,2079119,1.13620240111316,98.9247767006731
"3675",2012-04-19,69.4030407472062,66927,67023,2079119,3.22362500655326,99.8567655879325
"3676",2012-04-20,71.2550475209324,98803,99009,2079119,4.76206508622162,99.7919381066368
"3677",2012-04-21,71.5341283568502,109797,109850,2079119,5.28348786192613,99.9517523896222
"3678",2012-04-22,72.0907093965128,101923,101974,2079119,4.90467356606332,99.9499872516524
"3679",2012-04-23,73.9423531429878,104567,104932,2079119,5.04694536483963,99.6521556817749
"3680",2012-04-24,69.6498853177714,68760,68886,2079119,3.313230267243,99.8170891037366
"3681",2012-04-25,77.4385231430956,124407,124616,2079119,5.99369252072633,99.8322847788406
"3682",2012-04-26,69.8228909718796,40429,40540,2079119,1.94986434157929,99.7261963492847
"3683",2012-04-27,73.9978687495943,91988,92434,2079119,4.44582537122695,99.5174935629747
"3684",2012-04-28,73.5101909054081,78870,78992,2079119,3.79930153108119,99.8455539801499
"3685",2012-04-29,71.1550980882169,63907,64024,2079119,3.07938121867964,99.8172560289891
"3686",2012-04-30,66.3484059443668,23461,23619,2079119,1.13601001193294,99.3310470384013
"3687",2012-05-01,63.9576478823941,5564,5714,2079119,0.27482794395126,97.3748687434372
"3688",2012-05-02,70.1072681704261,23862,23940,2079119,1.15144924364599,99.6741854636591
"3689",2012-05-03,72.0018281289906,74349,74393,2079119,3.57810207111762,99.9408546503031
"3690",2012-05-04,73.2307449766389,34835,34887,2079119,1.67797033262646,99.850947344283
"3691",2012-05-05,74.2789118332215,25313,25327,2079119,1.21816019188897,99.944723022861
"3692",2012-05-06,72.746807710544,61106,61163,2079119,2.94177485752379,99.9068064025636
"3693",2012-05-07,75.0915640429579,156093,156153,2079119,7.51053691491444,99.9615761464717
"3694",2012-05-08,77.3896728744332,133363,133435,2079119,6.41786256582716,99.946041143628
"3695",2012-05-09,77.447038423312,141758,141867,2079119,6.82341895774124,99.9231674737606
"3696",2012-05-10,77.1042912917442,59553,59679,2079119,2.87039847166035,99.7888704569447
"3697",2012-05-11,73.4618792689681,37757,37919,2079119,1.82380133123693,99.5727735436061
"3698",2012-05-12,71.0492167913894,52993,53051,2079119,2.5516096000277,99.8906712408814
"3699",2012-05-13,74.6384403428085,98602,98714,2079119,4.74787638418003,99.8865409161821
"3700",2012-05-14,76.498571101397,200726,200854,2079119,9.66053410122268,99.9362721180559
"3701",2012-05-15,77.5370718945908,125251,125378,2079119,6.03034265955917,99.8987063121122
"3702",2012-05-16,76.8660187795051,173320,173487,2079119,8.34425542741902,99.9037391850686
"3703",2012-05-17,80.7757793368191,120782,120872,2079119,5.81361624803583,99.9255410682375
"3704",2012-05-18,81.8928455607745,95451,95591,2079119,4.59766853171945,99.8535426975343
"3705",2012-05-19,74.6869923044036,18678,18712,2079119,0.899996585092051,99.8182984181274
"3706",2012-05-20,78.2631299393198,61888,62129,2079119,2.9882368445481,99.6120974102271
"3707",2012-05-21,77.1235406288917,102601,102784,2079119,4.94363237505886,99.8219567247821
"3708",2012-05-22,80.7418969825818,26776,26811,2079119,1.2895365777524,99.8694565663347
"3709",2012-05-23,73.9961434952695,35777,36043,2079119,1.73357080571146,99.2619926199262
"3710",2012-05-24,79.2677717209923,17867,17978,2079119,0.864693170520783,99.3825787073089
"3711",2012-05-25,80.4374814374814,9879,10101,2079119,0.485830777362912,97.8021978021978
"3712",2012-05-26,68.5975138256742,20400,20433,2079119,0.982772029883811,99.838496549699
"3713",2012-05-27,74.5487427419742,82827,83356,2079119,4.00919812670655,99.3653726186477
"3714",2012-05-28,75.6975231877299,38425,38598,2079119,1.85645939458011,99.5517902481994
"3715",2012-05-29,68.4243697478992,12760,13566,2079119,0.652487904732726,94.0586761020198
"3716",2012-05-30,72.226780954372,19020,19133,2079119,0.920245546310721,99.4093973762609
"3717",2012-05-31,65.3175306606204,8497,9703,2079119,0.466688053930535,87.5708543749356
"3718",2012-06-01,77.8769091396272,77955,78373,2079119,3.76952930544139,99.4666530565373
"3719",2012-06-02,68.710308829926,18360,18392,2079119,0.884605450674059,99.8260113092649
"3720",2012-06-03,78.5592664380498,33237,33535,2079119,1.61294278971045,99.1113761741464
"3721",2012-06-04,79.1284519837601,49250,49754,2079119,2.39303281822734,98.987016119307
"3722",2012-06-05,80.6107994709719,42745,43854,2079119,2.10925877739562,97.4711542846719
"3723",2012-06-06,83.0233644859813,111655,114490,2079119,5.50665931098701,97.5238012053454
"3724",2012-06-07,82.0337867184821,43341,43745,2079119,2.10401617223449,99.0764658818151
"3725",2012-06-08,80.302241959745,68104,69805,2079119,3.35743168139967,97.563211804312
"3726",2012-06-09,81.3892597798079,133814,136608,2079119,6.57047528304056,97.9547317873038
"3727",2012-06-10,81.6736136127652,93307,94382,2079119,4.53951890199647,98.8610116335742
"3728",2012-06-11,83.2002976609481,98036,99442,2079119,4.78289121498096,98.5861104965709
"3729",2012-06-12,76.0339936209501,34125,35742,2079119,1.71909351989953,95.475910693302
"3730",2012-06-13,77.0052294843307,50965,52204,2079119,2.51087119111508,97.6266186499119
"3731",2012-06-14,71.4189679966851,40575,41027,2079119,1.97328772427167,98.8982864942599
"3732",2012-06-15,80.6958225388601,147021,154400,2079119,7.42622235668088,95.2208549222798
"3733",2012-06-16,84.9463569392234,152643,158548,2079119,7.6257299365741,96.2755758508464
"3734",2012-06-17,87.9760460122207,181017,186733,2079119,8.98135219773375,96.9389449106478
"3735",2012-06-18,84.6470731753092,150181,159849,2079119,7.68830451744224,93.9517920037035
"3736",2012-06-19,66.9177139437463,2851,3342,2079119,0.160741160077898,85.3081986834231
"3737",2012-06-20,78.8164134246118,10829,11978,2079119,0.576109400183443,90.4074135915846
"3738",2012-06-21,82.4819073795903,142454,156445,2079119,7.52458132507086,91.0569209626386
"3739",2012-06-22,76.4711985782238,35291,38262,2079119,1.84029870344122,92.2351157806701
"3740",2012-06-23,82.8633365579105,52521,56855,2079119,2.73457171042158,92.3770996394337
"3741",2012-06-24,58.8341728793069,7599,9926,2079119,0.477413750728073,76.5565182349385
"3742",2012-06-25,68.373462898673,56262,61642,2079119,2.96481346185572,91.2721845494955
"3743",2012-06-26,58.8314916187821,23529,29411,2079119,1.41458954489858,80.0006800176805
"3744",2012-06-27,56.5648101265823,17659,23700,2079119,1.13990589283249,74.5105485232068
"3745",2012-06-28,73.3397420995775,65415,73129,2079119,3.51730709016656,89.4515171819661
"3746",2012-06-29,71.7529002041552,36176,41635,2079119,2.00253087966586,86.8884352107602
"3747",2012-06-30,65.694408181027,53184,64344,2079119,3.09477235309763,82.6557254755688
"3748",2012-07-01,71.2726240897041,110058,131276,2079119,6.31402050580077,83.8371065541302
"3749",2012-07-02,70.2161166377178,15332,18999,2079119,0.913800508773187,80.6989841570609
"3750",2012-07-03,51.1235059760956,883,1506,2079119,0.0724345263546723,58.6321381142098
"3751",2012-07-04,72.3374599149825,23735,26818,2079119,1.2898732588178,88.5039898575584
"3752",2012-07-05,71.4341430800089,53663,67305,2079119,3.23718844375911,79.731074957284
"3753",2012-07-06,49.3352287193414,7347,11783,2079119,0.566730427647479,62.3525417975049
"3754",2012-07-07,61.4770820949739,22469,30282,2079119,1.45648228889256,74.1991942408031
"3755",2012-07-08,57.94533345253,30808,44744,2079119,2.15206536999566,68.8539245485428
"3756",2012-07-09,58.9328864322396,18377,25509,2079119,1.2269138995892,72.0412403465444
"3757",2012-07-10,54.1862889859876,20869,33185,2079119,1.59610873644077,62.8868464667772
"3758",2012-07-11,70.0899367861393,51797,64701,2079119,3.11194308743271,80.0559496762028
"3759",2012-07-12,77.3469527174363,124789,144916,2079119,6.97006761036766,86.1112644566507
"3760",2012-07-13,77.7940552016985,68709,79599,2079119,3.82849658918032,86.3189236045679
"3761",2012-07-14,72.0157851527515,65772,80392,2079119,3.86663774415991,81.8141108568017
"3762",2012-07-15,55.1500366507632,47766,77761,2079119,3.74009376086698,61.4266791836525
"3763",2012-07-16,60.356741962306,19303,28864,2079119,1.38828032450283,66.8756929046563
"3764",2012-07-17,52.5951702927441,5623,8779,2079119,0.422246153298585,64.0505752363595
"3765",2012-07-18,62.8767088925122,5922,7973,2079119,0.383479733483269,74.2756804214223
"3766",2012-07-19,64.5783493042552,39603,54474,2079119,2.62005205089271,72.7007379667364
"3767",2012-07-20,69.7882480837009,112755,144419,2079119,6.94616325472472,78.0749070413173
"3768",2012-07-21,47.4603351018097,26450,47687,2079119,2.29361570934612,55.4658502317193
"3769",2012-07-22,58.3092398681404,18369,20628,2079119,0.992151002419775,89.0488656195462
"3770",2012-07-23,51.7110904007456,1829,3219,2079119,0.154825192785983,56.8188878533706
"3771",2012-07-24,38.2345172586293,4099,9995,2079119,0.480732464086952,41.0105052526263
"3772",2012-07-25,61.2721420413249,6990,9631,2079119,0.463225048686487,72.5781331118264
"3773",2012-07-26,74.1080846360335,10528,12666,2079119,0.609200339182125,83.1201642191694
"3774",2012-07-27,41.2118797152269,4135,9411,2079119,0.452643643774118,43.9379449580278
"3775",2012-07-28,43.9052332912989,7803,15860,2079119,0.762823099591702,49.1992433795713
"3776",2012-07-29,64.0458565543979,28049,33016,2079119,1.58798029357627,84.9557790162346
"3777",2012-07-30,63.0390596128152,24690,35177,2079119,1.69191854819277,70.1879068709668
"3778",2012-07-31,51.1559707102486,20685,35917,2079119,1.72751054653437,57.5911128435003
"3779",2012-08-01,65.8472224186955,53372,70691,2079119,3.40004588481948,75.5004173091341
"3780",2012-08-02,85.8207747629944,11547,12236,2079119,0.588518502307949,94.3690748610657
"3781",2012-08-03,67.7522100187517,11612,14932,2079119,0.718188809779527,77.7658719528529
"3782",2012-08-04,59.8592707870164,7617,8996,2079119,0.432683266325785,84.670964873277
"3783",2012-08-05,56.6254572055596,9818,13670,2079119,0.657490023418573,71.8215069495245
"3784",2012-08-06,47.8610223642173,6666,11894,2079119,0.57206922739872,56.0450647385236
"3785",2012-08-07,50.1022054406591,23169,34959,2079119,1.68143333787051,66.27477902686
"3786",2012-08-08,62.7786783325316,77192,110179,2079119,5.29931187199963,70.0605378520408
"3787",2012-08-09,71.1421880190455,71136,90310,2079119,4.34366671652753,78.7686856383568
"3788",2012-08-10,39.3705140640155,964,4124,2079119,0.198353244811865,23.3753637245393
"3789",2012-08-11,54.4332553726667,13612,22661,2079119,1.08993280326908,60.0679581660121
"3790",2012-08-12,65.4076933261363,69588,98189,2079119,4.72262530427551,70.8714825489617
"3791",2012-08-13,54.6445730226791,11800,19357,2079119,0.931019340403315,60.9598594823578
"3792",2012-08-14,60.1198878534376,59892,88099,2079119,4.23732359715822,67.9826104723096
"3793",2012-08-15,62.5274210772735,132130,190091,2079119,9.14286291453255,69.508814199515
"3794",2012-08-16,54.9880388441497,10517,16888,2079119,0.8122671189095,62.2749881572714
"3795",2012-08-17,55.6639796984625,13009,20097,2079119,0.96661133874492,64.7310543862268
"3796",2012-08-18,53.7019682413544,88648,140938,2079119,6.778736570634,62.8985795172345
"3797",2012-08-19,58.2685191131008,71108,109009,2079119,5.24303803678385,65.2313111761414
"3798",2012-08-20,51.1988149923441,43644,75105,2079119,3.61234734519765,58.1106450968644
"3799",2012-08-21,50.6423528613129,17286,29462,2079119,1.41704250694645,58.6721879030616
"3800",2012-08-22,56.5561912277241,11176,15207,2079119,0.731415565919988,73.4924705727625
"3801",2012-08-23,53.7464808904166,33973,48876,2079119,2.35080339316797,69.5085522546853
"3802",2012-08-24,58.2956386440839,63552,84194,2079119,4.04950365996367,75.4828135021498
"3803",2012-08-25,58.7327753084818,67556,92469,2079119,4.44750877655392,73.0579978154841
"3804",2012-08-26,62.2173805845031,47172,60838,2079119,2.92614323663051,77.5370656497584
"3805",2012-08-27,59.2033685268979,15469,19890,2079119,0.956655198668282,77.7727501256913
"3806",2012-08-28,58.524349687506,73273,104642,2079119,5.03299714927332,70.0225530857591
"3807",2012-08-29,46.7646043874784,2344,4057,2079119,0.195130726043098,57.776682277545
"3808",2012-08-30,54.3724399625741,22694,38476,2079119,1.85059152458325,58.9822226842707
"3809",2012-08-31,44.8153925034406,17120,37057,2079119,1.78234146289847,46.1990986858084
"3810",2012-09-01,57.0469900139657,59240,95233,2079119,4.58044970008932,62.2053279850472
"3811",2012-09-02,51.4090032154341,12719,17105,2079119,0.8227042319367,74.3583747442268
"3812",2012-09-03,32.6433967543369,1734,7148,2079119,0.343799465061884,24.258533855624
"3813",2012-09-04,39.0358432745978,15985,36548,2079119,1.75785993971485,43.7370033927985
"3814",2012-09-05,38.8638186387211,7494,18703,2079119,0.899563709436545,40.0684382184676
"3815",2012-09-06,46.116125676238,27520,48060,2079119,2.31155600040209,57.2617561381606
"3816",2012-09-07,49.9906922007061,6522,9347,2079119,0.44956541689052,69.776398844549
"3817",2012-09-08,51.4093356384292,37214,60735,2079119,2.92118921523972,61.2727422408825
"3818",2012-09-09,56.1004155351242,20057,30563,2079119,1.46999762880335,65.625102247816
"3819",2012-09-10,54.7290439304677,76728,109992,2079119,5.29031767782412,69.757800567314
"3820",2012-09-11,47.9956672443674,498,1154,2079119,0.0555042784948817,43.1542461005199
"3821",2012-09-12,46.6222923937732,8792,18051,2079119,0.868204273059887,48.7064428563515
"3822",2012-09-13,44.5181148748159,5005,13580,2079119,0.653161266863513,36.8556701030928
"3823",2012-09-14,48.3888302193339,11719,24620,2079119,1.18415540428422,47.5995125913891
"3824",2012-09-15,50.0229713198315,4943,7357,2079119,0.353851799728635,67.1877123827647
"3825",2012-09-16,52.3345050505051,15373,24750,2079119,1.19040805264153,62.1131313131313
"3826",2012-09-17,47.3601380850848,10873,19698,2079119,0.947420518017487,55.1984973093715
"3827",2012-09-18,49.955229169948,13108,25396,2079119,1.22147890524785,51.6144274688927
"3828",2012-09-19,50.9224851705388,78782,129472,2079119,6.22725298551935,60.8486777063767
"3829",2012-09-20,46.1542946962783,19742,39444,2079119,1.89714970619767,50.0507047966738
"3830",2012-09-21,53.6825755019403,31161,47416,2079119,2.28058134238589,65.7183229289691
"3831",2012-09-22,51.8111993755744,50946,79433,2079119,3.82051243820099,64.1370714942152
"3832",2012-09-23,56.8282366831661,79667,110105,2079119,5.29575267216547,72.3554788610871
"3833",2012-09-24,61.555850363559,39710,49373,2079119,2.37470774881091,80.4285743219978
"3834",2012-09-25,61.6883051239097,57749,69244,2079119,3.33044909887313,83.3992836924499
"3835",2012-09-26,67.1199006044074,99811,107047,2079119,5.14867114388354,93.2403523685858
"3836",2012-09-27,64.8872387904788,105208,115616,2079119,5.56081686522032,90.9977857735954
"3837",2012-09-28,68.6459321317398,119523,130105,2079119,6.25769857328994,91.8665693094039
"3838",2012-09-29,70.1448100986715,115627,126987,2079119,6.10773120730463,91.0542023986707
"3839",2012-09-30,65.8084194693671,104160,114354,2079119,5.50011807885936,91.08557636812
"3840",2012-10-01,72.4486579966796,133939,144560,2079119,6.95294497332764,92.6528776978417
"3841",2012-10-02,72.3766664301138,90907,98639,2079119,4.74426908705081,92.1613155040096
"3842",2012-10-03,72.3534034837406,157130,168210,2079119,8.09044600140733,93.4129956601867
"3843",2012-10-04,68.5503908979734,83437,91584,2079119,4.40494267042916,91.1043413696716
"3844",2012-10-05,55.7399690271716,15270,21309,2079119,1.02490526035306,71.6598620301281
"3845",2012-10-06,61.7818009107926,61995,71586,2079119,3.4430929638948,86.602128907887
"3846",2012-10-07,72.0696755498968,84920,91108,2079119,4.3820483579824,93.2080607630505
"3847",2012-10-08,63.9690531858098,46907,54319,2079119,2.612596970159,86.3546825236105
"3848",2012-10-09,61.2760180995475,15130,18785,2079119,0.903507687631155,80.5429864253394
"3849",2012-10-10,53.433263215037,9975,14737,2079119,0.708809837243563,67.6867747845559
"3850",2012-10-11,63.6911736911737,8176,10582,2079119,0.508965576284955,77.2632772632773
"3851",2012-10-12,62.9334109676053,7729,9446,2079119,0.454327049101086,81.8229938598349
"3852",2012-10-13,9.4634974533107,11,589,2079119,0.0283293067881155,1.86757215619694
"3853",2012-10-14,23.5527950310559,33,161,2079119,0.00774366450405196,20.4968944099379
"3854",2012-10-15,28.8873626373626,81,728,2079119,0.0350148308009306,11.1263736263736
"3855",2012-10-16,27.8055555555556,97,288,2079119,0.0138520209761923,33.6805555555556
"3856",2012-10-17,11.6232179226069,18,491,2079119,0.0236157718726057,3.66598778004073
"3857",2012-10-18,12.3970588235294,0,136,2079119,0.00654123212764637,0
"3858",2012-10-19,NA,NA,0,2079119,0,NA
"3859",2012-10-20,NA,NA,0,2079119,0,NA
"3860",2012-10-21,NA,NA,0,2079119,0,NA
"3861",2012-10-22,NA,NA,0,2079119,0,NA
"3862",2012-10-23,NA,NA,0,2079119,0,NA
"3863",2012-10-24,NA,NA,0,2079119,0,NA
"3864",2012-10-25,NA,NA,0,2079119,0,NA
"3865",2012-10-26,NA,NA,0,2079119,0,NA
"3866",2012-10-27,NA,NA,0,2079119,0,NA
"3867",2012-10-28,NA,NA,0,2079119,0,NA
"3868",2012-10-29,NA,NA,0,2079119,0,NA
"3869",2012-10-30,NA,NA,0,2079119,0,NA
"3870",2012-10-31,NA,NA,0,2079119,0,NA
"3871",2012-11-01,NA,NA,0,2079119,0,NA
"3872",2012-11-02,NA,NA,0,2079119,0,NA
"3873",2012-11-03,NA,NA,0,2079119,0,NA
"3874",2012-11-04,NA,NA,0,2079119,0,NA
"3875",2012-11-05,NA,NA,0,2079119,0,NA
"3876",2012-11-06,NA,NA,0,2079119,0,NA
"3877",2012-11-07,NA,NA,0,2079119,0,NA
"3878",2012-11-08,NA,NA,0,2079119,0,NA
"3879",2012-11-09,NA,NA,0,2079119,0,NA
"3880",2012-11-10,NA,NA,0,2079119,0,NA
"3881",2012-11-11,NA,NA,0,2079119,0,NA
"3882",2012-11-12,NA,NA,0,2079119,0,NA
"3883",2012-11-13,NA,NA,0,2079119,0,NA
"3884",2012-11-14,NA,NA,0,2079119,0,NA
"3885",2012-11-15,NA,NA,0,2079119,0,NA
"3886",2012-11-16,NA,NA,0,2079119,0,NA
"3887",2012-11-17,NA,NA,0,2079119,0,NA
"3888",2012-11-18,NA,NA,0,2079119,0,NA
"3889",2012-11-19,NA,NA,0,2079119,0,NA
"3890",2012-11-20,NA,NA,0,2079119,0,NA
"3891",2012-11-21,NA,NA,0,2079119,0,NA
"3892",2012-11-22,NA,NA,0,2079119,0,NA
"3893",2012-11-23,NA,NA,0,2079119,0,NA
"3894",2012-11-24,NA,NA,0,2079119,0,NA
"3895",2012-11-25,NA,NA,0,2079119,0,NA
"3896",2013-01-16,NA,NA,0,2079119,0,NA
"3897",2013-01-17,NA,NA,0,2079119,0,NA
"3898",2013-01-18,NA,NA,0,2079119,0,NA
"3899",2013-01-19,NA,NA,0,2079119,0,NA
"3900",2013-01-20,NA,NA,0,2079119,0,NA
"3901",2013-01-21,NA,NA,0,2079119,0,NA
"3902",2013-01-22,NA,NA,0,2079119,0,NA
"3903",2013-01-23,NA,NA,0,2079119,0,NA
"3904",2013-01-24,NA,NA,0,2079119,0,NA
"3905",2013-01-25,NA,NA,0,2079119,0,NA
"3906",2013-01-26,NA,NA,0,2079119,0,NA
"3907",2013-01-27,NA,NA,0,2079119,0,NA
"3908",2013-01-28,NA,NA,0,2079119,0,NA
"3909",2013-01-29,NA,NA,0,2079119,0,NA
"3910",2013-01-30,NA,NA,0,2079119,0,NA
"3911",2013-01-31,NA,NA,0,2079119,0,NA
"3912",2013-02-01,NA,NA,0,2079119,0,NA
"3913",2013-02-02,NA,NA,0,2079119,0,NA
"3914",2013-02-03,NA,NA,0,2079119,0,NA
"3915",2013-02-04,NA,NA,0,2079119,0,NA
"3916",2013-02-05,NA,NA,0,2079119,0,NA
"3917",2013-02-06,NA,NA,0,2079119,0,NA
"3918",2013-02-07,NA,NA,0,2079119,0,NA
"3919",2013-02-08,NA,NA,0,2079119,0,NA
"3920",2013-02-09,NA,NA,0,2079119,0,NA
"3921",2013-02-10,NA,NA,0,2079119,0,NA
"3922",2013-02-11,NA,NA,0,2079119,0,NA
"3923",2013-02-12,NA,NA,0,2079119,0,NA
"3924",2013-02-13,NA,NA,0,2079119,0,NA
"3925",2013-02-14,NA,NA,0,2079119,0,NA
"3926",2013-02-15,NA,NA,0,2079119,0,NA
"3927",2013-02-16,NA,NA,0,2079119,0,NA
"3928",2013-02-17,NA,NA,0,2079119,0,NA
"3929",2013-02-18,NA,NA,0,2079119,0,NA
"3930",2013-02-19,NA,NA,0,2079119,0,NA
"3931",2013-02-20,NA,NA,0,2079119,0,NA
"3932",2013-02-21,62.0117647058824,66,85,2079119,0.00408827007977898,77.6470588235294
"3933",2013-02-22,56.3584905660377,51,53,2079119,0.00254915663797984,96.2264150943396
"3934",2013-02-23,NA,NA,0,2079119,0,NA
"3935",2013-02-24,59.0597439544808,673,703,2079119,0.033812398424525,95.7325746799431
"3936",2013-02-25,NA,NA,0,2079119,0,NA
"3937",2013-02-26,57.5102040816327,49,49,2079119,0.00235676745775494,100
"3938",2013-02-27,53.7181818181818,214,330,2079119,0.0158721073685537,64.8484848484848
"3939",2013-02-28,62.6204819277108,3471,3652,2079119,0.175651321545328,95.0438116100767
"3940",2013-03-01,71.376313982357,18735,18931,2079119,0.910529892709364,98.9646611378163
"3941",2013-03-02,62.7382439701544,21242,23052,2079119,1.10873884563606,92.1481867083116
"3942",2013-03-03,68.0475036972819,36648,39218,2079119,1.88627971751497,93.4468866336886
"3943",2013-03-04,65.0069515213277,26154,27476,2079119,1.32152127896479,95.1885281700393
"3944",2013-03-05,59.9642774680872,25890,30317,2079119,1.45816569421952,85.3976316917901
"3945",2013-03-06,64.5920053026054,56196,58839,2079119,2.82999674381312,95.5080813745985
"3946",2013-03-07,68.3302483285578,98918,104700,2079119,5.03578679238658,94.4775549188157
"3947",2013-03-08,65.741891040781,70056,76212,2079119,3.66559105082489,91.9225318847426
"3948",2013-03-09,56.6964256390607,40025,54807,2079119,2.63606845014643,73.0289926469247
"3949",2013-03-10,65.1830506992051,84757,91461,2079119,4.39902670313724,92.6700998239687
"3950",2013-03-11,68.6587610104098,133916,137370,2079119,6.6071254218734,97.4856227706195
"3951",2013-03-12,70.1856785293018,136351,139036,2079119,6.68725551543707,98.0688454788688
"3952",2013-03-13,56.5342970106479,38595,47803,2079119,2.29919499557264,80.7376106102128
"3953",2013-03-14,53.4193007462061,28465,35781,2079119,1.72096931440673,79.5533942595232
"3954",2013-03-15,57.3537227949599,62363,65475,2079119,3.14917039380622,95.2470408552883
"3955",2013-03-16,59.5891126025354,23687,25479,2079119,1.22547098073751,92.9667569370854
"3956",2013-03-17,69.0831405964699,129203,131440,2079119,6.32190846218999,98.2980827754108
"3957",2013-03-18,69.2939270322729,119260,121588,2079119,5.84805391129608,98.0853373688193
"3958",2013-03-19,68.3561431431103,121410,121892,2079119,5.86267548899317,99.6045679782102
"3959",2013-03-20,70.713602171015,209836,210040,2079119,10.1023558536091,99.9028756427347
"3960",2013-03-21,72.4957578633763,189422,189645,2079119,9.12141152093747,99.8824118748187
"3961",2013-03-22,64.2715275194416,51194,56451,2079119,2.71514040321886,90.6874988928451
"3962",2013-03-23,63.6836361954964,41267,43254,2079119,2.08040040036188,95.4062052064549
"3963",2013-03-24,63.2364727608495,75124,75810,2079119,3.64625593821229,99.0951061865189
"3964",2013-03-25,67.4620883882149,119383,120016,2079119,5.7724449634677,99.4725703239568
"3965",2013-03-26,68.7489425003542,98236,98818,2079119,4.75287850286588,99.4110384747718
"3966",2013-03-27,62.7693771856049,44182,45182,2079119,2.17313198523028,97.7867292284538
"3967",2013-03-28,65.7212588461358,83890,85348,2079119,4.10500793845855,98.2916998640859
"3968",2013-03-29,64.797889084344,21488,21602,2079119,1.03899776780454,99.4722710860106
"3969",2013-03-30,65.63903882027,90168,90597,2079119,4.35747064020866,99.5264743865691
"3970",2013-03-31,67.5762794476036,141317,141565,2079119,6.80889357463426,99.8248154557977
"3971",2013-04-01,70.5677929179056,183419,183618,2079119,8.83152912363362,99.8916228256489
"3972",2013-04-02,72.0587791115947,167939,168189,2079119,8.08943595821115,99.8513576987794
"3973",2013-04-03,73.9387443362358,154333,155153,2079119,7.46243961985822,99.4714894330113
"3974",2013-04-04,62.0813079209652,16188,17157,2079119,0.825205291279624,94.3521594684385
"3975",2013-04-05,59.3392277156261,9813,11084,2079119,0.533110418403179,88.5330205701913
"3976",2013-04-06,67.4017664464171,44786,44949,2079119,2.16192531548218,99.6373667934771
"3977",2013-04-07,71.9559079868553,104884,104985,2079119,5.04949452147761,99.9037957803496
"3978",2013-04-08,68.836705122391,90236,90407,2079119,4.34833215414798,99.8108553541208
"3979",2013-04-09,70.6807529901474,149820,149909,2079119,7.21021740458338,99.9406306492606
"3980",2013-04-10,71.1683781768114,104385,104586,2079119,5.03030370075017,99.8078136653089
"3981",2013-04-11,73.9167580976005,209607,209630,2079119,10.0826359626361,99.9890282879359
"3982",2013-04-12,74.8147225065646,201740,202221,2079119,9.72628310356454,99.7621414195361
"3983",2013-04-13,75.8972710804651,222393,222469,2079119,10.7001571338629,99.965837936971
"3984",2013-04-14,74.24336853109,159588,160711,2079119,7.72976438578071,99.3012301584832
"3985",2013-04-15,74.2128234426626,177608,177659,2079119,8.54491734239358,99.9712933203497
"3986",2013-04-16,75.9682214907729,202267,202338,2079119,9.73191048708612,99.9649101997647
"3987",2013-04-17,76.7061997009595,213280,213349,2079119,10.2615098029502,99.9676586250697
"3988",2013-04-18,78.4748466853287,185376,185403,2079119,8.91738279530897,99.9854371288491
"3989",2013-04-19,76.1482373302231,212441,212632,2079119,10.2270240423949,99.9101734452011
"3990",2013-04-20,76.7458073002302,167246,167255,2079119,8.04451308462863,99.9946189949478
"3991",2013-04-21,73.9912341540477,103246,103812,2079119,4.99307639437666,99.4547836473625
"3992",2013-04-22,75.0142721843677,75891,76022,2079119,3.65645256476421,99.8276814606298
"3993",2013-04-23,69.7937808489635,19850,20260,2079119,0.974451197839085,97.9763079960513
"3994",2013-04-24,64.3505278516866,11462,11651,2079119,0.560381584700058,98.3778216462106
"3995",2013-04-25,63.6514980214811,6875,7076,2079119,0.340336459817836,97.1594120972301
"3996",2013-04-26,68.3912096291052,18048,18361,2079119,0.883114434527317,98.2952998202712
"3997",2013-04-27,67.4478680879414,5945,6004,2079119,0.288776159517565,99.0173217854764
"3998",2013-04-28,67.4322287014649,34941,35155,2079119,1.69086040770153,99.3912672450576
"3999",2013-04-29,72.3676245550168,124050,124162,2079119,5.9718563487708,99.9097952674731
"4000",2013-04-30,74.0476647408185,98546,99004,2079119,4.76182459974634,99.5373924285887
"4001",2013-05-01,77.116122716809,92886,92962,2079119,4.47122074301663,99.9182461650997
"4002",2013-05-02,76.1085258306583,142791,142989,2079119,6.87738412279432,99.8615278098315
"4003",2013-05-03,77.513757998163,129426,129561,2079119,6.23153364477935,99.8958019774469
"4004",2013-05-04,77.3059200771056,53925,53952,2079119,2.59494526287336,99.9499555160142
"4005",2013-05-05,71.6313521848568,43936,44099,2079119,2.12104261468439,99.6303771060568
"4006",2013-05-06,74.3264131739652,76500,76636,2079119,3.68598430392873,99.8225377107365
"4007",2013-05-07,74.743671698867,69877,70082,2079119,3.37075463213024,99.7074855169658
"4008",2013-05-08,74.9086531530233,34664,34681,2079119,1.66806228984488,99.9509818055996
"4009",2013-05-09,71.9150262744369,59008,59183,2079119,2.84654221331247,99.7043069800449
"4010",2013-05-10,70.9701850159326,40250,40483,2079119,1.94712279576109,99.4244497690389
"4011",2013-05-11,76.5639201370782,26719,26846,2079119,1.29121998307937,99.5269313864263
"4012",2013-05-12,79.2931790619624,141644,141828,2079119,6.82154316323404,99.8702653918831
"4013",2013-05-13,79.0640615350065,53267,53433,2079119,2.56998276673918,99.6893305635094
"4014",2013-05-14,80.5379061371841,19627,19667,2079119,0.945929501870744,99.7966136167184
"4015",2013-05-15,82.8993329755424,13027,13043,2079119,0.627333019418321,99.8773288353906
"4016",2013-05-16,78.5145405758213,13765,13789,2079119,0.663213601530264,99.8259482195953
"4017",2013-05-17,70.0838729893461,9455,9574,2079119,0.460483502868282,98.7570503446835
"4018",2013-05-18,74.0203238176395,23311,23470,2079119,1.12884351496956,99.3225394120153
"4019",2013-05-19,78.7083371760583,43202,43372,2079119,2.08607588117852,99.6080420547819
"4020",2013-05-20,78.7954604975993,22871,22910,2079119,1.10190902973808,99.8297686599738
"4021",2013-05-21,68.6806328743041,13538,13652,2079119,0.656624272107561,99.1649575153824
"4022",2013-05-22,73.0763371658592,41367,41487,2079119,1.99541247999754,99.7107527659267
"4023",2013-05-23,66.4266333452338,10747,11204,2079119,0.538882093809926,95.9210996072831
"4024",2013-05-24,68.1278439869989,6125,6461,2079119,0.310756623358259,94.7995666305525
"4025",2013-05-25,80.0243346272346,57161,57449,2079119,2.76314150368497,99.4986857908754
"4026",2013-05-26,76.6240433457501,103137,103355,2079119,4.97109593053596,99.789076483963
"4027",2013-05-27,73.9870908001525,128508,128513,2079119,6.18112767956043,99.9961093430237
"4028",2013-05-28,78.7575712561508,161195,161565,2079119,7.77083947575872,99.7709900040231
"4029",2013-05-29,81.7929157612709,141577,142203,2079119,6.83957964888013,99.5597842520903
"4030",2013-05-30,66.4784203102962,3431,3545,2079119,0.170504910974312,96.7842031029619
"4031",2013-05-31,90.7345378003859,28250,28505,2079119,1.37101339557765,99.1054201017365
"4032",2013-06-01,85.0699052275382,81833,83041,2079119,3.99404747876384,98.5452969015306
"4033",2013-06-02,84.5878700456173,134711,136571,2079119,6.56869568312348,98.6380710399719
"4034",2013-06-03,85.8109668700602,24217,24419,2079119,1.17448784797792,99.1727752979237
"4035",2013-06-04,87.1688041810852,109522,112124,2079119,5.39286111088398,97.6793549998216
"4036",2013-06-05,87.8030375533132,92770,96130,2079119,4.62359297375475,96.5047331738271
"4037",2013-06-06,86.3535089649103,206445,218184,2079119,10.494060224547,94.619678803212
"4038",2013-06-07,76.6592610133976,127800,139353,2079119,6.70250235796989,91.7095433898086
"4039",2013-06-08,76.2370714989362,108902,120799,2079119,5.81010514549672,90.1514085381502
"4040",2013-06-09,67.2355171687382,8291,9494,2079119,0.456635719263784,87.3288392669054
"4041",2013-06-10,64.890841350164,15591,17983,2079119,0.864933656996064,86.698548629261
"4042",2013-06-11,70.0125722465295,65144,74052,2079119,3.56170089350345,87.9706152433425
"4043",2013-06-12,69.2751491901108,21130,23460,2079119,1.128362542019,90.0682011935209
"4044",2013-06-13,65.4968047114842,28371,31922,2079119,1.53536185278476,88.8760102750454
"4045",2013-06-14,67.9637735414387,15454,17363,2079119,0.835113334061206,89.0053562172436
"4046",2013-06-15,67.8770282955612,13614,14914,2079119,0.717323058468515,91.2833579187341
"4047",2013-06-16,66.8484947406601,26930,27570,2079119,1.32604242470008,97.6786361987668
"4048",2013-06-17,65.2147084270635,24601,28895,2079119,1.38977134064957,85.1392974563073
"4049",2013-06-18,75.2863095461541,24441,26639,2079119,1.28126384300273,91.7489395247569
"4050",2013-06-19,73.8645398611088,52052,60623,2079119,2.91580231819343,85.8618016264454
"4051",2013-06-20,76.314631857821,32271,36236,2079119,1.74285358365731,89.0578430290319
"4052",2013-06-21,78.2423178226514,16207,18224,2079119,0.876525105104614,88.9321773485513
"4053",2013-06-22,67.7446310996246,13002,16251,2079119,0.781629141958685,80.0073841609747
"4054",2013-06-23,79.0611323998138,24625,27923,2079119,1.34302076985492,88.1889481789206
"4055",2013-06-24,62.6281820318007,28050,38301,2079119,1.84217449794841,73.2356857523302
"4056",2013-06-25,76.0911087028892,121508,141183,2079119,6.79052040792278,86.064186198055
"4057",2013-06-26,75.7522592040822,92931,112097,2079119,5.39156248391747,82.9023078226893
"4058",2013-06-27,75.2416155383979,94718,116048,2079119,5.5815948966846,81.6196746173997
"4059",2013-06-28,62.7529341936472,37329,52229,2079119,2.51207362349149,71.471787704149
"4060",2013-06-29,62.1481687014428,14126,18020,2079119,0.866713256913144,78.3906770255272
"4061",2013-06-30,51.9161884627001,4337,6622,2079119,0.318500287862311,65.4938085170643
"4062",2013-07-01,52.8120254088785,15951,27392,2079119,1.31748110618007,58.2323306074766
"4063",2013-07-02,69.6587853367042,26119,34808,2079119,1.67417064631702,75.0373477361526
"4064",2013-07-03,57.3071135662724,18971,29507,2079119,1.41920688522398,64.2932185583082
"4065",2013-07-04,40.4376321353066,1055,2365,2079119,0.113750102807968,44.6088794926004
"4066",2013-07-05,65.6412190591714,19239,26381,2079119,1.26885474087823,72.927485690459
"4067",2013-07-06,54.1549347886412,12985,21622,2079119,1.03995971370566,60.0545740449542
"4068",2013-07-07,47.5376631545841,4353,6359,2079119,0.305850699262524,68.4541594590344
"4069",2013-07-08,37.1813624114809,6490,15957,2079119,0.767488537212156,40.67180547722
"4070",2013-07-09,28.3962054946409,2497,8117,2079119,0.390405743971365,30.7625970186029
"4071",2013-07-10,52.8483782350957,14614,20749,2079119,0.997970775121578,70.4323099908429
"4072",2013-07-11,50.4795673076923,886,1664,2079119,0.0800338989735556,53.2451923076923
"4073",2013-07-12,67.757958395162,53961,71434,2079119,3.43578217504626,75.5396589859171
"4074",2013-07-13,59.1106493186163,105536,162170,2079119,7.79993833926774,65.0773879262502
"4075",2013-07-14,50.8289746446538,84096,148095,2079119,7.12296891135139,56.7851716803403
"4076",2013-07-15,66.2730799840828,7780,10052,2079119,0.483474009905157,77.3975328292877
"4077",2013-07-16,36.432563338301,3185,8052,2079119,0.38727941979271,39.555389965226
"4078",2013-07-17,46.7862805384743,62425,120340,2079119,5.78802848706592,51.8738574040219
"4079",2013-07-18,53.911292571201,89360,150630,2079119,7.24489555431892,59.3241718117241
"4080",2013-07-19,64.4055704898447,93237,133920,2079119,6.44118975392943,69.6214157706093
"4081",2013-07-20,64.8751472320377,818,849,2079119,0.0408346035027336,96.3486454652532
"4082",2013-07-21,57.2129718549162,25536,40611,2079119,1.95327924952829,62.8795154022309
"4083",2013-07-22,52.766876276031,35310,61225,2079119,2.94475688981727,57.6725193956717
"4084",2013-07-23,45.7885232268029,12466,25251,2079119,1.2145047974647,49.3683418478476
"4085",2013-07-24,57.9567793820251,14543,21263,2079119,1.02269278478048,68.3958049193435
"4086",2013-07-25,41.0956223942823,15615,33580,2079119,1.61510716798798,46.500893388922
"4087",2013-07-26,59.0516847194633,52922,80043,2079119,3.84985178818528,66.1169621328536
"4088",2013-07-27,50.7685145762372,89753,159712,2079119,7.68171518801954,56.1967792025646
"4089",2013-07-28,50.0003413604767,35431,64448,2079119,3.09977447178348,54.9761047666336
"4090",2013-07-29,57.1097324015681,18553,29335,2079119,1.41093415047431,63.2452701551048
"4091",2013-07-30,43.7206391708054,57306,115775,2079119,5.56846433513426,49.4977326711293
"4092",2013-07-31,32.154114713217,2770,8020,2079119,0.385740306350911,34.5386533665835
"4093",2013-08-01,40.9367834916476,1489,3053,2079119,0.14684104180665,48.7716999672453
"4094",2013-08-02,74.2422810047571,26997,33003,2079119,1.58735502874054,81.801654395055
"4095",2013-08-03,64.3071948976231,87615,124491,2079119,5.9876803588443,70.3785815842109
"4096",2013-08-04,65.8790250798471,54572,76396,2079119,3.67444095311524,71.4330593224776
"4097",2013-08-05,48.3624404194471,6401,10490,2079119,0.504540625139783,61.0200190657769
"4098",2013-08-06,41.8298705434925,24287,53377,2079119,2.56728931821603,45.5008711617363
"4099",2013-08-07,41.5005384449709,2582,4643,2079119,0.223315740946045,55.6105965970278
"4100",2013-08-08,56.3665936206477,13530,20535,2079119,0.987677953979546,65.8875091307524
"4101",2013-08-09,51.8743436235326,57374,89697,2079119,4.31418307465806,63.9642351472178
"4102",2013-08-10,56.7315885483409,47616,66331,2079119,3.19034167837435,71.7854396888333
"4103",2013-08-11,46.7350270832932,28146,51877,2079119,2.4951433756317,54.2552576286215
"4104",2013-08-12,33.0134037367993,7200,19696,2079119,0.947324323427375,36.5556458164094
"4105",2013-08-13,48.7597869507324,4943,7510,2079119,0.361210685872237,65.8189081225033
"4106",2013-08-14,60.6471951784886,19127,21570,2079119,1.03745865436274,88.6740843764488
"4107",2013-08-15,54.0587915774675,21527,31297,2079119,1.50530104337462,68.7829504425344
"4108",2013-08-16,58.0533540072698,24446,39341,2079119,1.89219568480688,62.138735670166
"4109",2013-08-17,44.317550905957,60093,121253,2079119,5.83194131745225,49.5600108863286
"4110",2013-08-18,29.7094197791872,6804,25542,2079119,1.22850111032606,26.6384778012685
"4111",2013-08-19,40.4599733060714,31325,70428,2079119,3.3873962962197,44.4780485034361
"4112",2013-08-20,38.8120162182086,6695,13565,2079119,0.652439807437669,49.3549576115002
"4113",2013-08-21,41.1938283510125,35973,81923,2079119,3.94027470289098,43.910745456099
"4114",2013-08-22,48.4109520846297,28846,56245,2079119,2.70523236043728,51.2863365632501
"4115",2013-08-23,48.2866507747318,33174,63764,2079119,3.06687592196502,52.0262216924911
"4116",2013-08-24,46.1484979172975,63978,122197,2079119,5.87734516398532,52.3564408291529
"4117",2013-08-25,44.1341920085593,35205,72903,2079119,3.50643710148385,48.2901938191844
"4118",2013-08-26,39.5744864066921,3749,8129,2079119,0.39098291151204,46.1188338048961
"4119",2013-08-27,40.5366238449403,8814,22185,2079119,1.06703849082231,39.7295469912103
"4120",2013-08-28,48.2154304597811,27371,52351,2079119,2.51794149348835,52.2836239995416
"4121",2013-08-29,52.5379000561482,8677,14248,2079119,0.68529025996107,60.8997754070747
"4122",2013-08-30,48.1444799250026,76508,136538,2079119,6.56710847238662,56.0342175804538
"4123",2013-08-31,51.4661793437984,54813,89058,2079119,4.28344890311714,61.54753082261
"4124",2013-09-01,61.6009910093993,115169,156608,2079119,7.53242118416502,73.5396659174499
"4125",2013-09-02,61.8529603607969,115481,160977,2079119,7.74255826626566,71.737577417892
"4126",2013-09-03,50.5957134822433,58698,99568,2079119,4.78895147415805,58.9526755584123
"4127",2013-09-04,42.21116901218,43812,96141,2079119,4.62412204400037,45.5705682279152
"4128",2013-09-05,48.7426644730895,29742,55313,2079119,2.66040568144488,53.7703613978631
"4129",2013-09-06,47.2761766778918,13814,25538,2079119,1.22830872114583,54.0919414206281
"4130",2013-09-07,51.7995778633391,78242,129342,2079119,6.22100033716204,60.4923381422894
"4131",2013-09-08,40.1738099940747,20314,45567,2079119,2.19164944382693,44.5805078236443
"4132",2013-09-09,43.1602246139448,27303,53425,2079119,2.56959798837873,51.1052877866167
"4133",2013-09-10,53.5764168137241,47575,69134,2079119,3.32515839641694,68.8156334075853
"4134",2013-09-11,50.0004448873545,36031,56194,2079119,2.70277939838941,64.118945083105
"4135",2013-09-12,53.0297656563342,22187,34906,2079119,1.67888418123253,63.5621383143299
"4136",2013-09-13,56.8902985074627,1291,1340,2079119,0.0644503753753393,96.3432835820896
"4137",2013-09-14,50.3709571909572,58236,103950,2079119,4.99971382109442,56.023088023088
"4138",2013-09-15,53.8403632559485,115743,179708,2079119,8.64346869996378,64.4061477507957
"4139",2013-09-16,54.3191049834041,114521,172332,2079119,8.28870305162908,66.4537056379546
"4140",2013-09-17,41.8248027349763,28634,61719,2079119,2.96851695357505,46.3941411882889
"4141",2013-09-18,50.1989706265801,47653,88209,2079119,4.2426142996144,54.0228321373103
"4142",2013-09-19,54.6150684194238,89683,148642,2079119,7.14927813174715,60.3348986154653
"4143",2013-09-20,38.9177972865124,39880,95228,2079119,4.58020921361404,41.8784391145461
"4144",2013-09-21,45.3408648050971,56093,110337,2079119,5.30691124461851,50.837887562649
"4145",2013-09-22,44.9904348224373,68116,130996,2079119,6.30055326318503,51.998534306391
"4146",2013-09-23,48.9649667130085,104272,176946,2079119,8.51062397101849,58.9287127146135
"4147",2013-09-24,53.5771732496294,109344,172035,2079119,8.27441815499738,63.559159473363
"4148",2013-09-25,59.280564002777,150500,204538,2079119,9.83772453620981,73.5804593767417
"4149",2013-09-26,60.7858017135863,143678,192812,2079119,9.27373565438053,74.5171462357115
"4150",2013-09-27,54.4821689065458,84818,128876,2079119,6.19858699766584,65.8136503305503
"4151",2013-09-28,52.7995209331389,85952,134428,2079119,6.46562317981799,63.9390603148154
"4152",2013-09-29,54.4386189941745,37919,56133,2079119,2.69984546339098,67.5520638483601
"4153",2013-09-30,43.4830729166667,20453,49920,2079119,2.40101696920667,40.9715544871795
"4154",2013-10-01,54.5007511156276,30316,45266,2079119,2.17717215801501,66.9730040206778
"4155",2013-10-02,58.7116375531847,35871,46771,2079119,2.24955858707462,76.6949605524791
"4156",2013-10-03,58.100914883189,47329,61210,2079119,2.94403543039143,77.322332952132
"4157",2013-10-04,69.263450235257,118602,133046,2079119,6.39915271805029,89.1436044676277
"4158",2013-10-05,66.9355664961739,107651,125323,2079119,6.02769730833108,85.8988374041477
"4159",2013-10-06,70.478109790972,84972,92667,2079119,4.45703204097505,91.6960730357085
"4160",2013-10-07,70.7527814331858,45489,50154,2079119,2.41227173624983,90.6986481636559
"4161",2013-10-08,60.3474241307697,22449,29854,2079119,1.43589664660849,75.1959536410531
"4162",2013-10-09,48.8383932407275,7595,13966,2079119,0.671726822755215,54.3820707432336
"4163",2013-10-10,60.2753815065152,12143,14351,2079119,0.690244281351861,84.614312591457
"4164",2013-10-11,66.4599291656371,10652,12141,2079119,0.583949259277607,87.7357713532658
"4165",2013-10-12,59.7677290836653,4265,5020,2079119,0.241448421182241,84.9601593625498
"4166",2013-10-13,52.1669195751138,909,1318,2079119,0.0633922348841024,68.9681335356601
"4167",2013-10-14,50.9117647058824,40,68,2079119,0.00327061606382319,58.8235294117647
"4168",2013-10-15,56.4228855721393,156,201,2079119,0.00966755630630089,77.6119402985075
"4169",2013-10-16,51.5416666666667,17,24,2079119,0.00115433508134936,70.8333333333333
"4170",2013-10-17,49.2878787878788,247,330,2079119,0.0158721073685537,74.8484848484849
"4171",2013-10-18,70.0281329923274,357,391,2079119,0.0188060423669833,91.304347826087
"4172",2013-10-19,61.5675675675676,63,74,2079119,0.00355919983416053,85.1351351351351
"4173",2013-10-20,NA,NA,0,2079119,0,NA
"4174",2013-10-21,NA,NA,0,2079119,0,NA
"4175",2013-10-22,NA,NA,0,2079119,0,NA
"4176",2013-10-23,NA,NA,0,2079119,0,NA
"4177",2013-10-24,NA,NA,0,2079119,0,NA
"4178",2013-10-25,NA,NA,0,2079119,0,NA
"4179",2013-10-26,NA,NA,0,2079119,0,NA
"4180",2013-10-27,NA,NA,0,2079119,0,NA
"4181",2013-10-28,NA,NA,0,2079119,0,NA
"4182",2013-10-29,NA,NA,0,2079119,0,NA
"4183",2013-10-30,NA,NA,0,2079119,0,NA
"4184",2013-10-31,NA,NA,0,2079119,0,NA
"4185",2013-11-01,NA,NA,0,2079119,0,NA
"4186",2013-11-02,NA,NA,0,2079119,0,NA
"4187",2013-11-03,NA,NA,0,2079119,0,NA
"4188",2013-11-04,NA,NA,0,2079119,0,NA
"4189",2013-11-05,NA,NA,0,2079119,0,NA
"4190",2013-11-06,NA,NA,0,2079119,0,NA
"4191",2013-11-07,NA,NA,0,2079119,0,NA
"4192",2013-11-08,NA,NA,0,2079119,0,NA
"4193",2013-11-09,NA,NA,0,2079119,0,NA
"4194",2013-11-10,NA,NA,0,2079119,0,NA
"4195",2013-11-11,NA,NA,0,2079119,0,NA
"4196",2013-11-12,NA,NA,0,2079119,0,NA
"4197",2013-11-13,NA,NA,0,2079119,0,NA
"4198",2013-11-14,NA,NA,0,2079119,0,NA
"4199",2013-11-15,NA,NA,0,2079119,0,NA
"4200",2013-11-16,NA,NA,0,2079119,0,NA
"4201",2013-11-17,NA,NA,0,2079119,0,NA
"4202",2013-11-18,NA,NA,0,2079119,0,NA
"4203",2013-11-19,NA,NA,0,2079119,0,NA
"4204",2013-11-20,NA,NA,0,2079119,0,NA
"4205",2013-11-21,NA,NA,0,2079119,0,NA
"4206",2013-11-22,NA,NA,0,2079119,0,NA
"4207",2013-11-23,NA,NA,0,2079119,0,NA
"4208",2013-11-24,NA,NA,0,2079119,0,NA
"4209",2013-11-25,NA,NA,0,2079119,0,NA
"4210",2014-01-17,NA,NA,0,2079119,0,NA
"4211",2014-01-18,NA,NA,0,2079119,0,NA
"4212",2014-01-19,NA,NA,0,2079119,0,NA
"4213",2014-01-20,NA,NA,0,2079119,0,NA
"4214",2014-01-21,NA,NA,0,2079119,0,NA
"4215",2014-01-22,NA,NA,0,2079119,0,NA
"4216",2014-01-23,NA,NA,0,2079119,0,NA
"4217",2014-01-24,NA,NA,0,2079119,0,NA
"4218",2014-01-25,NA,NA,0,2079119,0,NA
"4219",2014-01-26,NA,NA,0,2079119,0,NA
"4220",2014-01-27,NA,NA,0,2079119,0,NA
"4221",2014-01-28,NA,NA,0,2079119,0,NA
"4222",2014-01-29,NA,NA,0,2079119,0,NA
"4223",2014-01-30,NA,NA,0,2079119,0,NA
"4224",2014-01-31,NA,NA,0,2079119,0,NA
"4225",2014-02-01,NA,NA,0,2079119,0,NA
"4226",2014-02-02,NA,NA,0,2079119,0,NA
"4227",2014-02-03,NA,NA,0,2079119,0,NA
"4228",2014-02-04,NA,NA,0,2079119,0,NA
"4229",2014-02-05,NA,NA,0,2079119,0,NA
"4230",2014-02-06,NA,NA,0,2079119,0,NA
"4231",2014-02-07,NA,NA,0,2079119,0,NA
"4232",2014-02-08,NA,NA,0,2079119,0,NA
"4233",2014-02-09,NA,NA,0,2079119,0,NA
"4234",2014-02-10,NA,NA,0,2079119,0,NA
"4235",2014-02-11,NA,NA,0,2079119,0,NA
"4236",2014-02-12,NA,NA,0,2079119,0,NA
"4237",2014-02-13,NA,NA,0,2079119,0,NA
"4238",2014-02-14,NA,NA,0,2079119,0,NA
"4239",2014-02-15,NA,NA,0,2079119,0,NA
"4240",2014-02-16,NA,NA,0,2079119,0,NA
"4241",2014-02-17,NA,NA,0,2079119,0,NA
"4242",2014-02-18,NA,NA,0,2079119,0,NA
"4243",2014-02-19,NA,NA,0,2079119,0,NA
"4244",2014-02-20,NA,NA,0,2079119,0,NA
"4245",2014-02-21,NA,NA,0,2079119,0,NA
"4246",2014-02-22,NA,NA,0,2079119,0,NA
"4247",2014-02-23,54.6603773584906,76,106,2079119,0.00509831327595967,71.6981132075472
"4248",2014-02-24,67.1392857142857,231,280,2079119,0.0134672426157425,82.5
"4249",2014-02-25,66.2556962025317,364,395,2079119,0.0189984315472082,92.1518987341772
"4250",2014-02-26,28.2511627906977,0,215,2079119,0.010340918437088,0
"4251",2014-02-27,84.6720647773279,988,988,2079119,0.0475201275155487,100
"4252",2014-02-28,73.285536159601,3936,4010,2079119,0.192870153175456,98.1546134663342
"4253",2014-03-01,66.2998624484182,2614,2908,2079119,0.139866934023497,89.8899587345255
"4254",2014-03-02,59.0049944506104,6383,7208,2079119,0.346685302765258,88.5543840177581
"4255",2014-03-03,48.1359649122807,246,456,2079119,0.0219323665456378,53.9473684210526
"4256",2014-03-04,65.7580455652672,32112,34895,2079119,1.67835511098691,92.0246453646654
"4257",2014-03-05,68.4708370777897,43743,45623,2079119,2.19434289235008,95.879271420117
"4258",2014-03-06,62.2229419481797,19591,24392,2079119,1.1731892210114,80.317317153165
"4259",2014-03-07,66.3633461130811,66888,76423,2079119,3.67573958008176,87.5233895555003
"4260",2014-03-08,72.0589839433905,78488,85074,2079119,4.09182927961314,92.2585043609093
"4261",2014-03-09,67.9462882706557,32493,35765,2079119,1.72019975768583,90.8513910247449
"4262",2014-03-10,66.6339960518895,66894,70920,2079119,3.41106016538736,94.3231810490694
"4263",2014-03-11,64.3527544220772,75835,85989,2079119,4.13583830458959,88.191512867925
"4264",2014-03-12,69.3392438569356,121773,125426,2079119,6.03265132972187,97.0875257123722
"4265",2014-03-13,70.3905413642157,179234,180470,2079119,8.68011883879662,99.3151216268632
"4266",2014-03-14,67.1028069865022,157273,158248,2079119,7.61130074805723,99.3838784692382
"4267",2014-03-15,66.0448553872936,133779,135569,2079119,6.52050219347714,98.6796391505433
"4268",2014-03-16,73.2557331480195,155622,158290,2079119,7.61332083444959,98.3144860698717
"4269",2014-03-17,58.889211026616,15751,21040,2079119,1.01196708798294,74.8621673003802
"4270",2014-03-18,65.7969788441358,71135,77189,2079119,3.71258210809482,92.1569135498581
"4271",2014-03-19,71.9030016051364,120828,124600,2079119,5.99292296400543,96.9727126805778
"4272",2014-03-20,62.5712360156355,49412,51933,2079119,2.49783682415485,95.1456684574355
"4273",2014-03-21,63.8230843602769,62557,65161,2079119,3.13406784315857,96.0037445711392
"4274",2014-03-22,66.712446072799,90327,92254,2079119,4.43716785811683,97.9112016823119
"4275",2014-03-23,66.5639082729623,87936,90137,2079119,4.3353458844828,97.558161465325
"4276",2014-03-24,68.1487633265774,60043,60687,2079119,2.91888054507703,98.9388172096166
"4277",2014-03-25,66.7841354805962,20780,21671,2079119,1.04231648116342,95.8885146047714
"4278",2014-03-26,68.5939860407305,125089,125508,2079119,6.03659530791648,99.6661567390127
"4279",2014-03-27,59.4745762711864,58,59,2079119,0.00283774040831718,98.3050847457627
"4280",2014-03-28,69.5958358950499,57498,60181,2079119,2.89454331377858,95.5417822900916
"4281",2014-03-29,66.9881840527837,44654,46378,2079119,2.23065635011753,96.2827202552935
"4282",2014-03-30,72.0364355895197,100268,102592,2079119,4.93439769440806,97.7347161572052
"4283",2014-03-31,73.8907048733386,140256,140848,2079119,6.77440781407894,99.5796887424742
"4284",2014-04-01,72.4102437225909,102532,103068,2079119,4.95729200685483,99.4799549811775
"4285",2014-04-02,72.3734146241997,97636,98084,2079119,4.71757508829461,99.5432486440194
"4286",2014-04-03,72.5241528309419,84825,85166,2079119,4.09625423075832,99.5996054763638
"4287",2014-04-04,70.6019516908213,102999,103500,2079119,4.97807003831911,99.5159420289855
"4288",2014-04-05,72.4439033714411,109615,109864,2079119,5.28416122405692,99.7733561494211
"4289",2014-04-06,73.3847538053861,161887,162270,2079119,7.80474806877336,99.7639736242066
"4290",2014-04-07,74.753343583229,168386,168457,2079119,8.10232603328621,99.9578527458046
"4291",2014-04-08,67.9979466119097,1436,1461,2079119,0.0702701480771423,98.2888432580424
"4292",2014-04-09,65.6958841463415,1298,1312,2079119,0.063103651113765,98.9329268292683
"4293",2014-04-10,65.792242919112,38733,39190,2079119,1.88493299325339,98.833886195458
"4294",2014-04-11,65.904512263621,5201,5341,2079119,0.256887652895289,97.3787680209699
"4295",2014-04-12,69.3136937577805,112288,112460,2079119,5.40902180202288,99.8470567312822
"4296",2014-04-13,67.716903235235,109140,109482,2079119,5.26578805734544,99.6876198827204
"4297",2014-04-14,70.9681465983439,112551,112798,2079119,5.42527868775188,99.7810244862498
"4298",2014-04-15,72.6784237855257,168833,170053,2079119,8.17908931619595,99.2825766084691
"4299",2014-04-16,63.6091531310655,9561,9789,2079119,0.47082442130537,97.670855041373
"4300",2014-04-17,64.7420657818811,22958,24262,2079119,1.16693657265409,94.6253400379194
"4301",2014-04-18,71.5896911340844,109819,109983,2079119,5.28988480216861,99.8508860460253
"4302",2014-04-19,72.5733047862678,107665,107892,2079119,5.18931335820605,99.7896044192341
"4303",2014-04-20,68.4776857726637,18212,18598,2079119,0.894513493455642,97.9245080116142
"4304",2014-04-21,69.0920833126869,60446,60543,2079119,2.91195453458893,99.8397832945179
"4305",2014-04-22,70.7356719817768,98427,98775,2079119,4.75081031917846,99.6476841305998
"4306",2014-04-23,73.1501939550671,148398,148488,2079119,7.14187114830849,99.9393890415387
"4307",2014-04-24,74.5226170655275,178268,178383,2079119,8.57973978401429,99.9355319733383
"4308",2014-04-25,77.2483068779056,131713,131857,2079119,6.34196503422844,99.8907907809218
"4309",2014-04-26,76.544522432478,177957,178090,2079119,8.56564727656281,99.9253186591049
"4310",2014-04-27,68.8415449873562,48922,49036,2079119,2.35849896037697,99.7675177420671
"4311",2014-04-28,73.4166594000698,91699,91744,2079119,4.41263823763815,99.9509504708755
"4312",2014-04-29,73.8481852506602,45309,45819,2079119,2.2037699621811,98.8869246382505
"4313",2014-04-30,75.0266119221411,26275,26304,2079119,1.2651512491589,99.8897506082725
"4314",2014-05-01,75.6967741935484,2453,2480,2079119,0.119281291739434,98.9112903225806
"4315",2014-05-02,74.9869311879231,78402,78431,2079119,3.77231894855465,99.9630248243679
"4316",2014-05-03,72.7446735542504,139907,139962,2079119,6.73179361065913,99.9607036195539
"4317",2014-05-04,75.5327940162326,188483,188510,2079119,9.06682109104866,99.9856771524057
"4318",2014-05-05,77.9295535515475,143484,143712,2079119,6.91215846711997,99.8413493653975
"4319",2014-05-06,71.257963643861,29078,29101,2079119,1.39967938343116,99.920964915295
"4320",2014-05-07,76.1599793308358,38695,38705,2079119,1.86160580515112,99.9741635447617
"4321",2014-05-08,74.1845297790431,92479,92733,2079119,4.46020646244876,99.7260953490128
"4322",2014-05-09,74.5165142455153,113678,113720,2079119,5.46962439379372,99.9630671825536
"4323",2014-05-10,72.294143471771,45489,45556,2079119,2.19112037358131,99.8529282641145
"4324",2014-05-11,72.6635710941158,51230,51256,2079119,2.46527495540178,99.9492742313095
"4325",2014-05-12,72.0565704636168,104146,104224,2079119,5.01289247993982,99.9251611912803
"4326",2014-05-13,73.4766051195972,28582,28596,2079119,1.37539024942776,99.9510421037907
"4327",2014-05-14,72.82257009885,25984,25999,2079119,1.25048157416675,99.9423054732874
"4328",2014-05-15,72.5718170012445,147792,147848,2079119,7.11108887947251,99.9621232617283
"4329",2014-05-16,72.4557849462366,46381,46500,2079119,2.23652422011438,99.7440860215054
"4330",2014-05-17,76.960490155626,128243,128449,2079119,6.17804945267683,99.839625065201
"4331",2014-05-18,76.7814594213784,171634,171753,2079119,8.26085471779153,99.9307144562249
"4332",2014-05-19,72.9550345508391,40456,40520,2079119,1.94890239567817,99.8420533070089
"4333",2014-05-20,73.4204477800429,55329,55429,2079119,2.6659849676714,99.8195890237962
"4334",2014-05-21,73.6272974623799,35734,36018,2079119,1.73236837333505,99.2115053584319
"4335",2014-05-22,76.9385853540812,95119,95303,2079119,4.58381651074325,99.8069315761309
"4336",2014-05-23,80.6090289835715,112173,112305,2079119,5.40156672128916,99.8824629357553
"4337",2014-05-24,78.7584896482534,98496,98679,2079119,4.74619297885306,99.814550208251
"4338",2014-05-25,79.6871813711922,198455,198703,2079119,9.55707681955674,99.8751906111131
"4339",2014-05-26,79.5977740140334,123662,123990,2079119,5.96358361402113,99.7354625373014
"4340",2014-05-27,73.3257164988381,20584,20656,2079119,0.993497726681349,99.6514329976762
"4341",2014-05-28,79.8431916621549,29391,29552,2079119,1.42137126350151,99.4551976177585
"4342",2014-05-29,75.9655616031667,9750,10105,2079119,0.486023166543137,96.4868876793666
"4343",2014-05-30,73.8828721610632,9946,10083,2079119,0.4849650260519,98.6412773975999
"4344",2014-05-31,77.7853908133859,16967,17003,2079119,0.817798307840965,99.7882726577663
"4345",2014-06-01,78.0137358747062,70063,70618,2079119,3.39653478228038,99.2140813956781
"4346",2014-06-02,73.434109343727,18832,18986,2079119,0.913175243937456,99.188876013905
"4347",2014-06-03,78.644099675894,92606,94105,2079119,4.5261959512659,98.4070984538547
"4348",2014-06-04,80.5778826929216,176576,178557,2079119,8.58810871335407,98.8905503564688
"4349",2014-06-05,78.9955678207058,11460,11958,2079119,0.575147454282319,95.8354239839438
"4350",2014-06-06,85.8412396990326,26840,27910,2079119,1.34239550501919,96.1662486563956
"4351",2014-06-07,84.0694245634125,48452,48902,2079119,2.35205392283943,99.0797922375363
"4352",2014-06-08,84.6923888714933,82961,86229,2079119,4.14738165540308,96.2100917324798
"4353",2014-06-09,74.8062086513995,9641,9825,2079119,0.472555923927394,98.1272264631043
"4354",2014-06-10,67.5848044061573,6910,7081,2079119,0.340576946293117,97.5850868521395
"4355",2014-06-11,74.6214183632828,123847,128049,2079119,6.15881053465434,96.7184437207631
"4356",2014-06-12,75.8796111462746,58855,61617,2079119,2.96361102947931,95.5174708278559
"4357",2014-06-13,74.4497484659185,67892,72356,2079119,3.4801278810881,93.8305047266294
"4358",2014-06-14,66.3102476097083,21079,24474,2079119,1.17713319920601,86.1281359810411
"4359",2014-06-15,69.7562876319464,60891,66599,2079119,3.20323175344942,91.4293007402513
"4360",2014-06-16,71.5871905769762,79911,86936,2079119,4.18138644300783,91.9193429649397
"4361",2014-06-17,72.2764705882353,13568,13770,2079119,0.662299752924195,98.5330428467683
"4362",2014-06-18,62.6480360411094,6452,7103,2079119,0.341635086784354,90.8348585104885
"4363",2014-06-19,64.6026856981876,9642,10649,2079119,0.512188095053722,90.5437130246972
"4364",2014-06-20,72.712223215397,82054,88381,2079119,4.25088703436407,92.8412215295143
"4365",2014-06-21,74.9468857063818,174789,187972,2079119,9.04094474630841,92.9867214265955
"4366",2014-06-22,77.2769671687418,143635,157015,2079119,7.55199678325291,91.4785211603987
"4367",2014-06-23,76.646020721849,15597,17566,2079119,0.844877084957619,88.7908459524081
"4368",2014-06-24,79.131923706772,18610,20762,2079119,0.998596039957309,89.6349099316058
"4369",2014-06-25,83.3439037073953,87796,92302,2079119,4.43947652827953,95.1181989556023
"4370",2014-06-26,80.6412217289231,40171,43021,2079119,2.06919373061378,93.3753283280259
"4371",2014-06-27,78.4261253080815,28538,30836,2079119,1.4831281903537,92.5476715527306
"4372",2014-06-28,80.3073421372876,20790,22187,2079119,1.06713468541243,93.7035200793257
"4373",2014-06-29,77.7450717775556,46274,53011,2079119,2.54968570822546,87.2913168964932
"4374",2014-06-30,72.3157393850659,13330,13660,2079119,0.657009050468011,97.584187408492
"4375",2014-07-01,69.9528301886792,16840,20458,2079119,0.983974462260217,82.314986802229
"4376",2014-07-02,75.6875367116997,35714,37454,2079119,1.80143608903579,95.3543012762322
"4377",2014-07-03,85.4426860564585,2251,2338,2079119,0.11245147584145,96.278870829769
"4378",2014-07-04,81.2424031007752,12024,12900,2079119,0.620455106225281,93.2093023255814
"4379",2014-07-05,77.5852400179453,74477,80244,2079119,3.85951934449159,92.8131698320124
"4380",2014-07-06,76.1738242082561,24349,26429,2079119,1.27116341104093,92.1298573536645
"4381",2014-07-07,73.3028748292112,58077,71726,2079119,3.44982658520267,80.9706382622759
"4382",2014-07-08,73.2033655092926,141032,173525,2079119,8.34608312463115,81.2747442731595
"4383",2014-07-09,68.1292719167905,27038,32304,2079119,1.55373501949624,83.698613174839
"4384",2014-07-10,48.8836468885673,2461,3455,2079119,0.166176154419252,71.2301013024602
"4385",2014-07-11,41.7266394835202,8077,17658,2079119,0.849302036102792,45.7413070562918
"4386",2014-07-12,61.4464406779661,18183,26550,2079119,1.27698318374273,68.4858757062147
"4387",2014-07-13,57.6448109412711,43234,67122,2079119,3.22838663876382,64.4110723756742
"4388",2014-07-14,60.8887390983446,90015,132778,2079119,6.38626264297522,67.7936103872629
"4389",2014-07-15,65.6188654856755,140407,188768,2079119,9.07923019317317,74.3807213086964
"4390",2014-07-16,63.4203013283631,113783,160423,2079119,7.71591236480452,70.9268621083012
"4391",2014-07-17,74.0993625334156,20583,24315,2079119,1.16948572929207,84.6514497223936
"4392",2014-07-18,63.6486027591086,10078,14135,2079119,0.679855265619717,71.2981959674567
"4393",2014-07-19,68.5355221340807,31365,39961,2079119,1.92201600774174,78.4890268011311
"4394",2014-07-20,63.7005687984422,90316,129923,2079119,6.2489448655897,69.5150204351808
"4395",2014-07-21,62.6335927460691,48936,69259,2079119,3.33117055829897,70.6565211741434
"4396",2014-07-22,64.7290858598609,93642,130713,2079119,6.28694172868412,71.6393931743591
"4397",2014-07-23,51.6043901837465,9128,16218,2079119,0.78004193122183,56.2831421876927
"4398",2014-07-24,53.0404549271048,22915,39303,2079119,1.89036798759475,58.3034373966364
"4399",2014-07-25,69.6338086185044,49322,63120,2079119,3.03590126394882,78.1400506970849
"4400",2014-07-26,51.6945955329244,5178,8641,2079119,0.415608726580826,59.9236199513945
"4401",2014-07-27,28.8759180094267,2851,9123,2079119,0.438791622797925,31.2506850816617
"4402",2014-07-28,53.8801381545284,30266,46904,2079119,2.2559555273171,64.5275456251066
"4403",2014-07-29,52.15016606761,25512,43958,2079119,2.11426089608147,58.0372173438282
"4404",2014-07-30,50.0608381868828,27853,47388,2079119,2.27923461812431,58.776483497932
"4405",2014-07-31,41.1277459725736,21036,45066,2079119,2.16755269900376,46.678205298895
"4406",2014-08-01,62.2120653432234,35684,46646,2079119,2.24354642519259,76.4995926767568
"4407",2014-08-02,46.1451211932878,8040,16090,2079119,0.773885477454633,49.9689247980112
"4408",2014-08-03,42.6496953872933,23443,48258,2079119,2.32107926482323,48.5784740353931
"4409",2014-08-04,51.413083335189,76501,134721,2079119,6.47971568726946,56.7847625834131
"4410",2014-08-05,41.4174915412857,52253,111128,2079119,5.34495620500799,47.0205528759628
"4411",2014-08-06,52.5858647201001,97454,164666,2079119,7.91998918772807,59.1828306997194
"4412",2014-08-07,65.1326900150707,66074,88914,2079119,4.27652289262904,74.3122567874575
"4413",2014-08-08,60.7949286928537,52873,77061,2079119,3.70642565432763,68.6118789011303
"4414",2014-08-09,58.4461415237601,141195,215992,2079119,10.3886309537838,65.3704766843216
"4415",2014-08-10,55.847159239557,57379,91736,2079119,4.4122534592777,62.5479637219848
"4416",2014-08-11,56.9438592412861,44767,68827,2079119,3.31039252683468,65.0427884405829
"4417",2014-08-12,41.1622642204539,24761,54288,2079119,2.61110595401225,45.6104479811376
"4418",2014-08-13,57.7943067033976,16459,25047,2079119,1.20469294927323,65.7124605741207
"4419",2014-08-14,50.3618398599628,51297,90833,2079119,4.36882160184193,56.4739687118118
"4420",2014-08-15,57.0058253955758,33276,50812,2079119,2.44391975639682,65.4884672911911
"4421",2014-08-16,55.753603395386,30077,47594,2079119,2.28914266090589,63.1949405387234
"4422",2014-08-17,41.7973799520146,41772,88777,2079119,4.26993356320634,47.0527276208928
"4423",2014-08-18,47.7355815910415,17867,30898,2079119,1.48611022264719,57.825749239433
"4424",2014-08-19,57.2255554712975,44323,65935,2079119,3.17129514953209,67.222264351255
"4425",2014-08-20,52.5861074948856,108435,172064,2079119,8.27581297655401,63.0201552910545
"4426",2014-08-21,53.0419973031504,75116,122365,2079119,5.88542550955477,61.3868344706411
"4427",2014-08-22,49.4125632027772,59827,106008,2079119,5.09869805432012,56.4363066938344
"4428",2014-08-23,48.1861200641169,63088,116038,2079119,5.58111392373404,54.3683965597477
"4429",2014-08-24,55.0748130452038,80449,128507,2079119,6.18083909579009,62.6028154108337
"4430",2014-08-25,54.4429667277826,96796,148352,2079119,7.13532991618084,65.2475194132873
"4431",2014-08-26,54.3883861623451,100004,156038,2079119,7.50500572598298,64.0895166561991
"4432",2014-08-27,50.34653826512,23462,41121,2079119,1.97780887000696,57.0560054473383
"4433",2014-08-28,45.6293204977213,9351,19529,2079119,0.939292075152986,47.8826360796764
"4434",2014-08-29,57.5650043915292,31762,51235,2079119,2.4642649122056,61.9927783741583
"4435",2014-08-30,47.0804557251573,24967,45466,2079119,2.18679161702625,54.9135617824308
"4436",2014-08-31,40.533646466507,30965,65148,2079119,3.13344257832284,47.5302388407933
"4437",2014-09-01,46.3689131206865,59981,104179,2079119,5.01072810166229,57.5749431267338
"4438",2014-09-02,61.0406383982604,37065,48747,2079119,2.34459884210572,76.0354483352822
"4439",2014-09-03,51.0066089131017,13892,22394,2079119,1.07709082548907,62.0344735196928
"4440",2014-09-04,45.8552405109158,11911,22078,2079119,1.0618920802513,53.9496331189419
"4441",2014-09-05,58.0845652043809,12258,16709,2079119,0.803657703094436,73.3616613800946
"4442",2014-09-06,56.7090811548966,16666,20504,2079119,0.986186937832803,81.2817011314865
"4443",2014-09-07,53.468313259135,53898,78708,2079119,3.78564189928523,68.4784265894191
"4444",2014-09-08,58.2077387946953,33846,47656,2079119,2.29212469319938,71.0214873258352
"4445",2014-09-09,62.1400255754476,13424,17204,2079119,0.827465864147266,78.0283654963962
"4446",2014-09-10,58.357783817999,18625,26857,2079119,1.29174905332499,69.348773131772
"4447",2014-09-11,50.9573367808662,8278,13923,2079119,0.669658639067797,59.4555771026359
"4448",2014-09-12,59.4767682296418,27840,32886,2079119,1.58172764521896,84.6560846560847
"4449",2014-09-13,58.6319687307138,12780,14583,2079119,0.701402853804905,87.636288829459
"4450",2014-09-14,51.1269217018234,45083,72722,2079119,3.49773149107867,61.9936195374165
"4451",2014-09-15,58.4665847206264,136661,187115,2079119,8.99972536444523,73.0358335782807
"4452",2014-09-16,52.7158628995835,13856,19927,2079119,0.958434798585362,69.5337983640287
"4453",2014-09-17,49.9952903143279,50950,85993,2079119,4.13603069376981,59.2490086402382
"4454",2014-09-18,49.2257439479476,25457,41804,2079119,2.01065932253036,60.8960864988996
"4455",2014-09-19,52.0420387869077,27584,42437,2079119,2.04110491030095,64.9998821782878
"4456",2014-09-20,62.9600474193605,50152,56517,2079119,2.71831482469257,88.7379018702337
"4457",2014-09-21,61.4763425748477,60563,70443,2079119,3.38811775564554,85.9744758173275
"4458",2014-09-22,62.8248291902893,38461,41274,2079119,1.98516775615056,93.1845714008819
"4459",2014-09-23,59.1960461285008,19627,23066,2079119,1.10941220776685,85.0906095551895
"4460",2014-09-24,47.606096689688,7107,12597,2079119,0.605881625823245,56.4181948082877
"4461",2014-09-25,58.1847415034035,28276,40987,2079119,1.97136383246943,68.9877278161368
"4462",2014-09-26,57.4161407398137,42527,55933,2079119,2.69022600437974,76.0320383315753
"4463",2014-09-27,59.6077293421187,52344,68751,2079119,3.30673713241041,76.1356198455295
"4464",2014-09-28,67.1622735048703,50328,57286,2079119,2.75530164459081,87.8539259155815
"4465",2014-09-29,57.1344283553058,17819,23135,2079119,1.11273092112573,77.0218283985304
"4466",2014-09-30,60.9725141471302,18889,24740,2079119,1.18992707969097,76.3500404203719
"4467",2014-10-01,65.8615486385497,100272,111866,2079119,5.38045200875948,89.6358142777967
"4468",2014-10-02,52.584639152505,2908,4531,2079119,0.217928843899748,64.1800926947694
"4469",2014-10-03,68.9018855529464,128596,143088,2079119,6.88214575500488,89.8719669014872
"4470",2014-10-04,58.7919194334041,48044,66926,2079119,3.2189595689328,71.7867495442728
"4471",2014-10-05,48.529501139529,2911,3949,2079119,0.189936218177026,73.714864522664
"4472",2014-10-06,67.4046046679935,92648,110540,2079119,5.31667499551493,83.8140039804596
"4473",2014-10-07,66.5211154357098,74081,85814,2079119,4.12742127795475,86.3274057846039
"4474",2014-10-08,55.3618124628071,18143,23526,2079119,1.13153696349271,77.1189322451756
"4475",2014-10-09,50.2547491475889,1142,2053,2079119,0.0987437467504265,55.6259132976133
"4476",2014-10-10,63.1156679025954,36418,39916,2079119,1.91985162946421,91.2365968533921
"4477",2014-10-11,41.4102219233356,554,1487,2079119,0.0715206777486041,37.2562205783457
"4478",2014-10-12,57.4106503893917,3563,4751,2079119,0.228510248812117,74.9947379499053
"4479",2014-10-13,57.6376376376376,802,999,2079119,0.0480491977611671,80.2802802802803
"4480",2014-10-14,61.5284552845528,210,246,2079119,0.0118319345838309,85.3658536585366
"4481",2014-10-15,NA,NA,0,2079119,0,NA
"4482",2014-10-16,54.5454545454545,86,121,2079119,0.00581977270180302,71.0743801652893
"4483",2014-10-17,63.4904109589041,666,730,2079119,0.035111025391043,91.2328767123288
"4484",2014-10-18,NA,NA,0,2079119,0,NA
"4485",2014-10-19,65.7229080932785,715,729,2079119,0.0350629280959868,98.079561042524
"4486",2014-10-20,69.9125799573561,437,469,2079119,0.0225576313813687,93.1769722814499
"4487",2014-10-21,NA,NA,0,2079119,0,NA
"4488",2014-10-22,NA,NA,0,2079119,0,NA
"4489",2014-10-23,NA,NA,0,2079119,0,NA
"4490",2014-10-24,NA,NA,0,2079119,0,NA
"4491",2014-10-25,NA,NA,0,2079119,0,NA
"4492",2014-10-27,NA,NA,0,2079119,0,NA
"4493",2014-10-28,NA,NA,0,2079119,0,NA
"4494",2014-10-29,NA,NA,0,2079119,0,NA
"4495",2014-10-30,NA,NA,0,2079119,0,NA
"4496",2014-10-31,NA,NA,0,2079119,0,NA
"4497",2014-11-01,NA,NA,0,2079119,0,NA
"4498",2014-11-02,NA,NA,0,2079119,0,NA
"4499",2014-11-03,NA,NA,0,2079119,0,NA
"4500",2014-11-04,NA,NA,0,2079119,0,NA
"4501",2014-11-05,NA,NA,0,2079119,0,NA
"4502",2014-11-06,NA,NA,0,2079119,0,NA
"4503",2014-11-07,NA,NA,0,2079119,0,NA
"4504",2014-11-08,NA,NA,0,2079119,0,NA
"4505",2014-11-09,NA,NA,0,2079119,0,NA
"4506",2014-11-10,NA,NA,0,2079119,0,NA
"4507",2014-11-11,NA,NA,0,2079119,0,NA
"4508",2014-11-12,NA,NA,0,2079119,0,NA
"4509",2014-11-13,NA,NA,0,2079119,0,NA
"4510",2014-11-14,NA,NA,0,2079119,0,NA
"4511",2014-11-15,NA,NA,0,2079119,0,NA
"4512",2014-11-16,NA,NA,0,2079119,0,NA
"4513",2014-11-17,NA,NA,0,2079119,0,NA
"4514",2014-11-18,NA,NA,0,2079119,0,NA
"4515",2014-11-19,NA,NA,0,2079119,0,NA
"4516",2014-11-20,NA,NA,0,2079119,0,NA
"4517",2014-11-21,NA,NA,0,2079119,0,NA
"4518",2014-11-22,NA,NA,0,2079119,0,NA
"4519",2014-11-23,NA,NA,0,2079119,0,NA
"4520",2014-11-24,NA,NA,0,2079119,0,NA
"4521",2014-11-26,NA,NA,0,2079119,0,NA
"4522",2015-01-17,NA,NA,0,2079119,0,NA
"4523",2015-01-18,NA,NA,0,2079119,0,NA
"4524",2015-01-20,NA,NA,0,2079119,0,NA
"4525",2015-01-21,NA,NA,0,2079119,0,NA
"4526",2015-01-22,NA,NA,0,2079119,0,NA
"4527",2015-01-23,NA,NA,0,2079119,0,NA
"4528",2015-01-24,NA,NA,0,2079119,0,NA
"4529",2015-01-25,NA,NA,0,2079119,0,NA
"4530",2015-01-26,NA,NA,0,2079119,0,NA
"4531",2015-01-27,NA,NA,0,2079119,0,NA
"4532",2015-01-28,NA,NA,0,2079119,0,NA
"4533",2015-01-29,NA,NA,0,2079119,0,NA
"4534",2015-01-30,NA,NA,0,2079119,0,NA
"4535",2015-01-31,NA,NA,0,2079119,0,NA
"4536",2015-02-01,NA,NA,0,2079119,0,NA
"4537",2015-02-02,NA,NA,0,2079119,0,NA
"4538",2015-02-03,NA,NA,0,2079119,0,NA
"4539",2015-02-04,NA,NA,0,2079119,0,NA
"4540",2015-02-05,NA,NA,0,2079119,0,NA
"4541",2015-02-06,NA,NA,0,2079119,0,NA
"4542",2015-02-07,NA,NA,0,2079119,0,NA
"4543",2015-02-08,NA,NA,0,2079119,0,NA
"4544",2015-02-09,NA,NA,0,2079119,0,NA
"4545",2015-02-10,NA,NA,0,2079119,0,NA
"4546",2015-02-11,NA,NA,0,2079119,0,NA
"4547",2015-02-12,NA,NA,0,2079119,0,NA
"4548",2015-02-13,NA,NA,0,2079119,0,NA
"4549",2015-02-14,NA,NA,0,2079119,0,NA
"4550",2015-02-15,NA,NA,0,2079119,0,NA
"4551",2015-02-16,NA,NA,0,2079119,0,NA
"4552",2015-02-17,NA,NA,0,2079119,0,NA
"4553",2015-02-18,NA,NA,0,2079119,0,NA
"4554",2015-02-19,NA,NA,0,2079119,0,NA
"4555",2015-02-20,NA,NA,0,2079119,0,NA
"4556",2015-02-21,NA,NA,0,2079119,0,NA
"4557",2015-02-22,53.3846153846154,68,91,2079119,0.00437685385011632,74.7252747252747
"4558",2015-02-23,45.5483870967742,3,31,2079119,0.00149101614674292,9.67741935483871
"4559",2015-02-24,25.8947368421053,7,133,2079119,0.0063969402424777,5.26315789473684
"4560",2015-02-25,44.5,3,6,2079119,0.00028858377033734,50
"4561",2015-02-26,62.8978723404255,204,235,2079119,0.0113028643382125,86.8085106382979
"4562",2015-02-27,NA,NA,0,2079119,0,NA
"4563",2015-02-28,54.7922361946419,1151,1829,2079119,0.0879699526578325,62.9305631492619
"4564",2015-03-01,79.9113756613757,721,756,2079119,0.0363615550625048,95.3703703703704
"4565",2015-03-02,NA,NA,0,2079119,0,NA
"4566",2015-03-03,55.0203434610304,2514,3785,2079119,0.182048261787805,66.4200792602378
"4567",2015-03-04,68.8282423502561,35117,37681,2079119,1.81235417501355,93.1955096733102
"4568",2015-03-05,68.2789052374781,60981,65585,2079119,3.15446109626241,92.9801021575055
"4569",2015-03-06,50.8921870984323,3446,7782,2079119,0.37429315012753,44.2816756617836
"4570",2015-03-07,54.5416793480099,21467,29571,2079119,1.42228511210758,72.5947719049068
"4571",2015-03-08,61.3958616751482,48339,59541,2079119,2.86376104494259,81.1860734619842
"4572",2015-03-09,61.8928656304957,68679,84156,2079119,4.04767596275153,81.6091544274918
"4573",2015-03-10,60.3729778433059,39613,48834,2079119,2.34878330677561,81.1176639226768
"4574",2015-03-11,65.4181767779957,88844,97399,2079119,4.6846284411811,91.2165422642943
"4575",2015-03-12,54.9824730596671,15941,23849,2079119,1.14707238979587,66.8413769969391
"4576",2015-03-13,56.1520739384739,17137,22397,2079119,1.07723511737423,76.5147117917578
"4577",2015-03-14,60.5090859369659,60289,73135,2079119,3.51759567393689,82.4352225336706
"4578",2015-03-15,65.1589260171989,54268,58027,2079119,2.79094174022747,93.5219811467076
"4579",2015-03-16,62.3336642599278,57102,66480,2079119,3.19750817533773,85.8935018050542
"4580",2015-03-17,69.7935337701304,76992,81655,2079119,3.92738462781592,94.2893882799584
"4581",2015-03-18,53.4491569797885,6294,9549,2079119,0.459281070491877,65.9126610116243
"4582",2015-03-19,67.5889393387416,109468,112543,2079119,5.41301387751254,97.2677110082369
"4583",2015-03-20,68.9312028484806,111767,113464,2079119,5.45731148625932,98.5043714305859
"4584",2015-03-21,68.8597383523268,146413,147068,2079119,7.07357298932865,99.5546277912258
"4585",2015-03-22,62.2831354460294,68890,70242,2079119,3.37845019933924,98.0752256484724
"4586",2015-03-23,71.6368308320396,138518,139128,2079119,6.69168046658224,99.5615548272095
"4587",2015-03-24,71.9422749442542,155083,155617,2079119,7.48475676476431,99.6568498300314
"4588",2015-03-25,65.8433997234562,101469,101973,2079119,4.90462546876826,99.5057515224618
"4589",2015-03-26,57.4722296395194,13666,14980,2079119,0.720497479942226,91.2283044058745
"4590",2015-03-27,64.988134647573,26596,26885,2079119,1.29309577758656,98.9250511437605
"4591",2015-03-28,62.9883077374189,26016,27283,2079119,1.31223850101894,95.3560825422424
"4592",2015-03-29,69.6614622529174,104615,104975,2079119,5.04901354852704,99.6570612050488
"4593",2015-03-30,62.1814476458187,34865,35575,2079119,1.71106127162515,98.0042164441321
"4594",2015-03-31,58.4357322878745,10260,10713,2079119,0.515266321937321,95.7714925791095
"4595",2015-04-01,70.5982413302837,64055,64708,2079119,3.1122797684981,98.9908512085059
"4596",2015-04-02,70.5312652592273,104036,104445,2079119,5.02352198214725,99.6084063382642
"4597",2015-04-03,73.2139713411136,186422,186539,2079119,8.97202132249284,99.9372785315671
"4598",2015-04-04,68.4057768850203,53485,53766,2079119,2.5859991659929,99.4773648774318
"4599",2015-04-05,72.6983705807609,53228,53516,2079119,2.57397484222885,99.4618431870842
"4600",2015-04-06,70.4243516849258,21534,21633,2079119,1.04048878395128,99.542365829982
"4601",2015-04-07,77.0115835530375,106239,106962,2079119,5.14458287380376,99.3240590116116
"4602",2015-04-08,77.9665509749894,75192,75488,2079119,3.63076860920419,99.6078846969055
"4603",2015-04-09,73.5732073397598,46890,47304,2079119,2.27519444533959,99.1248097412481
"4604",2015-04-10,66.4188848701589,47755,49214,2079119,2.36706027889697,97.0353964319096
"4605",2015-04-11,70.4415442923539,85841,86279,2079119,4.14978652015589,99.4923446029741
"4606",2015-04-12,70.6454659470964,52479,52624,2079119,2.5310720550387,99.7244603222864
"4607",2015-04-13,50.4223300970874,192,412,2079119,0.019816085563164,46.6019417475728
"4608",2015-04-14,74.1896467101912,107344,107985,2079119,5.19378640664628,99.4063990369033
"4609",2015-04-15,71.9425241003188,49885,52074,2079119,2.50461854275777,95.7963667089142
"4610",2015-04-16,71.9306780889059,44101,46926,2079119,2.25701366780834,93.9798832203896
"4611",2015-04-17,74.2463235975892,107440,107850,2079119,5.18729327181369,99.6198423736671
"4612",2015-04-18,62.866580549917,25791,27095,2079119,1.30319620954837,95.1873039306145
"4613",2015-04-19,72.0644766916494,93849,94065,2079119,4.52427205946365,99.7703715515867
"4614",2015-04-20,72.4017983658443,75125,75513,2079119,3.63197104158059,99.4861811873452
"4615",2015-04-21,70.9589577426758,88836,88884,2079119,4.27507997377735,99.9459970298366
"4616",2015-04-22,69.7882102104473,50115,50654,2079119,2.43632038377794,98.9359181900738
"4617",2015-04-23,74.3231351981352,37536,37752,2079119,1.81576908296254,99.4278448823903
"4618",2015-04-24,66.0263582571275,18518,18590,2079119,0.894128715095192,99.6126949973104
"4619",2015-04-25,74.8049230149691,158398,158927,2079119,7.64395881140041,99.6671427762432
"4620",2015-04-26,76.497692025625,92623,92722,2079119,4.45967739220314,99.8932292228382
"4621",2015-04-27,71.0968942212772,51730,52676,2079119,2.53357311438162,98.204115726327
"4622",2015-04-28,72.7581952704616,56290,56496,2079119,2.71730478149639,99.6353724157462
"4623",2015-04-29,75.1183727825519,118839,119394,2079119,5.74252844594273,99.5351525202271
"4624",2015-04-30,75.8072483858862,130490,130567,2079119,6.27991952360591,99.9410264461924
"4625",2015-05-01,73.7076849199114,122762,122864,2079119,5.90942605978782,99.9169813777836
"4626",2015-05-02,71.0572718775416,164645,164758,2079119,7.92441413887324,99.9314145595358
"4627",2015-05-03,76.1356361751749,192846,192950,2079119,9.28037308109829,99.9461000259135
"4628",2015-05-04,75.0733625265701,85890,86093,2079119,4.14084042327544,99.7642084722335
"4629",2015-05-05,70.5176292040435,36859,36899,2079119,1.77474209027958,99.8915959782108
"4630",2015-05-06,65.6074652464344,21948,22156,2079119,1.06564366926568,99.0612023831016
"4631",2015-05-07,74.5118708062299,97280,97466,2079119,4.68785095994986,99.8091642213695
"4632",2015-05-08,74.528804094041,104814,104933,2079119,5.04699346213468,99.8865943030315
"4633",2015-05-09,72.013668715626,61751,61820,2079119,2.97337478037573,99.8883856357166
"4634",2015-05-10,72.0027177209968,41175,41211,2079119,1.98213762656202,99.912644682245
"4635",2015-05-11,74.0008701472557,44785,44820,2079119,2.15572076441993,99.9219098616689
"4636",2015-05-12,75.163778784447,105851,105960,2079119,5.09638938415742,99.8971309928275
"4637",2015-05-13,77.6553066412456,138344,138468,2079119,6.65993625184513,99.9104486235087
"4638",2015-05-14,75.8381612907877,69327,69353,2079119,3.33569170403426,99.9625106340029
"4639",2015-05-15,75.8446050138785,68068,68091,2079119,3.2749929176733,99.9662216739363
"4640",2015-05-16,73.4374921525133,23802,23893,2079119,1.14918867077834,99.6191353115975
"4641",2015-05-17,75.6318150448585,5730,5796,2079119,0.27877192214587,98.8612836438923
"4642",2015-05-18,79.4293499416115,20477,20552,2079119,0.988495607995502,99.6350720124562
"4643",2015-05-19,75.4532710280374,59947,60134,2079119,2.89228274091093,99.6890278378288
"4644",2015-05-20,75.0528931136355,80713,80899,2079119,3.89102307275341,99.7700836845944
"4645",2015-05-21,65.4891304347826,356,368,2079119,0.0176998045806902,96.7391304347826
"4646",2015-05-22,67.7511175546696,8040,8277,2079119,0.398101311180361,97.1366437114897
"4647",2015-05-23,81.9153461725987,32717,32816,2079119,1.57836083456502,99.6983178937104
"4648",2015-05-24,78.5285793140203,209766,210152,2079119,10.1077427506554,99.8163234230462
"4649",2015-05-25,81.479490235846,168397,168627,2079119,8.11050257344577,99.8636042863836
"4650",2015-05-26,78.2883469600765,91900,91976,2079119,4.4237968100912,99.9173697486301
"4651",2015-05-27,82.3093889518225,89521,90042,2079119,4.33077664145246,99.4213811332489
"4652",2015-05-28,81.2526831572112,84179,84695,2079119,4.07360040478684,99.3907550622823
"4653",2015-05-29,81.8248065306753,51491,51817,2079119,2.49225753792832,99.3708628442403
"4654",2015-05-30,82.7092624301774,154542,155931,2079119,7.49985931541196,99.1092213863824
"4655",2015-05-31,80.8703791193897,127610,129115,2079119,6.21008225118428,98.8343724586609
"4656",2015-06-01,82.3830631155531,87657,89249,2079119,4.29263548647288,98.2162265123419
"4657",2015-06-02,81.0819072192091,37030,37982,2079119,1.82683146082547,97.493549576115
"4658",2015-06-03,71.9928795121147,29516,30335,2079119,1.45903144553053,97.3001483434976
"4659",2015-06-04,72.4035895557532,18417,19111,2079119,0.919187405819484,96.3685835382764
"4660",2015-06-05,75.5852775852776,25016,25974,2079119,1.24927914179034,96.3116963116963
"4661",2015-06-06,75.755870126952,34791,35604,2079119,1.71245609318178,97.716548702393
"4662",2015-06-07,76.5729050178565,164050,166326,2079119,7.9998306975214,98.6316029965249
"4663",2015-06-08,79.8307907639303,118830,120744,2079119,5.80745979426863,98.4148280659909
"4664",2015-06-09,75.8580119133116,22792,23671,2079119,1.13851107127586,96.2865954121076
"4665",2015-06-10,74.1477874838894,27080,27932,2079119,1.34345364551043,96.9497350708864
"4666",2015-06-11,64.7380952380952,2015,2100,2079119,0.101004319618069,95.9523809523809
"4667",2015-06-12,68.2229149203688,15928,19088,2079119,0.918081168033191,83.4450963956412
"4668",2015-06-13,70.8738929146538,17762,19872,2079119,0.95578944735727,89.3820450885668
"4669",2015-06-14,74.0366646353849,27191,29538,2079119,1.42069790137072,92.0543029318167
"4670",2015-06-15,76.8548859701248,43807,48803,2079119,2.34729229062887,89.7629244103846
"4671",2015-06-16,82.7397499936611,37727,39439,2079119,1.89690921972239,95.659119146023
"4672",2015-06-17,81.3365239156146,34759,36357,2079119,1.74867335635911,95.604697857359
"4673",2015-06-18,63.4272991287512,4035,5165,2079119,0.248422528965393,78.1219748305905
"4674",2015-06-19,78.70631471803,100334,102174,2079119,4.91429302507456,98.1991504688081
"4675",2015-06-20,84.4646878593534,124754,129573,2079119,6.23211081232003,96.2808609818403
"4676",2015-06-21,82.8098925735638,101101,107050,2079119,5.14881543576871,94.4427837459131
"4677",2015-06-22,76.8956903710827,79911,91516,2079119,4.40167205436533,87.3191573058263
"4678",2015-06-23,68.0858829197784,6642,8302,2079119,0.399303743556766,80.0048181161166
"4679",2015-06-24,75.0929286918576,8845,10083,2079119,0.4849650260519,87.7219081622533
"4680",2015-06-25,51.7332199398142,4612,7643,2079119,0.367607626114715,60.342797330891
"4681",2015-06-26,53.5294003115265,3355,5136,2079119,0.247027707408763,65.3232087227414
"4682",2015-06-27,67.3928571428571,18128,18424,2079119,0.886144564115859,98.3933999131568
"4683",2015-06-28,57.5296015886806,5778,8057,2079119,0.387519906267991,71.7140374829341
"4684",2015-06-29,38.0319133362612,3377,6831,2079119,0.328552622529062,49.4363929146538
"4685",2015-06-30,69.9235493919502,47901,56821,2079119,2.73293640238967,84.3015786416994
"4686",2015-07-01,76.5951561723439,46856,52314,2079119,2.51616189357127,89.5668463508812
"4687",2015-07-02,70.4285329502604,19765,22276,2079119,1.07141534467243,88.7277787753636
"4688",2015-07-03,70.4926459204211,11608,12918,2079119,0.621320857536293,89.8591113175414
"4689",2015-07-04,65.6536756957788,48751,64532,2079119,3.1038146445682,75.5454658154094
"4690",2015-07-05,76.607593784647,110367,120862,2079119,5.81313527508526,91.3165428339759
"4691",2015-07-06,67.6688205744708,109555,139746,2079119,6.72140459492699,78.3958038154938
"4692",2015-07-07,60.8923361277972,11076,15149,2079119,0.728625922806727,73.1137368803221
"4693",2015-07-08,62.7788322261625,14200,20021,2079119,0.962955944320647,70.9255281953948
"4694",2015-07-09,70.8002353147593,154997,193783,2079119,9.32043812788013,79.9848283905193
"4695",2015-07-10,75.0163755590111,143369,165918,2079119,7.98020700113846,86.4095517062645
"4696",2015-07-11,76.1811499957644,172201,200679,2079119,9.65211707458784,85.809177841229
"4697",2015-07-12,77.7480289996969,187692,214485,2079119,10.3161483301341,87.5082173578572
"4698",2015-07-13,78.2539060431121,113792,132167,2079119,6.35687519569587,86.0971346856628
"4699",2015-07-14,71.9358874540231,61490,74494,2079119,3.5829598979183,82.5435605552125
"4700",2015-07-15,62.8800233531186,58412,82216,2079119,3.95436721034246,71.0469981512114
"4701",2015-07-16,52.2441059812788,20752,31515,2079119,1.51578625369688,65.8480088846581
"4702",2015-07-17,62.3545502012767,41947,59371,2079119,2.85558450478304,70.6523386838692
"4703",2015-07-18,45.3666005599627,8891,17144,2079119,0.824580026443893,51.8607092860476
"4704",2015-07-19,71.183528915573,62656,80614,2079119,3.87731534366239,77.7234723497159
"4705",2015-07-20,63.8376489342135,138099,195724,2079119,9.41379497758426,70.5580306962866
"4706",2015-07-21,65.4355080038533,37085,48789,2079119,2.34661892849808,76.0109860829285
"4707",2015-07-22,62.3590351718222,13956,19817,2079119,0.953144096129178,70.4243831054145
"4708",2015-07-23,59.5854711100456,10011,12513,2079119,0.601841453038523,80.0047950131863
"4709",2015-07-24,47.5515458306118,11860,18372,2079119,0.883643504772935,64.5547572392772
"4710",2015-07-25,68.2144271767749,34375,42919,2079119,2.06428780651805,80.0927328222932
"4711",2015-07-26,75.4245728586482,88664,106288,2079119,5.11216529693587,83.4186361583622
"4712",2015-07-27,49.1072337737146,30469,53817,2079119,2.58845212804077,56.6159392013676
"4713",2015-07-28,71.4576781532285,13702,14945,2079119,0.718814074615258,91.6828370692539
"4714",2015-07-29,51.7230085503116,12066,20701,2079119,0.995662104958879,58.287039273465
"4715",2015-07-30,63.7715546787488,126087,179439,2079119,8.63053052759366,70.2673331884373
"4716",2015-07-31,63.6189856428194,152622,221283,2079119,10.6431137419263,68.9714076544515
"4717",2015-08-01,64.133381172355,141548,200673,2079119,9.6518284908175,70.5366441922929
"4718",2015-08-02,63.748372646829,132302,190647,2079119,9.16960501058381,69.3963188510703
"4719",2015-08-03,65.6004619803658,95240,133339,2079119,6.41324522550176,71.426964354015
"4720",2015-08-04,62.5516485071459,38646,56536,2079119,2.71922867329864,68.3564454506863
"4721",2015-08-05,34.793220338983,1137,3835,2079119,0.184453126540616,29.6479791395046
"4722",2015-08-06,54.9309865092749,14541,23720,2079119,1.14086783873362,61.3026981450253
"4723",2015-08-07,52.6331133113311,21947,36360,2079119,1.74881764824428,60.3602860286029
"4724",2015-08-08,53.0170692782728,58927,100883,2079119,4.85219941715698,58.411228849261
"4725",2015-08-09,56.1834700446475,11747,19262,2079119,0.926450097372974,60.9853597757242
"4726",2015-08-10,47.9166210908368,11126,20113,2079119,0.96738089546582,55.317456371501
"4727",2015-08-11,56.9732731037079,22277,37191,2079119,1.788786500436,59.8989002715711
"4728",2015-08-12,61.6951206031262,61683,90462,2079119,4.35097750537608,68.1866419048882
"4729",2015-08-13,64.4880451513597,103770,146175,2079119,7.03062210484345,70.99025141098
"4730",2015-08-14,66.9002633789562,115935,158327,2079119,7.61510043436667,73.2250342645285
"4731",2015-08-15,65.8078794275124,63780,77696,2079119,3.73696743668833,82.0891680395387
"4732",2015-08-16,58.7382277445881,32678,44023,2079119,2.11738722026012,74.2293800967676
"4733",2015-08-17,35.5136960600375,2915,7995,2079119,0.384537873974506,36.4602876797999
"4734",2015-08-18,63.8949630916196,61914,92120,2079119,4.43072282057929,67.2101606600087
"4735",2015-08-19,53.9527040392452,28892,50554,2079119,2.43151065427231,57.1507694742256
"4736",2015-08-20,42.7170352510808,24893,48112,2079119,2.31405705974502,51.7396907216495
"4737",2015-08-21,46.422951567992,57587,109535,2079119,5.26833721398342,52.5740630848587
"4738",2015-08-22,50.1919233259169,77602,134387,2079119,6.46365119072068,57.7451688035301
"4739",2015-08-23,44.5070684523809,6382,10752,2079119,0.517142116444513,59.3563988095238
"4740",2015-08-24,56.6832654466181,13038,17431,2079119,0.838383950125029,74.7977740806609
"4741",2015-08-25,57.452709498033,91866,135228,2079119,6.50410101586297,67.9341556482385
"4742",2015-08-26,56.7215186613529,101391,155321,2079119,7.47051996542766,65.2783590113378
"4743",2015-08-27,58.6262012943723,67708,97499,2079119,4.68943817068672,69.4448148186135
"4744",2015-08-28,51.7721301944245,64057,101479,2079119,4.88086540501049,63.1234048423812
"4745",2015-08-29,47.338514488731,16868,27021,2079119,1.29963700971421,62.4255208911587
"4746",2015-08-30,56.3332273551013,46276,62906,2079119,3.02560844280679,73.563730009856
"4747",2015-08-31,46.2691,12825,20000,2079119,0.961945901124467,64.125
"4748",2015-09-01,55.7154315349648,67951,95253,2079119,4.58141164599044,71.3373856991381
"4749",2015-09-02,61.2553053269814,37026,46180,2079119,2.22113308569639,80.1775660459073
"4750",2015-09-03,41.9917682926829,6506,13120,2079119,0.63103651113765,49.5884146341463
"4751",2015-09-04,67.4448301512522,15168,16132,2079119,0.775905563846995,94.0242995288867
"4752",2015-09-05,48.384274952919,6482,10620,2079119,0.510793273497092,61.0357815442561
"4753",2015-09-06,49.9233322625549,6497,9339,2079119,0.44918063853007,69.5684762822572
"4754",2015-09-07,56.5192611495929,12579,16458,2079119,0.791585282035324,76.4309150565075
"4755",2015-09-08,62.6713886021622,56418,73628,2079119,3.54130764039961,76.6257402075297
"4756",2015-09-09,65.0791939465493,149067,186340,2079119,8.96244996077666,79.9973167328539
"4757",2015-09-10,55.5523443399465,19200,29134,2079119,1.40126659416801,65.9023820965195
"4758",2015-09-11,58.0376931902544,22421,29634,2079119,1.42531524169612,75.6597151920092
"4759",2015-09-12,51.2840353516359,5791,10636,2079119,0.511562830217991,54.4471605866867
"4760",2015-09-13,60.0173786987294,39360,58635,2079119,2.82018489562166,67.1271424916859
"4761",2015-09-14,53.1713787295476,11912,16624,2079119,0.799569433014657,71.655437921078
"4762",2015-09-15,57.1353276035272,91995,134385,2079119,6.46355499613057,68.4563009264427
"4763",2015-09-16,62.8755875140493,60913,78296,2079119,3.76582581372206,77.7983549606621
"4764",2015-09-17,57.570353865806,137348,205106,2079119,9.86504379980174,66.9643988961805
"4765",2015-09-18,58.6414524553521,149815,219215,2079119,10.54364853575,68.3415824647036
"4766",2015-09-19,49.8423445729978,26568,44426,2079119,2.13677043016778,59.8028181695404
"4767",2015-09-20,46.9830312290205,22005,43197,2079119,2.07765885454368,50.9410375720536
"4768",2015-09-21,51.7982729273052,15222,24087,2079119,1.15851954601925,63.195914808818
"4769",2015-09-22,45.9476599593036,4376,8846,2079119,0.425468672067352,49.4686864119376
"4770",2015-09-23,45.9484777010798,20317,46213,2079119,2.22272029643325,43.9638197044122
"4771",2015-09-24,44.7859128194699,13654,29502,2079119,1.4189663987487,46.2816080265745
"4772",2015-09-25,56.7058739632246,58345,91148,2079119,4.38397224978464,64.0112783604687
"4773",2015-09-26,50.5097704697233,51663,89095,2079119,4.28522850303422,57.9864189909647
"4774",2015-09-27,50.1324111914492,27704,47715,2079119,2.2949624336077,58.0614062663733
"4775",2015-09-28,60.2319877738755,47446,68051,2079119,3.27306902587105,69.7212384829025
"4776",2015-09-29,49.6939078751857,2398,4711,2079119,0.226586357009868,50.9021439184886
"4777",2015-09-30,52.9450159044904,14305,24207,2079119,1.164291221426,59.0944768042302
"4778",2015-10-01,59.4611748263247,55961,72981,2079119,3.51018869049824,76.6788616215179
"4779",2015-10-02,61.7890687039623,90256,109557,2079119,5.26939535447466,82.3826866380058
"4780",2015-10-03,58.636464057883,56751,72422,2079119,3.48330230256181,78.3615475960344
"4781",2015-10-04,65.8051701117768,124904,143053,2079119,6.88046234967792,87.3130937484708
"4782",2015-10-05,68.3155469625239,153202,166026,2079119,7.98540150900453,92.2759085926301
"4783",2015-10-06,58.7159062305976,48674,59593,2079119,2.86626210428552,81.6773782155622
"4784",2015-10-07,64.7752568355287,54463,62102,2079119,2.98693821758158,87.6992689446395
"4785",2015-10-08,69.9340300386335,81260,92148,2079119,4.43206954484087,88.1842253765681
"4786",2015-10-09,69.7371614342148,46478,52907,2079119,2.54468358953961,87.8484888578071
"4787",2015-10-10,49.8797433035714,6182,10752,2079119,0.517142116444513,57.4962797619048
"4788",2015-10-11,58.0847298649325,11270,15992,2079119,0.769171942539124,70.4727363681841
"4789",2015-10-12,62.1787744393778,13320,16009,2079119,0.769989596555079,83.2031982010119
"4790",2015-10-13,63.1114155251142,3379,4380,2079119,0.210666152346258,77.1461187214612
"4791",2015-10-14,34.5,0,6,2079119,0.00028858377033734,0
"4792",2015-10-15,12.4560669456067,0,239,2079119,0.0114952535184374,0
"4793",2015-10-16,17.8279569892473,18,372,2079119,0.0178921937609151,4.83870967741935
"4794",2015-10-17,NA,NA,0,2079119,0,NA
"4795",2015-10-18,42.1941747572816,15,103,2079119,0.004954021390791,14.5631067961165
"4796",2015-10-19,29.5515267175573,101,524,2079119,0.025202982609461,19.2748091603053
"4797",2015-10-20,NA,NA,0,2079119,0,NA
"4798",2015-10-21,NA,NA,0,2079119,0,NA
"4799",2015-10-22,NA,NA,0,2079119,0,NA
"4800",2015-10-23,NA,NA,0,2079119,0,NA
"4801",2015-10-24,NA,NA,0,2079119,0,NA
"4802",2015-10-25,NA,NA,0,2079119,0,NA
"4803",2015-10-26,NA,NA,0,2079119,0,NA
"4804",2015-10-27,NA,NA,0,2079119,0,NA
"4805",2015-10-28,NA,NA,0,2079119,0,NA
"4806",2015-10-29,NA,NA,0,2079119,0,NA
"4807",2015-10-30,NA,NA,0,2079119,0,NA
"4808",2015-10-31,NA,NA,0,2079119,0,NA
"4809",2015-11-01,NA,NA,0,2079119,0,NA
"4810",2015-11-02,NA,NA,0,2079119,0,NA
"4811",2015-11-03,NA,NA,0,2079119,0,NA
"4812",2015-11-04,NA,NA,0,2079119,0,NA
"4813",2015-11-05,NA,NA,0,2079119,0,NA
"4814",2015-11-06,NA,NA,0,2079119,0,NA
"4815",2015-11-07,NA,NA,0,2079119,0,NA
"4816",2015-11-08,NA,NA,0,2079119,0,NA
"4817",2015-11-09,NA,NA,0,2079119,0,NA
"4818",2015-11-10,NA,NA,0,2079119,0,NA
"4819",2015-11-11,NA,NA,0,2079119,0,NA
"4820",2015-11-12,NA,NA,0,2079119,0,NA
"4821",2015-11-13,NA,NA,0,2079119,0,NA
"4822",2015-11-14,NA,NA,0,2079119,0,NA
"4823",2015-11-15,NA,NA,0,2079119,0,NA
"4824",2015-11-16,NA,NA,0,2079119,0,NA
"4825",2015-11-17,NA,NA,0,2079119,0,NA
"4826",2015-11-18,NA,NA,0,2079119,0,NA
"4827",2015-11-19,NA,NA,0,2079119,0,NA
"4828",2015-11-20,NA,NA,0,2079119,0,NA
"4829",2015-11-21,NA,NA,0,2079119,0,NA
"4830",2015-11-22,NA,NA,0,2079119,0,NA
"4831",2015-11-23,NA,NA,0,2079119,0,NA
"4832",2015-11-24,NA,NA,0,2079119,0,NA
"4833",2015-11-25,NA,NA,0,2079119,0,NA
"4834",2016-01-16,NA,NA,0,2079119,0,NA
"4835",2016-01-18,NA,NA,0,2079119,0,NA
"4836",2016-01-19,NA,NA,0,2079119,0,NA
"4837",2016-01-20,NA,NA,0,2079119,0,NA
"4838",2016-01-21,NA,NA,0,2079119,0,NA
"4839",2016-01-22,NA,NA,0,2079119,0,NA
"4840",2016-01-23,NA,NA,0,2079119,0,NA
"4841",2016-01-24,NA,NA,0,2079119,0,NA
"4842",2016-01-25,NA,NA,0,2079119,0,NA
"4843",2016-01-26,NA,NA,0,2079119,0,NA
"4844",2016-01-27,NA,NA,0,2079119,0,NA
"4845",2016-01-28,NA,NA,0,2079119,0,NA
"4846",2016-01-29,NA,NA,0,2079119,0,NA
"4847",2016-01-30,NA,NA,0,2079119,0,NA
"4848",2016-01-31,NA,NA,0,2079119,0,NA
"4849",2016-02-01,NA,NA,0,2079119,0,NA
"4850",2016-02-02,NA,NA,0,2079119,0,NA
"4851",2016-02-03,NA,NA,0,2079119,0,NA
"4852",2016-02-04,NA,NA,0,2079119,0,NA
"4853",2016-02-05,NA,NA,0,2079119,0,NA
"4854",2016-02-06,NA,NA,0,2079119,0,NA
"4855",2016-02-07,NA,NA,0,2079119,0,NA
"4856",2016-02-08,NA,NA,0,2079119,0,NA
"4857",2016-02-09,NA,NA,0,2079119,0,NA
"4858",2016-02-10,NA,NA,0,2079119,0,NA
"4859",2016-02-11,NA,NA,0,2079119,0,NA
"4860",2016-02-12,NA,NA,0,2079119,0,NA
"4861",2016-02-13,NA,NA,0,2079119,0,NA
"4862",2016-02-14,NA,NA,0,2079119,0,NA
"4863",2016-02-15,NA,NA,0,2079119,0,NA
"4864",2016-02-16,NA,NA,0,2079119,0,NA
"4865",2016-02-17,NA,NA,0,2079119,0,NA
"4866",2016-02-18,NA,NA,0,2079119,0,NA
"4867",2016-02-28,60.5956284153005,487,549,2079119,0.0264054149858666,88.7067395264117
"4868",2016-02-29,57.3850782190132,744,831,2079119,0.0399688521917216,89.5306859205776
"4869",2016-03-01,61.1935535343865,10943,12534,2079119,0.602851496234703,87.3065262486038
"4870",2016-03-02,53.25,4,4,2079119,0.000192389180224893,100
"4871",2016-03-03,58.1459733671528,6865,7885,2079119,0.379247171518321,87.0640456563094
"4872",2016-03-04,61.718926925609,24570,30380,2079119,1.46119582380806,80.8755760368664
"4873",2016-03-05,66.1455187637969,42377,45300,2079119,2.17880746604692,93.5474613686534
"4874",2016-03-06,62.1367528836071,32126,34332,2079119,1.65127633387026,93.5745077478737
"4875",2016-03-07,62.8986321033522,65037,71058,2079119,3.41769759210512,91.5266402094064
"4876",2016-03-08,73.6643145427905,186284,189049,2079119,9.09274553308397,98.537416225423
"4877",2016-03-09,72.9251087374396,127793,132659,2079119,6.38053906486353,96.3319488312139
"4878",2016-03-10,67.3174829186343,94360,97621,2079119,4.69530604068358,96.6595302240297
"4879",2016-03-11,70.3824273273407,149850,156971,2079119,7.54988050227043,95.4634932567162
"4880",2016-03-12,70.439327665012,131945,142429,2079119,6.85044963756283,92.6391395010848
"4881",2016-03-13,64.0835478480784,55681,66429,2079119,3.19505521328986,83.8203194387993
"4882",2016-03-14,55.7838047268501,23960,33553,2079119,1.61380854102146,71.4094119750842
"4883",2016-03-15,53.7773822869955,26712,35680,2079119,1.71611148760605,74.8654708520179
"4884",2016-03-16,61.9963823153182,44648,50032,2079119,2.40640386625297,89.2388871122482
"4885",2016-03-17,62.0554306792311,63898,69402,2079119,3.33804847149201,92.0693928128872
"4886",2016-03-18,69.4714486762248,110949,113690,2079119,5.46818147494203,97.5890579646407
"4887",2016-03-19,70.4864984506419,125454,128763,2079119,6.19315200332449,97.4301623913702
"4888",2016-03-20,72.3454288757338,120249,121119,2079119,5.82549627991471,99.281698164615
"4889",2016-03-21,70.0888599867843,93040,95341,2079119,4.58564420795539,97.5865577243788
"4890",2016-03-22,67.1966895610256,115634,117205,2079119,5.63724346706466,98.6596134977177
"4891",2016-03-23,65.9772018847409,108506,110360,2079119,5.30801748240481,98.3200434940196
"4892",2016-03-24,68.6054432865126,165041,165525,2079119,7.96130476418137,99.7075970397221
"4893",2016-03-25,72.9706412958848,157427,157977,2079119,7.59826638109699,99.6518480538306
"4894",2016-03-26,72.0135764199023,93979,95165,2079119,4.57717908402549,98.7537434981348
"4895",2016-03-27,57.5505872656089,4239,4853,2079119,0.233416172907852,87.3480321450649
"4896",2016-03-28,59.7661898696973,18606,20414,2079119,0.981858181277743,91.1433330067601
"4897",2016-03-29,69.7523685657489,93016,94572,2079119,4.54865738805715,98.3546927208899
"4898",2016-03-30,68.5396923739999,73044,74246,2079119,3.57103176874436,98.3810575653907
"4899",2016-03-31,71.6736991140518,70129,71336,2079119,3.43106864013075,98.3080071773018
"4900",2016-04-01,72.0188932427192,195661,195996,2079119,9.42687744183955,99.8290781444519
"4901",2016-04-02,72.5689665822472,96824,97134,2079119,4.6718826579912,99.6808532542673
"4902",2016-04-03,72.4985788561525,42775,43275,2079119,2.08141044355806,98.844598497978
"4903",2016-04-04,74.4161324335723,47128,47420,2079119,2.28077373156611,99.3842260649515
"4904",2016-04-05,72.3839241518486,26165,26263,2079119,1.26317926006159,99.6268514640369
"4905",2016-04-06,72.2358253528407,69369,69649,2079119,3.3499285033709,99.5979841778059
"4906",2016-04-07,74.6939170575534,39957,40293,2079119,1.93798430970041,99.1661082570174
"4907",2016-04-08,66.8640138123818,12026,12163,2079119,0.585007399768844,98.8736331497164
"4908",2016-04-09,62.6334390575442,8786,8828,2079119,0.42460292075634,99.5242410512007
"4909",2016-04-10,69.5712187958884,19545,19749,2079119,0.949873480065355,98.9670363056357
"4910",2016-04-11,68.1707997628265,56980,57342,2079119,2.75799509311396,99.3687000802204
"4911",2016-04-12,71.1036731742589,68685,69150,2079119,3.32592795313784,99.3275488069414
"4912",2016-04-13,73.9605166843354,157895,158472,2079119,7.62207454214982,99.6358978242213
"4913",2016-04-14,74.2595208717472,143667,144262,2079119,6.93861197940089,99.5875559745463
"4914",2016-04-15,74.4025269914469,128036,128374,2079119,6.17444215554761,99.7367068097901
"4915",2016-04-16,74.3602377906539,132823,132890,2079119,6.39164954002152,99.9495823613515
"4916",2016-04-17,74.1121648407734,168362,168502,2079119,8.10449041156375,99.9169149327604
"4917",2016-04-18,75.7516419171501,203428,203573,2079119,9.79131064648055,99.928772479651
"4918",2016-04-19,75.3986637976436,132566,132914,2079119,6.39280387510287,99.7381765652979
"4919",2016-04-20,76.3187307582442,125588,126028,2079119,6.06160590134571,99.6508712349637
"4920",2016-04-21,74.6931013636058,74358,74435,2079119,3.58012215750998,99.896554040438
"4921",2016-04-22,64.4122932313505,21295,21703,2079119,1.04385559460522,98.12007556559
"4922",2016-04-23,71.7510411846367,51744,51864,2079119,2.49451811079597,99.7686256362795
"4923",2016-04-24,72.4057951195794,65710,65814,2079119,3.16547537683028,99.8419789102623
"4924",2016-04-25,75.7708793442989,125251,125423,2079119,6.0325070378367,99.8628640679939
"4925",2016-04-26,73.9778457018292,126552,126612,2079119,6.08969472165855,99.9526111269074
"4926",2016-04-27,76.6866220780613,149112,149216,2079119,7.17688597910942,99.9303023804418
"4927",2016-04-28,78.5486962742009,213831,213887,2079119,10.2873861476904,99.9738179506001
"4928",2016-04-29,81.5370881383855,242671,242800,2079119,11.678023239651,99.9468698517298
"4929",2016-04-30,82.3829828488833,226800,226924,2079119,10.9144305833384,99.9453561544834
"4930",2016-05-01,79.6641131664853,22396,22975,2079119,1.10503535391673,97.4798694232862
"4931",2016-05-02,77.4589224986576,32380,33522,2079119,1.61231752487472,96.5932820237456
"4932",2016-05-03,72.2712418300654,8750,8874,2079119,0.426815396328926,98.6026594545864
"4933",2016-05-04,79.7642578323025,78837,78904,2079119,3.79506896911625,99.9150866876204
"4934",2016-05-05,74.861246269625,61281,61656,2079119,2.96548682398651,99.391786687427
"4935",2016-05-06,80.1917628295337,42139,42636,2079119,2.05067627201714,98.8343184163618
"4936",2016-05-07,83.0048855112515,40428,40528,2079119,1.94928717403862,99.753257007501
"4937",2016-05-08,67.5344889635317,16023,16672,2079119,0.801878103177355,96.107245681382
"4938",2016-05-09,71.9742143432716,3680,3723,2079119,0.179066229494319,98.8450174590384
"4939",2016-05-10,73.5236120709514,12807,13023,2079119,0.626371073517196,98.341395991707
"4940",2016-05-11,69.2032460886094,6813,6839,2079119,0.328937400889511,99.619827460155
"4941",2016-05-12,65.0625716250287,4301,4363,2079119,0.209848498330302,98.5789594315838
"4942",2016-05-13,78.5465032235682,34196,34589,2079119,1.66363733869971,98.8638006302582
"4943",2016-05-14,70.0730261686424,8712,8942,2079119,0.430086012392749,97.4278684857974
"4944",2016-05-15,68.3793468345193,26336,27405,2079119,1.3181063710158,96.0992519613209
"4945",2016-05-16,73.5413199773811,11731,12379,2079119,0.595396415500989,94.7653283787059
"4946",2016-05-17,70.7634851943981,28142,29347,2079119,1.41151131801499,95.8939584966095
"4947",2016-05-18,68.5976191782325,17256,18229,2079119,0.876765591579895,94.6623511986395
"4948",2016-05-19,67.5438791664884,23057,23371,2079119,1.124081882759,98.656454580463
"4949",2016-05-20,69.1457480924472,17634,18086,2079119,0.869887678386855,97.500829370784
"4950",2016-05-21,72.8482486400425,29547,30148,2079119,1.45003725135502,98.0065012604485
"4951",2016-05-22,76.3705384742977,130982,132634,2079119,6.37933663248713,98.754467180361
"4952",2016-05-23,78.0294416243655,34131,34475,2079119,1.6581542470633,99.0021754894851
"4953",2016-05-24,79.0055175112502,50124,51110,2079119,2.45825275032357,98.0708276266875
"4954",2016-05-25,72.7316879723803,21124,21434,2079119,1.03091742223509,98.5536997294019
"4955",2016-05-26,77.8531107450583,31483,31568,2079119,1.51833541033486,99.7307399898632
"4956",2016-05-27,83.1249108765151,42098,43479,2079119,2.09122229174953,96.8237539961821
"4957",2016-05-28,85.2024066091954,65072,66816,2079119,3.21366886647662,97.389846743295
"4958",2016-05-29,80.2227944641077,86950,91259,2079119,4.38931104953588,95.2782739236678
"4959",2016-05-30,79.6701289538667,23231,25513,2079119,1.22710628876943,91.0555403127817
"4960",2016-05-31,67.2145677331518,7143,7345,2079119,0.35327463218796,97.2498298162015
"4961",2016-06-01,76.5685752330226,48547,51068,2079119,2.45623266393121,95.0634448186731
"4962",2016-06-02,73.166095890411,13705,14600,2079119,0.702220507820861,93.8698630136986
"4963",2016-06-03,70.6347535717305,61699,70974,2079119,3.4136574193204,86.931834192803
"4964",2016-06-04,72.5755786874059,82248,92321,2079119,4.44039037688559,89.0891563132982
"4965",2016-06-05,75.1061337667926,19488,20917,2079119,1.00605112069102,93.1682363627671
"4966",2016-06-06,77.305479627965,53778,54511,2079119,2.62183165080979,98.6553172754123
"4967",2016-06-07,69.0193077466447,11464,12741,2079119,0.612807636311341,89.9772388352563
"4968",2016-06-08,63.088110588372,13832,17217,2079119,0.828091128982997,80.3391996282744
"4969",2016-06-09,59.5974842767296,5206,6201,2079119,0.298251326643641,83.954200935333
"4970",2016-06-10,79.1685792791337,22778,24748,2079119,1.19031185805141,92.0397607887506
"4971",2016-06-11,65.9692262043533,40544,47183,2079119,2.26937467263779,85.9292541805311
"4972",2016-06-12,69.5338765008576,2013,2332,2079119,0.112162892071113,86.3207547169811
"4973",2016-06-13,73.4200015187182,60159,65845,2079119,3.16696639297703,91.3645683043511
"4974",2016-06-14,75.5489329111317,139680,155376,2079119,7.47316531665576,89.8980537534754
"4975",2016-06-15,54.3776,417,625,2079119,0.0300608094101396,66.72
"4976",2016-06-16,74.8290282902829,10803,12195,2079119,0.586546513210644,88.5854858548585
"4977",2016-06-17,77.3985904463587,19439,21709,2079119,1.04414417837555,89.5435073011193
"4978",2016-06-18,69.0146667576233,12105,14659,2079119,0.705058248229178,82.5772562930623
"4979",2016-06-19,70.8396795869557,21132,26341,2079119,1.26693084907598,80.2247446945826
"4980",2016-06-20,78.3809763753989,156989,172659,2079119,8.30443086711246,90.9243074499447
"4981",2016-06-21,79.3110949514954,57351,64633,2079119,3.10867247136888,88.7333096096421
"4982",2016-06-22,70.8879008353544,2976,3711,2079119,0.178489061953645,80.1940177849636
"4983",2016-06-23,77.8767139934782,42700,49373,2079119,2.37470774881091,86.4845158284893
"4984",2016-06-24,81.3642920223727,97248,108704,2079119,5.2283683617917,89.4612893729762
"4985",2016-06-25,80.4258848295015,139279,157714,2079119,7.58561679249721,88.3111201288408
"4986",2016-06-26,73.7547432204232,17778,20134,2079119,0.968390938662001,88.2984007152081
"4987",2016-06-27,78.134989907031,29995,35173,2079119,1.69172615901254,85.2784806527734
"4988",2016-06-28,72.8943568095979,100309,126028,2079119,6.06160590134571,79.5926302091599
"4989",2016-06-29,79.2944649271514,72943,84353,2079119,4.05715112987761,86.4735101300487
"4990",2016-06-30,82.1517781241145,50295,56464,2079119,2.71576566805459,89.074454519694
"4991",2016-07-01,72.7547138131936,94702,119118,2079119,5.72925359250721,79.5026780167565
"4992",2016-07-02,68.073992432966,136423,182370,2079119,8.77150369940345,74.8056149586007
"4993",2016-07-03,54.6018062397373,8053,12180,2079119,0.5858250537848,66.1165845648604
"4994",2016-07-04,55.8480520578044,9395,11833,2079119,0.569135292400291,79.3966027212034
"4995",2016-07-05,59.1437297368715,66699,98393,2079119,4.73243715246698,67.7883589279725
"4996",2016-07-06,66.9806394559255,144536,189974,2079119,9.13723553101097,76.0819901670755
"4997",2016-07-07,45.1152881399537,16153,31096,2079119,1.49563348706832,51.9455878569591
"4998",2016-07-08,57.5197343438179,78175,123769,2079119,5.95295411181371,63.1620195687127
"4999",2016-07-09,66.0727623188533,163192,227233,2079119,10.9292926475108,71.8170336174763
"5000",2016-07-10,62.7112445314931,113440,163893,2079119,7.88280997864961,69.2158908556192
"5001",2016-07-11,52.0223770113827,23763,41203,2079119,1.98175284820157,57.6729849768221
"5002",2016-07-12,53.491260349586,6932,9783,2079119,0.470535837535033,70.8576101400388
"5003",2016-07-13,67.5526889534884,8457,11008,2079119,0.529455023978906,76.8259447674419
"5004",2016-07-14,70.1062337484604,44401,58456,2079119,2.81157547980659,75.9562748049815
"5005",2016-07-15,58.421570926143,5694,8530,2079119,0.410269926829585,66.7526377491208
"5006",2016-07-16,49.5085771947528,1045,1982,2079119,0.0953288388014347,52.7245206861756
"5007",2016-07-17,27.5295758928571,1056,3584,2079119,0.172380705481504,29.4642857142857
"5008",2016-07-18,55.714693549826,8350,11209,2079119,0.539122580285207,74.4937104112767
"5009",2016-07-19,53.3422851199762,15917,26922,2079119,1.29487537750364,59.1226506203105
"5010",2016-07-20,38.5576772168454,1621,3823,2079119,0.183875958999942,42.4012555584619
"5011",2016-07-21,48.8126454014372,10433,19343,2079119,0.930345978272528,53.9368246911027
"5012",2016-07-22,60.2094390779234,57368,85199,2079119,4.09784144149517,67.3341236399488
"5013",2016-07-23,67.3321897401636,80915,110762,2079119,5.32735259501741,73.0530326285188
"5014",2016-07-24,61.8737297704178,26043,37198,2079119,1.7891231815014,70.0118285929351
"5015",2016-07-25,48.9855013399528,43734,80973,2079119,3.89458227258757,54.0105961246341
"5016",2016-07-26,60.1863666890531,73562,110186,2079119,5.29964855306502,66.7616575608516
"5017",2016-07-27,54.5376298858095,77708,128382,2079119,6.17482693390806,60.5287345578041
"5018",2016-07-28,50.9675070028011,27548,46410,2079119,2.23219546355933,59.3578970049558
"5019",2016-07-29,45.6976262520024,33428,61801,2079119,2.97246093176966,54.0897396482258
"5020",2016-07-30,50.3541249580503,49604,86413,2079119,4.15623155769343,57.4033999513962
"5021",2016-07-31,50.3797623422761,14035,24489,2079119,1.17785465863185,57.3114459553269
"5022",2016-08-01,41.6159082018516,17523,38345,2079119,1.84429077893088,45.698265745208
"5023",2016-08-02,54.3672509369144,122009,204928,2079119,9.85648248128173,59.5374960961899
"5024",2016-08-03,56.6409018636778,118084,191825,2079119,9.22626362416004,61.5581910595595
"5025",2016-08-04,58.5934285404318,129462,202786,2079119,9.75345807527131,63.8416853234444
"5026",2016-08-05,66.8086951957272,55959,76203,2079119,3.66515817516939,73.4341167670564
"5027",2016-08-06,35.0874107907508,13224,35030,2079119,1.6848482458195,37.7504995717956
"5028",2016-08-07,60.5728360309641,8282,9947,2079119,0.478423793924253,83.2612848094903
"5029",2016-08-08,44.7907416625187,27968,50225,2079119,2.41568664419882,55.6854156296665
"5030",2016-08-09,49.9450011930327,44501,75438,2079119,3.62836374445138,58.9901641082743
"5031",2016-08-10,54.7761347607927,56164,86494,2079119,4.16012743859298,64.9339838601521
"5032",2016-08-11,38.0409355478328,21444,46903,2079119,2.25590743002204,45.7198899857152
"5033",2016-08-12,51.8798063495019,13952,21482,2079119,1.03322609239779,64.9473978214319
"5034",2016-08-13,46.9035825365741,29144,52086,2079119,2.50519571029845,55.953615174903
"5035",2016-08-14,52.9981625753344,7837,13606,2079119,0.654411796534975,57.5995884168749
"5036",2016-08-15,52.5838933880375,80489,130642,2079119,6.28352682073513,61.6103550159979
"5037",2016-08-16,59.0570395315908,104186,156786,2079119,7.54098250268503,66.4510861939204
"5038",2016-08-17,41.4801625239006,1498,4184,2079119,0.201239082515238,35.8030592734226
"5039",2016-08-18,57.9431296055483,17539,23070,2079119,1.10960459694707,76.025140875596
"5040",2016-08-19,61.1593922628707,76980,118933,2079119,5.72035559292181,64.725517728469
"5041",2016-08-20,42.4478303362002,24447,51160,2079119,2.46065761507639,47.785379202502
"5042",2016-08-21,51.0857440890125,81356,143800,2079119,6.91639102908492,56.5757997218359
"5043",2016-08-22,51.7688365095286,57820,99700,2079119,4.79530031710547,57.9939819458375
"5044",2016-08-23,42.0184625554821,50584,105890,2079119,5.09302257350349,47.7703276985551
"5045",2016-08-24,45.934055910286,20125,37274,2079119,1.79277857592567,53.992058807748
"5046",2016-08-25,40.3894420004631,13745,30233,2079119,1.4541255214348,45.4635663017233
"5047",2016-08-26,51.1865810158658,39851,61957,2079119,2.97996410979843,64.3204157722291
"5048",2016-08-27,61.0111509034674,29144,36858,2079119,1.77277010118228,79.0710293559064
"5049",2016-08-28,58.4667082164745,7911,9627,2079119,0.463032659506262,82.1751324400125
"5050",2016-08-29,40.5669358266043,6362,14118,2079119,0.679037611603761,45.0630400906644
"5051",2016-08-30,50.4871882086168,17444,26460,2079119,1.27265442718767,65.9259259259259
"5052",2016-08-31,63.671202721633,70636,84949,2079119,4.08581711773112,83.1510671108548
"5053",2016-09-01,54.3452627472165,45127,66642,2079119,3.20529993713683,67.7155547552594
"5054",2016-09-02,55.3605681139467,73074,98783,2079119,4.75119509753891,73.9742668272881
"5055",2016-09-03,59.3055206918488,88882,116326,2079119,5.59496594471024,76.4076818596015
"5056",2016-09-04,62.1809716356409,92201,116731,2079119,5.61444534920801,78.9858735040392
"5057",2016-09-05,64.345480058287,147308,185290,2079119,8.91194780096762,79.5013222516056
"5058",2016-09-06,52.5600468087181,29314,41018,2079119,1.97285484861617,71.4661855770637
"5059",2016-09-07,55.2528485212731,57305,79866,2079119,3.84133856696033,71.751433651366
"5060",2016-09-08,64.9036940554041,59835,74471,2079119,3.58185366013201,80.3467121429818
"5061",2016-09-09,67.6348078325574,148525,182367,2079119,8.77135940751828,81.4429145623934
"5062",2016-09-10,63.7288752297849,163697,210523,2079119,10.1255868471213,77.7572996774699
"5063",2016-09-11,66.3770295704546,98254,119545,2079119,5.74979113749622,82.1899703040696
"5064",2016-09-12,61.0474801854344,104728,147114,2079119,7.07578546490124,71.188330138532
"5065",2016-09-13,69.2594490711083,1319,1561,2079119,0.0750798775827646,84.4971172325432
"5066",2016-09-14,44.7373961218837,17581,37905,2079119,1.82312796910615,46.3817438332674
"5067",2016-09-15,42.6785886126704,41557,87290,2079119,4.19841288545773,47.6079734219269
"5068",2016-09-16,51.425955324642,37262,62361,2079119,2.99939541700114,59.7520886451468
"5069",2016-09-17,61.3401710755584,16637,25252,2079119,1.21455289475975,65.88389038492
"5070",2016-09-18,50.5098806436447,37774,65937,2079119,3.1713913441222,57.2880173498946
"5071",2016-09-19,51.9658262981381,20031,34588,2079119,1.66358924140465,57.9131490690413
"5072",2016-09-20,51.7222207220587,22908,37033,2079119,1.78118712781712,61.858342559339
"5073",2016-09-21,62.4957666980245,82389,115867,2079119,5.57288928627943,71.1065273114864
"5074",2016-09-22,51.214890384198,82120,138210,2079119,6.64752714972063,59.4168294624123
"5075",2016-09-23,45.0088485271859,11553,25767,2079119,1.23932300171371,44.8364186750495
"5076",2016-09-24,48.2472487294797,28109,54702,2079119,2.63101823416553,51.3856897371211
"5077",2016-09-25,49.0513862153446,44804,80002,2079119,3.84787979908798,56.0035999100023
"5078",2016-09-26,49.7675727777868,65441,123458,2079119,5.93799585305122,53.0066905344328
"5079",2016-09-27,62.6234182025461,71870,105260,2079119,5.06272127761807,68.2785483564507
"5080",2016-09-28,49.8858656587438,66480,123819,2079119,5.95535897656652,53.6912751677852
"5081",2016-09-29,52.1448770020691,15679,26098,2079119,1.25524320637732,60.0774005670933
"5082",2016-09-30,49.9636737308493,22366,37466,2079119,1.80201325657646,59.6967917578605
"5083",2016-10-01,54.9880155093409,26650,39718,2079119,1.91032836504308,67.0980411903923
"5084",2016-10-02,51.1037124997199,27209,44633,2079119,2.14672657024442,60.9616203257679
"5085",2016-10-03,62.1030023383253,91564,112046,2079119,5.3891095218696,81.7200078539171
"5086",2016-10-04,63.4517591378229,58477,70148,2079119,3.37392905360395,83.3623196669898
"5087",2016-10-05,55.5150436897577,14417,22202,2079119,1.06785614483827,64.9355913881632
"5088",2016-10-06,59.4641173787441,76600,105232,2079119,5.06137455335649,72.7915462977041
"5089",2016-10-07,62.2939821768299,51578,69909,2079119,3.36243380008552,73.7787695432634
"5090",2016-10-08,54.1241462215179,44441,73204,2079119,3.52091438729577,60.7084312332659
"5091",2016-10-09,51.4329883084844,22252,37292,2079119,1.79364432723668,59.6696342379063
"5092",2016-10-10,55.79014579121,12829,18794,2079119,0.903940563286661,68.2611471746302
"5093",2016-10-11,55.8513439982588,6446,9189,2079119,0.441966044271636,70.149091304821
"5094",2016-10-12,58.6416997859982,2079,3271,2079119,0.157326252128907,63.5585447875267
"5095",2016-10-13,51.0156931124673,1218,2294,2079119,0.110335194858976,53.0950305143854
"5096",2016-10-14,NA,NA,0,2079119,0,NA
"5097",2016-10-15,22.4035087719298,0,57,2079119,0.00274154581820473,0
"5098",2016-10-16,1.85034013605442,0,147,2079119,0.00707030237326483,0
"5099",2016-10-17,29.9398663697105,34,449,2079119,0.0215956854802443,7.57238307349666
"5100",2016-10-18,3.80547945205479,0,365,2079119,0.0175555126955215,0
"5101",2016-10-19,16.5777777777778,0,90,2079119,0.0043287565550601,0
"5102",2016-10-20,23.1739130434783,0,23,2079119,0.00110623778629314,0
"5103",2016-10-21,NA,NA,0,2079119,0,NA
"5104",2016-10-22,NA,NA,0,2079119,0,NA
"5105",2016-10-23,NA,NA,0,2079119,0,NA
"5106",2016-10-24,NA,NA,0,2079119,0,NA
"5107",2016-10-25,NA,NA,0,2079119,0,NA
"5108",2016-10-26,NA,NA,0,2079119,0,NA
"5109",2016-10-27,NA,NA,0,2079119,0,NA
"5110",2016-10-28,NA,NA,0,2079119,0,NA
"5111",2016-10-29,NA,NA,0,2079119,0,NA
"5112",2016-10-30,NA,NA,0,2079119,0,NA
"5113",2016-10-31,NA,NA,0,2079119,0,NA
"5114",2016-11-01,NA,NA,0,2079119,0,NA
"5115",2016-11-02,NA,NA,0,2079119,0,NA
"5116",2016-11-03,NA,NA,0,2079119,0,NA
"5117",2016-11-04,NA,NA,0,2079119,0,NA
"5118",2016-11-05,NA,NA,0,2079119,0,NA
"5119",2016-11-06,NA,NA,0,2079119,0,NA
"5120",2016-11-07,NA,NA,0,2079119,0,NA
"5121",2016-11-08,NA,NA,0,2079119,0,NA
"5122",2016-11-09,NA,NA,0,2079119,0,NA
"5123",2016-11-10,NA,NA,0,2079119,0,NA
"5124",2016-11-11,NA,NA,0,2079119,0,NA
"5125",2016-11-12,NA,NA,0,2079119,0,NA
"5126",2016-11-13,NA,NA,0,2079119,0,NA
"5127",2016-11-14,NA,NA,0,2079119,0,NA
"5128",2016-11-15,NA,NA,0,2079119,0,NA
"5129",2016-11-16,NA,NA,0,2079119,0,NA
"5130",2016-11-17,NA,NA,0,2079119,0,NA
"5131",2016-11-18,NA,NA,0,2079119,0,NA
"5132",2016-11-19,NA,NA,0,2079119,0,NA
"5133",2016-11-20,NA,NA,0,2079119,0,NA
"5134",2016-11-21,NA,NA,0,2079119,0,NA
"5135",2016-11-22,NA,NA,0,2079119,0,NA
"5136",2016-11-23,NA,NA,0,2079119,0,NA
"5137",2016-11-24,NA,NA,0,2079119,0,NA
"5138",2017-01-16,NA,NA,0,2079119,0,NA
"5139",2017-01-18,NA,NA,0,2079119,0,NA
"5140",2017-01-19,NA,NA,0,2079119,0,NA
"5141",2017-01-20,NA,NA,0,2079119,0,NA
"5142",2017-01-21,NA,NA,0,2079119,0,NA
"5143",2017-01-22,NA,NA,0,2079119,0,NA
"5144",2017-01-23,NA,NA,0,2079119,0,NA
"5145",2017-01-24,NA,NA,0,2079119,0,NA
"5146",2017-01-25,NA,NA,0,2079119,0,NA
"5147",2017-01-26,NA,NA,0,2079119,0,NA
"5148",2017-01-27,NA,NA,0,2079119,0,NA
"5149",2017-01-28,NA,NA,0,2079119,0,NA
"5150",2017-01-29,NA,NA,0,2079119,0,NA
"5151",2017-01-30,NA,NA,0,2079119,0,NA
"5152",2017-01-31,NA,NA,0,2079119,0,NA
"5153",2017-02-01,NA,NA,0,2079119,0,NA
"5154",2017-02-02,NA,NA,0,2079119,0,NA
"5155",2017-02-03,NA,NA,0,2079119,0,NA
"5156",2017-02-04,NA,NA,0,2079119,0,NA
"5157",2017-02-05,NA,NA,0,2079119,0,NA
"5158",2017-02-06,NA,NA,0,2079119,0,NA
"5159",2017-02-07,NA,NA,0,2079119,0,NA
"5160",2017-02-08,NA,NA,0,2079119,0,NA
"5161",2017-02-09,NA,NA,0,2079119,0,NA
"5162",2017-02-10,NA,NA,0,2079119,0,NA
"5163",2017-02-11,NA,NA,0,2079119,0,NA
"5164",2017-02-12,NA,NA,0,2079119,0,NA
"5165",2017-02-13,NA,NA,0,2079119,0,NA
"5166",2017-02-14,NA,NA,0,2079119,0,NA
"5167",2017-02-15,NA,NA,0,2079119,0,NA
"5168",2017-02-16,NA,NA,0,2079119,0,NA
"5169",2017-02-17,NA,NA,0,2079119,0,NA
"5170",2017-02-18,NA,NA,0,2079119,0,NA
"5171",2017-02-19,NA,NA,0,2079119,0,NA
"5172",2017-02-20,NA,NA,0,2079119,0,NA
"5173",2017-02-21,51.0869565217391,12,23,2079119,0.00110623778629314,52.1739130434783
"5174",2017-02-22,55.2790697674419,123,172,2079119,0.00827273474967041,71.5116279069768
"5175",2017-02-23,46.1052631578947,11,38,2079119,0.00182769721213649,28.9473684210526
"5176",2017-02-24,47.6,19,30,2079119,0.0014429188516867,63.3333333333333
"5177",2017-02-25,37.8769230769231,49,130,2079119,0.00625264835730903,37.6923076923077
"5178",2017-02-26,60.0169252468265,595,709,2079119,0.0341009821948623,83.9210155148096
"5179",2017-02-27,57.134328358209,265,402,2079119,0.0193351126126018,65.9203980099502
"5180",2017-02-28,70.2975693125712,5021,5266,2079119,0.253280355766072,95.3475123433346
"5181",2017-03-01,76.4116137815478,18876,19098,2079119,0.918562140983753,98.8375746151429
"5182",2017-03-02,66.7850706673375,20873,21863,2079119,1.05155116181421,95.4718016740612
"5183",2017-03-03,56.0512896825397,9757,10080,2079119,0.484820734166731,96.7956349206349
"5184",2017-03-04,61.61998104939,30440,33772,2079119,1.62434184863877,90.1338386829326
"5185",2017-03-05,73.9423209031639,74078,77151,2079119,3.71075441088269,96.0169019196122
"5186",2017-03-06,56.253074104973,19661,27569,2079119,1.32599432740502,71.315608110559
"5187",2017-03-07,46.7743644067797,1615,6608,2079119,0.317826925731524,24.4400726392252
"5188",2017-03-08,65.7050675817048,64949,71691,2079119,3.44814317987571,90.5957512100543
"5189",2017-03-09,57.1238413126093,36556,49733,2079119,2.39202277503116,73.5045141053224
"5190",2017-03-10,59.4228342699608,30367,37724,2079119,1.81442235870097,80.4978263174637
"5191",2017-03-11,63.9125889539644,25863,31758,2079119,1.52747389639554,81.4377479690157
"5192",2017-03-12,72.514295212766,171705,174464,2079119,8.39124648468895,98.418584922964
"5193",2017-03-13,54.0256676648536,23116,32726,2079119,1.57403207800996,70.6349691376887
"5194",2017-03-14,60.0554022551025,35784,42038,2079119,2.02191408957352,85.1229839668871
"5195",2017-03-15,57.0715665796345,35705,38300,2079119,1.84212640065335,93.22454308094
"5196",2017-03-16,60.1949862569129,28684,30197,2079119,1.45239401881278,94.9895685001821
"5197",2017-03-17,60.7366863905325,34264,37518,2079119,1.80451431591939,91.3268297883682
"5198",2017-03-18,66.0594015986605,98065,100334,2079119,4.82579400217111,97.7385532322044
"5199",2017-03-19,62.886043866775,29842,30775,2079119,1.48019425535527,96.9683184402924
"5200",2017-03-20,68.3264627962236,107698,109841,2079119,5.28305498627063,98.0489980972497
"5201",2017-03-21,68.7253804973164,143688,145139,2079119,6.9807933071652,99.0002687079283
"5202",2017-03-22,63.0669423348065,81929,84401,2079119,4.05945980004031,97.0711247497068
"5203",2017-03-23,61.7025723472669,8756,9330,2079119,0.448747762874564,93.8478027867096
"5204",2017-03-24,68.9692231731402,78343,78988,2079119,3.79910914190097,99.1834202663696
"5205",2017-03-25,62.0369726050966,51409,52309,2079119,2.51592140709599,98.2794547783364
"5206",2017-03-26,62.063943801504,43574,44414,2079119,2.1361932626271,98.1087044625568
"5207",2017-03-27,65.9528093385214,63437,64250,2079119,3.09025120736235,98.7346303501945
"5208",2017-03-28,70.1450340450977,102946,103686,2079119,4.98701613519957,99.2863067337924
"5209",2017-03-29,66.4053059430957,53725,54618,2079119,2.62697806138081,98.3650078728624
"5210",2017-03-30,67.4828540488509,49518,49866,2079119,2.39841971527363,99.3021297076164
"5211",2017-03-31,71.8305191755403,129429,129879,2079119,6.24682858460723,99.6535236643337
"5212",2017-04-01,71.1200304106752,152475,152578,2079119,7.33858908508844,99.9324935442855
"5213",2017-04-02,72.7361585362446,178759,178937,2079119,8.60638568547543,99.9005236479878
"5214",2017-04-03,70.5913209601161,93625,93697,2079119,4.50657225488296,99.9231565578407
"5215",2017-04-04,71.8169237904789,131404,131519,2079119,6.32570814849944,99.91256016241
"5216",2017-04-05,67.6705686777031,57379,57748,2079119,2.77752259490678,99.3610168317517
"5217",2017-04-06,70.2247107535357,110214,110373,2079119,5.30864274724054,99.8559430295453
"5218",2017-04-07,73.6781064390512,152372,152538,2079119,7.33666519328619,99.891174658118
"5219",2017-04-08,72.7505722306197,45585,46310,2079119,2.2273857340537,98.434463398834
"5220",2017-04-09,65.3449799442103,48309,49113,2079119,2.3622024520963,98.3629588907214
"5221",2017-04-10,69.6505728891239,113280,113460,2079119,5.4571190970791,99.8413537810682
"5222",2017-04-11,74.2358634905119,188155,188236,2079119,9.05364243220326,99.9569689113666
"5223",2017-04-12,76.368158715922,213966,214068,2079119,10.2960917580956,99.9523515892146
"5224",2017-04-13,75.8530634105994,147391,147499,2079119,7.09430292349789,99.9267791646045
"5225",2017-04-14,72.4439642986955,98464,99044,2079119,4.76374849154858,99.4144016800614
"5226",2017-04-15,72.5861714997984,136299,136385,2079119,6.55974958624302,99.9369432122301
"5227",2017-04-16,72.1294595171972,97641,98301,2079119,4.72801220132181,99.3285927915281
"5228",2017-04-17,70.7714938310167,102383,102448,2079119,4.92747168391997,99.9365531781977
"5229",2017-04-18,71.0032576897166,107982,108359,2079119,5.2117747949973,99.6520824297013
"5230",2017-04-19,71.1295023088763,136353,136430,2079119,6.56191396452055,99.9435608004105
"5231",2017-04-20,74.1991738017982,139804,139918,2079119,6.72967732967666,99.9185237067425
"5232",2017-04-21,70.7584890222283,58359,58664,2079119,2.82157971717829,99.4800900040911
"5233",2017-04-22,75.0692696454685,131826,131977,2079119,6.34773670963519,99.8855861248551
"5234",2017-04-23,74.8798821443034,71499,71613,2079119,3.44439159086132,99.840811025931
"5235",2017-04-24,NA,NA,0,2079119,0,NA
"5236",2017-04-25,75.8852517903136,130755,130843,2079119,6.29319437704143,99.9327438227494
"5237",2017-04-26,76.4666043472901,97282,97348,2079119,4.68217547913323,99.9322019969594
"5238",2017-04-27,70.7244846656611,49353,49725,2079119,2.39163799667071,99.2518853695324
"5239",2017-04-28,72.0397800776197,21106,21644,2079119,1.0410178541969,97.5143226760303
"5240",2017-04-29,74.8887459006185,23659,24089,2079119,1.15861574060936,98.2149528830587
"5241",2017-04-30,73.9214495308708,82674,82813,2079119,3.98308129549102,99.8321519568184
"5242",2017-05-01,78.5423102837322,80093,80146,2079119,3.85480580957607,99.933870685998
"5243",2017-05-02,76.6793749133108,108015,108145,2079119,5.20148197385527,99.879791021314
"5244",2017-05-03,74.4453238022296,23423,23502,2079119,1.13038262841136,99.6638583950302
"5245",2017-05-04,72.3684359920522,6791,7046,2079119,0.33889354096615,96.380925347715
"5246",2017-05-05,76.8699157139281,119683,119830,2079119,5.76349886658724,99.8773262121339
"5247",2017-05-06,78.7366088474336,73162,73332,2079119,3.52707084106297,99.7681776032291
"5248",2017-05-07,76.2724736930015,119608,119740,2079119,5.75917011003218,99.8897611491565
"5249",2017-05-08,79.1398467263615,113042,113131,2079119,5.4412950870056,99.9213301393959
"5250",2017-05-09,73.9207130079223,93803,93912,2079119,4.51691317332005,99.8839338955618
"5251",2017-05-10,74.1473249386831,85150,85213,2079119,4.09851480362596,99.9260676187906
"5252",2017-05-11,77.1621743620608,146143,146213,2079119,7.03244980205558,99.9521246400799
"5253",2017-05-12,77.8564802438111,149482,149624,2079119,7.19650967549236,99.9050954392343
"5254",2017-05-13,77.8801784931116,143422,143647,2079119,6.90903214294131,99.8433660292244
"5255",2017-05-14,78.4813930908068,110003,110201,2079119,5.30037001249087,99.8203283091805
"5256",2017-05-15,72.5646262074759,18938,19048,2079119,0.916157276230942,99.422511549769
"5257",2017-05-16,73.9379169899147,102901,103120,2079119,4.95979306619775,99.7876260667184
"5258",2017-05-17,75.0480968007749,69052,69173,2079119,3.32703419092414,99.8250762580776
"5259",2017-05-18,74.4790807630986,54512,54567,2079119,2.62452509933294,99.899206480107
"5260",2017-05-19,76.8053666186473,109614,109678,2079119,5.27521512717646,99.9416473677492
"5261",2017-05-20,79.9744731002144,79694,79759,2079119,3.83619215638932,99.9185044947906
"5262",2017-05-21,74.1282111163008,12819,12846,2079119,0.617857852292245,99.7898178421298
"5263",2017-05-22,74.1300026226069,75968,76260,2079119,3.66789972098759,99.6170993968004
"5264",2017-05-23,76.3943401092589,85053,85302,2079119,4.10279546288596,99.7080959414785
"5265",2017-05-24,75.5132311600208,128867,129127,2079119,6.21065941872495,99.7986478428214
"5266",2017-05-25,75.2003930614785,131401,131786,2079119,6.33855012627945,99.7078597119573
"5267",2017-05-26,70.1694317633523,26822,26943,2079119,1.29588542069983,99.5509037597892
"5268",2017-05-27,72.795180509883,112690,113124,2079119,5.44095840594021,99.6163501997808
"5269",2017-05-28,73.3360360701701,52556,52786,2079119,2.53886381683781,99.5642784071534
"5270",2017-05-29,65.7113961519487,1992,2027,2079119,0.0974932170789647,98.2733103108041
"5271",2017-05-30,77.4884831551931,122441,123124,2079119,5.92193135650244,99.445274682434
"5272",2017-05-31,80.3230891771065,216348,217197,2079119,10.4465881943265,99.6091106230749
"5273",2017-06-01,82.5145804530469,187305,188060,2079119,9.04517730827336,99.5985323832819
"5274",2017-06-02,82.7758996826232,166753,167309,2079119,8.04711033856167,99.6676807583573
"5275",2017-06-03,83.4263401904445,179110,180105,2079119,8.6625633261011,99.4475444879376
"5276",2017-06-04,85.0684341386233,149710,150422,2079119,7.23489131694723,99.5266649825159
"5277",2017-06-05,84.0120727223779,234957,237726,2079119,11.4339775645357,98.8352136493274
"5278",2017-06-06,77.1483668708078,25803,27432,2079119,1.31940499798232,94.0616797900262
"5279",2017-06-07,80.5754937163375,10640,11140,2079119,0.535803866926328,95.5116696588869
"5280",2017-06-08,85.7415681305125,115673,119161,2079119,5.73132177619463,97.0728678007066
"5281",2017-06-09,84.6281816973483,59541,60188,2079119,2.89487999484397,98.9250348906759
"5282",2017-06-10,85.6450676712711,34152,35835,2079119,1.72356656833976,95.3034742570113
"5283",2017-06-11,85.7974774739211,96609,101327,2079119,4.87355461616194,95.3437879341143
"5284",2017-06-12,83.7225379404677,115141,122824,2079119,5.90750216798557,93.7447078746825
"5285",2017-06-13,83.6201464622517,18047,18981,2079119,0.912934757462175,95.0792898161319
"5286",2017-06-14,78.5200502911594,13971,15112,2079119,0.726846322889647,92.4497088406564
"5287",2017-06-15,74.0872404945183,7754,8574,2079119,0.412386207812059,90.4362024725916
"5288",2017-06-16,57.1049723756906,417,543,2079119,0.0261168312155293,76.7955801104972
"5289",2017-06-17,74.6646267784058,47965,51310,2079119,2.46787220933482,93.4808029623855
"5290",2017-06-18,75.8717474918907,93093,99577,2079119,4.78938434981355,93.4884561695974
"5291",2017-06-19,79.2849765833341,99276,106121,2079119,5.10413304866148,93.5498157763308
"5292",2017-06-20,56.3823923730076,4473,6713,2079119,0.322877141712427,66.6319082377477
"5293",2017-06-21,66.5454817507731,72877,90223,2079119,4.33948225185764,80.774303669796
"5294",2017-06-22,67.4820071277636,24021,31707,2079119,1.52502093434767,75.759296054499
"5295",2017-06-23,57.551899539024,4443,6291,2079119,0.302580083198701,70.6247019551741
"5296",2017-06-24,67.4527774703995,30079,36148,2079119,1.73862102169236,83.2106893880713
"5297",2017-06-25,75.383694272009,100753,113408,2079119,5.45461803773618,88.8411752257336
"5298",2017-06-26,74.60738457048,48011,54817,2079119,2.63654942309699,87.584143605086
"5299",2017-06-27,64.234808570425,17903,22776,2079119,1.09546399220054,78.6046715841236
"5300",2017-06-28,57.8098147609349,8521,10311,2079119,0.495931209324719,82.6398991368441
"5301",2017-06-29,63.9820237422272,19489,26535,2079119,1.27626172431689,73.4463915583192
"5302",2017-06-30,61.3962420697959,71608,98831,2079119,4.75350376770161,72.4549989375803
"5303",2017-07-01,65.8605630097343,57775,72219,2079119,3.47353855166539,79.9997230645675
"5304",2017-07-02,70.3362709065188,126778,147741,2079119,7.10594246890149,85.8109800258561
"5305",2017-07-03,72.1257064579256,112844,127750,2079119,6.14442944343253,88.3318982387476
"5306",2017-07-04,71.2477680366766,21644,24866,2079119,1.19598733886805,87.0425480575887
"5307",2017-07-05,61.2949736379613,19779,28450,2079119,1.36836804434955,69.5219683655536
"5308",2017-07-06,60.3638530260936,50273,73428,2079119,3.53168818138837,68.4657079043417
"5309",2017-07-07,77.5856161934053,71994,83886,2079119,4.03468969308635,85.8236177669695
"5310",2017-07-08,45.6803889789303,1606,3085,2079119,0.148380155248449,52.0583468395462
"5311",2017-07-09,65.9370631161183,30613,39055,2079119,1.8784398584208,78.3843297913199
"5312",2017-07-10,64.2569868627527,112566,154218,2079119,7.41746864898065,72.9914795938217
"5313",2017-07-11,72.7073633358365,105442,129167,2079119,6.2125833105272,81.6323054650181
"5314",2017-07-12,68.5198620493269,48122,63211,2079119,3.04027811779893,76.1291547357264
"5315",2017-07-13,58.544433750401,2416,3117,2079119,0.149919268690248,77.5104266923324
"5316",2017-07-14,50.8264326999358,31946,52942,2079119,2.54636699486658,60.3415057987987
"5317",2017-07-15,69.6036200348613,68036,86629,2079119,4.16662057342557,78.5372104029828
"5318",2017-07-16,51.6426812585499,2370,3655,2079119,0.175795613430496,64.8426812585499
"5319",2017-07-17,49.9114016400619,18381,34267,2079119,1.64815000969161,53.6405287886305
"5320",2017-07-18,70.9385501565525,32819,41839,2079119,2.01234272785733,78.4411673319152
"5321",2017-07-19,53.7589809384164,6715,10912,2079119,0.524837683653509,61.5377565982405
"5322",2017-07-20,54.2370761534186,8711,14392,2079119,0.692216270449166,60.5266814897165
"5323",2017-07-21,65.2566901795865,59574,81799,2079119,3.93431063830401,72.8297411948801
"5324",2017-07-22,60.0221623747665,119560,183058,2079119,8.80459463840213,65.3126331545193
"5325",2017-07-23,57.0136028395928,86975,141147,2079119,6.78878890530075,61.6201548739966
"5326",2017-07-24,59.1923707684636,116187,180490,2079119,8.68108078469775,64.3730954623525
"5327",2017-07-25,64.0194722530578,66928,98191,2079119,4.72272149886563,68.1610330885723
"5328",2017-07-26,62.2182019931035,95013,142391,2079119,6.8486219403507,66.7268296451321
"5329",2017-07-27,57.5040816326531,41472,65170,2079119,3.13450071881407,63.6366426269756
"5330",2017-07-28,50.0153665818055,31070,54599,2079119,2.62606421277474,56.9058041356069
"5331",2017-07-29,47.0371156159847,41989,77299,2079119,3.71787281055101,54.3202370017723
"5332",2017-07-30,45.6529459163901,56116,104246,2079119,5.01395062043106,53.8303627956948
"5333",2017-07-31,53.9478379894536,133600,222825,2079119,10.717279770903,59.9573656456861
"5334",2017-08-01,53.0859271835503,13145,21204,2079119,1.01985504437216,61.9930201848708
"5335",2017-08-02,50.1966846038102,107634,196055,2079119,9.42971518224786,54.8999005381143
"5336",2017-08-03,39.5008577055846,20464,47219,2079119,2.27110617525981,43.3384866261463
"5337",2017-08-04,61.1335987800745,94099,141648,2079119,6.81288565012392,66.4315768665989
"5338",2017-08-05,56.0707611759968,14853,24830,2079119,1.19425583624603,59.8187676198147
"5339",2017-08-06,40.672788971368,10664,23575,2079119,1.13389373095047,45.2343584305408
"5340",2017-08-07,38.2919268800416,13319,30744,2079119,1.47870323920853,43.3222742648972
"5341",2017-08-08,54.1166640983164,62215,103828,2079119,4.99384595109756,59.9212158569943
"5342",2017-08-09,50.9281941802582,56405,98836,2079119,4.75374425417689,57.0692864947995
"5343",2017-08-10,49.6752323674139,27289,49383,2079119,2.37518872176148,55.2599072555333
"5344",2017-08-11,51.5571538704138,34212,57074,2079119,2.74510501803889,59.9432315940709
"5345",2017-08-12,45.6944484858562,48538,96226,2079119,4.62821031408015,50.4416685719036
"5346",2017-08-13,49.7501556815575,17001,30511,2079119,1.46749656946043,55.7208875487529
"5347",2017-08-14,40.5624829094887,5637,10971,2079119,0.527675424061826,51.3809133169264
"5348",2017-08-15,48.4110312889628,9050,16843,2079119,0.81010274063197,53.7315205129728
"5349",2017-08-16,43.7958844490767,35205,70999,2079119,3.4148598516968,49.5852054254285
"5350",2017-08-17,45.8464200675563,38041,72236,2079119,3.47435620568135,52.6621075364084
"5351",2017-08-18,39.8181847713098,28778,61568,2079119,2.96125426202156,46.7418139293139
"5352",2017-08-19,42.3947949060964,27239,57559,2079119,2.76843220614116,47.3236157681683
"5353",2017-08-20,51.4596714187922,41675,67198,2079119,3.2320420331881,62.0182148278223
"5354",2017-08-21,37.308240697513,34231,79253,2079119,3.81185492509087,43.1920558212307
"5355",2017-08-22,60.4009189969804,27478,38085,2079119,1.83178548221627,72.1491400813969
"5356",2017-08-23,46.0505193218268,27318,52376,2079119,2.51914392586475,52.1574767068887
"5357",2017-08-24,57.9621334882441,87724,130828,2079119,6.29247291761559,67.0529244504235
"5358",2017-08-25,49.0804746112863,39657,73576,2079119,3.53880658105669,53.8993693595738
"5359",2017-08-26,50.6866259262696,85596,150874,2079119,7.25663129431264,56.7334331959118
"5360",2017-08-27,46.6936170711965,47911,85243,2079119,4.09995772247765,56.2052016001314
"5361",2017-08-28,41.6747906822515,11795,24126,2079119,1.16039534052644,48.8891652159496
"5362",2017-08-29,43.3021370670597,3077,6785,2079119,0.326340146956475,45.3500368459838
"5363",2017-08-30,51.4736359791344,7894,14186,2079119,0.682308227667584,55.646411955449
"5364",2017-08-31,49.8178131109926,73461,123774,2079119,5.95319459828899,59.3509137621795
"5365",2017-09-01,57.481515000296,83686,118231,2079119,5.68659129179234,70.7817746614678
"5366",2017-09-02,52.1493927125506,22471,34580,2079119,1.6632044630442,64.9826489300173
"5367",2017-09-03,40.546640969163,6696,18160,2079119,0.873446878221016,36.8722466960352
"5368",2017-09-04,53.6182351556061,60524,101924,2079119,4.90226870131051,59.3814999411326
"5369",2017-09-05,55.9060892201525,50910,81439,2079119,3.91699561208377,62.5130465747369
"5370",2017-09-06,45.9706001727565,49902,96089,2079119,4.62162098465744,51.9331036851252
"5371",2017-09-07,43.9956331877729,4450,11450,2079119,0.550714028393757,38.8646288209607
"5372",2017-09-08,53.0686538822206,47844,85312,2079119,4.10327643583652,56.0812078019505
"5373",2017-09-09,48.7043382094204,51817,99465,2079119,4.78399745276725,52.0957120595184
"5374",2017-09-10,46.1179877753706,67975,134319,2079119,6.46038057465686,50.6071367416374
"5375",2017-09-11,47.8350442913819,61621,113679,2079119,5.46765240469641,54.2061418555758
"5376",2017-09-12,50.5912343776751,66916,116820,2079119,5.61872600846801,57.281287450779
"5377",2017-09-13,45.0856643492446,67283,128735,2079119,6.19180527906291,52.2647298714413
"5378",2017-09-14,51.9097013197499,96353,155484,2079119,7.47835982452183,61.9697203570785
"5379",2017-09-15,50.752086243078,86290,142481,2079119,6.85295069690576,60.5624609597069
"5380",2017-09-16,54.0332265220606,14395,20285,2079119,0.97565363021549,70.9637663298004
"5381",2017-09-17,55.0808769652387,118495,173325,2079119,8.33646366561991,68.3657868166739
"5382",2017-09-18,45.909430931044,18568,39837,2079119,1.91605194315477,46.60993548711
"5383",2017-09-19,48.855721063373,39896,75458,2079119,3.6293256903525,52.8717962310159
"5384",2017-09-20,52.6813530873761,41170,61962,2079119,2.98020459627371,66.4439495174462
"5385",2017-09-21,57.8435557736343,66569,97824,2079119,4.70506979157999,68.049762839385
"5386",2017-09-22,57.2069939711806,50238,73978,2079119,3.55814169366929,67.9093784638676
"5387",2017-09-23,51.6516933570277,58589,97351,2079119,4.6823197710184,60.1832544093024
"5388",2017-09-24,44.4600892656581,49745,102391,2079119,4.92473013810176,48.5833715853932
"5389",2017-09-25,35.5412442044123,7751,19627,2079119,0.944005610068495,39.491516788098
"5390",2017-09-26,54.7302704153126,60403,100623,2079119,4.83969412044236,60.0290192103197
"5391",2017-09-27,57.933507223114,50322,74760,2079119,3.59575377840326,67.3113964686998
"5392",2017-09-28,44.770217348737,8664,20428,2079119,0.98253154340853,42.4123751713335
"5393",2017-09-29,52.0220992762719,37159,64527,2079119,3.10357415809292,57.5867466331923
"5394",2017-09-30,51.7613241739078,39563,65943,2079119,3.17167992789254,59.9957539086787
"5395",2017-10-01,55.5708011672506,62666,102463,2079119,4.92819314334581,61.1596381132702
"5396",2017-10-02,55.9955627743841,106148,169926,2079119,8.17298095972381,62.4671916010499
"5397",2017-10-03,46.3157899640375,55460,107334,2079119,5.16247506756468,51.6704865187173
"5398",2017-10-04,52.8660920640061,81756,135862,2079119,6.53459470092861,60.1757665866835
"5399",2017-10-05,59.1364010536714,35042,48592,2079119,2.337143761372,72.1147513994073
"5400",2017-10-06,58.4311532075883,74643,110223,2079119,5.3014281529821,67.7199858468741
"5401",2017-10-07,45.8078624456668,27204,51994,2079119,2.50077075915328,52.3214217025041
"5402",2017-10-08,62.7822686950016,44077,56138,2079119,2.70008594986627,78.515444084221
"5403",2017-10-09,56.1936575052854,11612,16555,2079119,0.796250719655777,70.1419510721836
"5404",2017-10-10,59.6869444342832,20979,27337,2079119,1.31483575495198,76.7421443464901
"5405",2017-10-11,59.832565836811,10198,13898,2079119,0.668456206691392,73.3774643833645
"5406",2017-10-12,35.2183908045977,0,174,2079119,0.00836892933978286,0
"5407",2017-10-13,7.78561151079137,11,695,2079119,0.0334276200640752,1.58273381294964
"5408",2017-10-14,27.8472727272727,59,275,2079119,0.0132267561404614,21.4545454545455
"5409",2017-10-15,NA,NA,0,2079119,0,NA
"5410",2017-10-16,17.3697813121272,11,503,2079119,0.0241929394132803,2.18687872763419
"5411",2017-10-17,41.3861171366594,109,461,2079119,0.022172853020919,23.644251626898
"5412",2017-10-18,NA,NA,0,2079119,0,NA
"5413",2017-10-19,6.23364485981308,0,428,2079119,0.0205856422840636,0
"5414",2017-10-20,NA,NA,0,2079119,0,NA
"5415",2017-10-21,NA,NA,0,2079119,0,NA
"5416",2017-10-22,NA,NA,0,2079119,0,NA
"5417",2017-10-23,NA,NA,0,2079119,0,NA
"5418",2017-10-24,NA,NA,0,2079119,0,NA
"5419",2017-10-25,NA,NA,0,2079119,0,NA
"5420",2017-10-26,NA,NA,0,2079119,0,NA
"5421",2017-10-27,NA,NA,0,2079119,0,NA
"5422",2017-10-28,NA,NA,0,2079119,0,NA
"5423",2017-10-29,NA,NA,0,2079119,0,NA
"5424",2017-10-30,NA,NA,0,2079119,0,NA
"5425",2017-10-31,NA,NA,0,2079119,0,NA
"5426",2017-11-01,NA,NA,0,2079119,0,NA
"5427",2017-11-02,NA,NA,0,2079119,0,NA
"5428",2017-11-03,NA,NA,0,2079119,0,NA
"5429",2017-11-04,NA,NA,0,2079119,0,NA
"5430",2017-11-05,NA,NA,0,2079119,0,NA
"5431",2017-11-06,NA,NA,0,2079119,0,NA
"5432",2017-11-07,NA,NA,0,2079119,0,NA
"5433",2017-11-08,NA,NA,0,2079119,0,NA
"5434",2017-11-09,NA,NA,0,2079119,0,NA
"5435",2017-11-10,NA,NA,0,2079119,0,NA
"5436",2017-11-11,NA,NA,0,2079119,0,NA
"5437",2017-11-12,NA,NA,0,2079119,0,NA
"5438",2017-11-13,NA,NA,0,2079119,0,NA
"5439",2017-11-14,NA,NA,0,2079119,0,NA
"5440",2017-11-15,NA,NA,0,2079119,0,NA
"5441",2017-11-16,NA,NA,0,2079119,0,NA
"5442",2017-11-17,NA,NA,0,2079119,0,NA
"5443",2017-11-18,NA,NA,0,2079119,0,NA
"5444",2017-11-19,NA,NA,0,2079119,0,NA
"5445",2017-11-20,NA,NA,0,2079119,0,NA
"5446",2017-11-21,NA,NA,0,2079119,0,NA
"5447",2017-11-22,NA,NA,0,2079119,0,NA
"5448",2017-11-23,NA,NA,0,2079119,0,NA
"5449",2017-11-25,NA,NA,0,2079119,0,NA
"5450",2018-01-16,NA,NA,0,2079119,0,NA
"5451",2018-01-17,NA,NA,0,2079119,0,NA
"5452",2018-01-18,NA,NA,0,2079119,0,NA
"5453",2018-01-19,NA,NA,0,2079119,0,NA
"5454",2018-01-20,NA,NA,0,2079119,0,NA
"5455",2018-01-21,NA,NA,0,2079119,0,NA
"5456",2018-01-22,NA,NA,0,2079119,0,NA
"5457",2018-01-23,NA,NA,0,2079119,0,NA
"5458",2018-01-24,NA,NA,0,2079119,0,NA
"5459",2018-01-25,NA,NA,0,2079119,0,NA
"5460",2018-01-26,NA,NA,0,2079119,0,NA
"5461",2018-01-27,NA,NA,0,2079119,0,NA
"5462",2018-01-28,NA,NA,0,2079119,0,NA
"5463",2018-01-29,NA,NA,0,2079119,0,NA
"5464",2018-01-30,NA,NA,0,2079119,0,NA
"5465",2018-01-31,NA,NA,0,2079119,0,NA
"5466",2018-02-01,NA,NA,0,2079119,0,NA
"5467",2018-02-02,NA,NA,0,2079119,0,NA
"5468",2018-02-03,NA,NA,0,2079119,0,NA
"5469",2018-02-04,NA,NA,0,2079119,0,NA
"5470",2018-02-05,NA,NA,0,2079119,0,NA
"5471",2018-02-06,NA,NA,0,2079119,0,NA
"5472",2018-02-07,NA,NA,0,2079119,0,NA
"5473",2018-02-08,NA,NA,0,2079119,0,NA
"5474",2018-02-09,NA,NA,0,2079119,0,NA
"5475",2018-02-10,NA,NA,0,2079119,0,NA
"5476",2018-02-11,NA,NA,0,2079119,0,NA
"5477",2018-02-12,NA,NA,0,2079119,0,NA
"5478",2018-02-13,NA,NA,0,2079119,0,NA
"5479",2018-02-14,NA,NA,0,2079119,0,NA
"5480",2018-02-15,NA,NA,0,2079119,0,NA
"5481",2018-02-16,NA,NA,0,2079119,0,NA
"5482",2018-02-17,NA,NA,0,2079119,0,NA
"5483",2018-02-18,NA,NA,0,2079119,0,NA
"5484",2018-02-19,NA,NA,0,2079119,0,NA
"5485",2018-02-20,NA,NA,0,2079119,0,NA
"5486",2018-02-21,NA,NA,0,2079119,0,NA
"5487",2018-02-22,54.9670103092784,349,485,2079119,0.0233271881022683,71.9587628865979
"5488",2018-02-23,77.5058479532164,625,684,2079119,0.0328985498184568,91.3742690058479
"5489",2018-02-24,67.1783439490446,572,628,2079119,0.0302051012953083,91.0828025477707
"5490",2018-02-25,18.3715415019763,7,253,2079119,0.0121686156492245,2.76679841897233
"5491",2018-02-26,50.3117647058824,217,340,2079119,0.0163530803191159,63.8235294117647
"5492",2018-02-27,49.2489539748954,424,956,2079119,0.0459810140737495,44.3514644351464
"5493",2018-02-28,62.453488372093,1562,2150,2079119,0.10340918437088,72.6511627906977
"5494",2018-03-01,75.9524349452917,17251,17639,2079119,0.848388187496723,97.8003288168264
"5495",2018-03-02,73.3801449953227,24767,25656,2079119,1.23398420196247,96.5349236046149
"5496",2018-03-03,60.5485123794993,23313,28838,2079119,1.38702979483137,80.8412511269852
"5497",2018-03-04,71.9894110876654,49562,52130,2079119,2.50731199128092,95.073853826971
"5498",2018-03-05,74.3377588876231,65854,68466,2079119,3.29302940331939,96.1849677212047
"5499",2018-03-06,72.9472072416938,86400,88819,2079119,4.2719536495987,97.2764836352582
"5500",2018-03-07,75.9620160207168,100705,103491,2079119,4.97763716266361,97.3079784715579
"5501",2018-03-08,71.5795620318982,118876,122703,2079119,5.90168239528377,96.8810868519922
"5502",2018-03-09,74.2589952719441,151804,154609,2079119,7.43627469134763,98.1857459785653
"5503",2018-03-10,74.6348564886189,174523,176432,2079119,8.48590196135959,98.9179967352861
"5504",2018-03-11,74.4596077790155,194470,195706,2079119,9.41292922627324,99.3684404157256
"5505",2018-03-12,73.7580384757533,204324,205636,2079119,9.89053536618154,99.3619794199459
"5506",2018-03-13,74.4767193310921,193916,196021,2079119,9.42807987421595,98.9261354650777
"5507",2018-03-14,68.3850025621105,117680,120994,2079119,5.81948411803269,97.2610212076632
"5508",2018-03-15,63.9956289714383,72450,76641,2079119,3.68622479040401,94.5316475515716
"5509",2018-03-16,61.6425694457576,45344,52883,2079119,2.54352925445826,85.7440009076641
"5510",2018-03-17,58.5376275510204,23086,28224,2079119,1.35749805566685,81.7956349206349
"5511",2018-03-18,65.6750594036211,82490,89641,2079119,4.31148962613492,92.0226235762653
"5512",2018-03-19,70.8431674744587,142017,143395,2079119,6.89691162458714,99.0390180968653
"5513",2018-03-20,64.499897400119,95277,97466,2079119,4.68785095994986,97.7540886052572
"5514",2018-03-21,72.0535510007483,114884,116263,2079119,5.59193581512169,98.8138960804383
"5515",2018-03-22,70.7954312532925,102005,104405,2079119,5.021598090345,97.7012595182223
"5516",2018-03-23,69.7150134256581,113352,115823,2079119,5.57077300529695,97.8665722697564
"5517",2018-03-24,70.6794450067476,116779,118560,2079119,5.70241530186584,98.4978070175439
"5518",2018-03-25,72.2323947739159,101832,103634,2079119,4.98451507585665,98.2611884130691
"5519",2018-03-26,61.1625743696289,19582,21178,2079119,1.0186045147007,92.4638776088394
"5520",2018-03-27,70.2497302220594,98866,101009,2079119,4.85825967633406,97.8784068746349
"5521",2018-03-28,64.4380013211286,20593,21194,2079119,1.0193740714216,97.1642917806927
"5522",2018-03-29,67.934031274344,52410,52631,2079119,2.53140873610409,99.5800953810492
"5523",2018-03-30,64.9481734450999,48119,48315,2079119,2.32382081064143,99.5943288833696
"5524",2018-03-31,68.3048238590873,99649,99920,2079119,4.80588172201784,99.7287830264211
"5525",2018-04-01,69.0335038944403,145037,145207,2079119,6.98406392322902,99.882925754268
"5526",2018-04-02,67.4196059312061,59438,59482,2079119,2.86092330453428,99.9260280420968
"5527",2018-04-03,70.1585023300659,155350,155575,2079119,7.48273667837195,99.8553752209545
"5528",2018-04-04,71.9943746756616,192629,192700,2079119,9.26834875733424,99.9631551634665
"5529",2018-04-05,74.6723741689542,219243,219302,2079119,10.5478330004199,99.9730964605886
"5530",2018-04-06,76.043517725859,232347,232457,2079119,11.1805529168845,99.9526794202799
"5531",2018-04-07,76.528788477776,204764,204891,2079119,9.85470288136466,99.9380158230474
"5532",2018-04-08,75.396872246696,112940,113500,2079119,5.45904298888135,99.5066079295154
"5533",2018-04-09,69.5277679862892,81754,82271,2079119,3.95701256157055,99.371589016786
"5534",2018-04-10,71.4021418940389,116007,116439,2079119,5.60040093905159,99.6289902867596
"5535",2018-04-11,62.611331508074,17746,17897,2079119,0.860797289621229,99.1562831759513
"5536",2018-04-12,59.8376116862856,12375,14102,2079119,0.678268054882861,87.7535101404056
"5537",2018-04-13,74.3933206796818,110341,110640,2079119,5.32148472502055,99.7297541576283
"5538",2018-04-14,73.6602238164891,85755,86142,2079119,4.14319719073319,99.5507417984259
"5539",2018-04-15,67.5379865475797,90365,90690,2079119,4.36194368864889,99.641636343588
"5540",2018-04-16,70.6429803067429,10605,11019,2079119,0.529984094224525,96.2428532534713
"5541",2018-04-17,76.3273528233881,124455,124850,2079119,6.00494728776948,99.6836203444133
"5542",2018-04-18,75.4700486135598,172795,172997,2079119,8.32068775284147,99.8832349693925
"5543",2018-04-19,77.5800644497309,177604,177813,2079119,8.55232432583224,99.8824607874565
"5544",2018-04-20,74.8433766540333,152322,152506,2079119,7.33512607984439,99.8793490092193
"5545",2018-04-21,70.9494314311167,56664,57249,2079119,2.75352204467373,98.978148089923
"5546",2018-04-22,73.6988261188555,54396,54520,2079119,2.6222645264653,99.7725605282465
"5547",2018-04-23,67.4230200535995,43052,43284,2079119,2.08184331921357,99.4640051751225
"5548",2018-04-24,71.9433289515013,171840,171922,2079119,8.26898316065603,99.9523039517921
"5549",2018-04-25,74.8906145870601,142510,142551,2079119,6.85631750755969,99.9712383638137
"5550",2018-04-26,75.6179678286138,164413,164494,2079119,7.9117164529784,99.9507580823617
"5551",2018-04-27,75.8499656013217,213606,213671,2079119,10.2769971319583,99.9695794001058
"5552",2018-04-28,72.8048524681863,99516,100114,2079119,4.81521259725874,99.4026809437241
"5553",2018-04-29,72.9370109193106,77457,77569,2079119,3.73085908021619,99.8556124224884
"5554",2018-04-30,76.2080318828668,104316,104633,2079119,5.03256427361782,99.697036307857
"5555",2018-05-01,76.9282694489913,99269,99581,2079119,4.78957673899378,99.6866872194495
"5556",2018-05-02,78.3172661948711,91558,91989,2079119,4.42442207492693,99.5314657187272
"5557",2018-05-03,79.1165854842021,106609,107166,2079119,5.15439472199523,99.4802456002837
"5558",2018-05-04,77.8518481551718,28883,30057,2079119,1.4456603975049,96.0940878996573
"5559",2018-05-05,75.5092979293973,21839,22747,2079119,1.09406917064391,96.0082648261309
"5560",2018-05-06,64.7359445277361,5280,5336,2079119,0.256647166420008,98.9505247376312
"5561",2018-05-07,74.056651531253,153711,155265,2079119,7.46782651690452,98.9991305187905
"5562",2018-05-08,71.5671193403023,31857,32621,2079119,1.56898186202906,97.657950400049
"5563",2018-05-09,72.1619653347575,41074,41194,2079119,1.98131997254606,99.7086954410836
"5564",2018-05-10,77.542498182112,98231,99016,2079119,4.76240176728701,99.2071988365517
"5565",2018-05-11,65.7047780605032,17441,17685,2079119,0.85060066306931,98.620299689002
"5566",2018-05-12,73.8600181873295,16216,16495,2079119,0.793364881952404,98.3085783570779
"5567",2018-05-13,76.0483824309339,40068,41482,2079119,1.99517199352226,96.5912926088424
"5568",2018-05-14,79.4507591783011,125573,127638,2079119,6.13904254638623,98.3821432488757
"5569",2018-05-15,71.3455051116319,38324,38833,2079119,1.86776225891832,98.6892591352715
"5570",2018-05-16,64.1758691206544,4816,4890,2079119,0.235195772824932,98.4867075664622
"5571",2018-05-17,71.2978139153383,25586,28041,2079119,1.34869625067156,91.2449627331408
"5572",2018-05-18,64.3103165938865,9680,10992,2079119,0.528685467258007,88.0640465793304
"5573",2018-05-19,72.1887207347044,22608,23193,2079119,1.11552056423899,97.4776872332169
"5574",2018-05-20,70.6128226477935,22752,25221,2079119,1.21306187861301,90.2105388366837
"5575",2018-05-21,71.8368913731564,13686,14849,2079119,0.71419673428986,92.1678227490067
"5576",2018-05-22,68.1090433265484,5998,6878,2079119,0.330813195396704,87.2055830183193
"5577",2018-05-23,71.9539682539683,30053,31500,2079119,1.51506479427104,95.4063492063492
"5578",2018-05-24,70.1478613569322,2572,2712,2079119,0.130439864192478,94.8377581120944
"5579",2018-05-25,75.6145771627609,40470,42203,2079119,2.02985014325779,95.8936568490392
"5580",2018-05-26,75.2724141737499,43410,45295,2079119,2.17856697957164,95.8383927585826
"5581",2018-05-27,76.0531463270461,72167,74436,2079119,3.58017025480504,96.9517437798915
"5582",2018-05-28,76.7139107611548,17116,17907,2079119,0.861278262571791,95.5827330094376
"5583",2018-05-29,76.7490743646062,30884,31870,2079119,1.53286079344184,96.9061813617822
"5584",2018-05-30,74.1850958539527,44478,48094,2079119,2.313191308434,92.4813906100553
"5585",2018-05-31,69.0558262802428,11583,11697,2079119,0.562594060272644,99.0253911259297
"5586",2018-06-01,64.3799979336708,7368,9679,2079119,0.465533718849186,76.1235664841409
"5587",2018-06-02,69.0219507539607,4471,5239,2079119,0.251981728799554,85.340713876694
"5588",2018-06-03,68.4707091469681,2614,2919,2079119,0.140396004269116,89.5512161699212
"5589",2018-06-04,70.3735528685362,7347,7774,2079119,0.37390837176708,94.5073321327502
"5590",2018-06-05,74.0610220168524,34957,36790,2079119,1.76949948511846,95.017667844523
"5591",2018-06-06,68.232843833886,27204,31665,2079119,1.52300084795531,85.9118900994789
"5592",2018-06-07,74.7404028390562,117219,130325,2079119,6.26827997820231,89.9436025321312
"5593",2018-06-08,75.0500724318196,28539,31754,2079119,1.52728150721532,89.8752913018832
"5594",2018-06-09,72.1925673371974,12686,14665,2079119,0.705346831999515,86.5052846914422
"5595",2018-06-10,67.1511442256519,1668,1879,2079119,0.0903748174106436,88.7706226716338
"5596",2018-06-11,70.4434052072921,37641,42018,2079119,2.02095214367239,89.5830358417821
"5597",2018-06-12,62.8773201047879,30002,35882,2079119,1.72582714120741,83.6129535700351
"5598",2018-06-13,66.3782180434296,7683,8934,2079119,0.429701234032299,85.997313633311
"5599",2018-06-14,64.0535593220339,26763,30975,2079119,1.48981371436652,86.4019370460048
"5600",2018-06-15,71.3878523015728,70619,76426,2079119,3.67588387196692,92.4018004344071
"5601",2018-06-16,65.7570696949454,7548,8982,2079119,0.432009904194998,84.0347361389446
"5602",2018-06-17,79.7665468703205,5890,6678,2079119,0.321193736385459,88.2000598981731
"5603",2018-06-18,77.4102463920295,142221,163804,2079119,7.87852931938961,86.8238870845645
"5604",2018-06-19,63.2704736609119,8316,11295,2079119,0.543258947660043,73.6254980079681
"5605",2018-06-20,77.9126865966614,64797,75899,2079119,3.65053659747229,85.372666306539
"5606",2018-06-21,77.0070484893564,23962,28233,2079119,1.35793093132235,84.8723125420607
"5607",2018-06-22,78.0977897126275,146373,170928,2079119,8.22117444937014,85.634302162314
"5608",2018-06-23,74.2242488536035,73529,87666,2079119,4.21649746839887,83.8740218556795
"5609",2018-06-24,47.5905172413793,459,928,2079119,0.0446342898121753,49.4612068965517
"5610",2018-06-25,55.2033009409224,4347,6483,2079119,0.311814763849496,67.0522906062008
"5611",2018-06-26,50.5547556719023,2567,4584,2079119,0.220478000537728,55.999127399651
"5612",2018-06-27,66.7113312289104,7830,9187,2079119,0.441869849681524,85.2291281158158
"5613",2018-06-28,62.5411764705882,8440,10455,2079119,0.502857219812815,80.726924916308
"5614",2018-06-29,64.8529945553539,11791,15428,2079119,0.742045068127414,76.4259787399533
"5615",2018-06-30,65.2455434373825,100704,132950,2079119,6.39453537772489,75.7457690861226
"5616",2018-07-01,62.0636247070787,17096,22617,2079119,1.0878165222866,75.5891585975151
"5617",2018-07-02,67.6571620782447,30448,38648,2079119,1.85886425933292,78.7828606913683
"5618",2018-07-03,69.2664161538543,146937,189478,2079119,9.11337927266309,77.5483169550027
"5619",2018-07-04,75.9095531252263,59839,69035,2079119,3.32039676420638,86.6792206851597
"5620",2018-07-05,78.2807523778989,47757,56142,2079119,2.70027833904649,85.0646574756867
"5621",2018-07-06,73.7467530210518,140121,172622,2079119,8.30265126719538,81.172156503806
"5622",2018-07-07,55.3177456207159,4044,6565,2079119,0.315758742044106,61.5993907083016
"5623",2018-07-08,57.9066666666667,14516,23625,2079119,1.13629859570328,61.4433862433862
"5624",2018-07-09,71.7388267220584,46073,59696,2079119,2.87121612567631,77.1793755025462
"5625",2018-07-10,60.0376322213181,19556,29496,2079119,1.41867781497836,66.3005153241117
"5626",2018-07-11,67.3290736142163,87239,121213,2079119,5.83001742565,71.9716532055143
"5627",2018-07-12,67.259807073955,6706,7775,2079119,0.373956469062136,86.2508038585209
"5628",2018-07-13,62.1168672348599,90748,133288,2079119,6.4107922634539,68.0841486105276
"5629",2018-07-14,53.5109098394401,1718,2429,2079119,0.116828329691566,70.7286949361877
"5630",2018-07-15,62.6988669534033,59597,83933,2079119,4.03695026595399,71.0054448190819
"5631",2018-07-16,57.1618273045085,34711,55207,2079119,2.65530736816892,62.874273189994
"5632",2018-07-17,56.3288165103758,68546,105679,2079119,5.08287404424663,64.8624608484183
"5633",2018-07-18,68.5388731926209,22942,30085,2079119,1.44700712176648,76.2572710653149
"5634",2018-07-19,75.9284588096177,17620,20296,2079119,0.976182700461109,86.8151359873867
"5635",2018-07-20,67.2516863406408,10306,14232,2079119,0.68452070324017,72.4142776840922
"5636",2018-07-21,44.1035233996772,17834,37180,2079119,1.78825743019038,47.9666487358795
"5637",2018-07-22,58.9165947430365,9726,12745,2079119,0.613000025491566,76.3122793252256
"5638",2018-07-23,45.2391643280324,1912,3207,2079119,0.154248025245308,59.6195821640162
"5639",2018-07-24,58.6945786366076,6106,9315,2079119,0.44802630344872,65.5501878690284
"5640",2018-07-25,54.1910499777547,15971,26972,2079119,1.29728024225646,59.2132581936823
"5641",2018-07-26,58.3847467608952,42167,67920,2079119,3.26676828021869,62.0833333333333
"5642",2018-07-27,48.5703608492812,67936,126036,2079119,6.06199067970616,53.9020597289663
"5643",2018-07-28,66.6288206214003,73171,102961,2079119,4.95214559628381,71.0667145812492
"5644",2018-07-29,54.3467278423247,72351,121617,2079119,5.84944873285271,59.4908606527048
"5645",2018-07-30,55.3194685447926,106275,176346,2079119,8.48176559398476,60.265047123269
"5646",2018-07-31,33.2339686116445,23592,63017,2079119,3.03094724255803,37.4375168605297
"5647",2018-08-01,49.0458163337881,84176,154661,2079119,7.43877575069056,54.4261319919049
"5648",2018-08-02,46.8044588111547,20362,38979,2079119,1.87478446399653,52.2383847712871
"5649",2018-08-03,68.4245935250083,31867,41946,2079119,2.01748913842834,75.9714871501454
"5650",2018-08-04,68.9128287204393,27252,36239,2079119,1.74299787554248,75.2007505725876
"5651",2018-08-05,52.7694445161346,69564,116241,2079119,5.59087767463046,59.8446331328877
"5652",2018-08-06,52.9946281193534,35821,61431,2079119,2.95466493259886,58.3109504973059
"5653",2018-08-07,48.4340556112224,8324,15968,2079119,0.768017607457774,52.1292585170341
"5654",2018-08-08,64.3351133076181,58188,82960,2079119,3.99015159786429,70.1398264223722
"5655",2018-08-09,64.028932248374,25848,34287,2079119,1.64911195559273,75.3871729810132
"5656",2018-08-10,66.7934264038792,37519,51144,2079119,2.45988805835549,73.359533865165
"5657",2018-08-11,71.9132166412988,63613,78840,2079119,3.79199074223265,80.6861998985287
"5658",2018-08-12,64.6835069016961,49181,69041,2079119,3.32068534797672,71.2344838574181
"5659",2018-08-13,59.02921697779,111149,166547,2079119,8.01046019972883,66.7373173938888
"5660",2018-08-14,61.7223473721061,92472,131398,2079119,6.31988837579763,70.3755003881338
"5661",2018-08-15,52.659234955737,68386,116124,2079119,5.58525029110888,58.8904963659536
"5662",2018-08-16,45.2720986984816,17875,36880,2079119,1.77382824167352,48.4680043383948
"5663",2018-08-17,52.838628173247,47139,75199,2079119,3.61686849093294,62.6856740116225
"5664",2018-08-18,56.0813220038576,13178,19183,2079119,0.922650411063532,68.6962414637961
"5665",2018-08-19,38.9992500093749,11479,26667,2079119,1.28261056726431,43.0457119286009
"5666",2018-08-20,41.9825667723781,26964,54551,2079119,2.62375554261204,49.4289747209034
"5667",2018-08-21,50.2947103274559,15219,26996,2079119,1.2984345773378,56.3750185212624
"5668",2018-08-22,50.6227286068789,21652,37477,2079119,1.80254232682208,57.7741014488887
"5669",2018-08-23,48.5047510883967,14008,26415,2079119,1.27049004891014,53.0304751088397
"5670",2018-08-24,56.290236820273,34494,53036,2079119,2.55088814060186,65.0388415415944
"5671",2018-08-25,48.7427242662257,26822,48380,2079119,2.32694713482008,55.4402645721372
"5672",2018-08-26,24.2771558245083,1668,6610,2079119,0.317923120321636,25.2344931921331
"5673",2018-08-27,47.200506981383,14058,24064,2079119,1.15741330823296,58.4192154255319
"5674",2018-08-28,43.1601285355223,67532,125724,2079119,6.04698432364862,53.7144856988324
"5675",2018-08-29,47.3366872050341,34386,61024,2079119,2.93508933351097,56.3483219716833
"5676",2018-08-30,47.4188712522046,712,1134,2079119,0.0545423325937573,62.7865961199294
"5677",2018-08-31,42.7780131873354,25098,50503,2079119,2.42905769222445,49.696057659941
"5678",2018-09-01,61.8490543112875,22112,24691,2079119,1.18757031223321,89.5548985460289
"5679",2018-09-02,51.1242464471479,25272,45949,2079119,2.21002261053841,55.0001088162963
"5680",2018-09-03,57.4285097813579,25694,34760,2079119,1.67186197615432,73.9182968929804
"5681",2018-09-04,59.054918569498,49336,71779,2079119,3.45237574184065,68.7331949455969
"5682",2018-09-05,42.2023733673144,5774,12556,2079119,0.60390963672594,45.9859827970691
"5683",2018-09-06,48.5198484130744,24507,42220,2079119,2.03066779727375,58.0459497868309
"5684",2018-09-07,47.8022025233069,39492,69829,2079119,3.35858601648102,56.5552993741855
"5685",2018-09-08,49.6247475649462,42404,72791,2079119,3.50105020443755,58.2544545342144
"5686",2018-09-09,57.4797369923751,78797,119084,2079119,5.7276182844753,66.1692586745491
"5687",2018-09-10,55.9516790761283,80923,131620,2079119,6.33056597530011,61.4822975231728
"5688",2018-09-11,41.6149372140563,38399,82184,2079119,3.95282809690066,46.7232064635452
"5689",2018-09-12,53.2259263374943,100635,161982,2079119,7.79089604779717,62.1272734007482
"5690",2018-09-13,49.6170037783525,49740,83899,2079119,4.03531495792208,59.2855695538683
"5691",2018-09-14,56.3622042262432,23009,31612,2079119,1.52045169131733,72.7856510186005
"5692",2018-09-15,54.7286093078541,40530,54685,2079119,2.63020058014957,74.1153881320289
"5693",2018-09-16,60.950714090785,84756,109930,2079119,5.28733564553063,77.0999727099063
"5694",2018-09-17,60.0929465483502,59723,81251,2079119,3.9079533206132,73.5043261006018
"5695",2018-09-18,59.6778913279553,73881,103136,2079119,4.96056262291865,71.6345408004964
"5696",2018-09-19,56.0723495240671,53246,77637,2079119,3.73412969628001,68.5832785913933
"5697",2018-09-20,57.1706037471417,77301,108456,2079119,5.21644023261776,71.2740650586413
"5698",2018-09-21,59.5261198716558,63864,87577,2079119,4.21221680913887,72.9232561060552
"5699",2018-09-22,57.0250769106218,34720,49408,2079119,2.37639115413788,70.2720207253886
"5700",2018-09-23,57.8139088729017,6256,8340,2079119,0.401131440768903,75.0119904076739
"5701",2018-09-24,51.4226123004178,18429,30877,2079119,1.48510017945101,59.6852025779707
"5702",2018-09-25,48.5869943797989,12819,25266,2079119,1.21522625689054,50.7361671811921
"5703",2018-09-26,50.437938557698,10431,16959,2079119,0.815682026858492,61.5071643375199
"5704",2018-09-27,63.7313234060403,79591,95360,2079119,4.58655805656146,83.463716442953
"5705",2018-09-28,65.4791578670721,92483,106539,2079119,5.12423771799498,86.8067092801697
"5706",2018-09-29,67.3358271123656,113102,123641,2079119,5.94679765804651,91.4761284687118
"5707",2018-09-30,70.7173401213379,135952,146533,2079119,7.04784093647357,92.7791009533689
"5708",2018-10-01,70.3079009724769,87610,93267,2079119,4.48589041800878,93.9346178176633
"5709",2018-10-02,70.4321386492342,71007,78933,2079119,3.79646379067288,89.9585724601878
"5710",2018-10-03,67.3192720354314,56061,64124,2079119,3.08419094818526,87.4259247707567
"5711",2018-10-04,63.5365568216816,54186,64940,2079119,3.12343834095114,83.44009855251
"5712",2018-10-05,56.1775954138527,20204,25468,2079119,1.2249419104919,79.3309250824564
"5713",2018-10-06,70.2797989858747,105794,110440,2079119,5.31186526600931,95.7931908728721
"5714",2018-10-07,70.6927388818769,76975,80814,2079119,3.88693480267363,95.2495854678645
"5715",2018-10-08,71.8128047424972,64500,67475,2079119,3.24536498391867,95.5909596146721
"5716",2018-10-09,75.1171701060047,58319,60186,2079119,2.89478380025386,96.8979496892965
"5717",2018-10-10,77.9379223367484,63143,64226,2079119,3.089096872281,98.3137670102451
"5718",2018-10-11,70.1315777442509,20754,21873,2079119,1.05203213476477,94.8841036894802
"5719",2018-10-12,62.3083084947839,4812,5368,2079119,0.258186279861807,89.6423248882265
"5720",2018-10-13,58.5702283105023,3732,5475,2079119,0.263332690432823,68.1643835616438
"5721",2018-10-14,NA,NA,0,2079119,0,NA
"5722",2018-10-15,18.9167974882261,20,637,2079119,0.0306379769508143,3.13971742543171
"5723",2018-10-16,29.5982142857143,119,560,2079119,0.0269344852314851,21.25
"5724",2018-10-17,43.7566539923954,89,526,2079119,0.0252991771995735,16.9201520912548
"5725",2018-10-18,13.8865131578947,4,608,2079119,0.0292431553941838,0.657894736842105
"5726",2018-10-19,19.0446927374302,0,358,2079119,0.017218831630128,0
"5727",2018-10-20,NA,NA,0,2079119,0,NA
"5728",2018-10-21,NA,NA,0,2079119,0,NA
"5729",2018-10-22,NA,NA,0,2079119,0,NA
"5730",2018-10-23,NA,NA,0,2079119,0,NA
"5731",2018-10-24,NA,NA,0,2079119,0,NA
"5732",2018-10-25,NA,NA,0,2079119,0,NA
"5733",2018-10-26,NA,NA,0,2079119,0,NA
"5734",2018-10-27,NA,NA,0,2079119,0,NA
"5735",2018-10-28,NA,NA,0,2079119,0,NA
"5736",2018-10-29,NA,NA,0,2079119,0,NA
"5737",2018-10-30,NA,NA,0,2079119,0,NA
"5738",2018-10-31,NA,NA,0,2079119,0,NA
"5739",2018-11-01,NA,NA,0,2079119,0,NA
"5740",2018-11-02,NA,NA,0,2079119,0,NA
"5741",2018-11-03,NA,NA,0,2079119,0,NA
"5742",2018-11-04,NA,NA,0,2079119,0,NA
"5743",2018-11-05,NA,NA,0,2079119,0,NA
"5744",2018-11-06,NA,NA,0,2079119,0,NA
"5745",2018-11-07,NA,NA,0,2079119,0,NA
"5746",2018-11-08,NA,NA,0,2079119,0,NA
"5747",2018-11-09,NA,NA,0,2079119,0,NA
"5748",2018-11-10,NA,NA,0,2079119,0,NA
"5749",2018-11-11,NA,NA,0,2079119,0,NA
"5750",2018-11-12,NA,NA,0,2079119,0,NA
"5751",2018-11-13,NA,NA,0,2079119,0,NA
"5752",2018-11-14,NA,NA,0,2079119,0,NA
"5753",2018-11-15,NA,NA,0,2079119,0,NA
"5754",2018-11-16,NA,NA,0,2079119,0,NA
"5755",2018-11-17,NA,NA,0,2079119,0,NA
"5756",2018-11-18,NA,NA,0,2079119,0,NA
"5757",2018-11-19,NA,NA,0,2079119,0,NA
"5758",2018-11-20,NA,NA,0,2079119,0,NA
"5759",2018-11-21,NA,NA,0,2079119,0,NA
"5760",2018-11-22,NA,NA,0,2079119,0,NA
"5761",2018-11-23,NA,NA,0,2079119,0,NA
"5762",2018-11-24,NA,NA,0,2079119,0,NA
"5763",2018-11-25,NA,NA,0,2079119,0,NA
"5764",2018-11-26,NA,NA,0,2079119,0,NA
"5765",2019-01-17,NA,NA,0,2079119,0,NA
"5766",2019-01-18,NA,NA,0,2079119,0,NA
"5767",2019-01-19,NA,NA,0,2079119,0,NA
"5768",2019-01-20,NA,NA,0,2079119,0,NA
"5769",2019-01-21,NA,NA,0,2079119,0,NA
"5770",2019-01-22,NA,NA,0,2079119,0,NA
"5771",2019-01-23,NA,NA,0,2079119,0,NA
"5772",2019-01-24,NA,NA,0,2079119,0,NA
"5773",2019-01-25,NA,NA,0,2079119,0,NA
"5774",2019-01-26,NA,NA,0,2079119,0,NA
"5775",2019-01-27,NA,NA,0,2079119,0,NA
"5776",2019-01-28,NA,NA,0,2079119,0,NA
"5777",2019-01-29,NA,NA,0,2079119,0,NA
"5778",2019-01-30,NA,NA,0,2079119,0,NA
"5779",2019-01-31,NA,NA,0,2079119,0,NA
"5780",2019-02-01,NA,NA,0,2079119,0,NA
"5781",2019-02-02,NA,NA,0,2079119,0,NA
"5782",2019-02-03,NA,NA,0,2079119,0,NA
"5783",2019-02-04,NA,NA,0,2079119,0,NA
"5784",2019-02-05,NA,NA,0,2079119,0,NA
"5785",2019-02-06,NA,NA,0,2079119,0,NA
"5786",2019-02-07,NA,NA,0,2079119,0,NA
"5787",2019-02-08,NA,NA,0,2079119,0,NA
"5788",2019-02-09,NA,NA,0,2079119,0,NA
"5789",2019-02-10,NA,NA,0,2079119,0,NA
"5790",2019-02-11,NA,NA,0,2079119,0,NA
"5791",2019-02-12,NA,NA,0,2079119,0,NA
"5792",2019-02-13,NA,NA,0,2079119,0,NA
"5793",2019-02-14,NA,NA,0,2079119,0,NA
"5794",2019-02-15,NA,NA,0,2079119,0,NA
"5795",2019-02-16,NA,NA,0,2079119,0,NA
"5796",2019-02-17,NA,NA,0,2079119,0,NA
"5797",2019-02-18,NA,NA,0,2079119,0,NA
"5798",2019-02-19,NA,NA,0,2079119,0,NA
"5799",2019-02-20,NA,NA,0,2079119,0,NA
"5800",2019-02-21,NA,NA,0,2079119,0,NA
"5801",2019-02-22,NA,NA,0,2079119,0,NA
"5802",2019-02-23,47.8370786516854,177,356,2079119,0.0171226370400155,49.7191011235955
"5803",2019-02-24,45.2325581395349,224,516,2079119,0.0248182042490112,43.4108527131783
"5804",2019-02-25,23.6494023904382,0,251,2079119,0.0120724210591121,0
"5805",2019-02-26,54.8535714285714,196,280,2079119,0.0134672426157425,70
"5806",2019-02-27,54.7086614173228,177,254,2079119,0.0122167129442807,69.6850393700787
"5807",2019-02-28,73.7766675668377,3531,3703,2079119,0.178104283593195,95.3551174723197
"5808",2019-03-01,68.4186327888687,4820,4959,2079119,0.238514486183812,97.1970155273241
"5809",2019-03-02,61.4064835879103,10692,12308,2079119,0.591981507551997,86.870328241794
"5810",2019-03-03,63.7680845950493,22429,24966,2079119,1.20079706837367,89.8381799246976
"5811",2019-03-04,56.5059994146913,7792,10251,2079119,0.493045371621345,76.0120963808409
"5812",2019-03-05,67.500076646625,55631,58711,2079119,2.82384029004593,94.7539643337705
"5813",2019-03-06,59.2592511794061,30218,36671,2079119,1.76377590700677,82.4029887376946
"5814",2019-03-07,72.3129432891679,129459,132532,2079119,6.37443070839139,97.6813147013551
"5815",2019-03-08,72.4928679854468,163548,166012,2079119,7.98472814687375,98.5157699443414
"5816",2019-03-09,64.0540030907518,133373,141066,2079119,6.7848930244012,94.5465243219486
"5817",2019-03-10,69.7722116338572,149095,153208,2079119,7.36889038097386,97.3154143386768
"5818",2019-03-11,69.8524439906005,159079,162562,2079119,7.81879247892978,97.8574328563871
"5819",2019-03-12,66.8323357577203,122386,125805,2079119,6.05088020454818,97.2823019752792
"5820",2019-03-13,66.9372527129747,118616,121822,2079119,5.85930867833924,97.3682914416115
"5821",2019-03-14,65.4211632742893,128687,131766,2079119,6.33758818037832,97.6632818784816
"5822",2019-03-15,66.9520495063404,81864,85484,2079119,4.1115491705862,95.7652894108839
"5823",2019-03-16,70.8172924940561,149359,150574,2079119,7.24220210579577,99.1930877840796
"5824",2019-03-17,66.188195608563,143477,145556,2079119,7.00084987920364,98.571683750584
"5825",2019-03-18,60.9665576154126,11526,13755,2079119,0.661578293498352,83.7949836423119
"5826",2019-03-19,62.9550418831513,43800,47155,2079119,2.26802794837621,92.8851659421058
"5827",2019-03-20,54.1962321681368,8000,9183,2079119,0.441677460501299,87.1174997277578
"5828",2019-03-21,64.6458400303925,65258,68438,2079119,3.29168267905781,95.3534586048686
"5829",2019-03-22,68.2348645268862,55597,59975,2079119,2.88463527099699,92.7002917882451
"5830",2019-03-23,64.9690640646128,50093,54726,2079119,2.63217256924688,91.5341885027227
"5831",2019-03-24,70.9812289191964,107313,109104,2079119,5.24760727981419,98.3584469863616
"5832",2019-03-25,61.2779448293895,13885,15298,2079119,0.735792419770105,90.7634984965355
"5833",2019-03-26,66.1861134142358,78909,79602,2079119,3.82864088106549,99.1294188588226
"5834",2019-03-27,66.8971401838744,96852,98328,2079119,4.72931082828833,98.4989016353429
"5835",2019-03-28,65.7724540443469,37856,40093,2079119,1.92836485068916,94.4204724016661
"5836",2019-03-29,63.560707456979,15050,16736,2079119,0.804956330060954,89.9259082217973
"5837",2019-03-30,70.4915127725528,112761,113877,2079119,5.47717566911754,99.0199952580416
"5838",2019-03-31,73.6610093579712,146537,147361,2079119,7.08766549678013,99.4408289846024
"5839",2019-04-01,73.3316831683168,132391,132916,2079119,6.39290006969298,99.6050136928586
"5840",2019-04-02,70.4619696584187,125119,125768,2079119,6.0491006046311,99.4839704853381
"5841",2019-04-03,71.4301000379891,125868,126352,2079119,6.07718942494393,99.6169431429657
"5842",2019-04-04,69.6621415884293,78781,78820,2079119,3.79102879633152,99.950520172545
"5843",2019-04-05,70.4922795982551,97610,98570,2079119,4.74095037369193,99.0260728416354
"5844",2019-04-06,65.1232922359214,35037,36012,2079119,1.73207978956471,97.2925691436188
"5845",2019-04-07,72.9950331903698,148857,148989,2079119,7.16596789313166,99.9114028552443
"5846",2019-04-08,75.1078977292137,204888,204907,2079119,9.85547243808556,99.9907275007686
"5847",2019-04-09,71.416462700862,37087,37588,2079119,1.80788112657332,98.6671278067468
"5848",2019-04-10,66.5650757308912,10948,11356,2079119,0.546192882658472,96.4071856287425
"5849",2019-04-11,71.0660260482846,62842,62960,2079119,3.02820569673982,99.8125794155019
"5850",2019-04-12,69.9637275636826,52578,53429,2079119,2.56979037755896,98.4072320275506
"5851",2019-04-13,65.7034100411931,30443,32287,2079119,1.55291736548028,94.2887230154551
"5852",2019-04-14,66.2051835263273,35247,36616,2079119,1.76113055577867,96.2611972908018
"5853",2019-04-15,69.7168423051362,39861,42132,2079119,2.0264352353088,94.6097977784107
"5854",2019-04-16,78.2462739531583,57572,57769,2079119,2.77853263810297,99.6589866537416
"5855",2019-04-17,80.2534412073439,99607,100982,2079119,4.85696104936754,98.6383711948664
"5856",2019-04-18,72.359381750108,19050,20833,2079119,1.0020109479063,91.441463063409
"5857",2019-04-19,68.5482267398724,13343,13478,2079119,0.648255342767778,98.9983677103428
"5858",2019-04-20,65.1406844106464,3884,3945,2079119,0.189743828996801,98.4537389100127
"5859",2019-04-21,73.177875723112,177819,177877,2079119,8.55540255271584,99.967393198671
"5860",2019-04-22,71.0096605225464,95190,95647,2079119,4.60036198024259,99.5222014281682
"5861",2019-04-23,75.3802447879627,79958,80151,2079119,3.85504629605136,99.7592045015034
"5862",2019-04-24,74.381361019097,44533,44981,2079119,2.16346442892398,99.0040239212112
"5863",2019-04-25,58.7231121281465,406,437,2079119,0.0210185179395696,92.9061784897025
"5864",2019-04-26,71.6587646115863,85319,85463,2079119,4.11053912739001,99.83150603185
"5865",2019-04-27,72.6772527262292,5149,5227,2079119,0.251404561258879,98.5077482303425
"5866",2019-04-28,76.6893343040451,43766,43954,2079119,2.11406850690124,99.5722801110252
"5867",2019-04-29,66.3097839281379,3954,4119,2079119,0.198112758336584,95.9941733430444
"5868",2019-04-30,75.9888967389799,144120,144372,2079119,6.94390268185708,99.8254509184606
"5869",2019-05-01,75.6548753279919,70899,71267,2079119,3.42774992677187,99.4836319755286
"5870",2019-05-02,70.5279375871688,45751,45888,2079119,2.20708867553998,99.7014470013947
"5871",2019-05-03,76.8901077899243,78062,78486,2079119,3.77496429978274,99.4597762658308
"5872",2019-05-04,75.1652161595056,112622,112949,2079119,5.43254137930537,99.7104888046818
"5873",2019-05-05,76.6196777224244,126413,126661,2079119,6.0920514891163,99.8042017669212
"5874",2019-05-06,75.7597894577565,91892,92523,2079119,4.45010603048695,99.3180074143726
"5875",2019-05-07,77.9508929542538,91845,91942,2079119,4.42216150205929,99.8944987057058
"5876",2019-05-08,76.9256295330454,61022,61355,2079119,2.95100953817458,99.4572569472741
"5877",2019-05-09,71.7779674681083,41818,42174,2079119,2.02845532170116,99.1558780291175
"5878",2019-05-10,75.5507431697591,151342,151715,2079119,7.29708111945492,99.7541442836898
"5879",2019-05-11,77.4784352826601,129040,129378,2079119,6.22273183978406,99.7387500193232
"5880",2019-05-12,71.9948732554828,6936,7022,2079119,0.3377392058848,98.7752776986613
"5881",2019-05-13,63.9475138121547,2509,2534,2079119,0.12187854567247,99.0134175217048
"5882",2019-05-14,67.8844944563958,6005,6043,2079119,0.290651954024758,99.3711732583154
"5883",2019-05-15,69.2228058388811,15994,16373,2079119,0.787497011955545,97.6852134611861
"5884",2019-05-16,78.5520439602325,31175,31483,2079119,1.51424714025508,99.0216942476892
"5885",2019-05-17,79.7163657542225,5105,5151,2079119,0.247749166834606,99.1069695204815
"5886",2019-05-18,57.6470588235294,15,17,2079119,0.000817654015955797,88.2352941176471
"5887",2019-05-19,71.491515900663,8531,8899,2079119,0.428017828705331,95.8647038993145
"5888",2019-05-20,76.4974257021971,39210,39234,2079119,1.88704927423587,99.9388285670592
"5889",2019-05-21,80.6914144533663,48458,48570,2079119,2.33608562088077,99.7694049824995
"5890",2019-05-22,80.4192992823976,59074,59225,2079119,2.84856229970483,99.7450401013086
"5891",2019-05-23,80.2634997637996,109349,110076,2079119,5.29435785060884,99.3395472219194
"5892",2019-05-24,74.5038271814934,81837,82306,2079119,3.95869596689752,99.4301751998639
"5893",2019-05-25,71.3770014556041,45041,45342,2079119,2.18082755243928,99.3361563230559
"5894",2019-05-26,74.0041590850013,130184,130798,2079119,6.2910299987639,99.5305738619857
"5895",2019-05-27,77.2335568941493,183390,184439,2079119,8.87101700287478,99.4312482717863
"5896",2019-05-28,72.2482827148227,22943,23147,2079119,1.1133080886664,99.1186762863438
"5897",2019-05-29,74.8027056473579,10818,11014,2079119,0.529743607749244,98.2204467041947
"5898",2019-05-30,78.5693198059936,42599,42679,2079119,2.05274445570456,99.8125541835563
"5899",2019-05-31,79.0462993327488,147920,149419,2079119,7.18664973000583,98.9967808645487
"5900",2019-06-01,80.4521249394412,147291,148616,2079119,7.14802760207569,99.1084405447596
"5901",2019-06-02,80.3804612381618,81039,82994,2079119,3.9917869058962,97.6444080294961
"5902",2019-06-03,80.4518404846842,49385,50177,2079119,2.41337797403612,98.4215875799669
"5903",2019-06-04,72.9476756023074,14413,14735,2079119,0.708713642653451,97.8147268408551
"5904",2019-06-05,76.0337951423106,16520,17251,2079119,0.829726437014909,95.7625644890151
"5905",2019-06-06,69.8474323704723,7688,8724,2079119,0.419600802070492,88.1247134342045
"5906",2019-06-07,79.0813453536754,26970,28840,2079119,1.38712598942148,93.5159500693481
"5907",2019-06-08,80.1981454204606,28053,29872,2079119,1.4367623979195,93.9106855918586
"5908",2019-06-09,75.168321909241,76561,79948,2079119,3.84528254515494,95.7634962725772
"5909",2019-06-10,78.3730114276145,167175,173177,2079119,8.32934526595159,96.5341817908845
"5910",2019-06-11,80.0342379532078,169774,176354,2079119,8.48215037234521,96.2688682989895
"5911",2019-06-12,82.2488313379842,216307,224188,2079119,10.7828363840646,96.4846468142809
"5912",2019-06-13,84.519738953675,53866,56082,2079119,2.69739250134312,96.0486430583788
"5913",2019-06-14,84.3592630286751,177335,190618,2079119,9.16821018902718,93.0316129641482
"5914",2019-06-15,77.4652252443689,81939,94120,2079119,4.52691741069174,87.0580110497238
"5915",2019-06-16,73.29274367728,47523,57412,2079119,2.76136190376789,82.7753779697624
"5916",2019-06-17,69.6335398382378,42597,46488,2079119,2.23594705257371,91.6300980898296
"5917",2019-06-18,69.3961236620435,71398,90343,2079119,4.34525392726438,79.029919307528
"5918",2019-06-19,74.5599944489739,50430,57647,2079119,2.77266476810611,87.4807015109199
"5919",2019-06-20,76.8393749613,199608,226098,2079119,10.874702217622,88.2838415200488
"5920",2019-06-21,79.2078089104897,190027,214601,2079119,10.3217276163606,88.5489815984082
"5921",2019-06-22,72.8551351351351,77668,96200,2079119,4.62695978440868,80.7359667359667
"5922",2019-06-23,77.1751635151997,124441,145858,2079119,7.01537526231062,85.3165407451083
"5923",2019-06-24,71.3138781816196,51266,64079,2079119,3.08202656990774,80.0043696062673
"5924",2019-06-25,79.2674695463832,57728,65099,2079119,3.13108581086508,88.677245426197
"5925",2019-06-26,57.7196044035809,21940,33064,2079119,1.59028896373897,66.3561577546576
"5926",2019-06-27,58.4073285044738,7067,9388,2079119,0.451537405987825,75.2769492969749
"5927",2019-06-28,45.2663460288574,4179,7693,2079119,0.370012490867526,54.3221110100091
"5928",2019-06-29,57.4931968900069,12310,17492,2079119,0.841317885123459,70.3750285844958
"5929",2019-06-30,76.4382615104683,37788,43417,2079119,2.08824025945605,87.0350323605961
"5930",2019-07-01,79.6490323015712,26825,29658,2079119,1.42646957677747,90.4477712590195
"5931",2019-07-02,47.9784718545968,3053,5667,2079119,0.272567371083618,53.8733015704959
"5932",2019-07-03,53.4326897291499,5873,7458,2079119,0.358709626529314,78.7476535264146
"5933",2019-07-04,74.1342684621938,110563,133814,2079119,6.43609144065347,82.6243890773761
"5934",2019-07-05,68.9035740335521,13397,13710,2079119,0.659413915220822,97.7169948942378
"5935",2019-07-06,65.9940249970615,77575,102092,2079119,4.91034904687995,75.9853857305176
"5936",2019-07-07,64.631548806256,110198,151917,2079119,7.30679677305628,72.5382939368208
"5937",2019-07-08,59.7190095261358,23540,32752,2079119,1.57528260768143,71.8734733756717
"5938",2019-07-09,53.9684126879015,55578,90606,2079119,4.35790351586417,61.3403085888352
"5939",2019-07-10,68.7281944792524,105911,139655,2079119,6.71702774107687,75.8375997995059
"5940",2019-07-11,80.7973022492889,101929,114614,2079119,5.51262337557398,88.9324166332211
"5941",2019-07-12,66.0180625149129,30251,41910,2079119,2.01575763580632,72.1808637556669
"5942",2019-07-13,55.0085940082334,20862,33279,2079119,1.60062988217606,62.68818173623
"5943",2019-07-14,59.6578951723681,39734,60423,2079119,2.90618285918218,65.7597272561773
"5944",2019-07-15,68.875944333996,62896,82995,2079119,3.99183500319126,75.7828784866558
"5945",2019-07-16,65.9468859234507,33447,45487,2079119,2.18780166022243,73.5308989381581
"5946",2019-07-17,66.208673490704,88996,119675,2079119,5.75604378585353,74.3647378316273
"5947",2019-07-18,52.7242115027829,13109,21560,2079119,1.03697768141217,60.8024118738404
"5948",2019-07-19,62.920067882902,49996,70710,2079119,3.40095973342555,70.7056993353133
"5949",2019-07-20,46.6366378443595,8005,14919,2079119,0.717563544943796,53.6564112876198
"5950",2019-07-21,66.1545711363304,29560,41062,2079119,1.97497112959864,71.988700014612
"5951",2019-07-22,64.8057068110607,27462,32873,2079119,1.58110238038323,83.5396830225413
"5952",2019-07-23,56.7097847792323,34833,54084,2079119,2.60129410582078,64.4053694253384
"5953",2019-07-24,59.7061396447164,50347,74532,2079119,3.58478759513044,67.5508506413353
"5954",2019-07-25,64.0249807662717,91821,129980,2079119,6.25168641140791,70.6424065240806
"5955",2019-07-26,59.7635489335057,82248,124567,2079119,5.99133575326857,66.0271179365321
"5956",2019-07-27,55.8240881528569,134466,218348,2079119,10.5019481809363,61.5833440196384
"5957",2019-07-28,52.4394454048262,117027,197838,2079119,9.51547265933311,59.1529433172596
"5958",2019-07-29,63.603236505032,63181,87440,2079119,4.20562747971617,72.2564043915828
"5959",2019-07-30,48.906653013782,59171,108402,2079119,5.21384297868472,54.5847862585561
"5960",2019-07-31,62.3877369875813,90844,128435,2079119,6.17737609054604,70.731498423327
"5961",2019-08-01,60.1054404409513,86189,127361,2079119,6.12571959565566,67.6729925173326
"5962",2019-08-02,56.7440621254495,124239,200240,2079119,9.63100236205816,62.0450459448662
"5963",2019-08-03,47.1437679668013,47264,89401,2079119,4.29994627532142,52.8674175904073
"5964",2019-08-04,55.7471858139862,82680,135119,2079119,6.49885841070184,61.1905061464339
"5965",2019-08-05,56.1653852212844,121057,196783,2079119,9.4647300130488,61.5180173084057
"5966",2019-08-06,43.9528625664389,49952,98775,2079119,4.75081031917846,50.5715008858517
"5967",2019-08-07,23.3660845859122,6487,27144,2079119,1.30555297700613,23.8984674329502
"5968",2019-08-08,48.6114902303879,28276,51435,2079119,2.47388437121685,54.9742393311947
"5969",2019-08-09,58.2527754454707,28026,42876,2079119,2.06221962283063,65.3652392947103
"5970",2019-08-10,54.3370149964294,26955,42010,2079119,2.02056736531194,64.1632944537015
"5971",2019-08-11,45.391081072393,66850,124432,2079119,5.98484261843598,53.7241224122412
"5972",2019-08-12,32.3272863194617,13942,40130,2079119,1.93014445060624,34.7420882133068
"5973",2019-08-13,46.836744478739,36595,66742,2079119,3.21010966664246,54.8305414881184
"5974",2019-08-14,43.1497225912323,6065,12797,2079119,0.61550108483449,47.3939204501055
"5975",2019-08-15,52.7390710382514,543,732,2079119,0.0352072199811555,74.1803278688525
"5976",2019-08-16,49.6784250241521,25085,38299,2079119,1.8420783033583,65.4977936760751
"5977",2019-08-17,49.9571627487919,22851,36627,2079119,1.76165962602429,62.3884019985257
"5978",2019-08-18,54.3597679709759,64205,97574,2079119,4.69304546781594,65.8013405210404
"5979",2019-08-19,61.5667155508566,67217,87963,2079119,4.23078236503057,76.4150836147016
"5980",2019-08-20,56.8560546258289,19904,25336,2079119,1.21859306754447,78.5601515629934
"5981",2019-08-21,50.9825854823404,62610,95897,2079119,4.61238630400665,65.288799441067
"5982",2019-08-22,69.165280140199,83980,97005,2079119,4.66567810692894,86.5728570692232
"5983",2019-08-23,68.7591560345184,42482,48438,2079119,2.32973677793335,87.7038688632892
"5984",2019-08-24,65.0610346527996,35503,44614,2079119,2.14581272163835,79.5781593221859
"5985",2019-08-25,62.1680646193528,78190,103127,2079119,4.96012974726314,75.8191356288848
"5986",2019-08-26,60.707413562363,101691,135994,2079119,6.54094354387604,74.7760930629292
"5987",2019-08-27,60.7944759055455,15415,18718,2079119,0.900285168862388,82.3538839619617
"5988",2019-08-28,62.501921171132,42350,57517,2079119,2.7664121197488,73.6304049237617
"5989",2019-08-29,67.6001343441128,45443,52105,2079119,2.50610955890452,87.2142788599942
"5990",2019-08-30,61.9596755504056,16561,21575,2079119,1.03769914083802,76.7601390498262
"5991",2019-08-31,46.7275118568411,14706,25091,2079119,1.2068092302557,58.6106572077637
"5992",2019-09-01,50.6442046928428,26501,50886,2079119,2.44747895623098,52.0791573320756
"5993",2019-09-02,48.7171231147851,34998,63388,2079119,3.04879133902388,55.2123430302265
"5994",2019-09-03,56.5726872246696,225,227,2079119,0.0109180859777627,99.1189427312775
"5995",2019-09-04,60.2182395031727,25121,29628,2079119,1.42502665792578,84.7880383421088
"5996",2019-09-05,67.7078361550155,87128,96042,2079119,4.6193604117898,90.7186439266154
"5997",2019-09-06,62.9872980655897,58802,72115,2079119,3.46853643297955,81.5392082091104
"5998",2019-09-07,61.8070765015626,37040,46718,2079119,2.24700943043664,79.2842159339013
"5999",2019-09-08,66.3172757475083,39540,44548,2079119,2.14263830016464,88.7581934093562
"6000",2019-09-09,68.5895254871058,122255,129438,2079119,6.22561767748744,94.4506250096571
"6001",2019-09-10,54.0716245883644,4897,7288,2079119,0.350533086369756,67.1926454445664
"6002",2019-09-11,70.3676315954006,143003,175937,2079119,8.46209380030676,81.2807993770497
"6003",2019-09-12,49.6406394912335,12796,22643,2079119,1.08906705195806,56.5119462968688
"6004",2019-09-13,42.3824423185144,3767,8885,2079119,0.427344466574544,42.397298818233
"6005",2019-09-14,45.3403055656602,2587,5498,2079119,0.264438928219116,47.053473990542
"6006",2019-09-15,44.8753768209726,30256,63359,2079119,3.04739651746725,47.7532789343266
"6007",2019-09-16,55.8213159124542,71480,102712,2079119,4.94016936981481,69.5926474024457
"6008",2019-09-17,53.0351559467809,86241,128826,2079119,6.19618213291303,66.9437846397466
"6009",2019-09-18,53.1652962397218,20373,30769,2079119,1.47990567158494,66.2127465955995
"6010",2019-09-19,54.915790901078,10360,14749,2079119,0.709387004784238,70.2420503084955
"6011",2019-09-20,51.59447108181,9223,13348,2079119,0.642002694410469,69.0964938567576
"6012",2019-09-21,52.0862496485084,25409,39119,2079119,1.8815180853044,64.9530918479511
"6013",2019-09-22,59.4850891751627,57971,75918,2079119,3.65145044607836,76.3600200216023
"6014",2019-09-23,70.2816816196435,124776,135536,2079119,6.51891498274029,92.0611498052178
"6015",2019-09-24,61.9954889305295,10502,14409,2079119,0.693033924465122,72.8850024290374
"6016",2019-09-25,57.631647228761,50016,74768,2079119,3.59613855676371,66.8949283115771
"6017",2019-09-26,56.2835894283958,16885,24405,2079119,1.17381448584713,69.1866420815407
"6018",2019-09-27,61.9153893223191,58631,65370,2079119,3.14412017782532,89.6909897506501
"6019",2019-09-28,60.7142229149183,41312,50046,2079119,2.40707722838375,82.5480557886744
"6020",2019-09-29,64.3427306301603,41573,51717,2079119,2.4874478084227,80.3855598739293
"6021",2019-09-30,63.7451077468275,64293,76754,2079119,3.69165978474537,83.765015504078
"6022",2019-10-01,67.6087907952415,132327,143491,2079119,6.90152896491254,92.2197210974904
"6023",2019-10-02,59.685505589677,39347,51613,2079119,2.48244568973685,76.2346695599946
"6024",2019-10-03,60.561118924832,50675,63990,2079119,3.07774591064773,79.1920612595718
"6025",2019-10-04,67.9452410195548,131709,144926,2079119,6.97054858331822,90.8801733298373
"6026",2019-10-05,53.8857367232748,13589,20374,2079119,0.979934289475494,66.6977520369098
"6027",2019-10-06,68.3556317029997,94207,105643,2079119,5.0811425416246,89.1748625086376
"6028",2019-10-07,72.5606526637827,55457,60797,2079119,2.92417124753321,91.216671875257
"6029",2019-10-08,57.8041958041958,28565,38896,2079119,1.87079238850686,73.43942821884
"6030",2019-10-09,56.9607101898654,17895,23543,2079119,1.13235461750867,76.0098543091365
"6031",2019-10-10,67.0371745968012,25338,29886,2079119,1.43743576005029,84.7821722545674
"6032",2019-10-11,61.3852426412092,3720,5028,2079119,0.241833199542691,73.9856801909308
"6033",2019-10-12,58.6739606126915,6122,7769,2079119,0.373667885291799,78.8003604067448
"6034",2019-10-13,70.1087794432548,3988,4670,2079119,0.224614367912563,85.3961456102784
"6035",2019-10-14,56.4736024844721,424,644,2079119,0.0309746580162078,65.8385093167702
"6036",2019-10-15,62.1928571428571,331,420,2079119,0.0202008639236138,78.8095238095238
"6037",2019-10-16,57.4770992366412,202,262,2079119,0.0126014913047305,77.0992366412214
"6038",2019-10-17,44.1239669421488,23,121,2079119,0.00581977270180302,19.0082644628099
"6039",2019-10-18,62.2015968063872,416,501,2079119,0.0240967448231679,83.0339321357285
"6040",2019-10-19,66.202868852459,441,488,2079119,0.023471479987437,90.3688524590164
"6041",2019-10-20,NA,NA,0,2079119,0,NA
"6042",2019-10-21,NA,NA,0,2079119,0,NA
"6043",2019-10-22,NA,NA,0,2079119,0,NA
"6044",2019-10-23,NA,NA,0,2079119,0,NA
"6045",2019-10-24,NA,NA,0,2079119,0,NA
"6046",2019-10-25,NA,NA,0,2079119,0,NA
"6047",2019-10-26,NA,NA,0,2079119,0,NA
"6048",2019-10-27,NA,NA,0,2079119,0,NA
"6049",2019-10-28,NA,NA,0,2079119,0,NA
"6050",2019-10-29,NA,NA,0,2079119,0,NA
"6051",2019-10-30,NA,NA,0,2079119,0,NA
"6052",2019-10-31,NA,NA,0,2079119,0,NA
"6053",2019-11-01,NA,NA,0,2079119,0,NA
"6054",2019-11-02,NA,NA,0,2079119,0,NA
"6055",2019-11-03,NA,NA,0,2079119,0,NA
"6056",2019-11-04,NA,NA,0,2079119,0,NA
"6057",2019-11-05,NA,NA,0,2079119,0,NA
"6058",2019-11-06,NA,NA,0,2079119,0,NA
"6059",2019-11-07,NA,NA,0,2079119,0,NA
"6060",2019-11-08,NA,NA,0,2079119,0,NA
"6061",2019-11-09,NA,NA,0,2079119,0,NA
"6062",2019-11-10,NA,NA,0,2079119,0,NA
"6063",2019-11-11,NA,NA,0,2079119,0,NA
"6064",2019-11-12,NA,NA,0,2079119,0,NA
"6065",2019-11-13,NA,NA,0,2079119,0,NA
"6066",2019-11-14,NA,NA,0,2079119,0,NA
"6067",2019-11-15,NA,NA,0,2079119,0,NA
"6068",2019-11-16,NA,NA,0,2079119,0,NA
"6069",2019-11-17,NA,NA,0,2079119,0,NA
"6070",2019-11-18,NA,NA,0,2079119,0,NA
"6071",2019-11-19,NA,NA,0,2079119,0,NA
"6072",2019-11-20,NA,NA,0,2079119,0,NA
"6073",2019-11-21,NA,NA,0,2079119,0,NA
"6074",2019-11-22,NA,NA,0,2079119,0,NA
"6075",2019-11-23,NA,NA,0,2079119,0,NA
"6076",2019-11-24,NA,NA,0,2079119,0,NA
"6077",2019-11-26,NA,NA,0,2079119,0,NA
"6078",2020-01-18,NA,NA,0,2079119,0,NA
"6079",2020-01-19,NA,NA,0,2079119,0,NA
"6080",2020-01-20,NA,NA,0,2079119,0,NA
"6081",2020-01-21,NA,NA,0,2079119,0,NA
"6082",2020-01-22,NA,NA,0,2079119,0,NA
"6083",2020-01-23,NA,NA,0,2079119,0,NA
"6084",2020-01-24,NA,NA,0,2079119,0,NA
"6085",2020-01-25,NA,NA,0,2079119,0,NA
"6086",2020-01-26,NA,NA,0,2079119,0,NA
"6087",2020-01-27,NA,NA,0,2079119,0,NA
"6088",2020-01-28,NA,NA,0,2079119,0,NA
"6089",2020-01-29,NA,NA,0,2079119,0,NA
"6090",2020-01-30,NA,NA,0,2079119,0,NA
"6091",2020-01-31,NA,NA,0,2079119,0,NA
"6092",2020-02-01,NA,NA,0,2079119,0,NA
"6093",2020-02-02,NA,NA,0,2079119,0,NA
"6094",2020-02-03,NA,NA,0,2079119,0,NA
"6095",2020-02-04,NA,NA,0,2079119,0,NA
"6096",2020-02-05,NA,NA,0,2079119,0,NA
"6097",2020-02-06,NA,NA,0,2079119,0,NA
"6098",2020-02-07,NA,NA,0,2079119,0,NA
"6099",2020-02-08,NA,NA,0,2079119,0,NA
"6100",2020-02-09,NA,NA,0,2079119,0,NA
"6101",2020-02-10,NA,NA,0,2079119,0,NA
"6102",2020-02-11,NA,NA,0,2079119,0,NA
"6103",2020-02-12,NA,NA,0,2079119,0,NA
"6104",2020-02-13,NA,NA,0,2079119,0,NA
"6105",2020-02-14,NA,NA,0,2079119,0,NA
"6106",2020-02-15,NA,NA,0,2079119,0,NA
"6107",2020-02-16,NA,NA,0,2079119,0,NA
"6108",2020-02-17,NA,NA,0,2079119,0,NA
"6109",2020-02-18,NA,NA,0,2079119,0,NA
"6110",2020-02-19,NA,NA,0,2079119,0,NA
"6111",2020-02-20,NA,NA,0,2079119,0,NA
"6112",2020-02-21,NA,NA,0,2079119,0,NA
"6113",2020-02-22,NA,NA,0,2079119,0,NA
"6114",2020-02-23,NA,NA,0,2079119,0,NA
"6115",2020-02-24,64.0083916083916,710,715,2079119,0.0343895659651997,99.3006993006993
"6116",2020-02-25,66.1120689655172,224,232,2079119,0.0111585724530438,96.551724137931
"6117",2020-02-26,64,290,307,2079119,0.0147658695822606,94.4625407166124
"6118",2020-02-27,59.8666666666667,92,105,2079119,0.00505021598090345,87.6190476190476
"6119",2020-02-28,65.4952271859488,2409,2619,2079119,0.125966815752249,91.9816723940435
"6120",2020-02-29,72.1974789915966,6528,6664,2079119,0.320520374254672,97.9591836734694
"6121",2020-03-01,70.8225083176624,6714,6913,2079119,0.332496600723672,97.1213655431795
"6122",2020-03-02,71.0737476220672,30514,31540,2079119,1.51698868607328,96.7469879518072
"6123",2020-03-03,60.7562950368391,21591,24702,2079119,1.18809938247883,87.4058780665533
"6124",2020-03-04,61.3512608169722,18613,21494,2079119,1.03380325993846,86.5962594212338
"6125",2020-03-05,63.8544813455949,61318,62961,2079119,3.02825379403488,97.3904480551453
"6126",2020-03-06,59.6787761425252,32774,38730,2079119,1.86280823752753,84.6217402530338
"6127",2020-03-07,64.1881340597147,49231,51947,2079119,2.49851018628563,94.771594124781
"6128",2020-03-08,69.1974584825565,67329,72319,2079119,3.47834828117102,93.1000152103873
"6129",2020-03-09,67.4615143781486,102926,105403,2079119,5.06959919081111,97.6499720121818
"6130",2020-03-10,71.4813182688337,131465,133205,2079119,6.40680018796423,98.6937427273751
"6131",2020-03-11,70.4429762707707,96259,97854,2079119,4.70651271043168,98.3700206429988
"6132",2020-03-12,66.6281487226141,65592,67051,2079119,3.22497173081483,97.8240443841255
"6133",2020-03-13,69.6649990379065,65641,67561,2079119,3.2495013512935,97.1581237696304
"6134",2020-03-14,65.0820639906555,59615,63353,2079119,3.04710793369692,94.0997269269017
"6135",2020-03-15,67.8945983934166,123692,127351,2079119,6.1252386227051,97.1268384229413
"6136",2020-03-16,62.1573189902691,72543,76971,2079119,3.70209689777257,94.2471840043653
"6137",2020-03-17,66.993485192366,107338,108829,2079119,5.23438052367373,98.6299607641346
"6138",2020-03-18,68.9898795078579,93874,94363,2079119,4.5386050533904,99.4817884128313
"6139",2020-03-19,63.538665879575,49711,50820,2079119,2.44430453475727,97.8177882723337
"6140",2020-03-20,71.7598042000417,104739,105618,2079119,5.0799401092482,99.1677554962222
"6141",2020-03-21,74.5115083474122,164433,165141,2079119,7.94283540287978,99.5712754555198
"6142",2020-03-22,58.8774667278568,12286,13074,2079119,0.628824035565064,93.9727703839682
"6143",2020-03-23,69.1618016911896,99388,100994,2079119,4.85753821690822,98.4098065231598
"6144",2020-03-24,61.3752404894441,35638,38983,2079119,1.87497685317675,91.4193366339174
"6145",2020-03-25,69.4581315419466,50569,51208,2079119,2.46296628523908,98.7521481018591
"6146",2020-03-26,70.7737795066077,78253,78923,2079119,3.79598281772231,99.1510712973404
"6147",2020-03-27,71.3127169567403,83380,83542,2079119,4.01814422358701,99.8060855617534
"6148",2020-03-28,65.4050540600526,31424,31539,2079119,1.51694058877823,99.6353720790133
"6149",2020-03-29,70.5896731139011,88055,88410,2079119,4.2522818559207,99.598461712476
"6150",2020-03-30,74.6209391240642,174573,174716,2079119,8.40336700304312,99.9181528881156
"6151",2020-03-31,73.747885825672,168230,168269,2079119,8.09328374181564,99.976822825357
"6152",2020-04-01,74.0669971342266,12911,12911,2079119,0.620984176470899,100
"6153",2020-04-02,70.1280570941628,46842,46940,2079119,2.25768702993912,99.7912228376651
"6154",2020-04-03,71.5799289940828,105580,105625,2079119,5.08027679031359,99.9573964497041
"6155",2020-04-04,73.4979397287124,89698,89794,2079119,4.31884851227852,99.8930886250752
"6156",2020-04-05,73.1625891234447,78670,78683,2079119,3.78443946690882,99.9834780066851
"6157",2020-04-06,74.8127040895662,77145,77172,2079119,3.71176445407887,99.965013217229
"6158",2020-04-07,71.282768348932,44586,44662,2079119,2.14812139180105,99.8298329676235
"6159",2020-04-08,71.7887803660432,124139,124193,2079119,5.97334736491754,99.9565192885267
"6160",2020-04-09,67.6709770844977,39134,39362,2079119,1.89320572800306,99.420761140186
"6161",2020-04-10,74.7189122023341,127097,127156,2079119,6.11585965016913,99.9536003019913
"6162",2020-04-11,74.049283366652,118007,118052,2079119,5.67798187597728,99.9618812048928
"6163",2020-04-12,72.984871166035,125521,125588,2079119,6.04044309152098,99.9466509539128
"6164",2020-04-13,72.3611599297012,54618,54624,2079119,2.62726664515114,99.9890158172232
"6165",2020-04-14,54.8636363636364,20,22,2079119,0.00105814049123691,90.9090909090909
"6166",2020-04-15,60.2991452991453,2753,3276,2079119,0.157566738604188,84.035409035409
"6167",2020-04-16,74.1817648183034,72894,73254,2079119,3.52331925204858,99.5085592595626
"6168",2020-04-17,75.6458540512383,41332,42234,2079119,2.03134115940454,97.86427996401
"6169",2020-04-18,76.1776795637677,115056,115168,2079119,5.53926927703513,99.9027507641011
"6170",2020-04-19,79.0131646016311,101504,102016,2079119,4.90669365245568,99.4981179422836
"6171",2020-04-20,76.3558533537009,71454,72010,2079119,3.46348621699864,99.22788501597
"6172",2020-04-21,78.797185964564,200774,201490,2079119,9.69112398087844,99.644647377041
"6173",2020-04-22,80.1098149375908,260134,260939,2079119,12.5504600746759,99.6914987794082
"6174",2020-04-23,81.0075849977131,261520,262360,2079119,12.6188063309508,99.6798292422625
"6175",2020-04-24,80.7116821384633,178063,178820,2079119,8.60075830195386,99.5766692763673
"6176",2020-04-25,77.9244452649068,134514,135425,2079119,6.51357618298904,99.327302935204
"6177",2020-04-26,78.1091900533249,181571,182654,2079119,8.78516333119942,99.4070756731306
"6178",2020-04-27,79.1608775046149,199909,200979,2079119,9.66654626310471,99.4676060682957
"6179",2020-04-28,77.3751951878556,73118,73647,2079119,3.54222148900568,99.2817086914606
"6180",2020-04-29,69.5969254820219,14370,15352,2079119,0.738389673703141,93.6034392912975
"6181",2020-04-30,66.7624035728786,12283,12315,2079119,0.59231818861739,99.7401542833942
"6182",2020-05-01,72.5991492944017,44949,45139,2079119,2.17106380154286,99.5790779591927
"6183",2020-05-02,74.0694303130712,110966,111061,2079119,5.34173368623922,99.9144614221014
"6184",2020-05-03,73.5924786063375,156459,156939,2079119,7.54834138882863,99.694148681972
"6185",2020-05-04,74.1780639431616,74224,74316,2079119,3.57439857939829,99.8762043167017
"6186",2020-05-05,75.274191215467,82628,82964,2079119,3.99034398704451,99.5950050624367
"6187",2020-05-06,67.693455324761,23882,24264,2079119,1.1670327672442,98.4256511704583
"6188",2020-05-07,75.2196997121236,57544,58011,2079119,2.79017218350657,99.194980262364
"6189",2020-05-08,71.3866357512643,49575,50029,2079119,2.4062595743678,99.0925263347259
"6190",2020-05-09,71.9058950784208,31201,31433,2079119,1.51184227550227,99.2619221836923
"6191",2020-05-10,72.3358637600349,59217,59542,2079119,2.86380914223765,99.4541668066239
"6192",2020-05-11,69.8006594117885,49339,49438,2079119,2.37783407298957,99.7997491807921
"6193",2020-05-12,75.5323256102094,40081,40355,2079119,1.94096634199389,99.3210258951803
"6194",2020-05-13,69.6334743932982,22846,23158,2079119,1.11383715891202,98.6527333966664
"6195",2020-05-14,63.3957375679064,1953,2393,2079119,0.115096827069542,81.6130380275804
"6196",2020-05-15,81.6578227887096,75996,77907,2079119,3.74711596594519,97.547075359082
"6197",2020-05-16,80.9823052549278,166512,170107,2079119,8.18168657012898,97.8866243011751
"6198",2020-05-17,79.6952845867891,120533,124549,2079119,5.99047000195756,96.7755662430048
"6199",2020-05-18,81.9502340768716,25107,25419,2079119,1.22258514303414,98.7725716983359
"6200",2020-05-19,74.1688988095238,1300,1344,2079119,0.0646427645555642,96.7261904761905
"6201",2020-05-20,78.2885940835621,32282,32790,2079119,1.57711030489356,98.450747179018
"6202",2020-05-21,79.4001283647114,50115,51416,2079119,2.47297052261078,97.4696592500389
"6203",2020-05-22,67.0366688704193,39474,42352,2079119,2.03701664022117,93.2045712126936
"6204",2020-05-23,79.0508610706414,53395,53538,2079119,2.57503298272008,99.7328999962643
"6205",2020-05-24,76.2744645247657,84666,89640,2079119,4.31144152883986,94.4511378848728
"6206",2020-05-25,73.7635092750246,20152,22318,2079119,1.07343543106479,90.2948292857783
"6207",2020-05-26,63.8114567526555,6626,7908,2079119,0.380353409304614,83.7885685381892
"6208",2020-05-27,76.5683121980676,23851,26496,2079119,1.27438592980969,90.0173611111111
"6209",2020-05-28,78.6853164950054,35003,38642,2079119,1.85857567556258,90.5827855701051
"6210",2020-05-29,67.7715173025732,11189,13524,2079119,0.650467818340364,82.7343981070689
"6211",2020-05-30,73.138050500952,81606,96117,2079119,4.62296770891902,84.9027747432816
"6212",2020-05-31,64.9421326397919,1270,1538,2079119,0.0739736397964715,82.5747724317295
"6213",2020-06-01,68.1807675789638,23883,25613,2079119,1.23191601827505,93.2456174598837
"6214",2020-06-02,59.4118179760018,3879,4417,2079119,0.212445752263338,87.8197871858728
"6215",2020-06-03,53.6778256922379,5792,8812,2079119,0.42383336403544,65.7285519745801
"6216",2020-06-04,72.8562579503346,17077,18081,2079119,0.869647191911574,94.4472097782202
"6217",2020-06-05,72.6667645331767,19446,20436,2079119,0.98291632176898,95.1556077510276
"6218",2020-06-06,66.3413506012951,26217,29187,2079119,1.40381575080599,89.8242368177613
"6219",2020-06-07,43.0331632653061,504,1176,2079119,0.0565624189861186,42.8571428571429
"6220",2020-06-08,75.5242566510172,8545,8946,2079119,0.430278401572974,95.5175497429018
"6221",2020-06-09,64.9867262050404,13416,16348,2079119,0.786294579579139,82.0650844139956
"6222",2020-06-10,66.5582250943758,47274,62516,2079119,3.00685049773486,75.6190415253695
"6223",2020-06-11,72.1745891183571,76276,94857,2079119,4.56236511714818,80.4115668848899
"6224",2020-06-12,74.7908955306337,45831,54303,2079119,2.6118274134381,84.3986520081763
"6225",2020-06-13,66.62773668857,52699,67874,2079119,3.2645558046461,77.6423962047323
"6226",2020-06-14,65.8514011387741,17308,17914,2079119,0.861614943637185,96.617170927766
"6227",2020-06-15,50.1144176706827,16153,24900,2079119,1.19762264689996,64.8714859437751
"6228",2020-06-16,58.7038441711466,38299,54316,2079119,2.61245267827383,70.5114515060019
"6229",2020-06-17,61.1922237039507,88870,119980,2079119,5.77071346084568,74.0706784464077
"6230",2020-06-18,46.2203626220363,5856,10755,2079119,0.517286408329682,54.4490934449093
"6231",2020-06-19,67.5496271602772,130154,170985,2079119,8.22391599518835,76.120127496564
"6232",2020-06-20,75.2044997757587,102456,120406,2079119,5.79120290853963,85.0921050445991
"6233",2020-06-21,63.5938175619491,33959,48104,2079119,2.31367228138457,70.594960918011
"6234",2020-06-22,63.4081238472821,147723,206577,2079119,9.93579492082945,71.5098970359721
"6235",2020-06-23,67.6202442302802,147796,192687,2079119,9.26772349249851,76.7026317291774
"6236",2020-06-24,69.8599671821391,76646,100555,2079119,4.83642350437854,76.2229625578042
"6237",2020-06-25,76.2006697415808,27282,31654,2079119,1.52247177770969,86.188159474316
"6238",2020-06-26,51.4117131795168,32479,57081,2079119,2.74544169910428,56.8998440812179
"6239",2020-06-27,54.5436865611043,15355,24630,2079119,1.18463637723478,62.3426715387738
"6240",2020-06-28,52.5958670893507,10026,17034,2079119,0.819289323987708,58.8587530820711
"6241",2020-06-29,54.2810884578802,16401,24181,2079119,1.16304069175454,67.82597907448
"6242",2020-06-30,52.4674142433022,70611,111828,2079119,5.37862431154734,63.1425045605752
"6243",2020-07-01,55.5034121856989,82261,126312,2079119,6.07526553314168,65.1252454240294
"6244",2020-07-02,66.6724748162265,5230,7346,2079119,0.353322729483017,71.1952082766131
"6245",2020-07-03,64.9710832587287,8022,11170,2079119,0.537246785778015,71.8173679498657
"6246",2020-07-04,52.8602931680227,35769,61944,2079119,2.9793388449627,57.7440914374274
"6247",2020-07-05,39.5992752241083,2232,5243,2079119,0.252174117979779,42.571047110433
"6248",2020-07-06,57.1689743363612,14595,22678,2079119,1.09075045728503,64.3575271187935
"6249",2020-07-07,54.9143399295202,6394,11067,2079119,0.532292764387224,57.7753682118008
"6250",2020-07-08,36.2937091503268,3040,7344,2079119,0.353226534892904,41.3943355119826
"6251",2020-07-09,70.2664559531404,27928,34486,2079119,1.65868331730892,80.983587542771
"6252",2020-07-10,39.2879700352526,11870,27232,2079119,1.30978553897107,43.5884253819036
"6253",2020-07-11,33.5094721929362,21878,60704,2079119,2.91969819909298,36.0404586188719
"6254",2020-07-12,64.7910401142296,31919,44822,2079119,2.15581695901004,71.2127972870465
"6255",2020-07-13,58.4772502472799,12841,18198,2079119,0.875274575433152,70.562699197714
"6256",2020-07-14,40.5027359781122,13981,29240,2079119,1.40636490744397,47.8146374829001
"6257",2020-07-15,38.6986746010279,1386,3697,2079119,0.177815699822858,37.4898566405193
"6258",2020-07-16,51.6862323294407,2060,3254,2079119,0.156508598112951,63.3066994468347
"6259",2020-07-17,36.213642580351,14483,35096,2079119,1.68802266729321,41.2668110325963
"6260",2020-07-18,54.6780359936592,60691,96517,2079119,4.64220662694151,62.8811504709015
"6261",2020-07-19,47.5991789819376,3295,6090,2079119,0.2929125268924,54.1050903119869
"6262",2020-07-20,33.9443482367758,4557,12704,2079119,0.611028036394261,35.8705919395466
"6263",2020-07-21,59.7158806331035,51823,81061,2079119,3.89881483455252,63.9308668780301
"6264",2020-07-22,52.7598774163131,15301,21210,2079119,1.0201436281425,72.1404997642621
"6265",2020-07-23,25.0649637972647,2661,9944,2079119,0.478279502039085,26.7598551890587
"6266",2020-07-24,41.2863316325844,33957,74281,2079119,3.57271517407133,45.7142472503063
"6267",2020-07-25,51.284453626127,88290,156834,2079119,7.54329117284773,56.2951910937679
"6268",2020-07-26,48.3694920977105,123170,231009,2079119,11.1109080336431,53.3182689851911
"6269",2020-07-27,49.8100573858666,129918,238909,2079119,11.4908766645873,54.3797010577249
"6270",2020-07-28,54.6133573121883,71538,122330,2079119,5.8837421042278,58.4795226027957
"6271",2020-07-29,46.8495038407015,30973,60666,2079119,2.91787050188084,51.0549566478753
"6272",2020-07-30,47.1182194857089,97914,189698,2079119,9.12396067757545,51.6157260487723
"6273",2020-07-31,50.3958348859355,133474,241530,2079119,11.6169396749296,55.2618722311928
"6274",2020-08-01,49.2337367178276,128564,237160,2079119,11.4067544955339,54.2098161578681
"6275",2020-08-02,55.2970705555582,127601,211337,2079119,10.1647380452971,60.3779745146378
"6276",2020-08-03,48.9982904343312,99138,177238,2079119,8.52466838117491,55.9349575147542
"6277",2020-08-04,43.1509928463505,67730,139649,2079119,6.71673915730653,48.5001682790425
"6278",2020-08-05,51.5247159830023,14078,23062,2079119,1.10921981858662,61.0441418784147
"6279",2020-08-06,51.4377936611897,20978,35117,2079119,1.68903271048939,59.7374490987271
"6280",2020-08-07,50.560852109017,117405,211710,2079119,10.182678336353,55.4555760238062
"6281",2020-08-08,66.3581299742634,84235,117731,2079119,5.66254264426423,71.5487000025482
"6282",2020-08-09,55.8717722140403,65237,101850,2079119,4.89870950147635,64.0520373097693
"6283",2020-08-10,39.6190680388794,3459,6996,2079119,0.336488676213338,49.442538593482
"6284",2020-08-11,34.6763955012765,4777,14493,2079119,0.697074097249845,32.9607396674257
"6285",2020-08-12,40.6270105491156,10846,24931,2079119,1.1991136630467,43.5040712366131
"6286",2020-08-13,60.2293872042512,16458,23711,2079119,1.14043496307811,69.4108219813589
"6287",2020-08-14,44.4659323770492,42483,89792,2079119,4.31875231768841,47.3126781895937
"6288",2020-08-15,49.3942208757288,20011,34988,2079119,1.68282815942714,57.1938950497313
"6289",2020-08-16,42.8287095509777,10347,22961,2079119,1.10436199178594,45.0633683201951
"6290",2020-08-17,51.502678252589,31250,50406,2079119,2.42439225460399,61.9965877078126
"6291",2020-08-18,35.1013378278732,13833,37972,2079119,1.82635048787491,36.4294743495207
"6292",2020-08-19,30.9936820934351,14723,45743,2079119,2.20011456775682,32.1863454517631
"6293",2020-08-20,40.3518280522934,10620,22565,2079119,1.08531546294368,47.0640372257922
"6294",2020-08-21,47.2461611564047,21596,39986,2079119,1.92321844011815,54.0089031160906
"6295",2020-08-22,47.1528525009322,19939,37546,2079119,1.80586104018096,53.1055238906941
"6296",2020-08-23,46.4497864744835,86769,164149,2079119,7.895122886184,52.859901674698
"6297",2020-08-24,49.1650301149845,62746,109580,2079119,5.27050159226095,57.2604489870414
"6298",2020-08-25,47.747988302409,90284,159691,2079119,7.68070514482336,56.5366864757563
"6299",2020-08-26,50.9307132820894,72979,120990,2079119,5.81929172885246,60.3182081163732
"6300",2020-08-27,46.4348240419304,25914,44073,2079119,2.11979208501293,58.7979034783201
"6301",2020-08-28,39.7976721336256,7270,13231,2079119,0.636375310888891,54.9467160456504
"6302",2020-08-29,57.0367613612869,18483,24183,2079119,1.16313688634465,76.4297233593847
"6303",2020-08-30,53.3473153349037,23584,33114,2079119,1.59269382849178,71.2206317569608
"6304",2020-08-31,48.0659873744863,27740,47206,2079119,2.27048091042408,58.7637164767191
"6305",2020-09-01,60.599097727713,75153,108393,2079119,5.21341010302922,69.3338130691096
"6306",2020-09-02,67.1331609802279,44064,54926,2079119,2.64179202825812,80.22430178786
"6307",2020-09-03,52.5442363112392,4522,6940,2079119,0.33379522769019,65.1585014409222
"6308",2020-09-04,48.6578345207759,20851,38458,2079119,1.84972577327224,54.2175880180977
"6309",2020-09-05,54.2798321718106,9591,14062,2079119,0.676344163080613,68.2050917365951
"6310",2020-09-06,35.0623479887746,15113,42760,2079119,2.05664033660411,35.343779232928
"6311",2020-09-07,32.4331194793119,17598,53775,2079119,2.58643204164841,32.7252440725244
"6312",2020-09-08,57.6884547999935,81624,122146,2079119,5.87489220193746,66.8249471943412
"6313",2020-09-09,49.9201089423513,4107,8812,2079119,0.42383336403544,46.6068996822515
"6314",2020-09-10,44.8654499151104,20125,44764,2079119,2.15302731589678,44.9580019658654
"6315",2020-09-11,43.8764516129032,36614,74400,2079119,3.57843875218302,49.2123655913978
"6316",2020-09-12,43.4737971616476,13130,28890,2079119,1.38953085417429,45.4482519903081
"6317",2020-09-13,48.0207324477616,40556,67527,2079119,3.24786604326159,60.0589393872081
"6318",2020-09-14,50.1393467315058,13798,23237,2079119,1.11763684522146,59.3794379653139
"6319",2020-09-15,53.7711636254861,39327,56831,2079119,2.73341737534023,69.1999085006423
"6320",2020-09-16,56.8628427787934,31461,43760,2079119,2.10473763166033,71.8944241316271
"6321",2020-09-17,59.2403453659638,37975,53161,2079119,2.55690030248389,71.4339459378115
"6322",2020-09-18,55.6971635610766,68423,96600,2079119,4.64619870243117,70.8312629399586
"6323",2020-09-19,58.131583403895,61887,88575,2079119,4.26021790960498,69.8696020321761
"6324",2020-09-20,50.8484977796744,42800,74989,2079119,3.60676805897113,57.0750376721919
"6325",2020-09-21,52.3685743913881,13671,20251,2079119,0.974018322183579,67.507777393709
"6326",2020-09-22,57.8738996645396,56824,79294,2079119,3.81382691418817,71.6624208641259
"6327",2020-09-23,53.3060496220742,48250,71178,2079119,3.42346926751186,67.7877996010003
"6328",2020-09-24,56.1780544628194,38948,52366,2079119,2.51866295291419,74.3765038383684
"6329",2020-09-25,60.8130932455658,70235,89023,2079119,4.28176549779017,78.8953416532806
"6330",2020-09-26,54.6676930872522,38347,51311,2079119,2.46792030662988,74.7344623959775
"6331",2020-09-27,72.2915158371041,53014,61880,2079119,2.9762606180791,85.672268907563
"6332",2020-09-28,64.4564055433284,67719,82694,2079119,3.97735771737933,81.891068275812
"6333",2020-09-29,54.890763198687,18277,21934,2079119,1.0549660697632,83.327254490745
"6334",2020-09-30,60.7328252694911,70600,99725,2079119,4.79650274948187,70.7946853848082
"6335",2020-10-01,52.464226717444,65564,101095,2079119,4.8623960437089,64.8538503387902
"6336",2020-10-02,57.3120087712814,61105,81174,2079119,3.90424982889387,75.2765663882524
"6337",2020-10-03,67.5539770808474,113538,133251,2079119,6.40901266353682,85.2061147758741
"6338",2020-10-04,47.3013083124091,11494,22701,2079119,1.09185669507133,50.6321307431391
"6339",2020-10-05,34.4451026452865,3266,9791,2079119,0.470920615895483,33.3571647431314
"6340",2020-10-06,54.2071808482847,62230,95699,2079119,4.60286303958552,65.0268027879079
"6341",2020-10-07,62.9125235997483,60538,79450,2079119,3.82133009221694,76.196349905601
"6342",2020-10-08,12.027397260274,0,73,2079119,0.0035111025391043,0
"6343",2020-10-09,32.6571428571429,51,175,2079119,0.00841702663483908,29.1428571428571
"6344",2020-10-10,2.46153846153846,0,26,2079119,0.00125052967146181,0
"6345",2020-10-11,NA,NA,0,2079119,0,NA
"6346",2020-10-12,NA,NA,0,2079119,0,NA
"6347",2020-10-13,NA,NA,0,2079119,0,NA
"6348",2020-10-14,NA,NA,0,2079119,0,NA
"6349",2020-10-15,NA,NA,0,2079119,0,NA
"6350",2020-10-16,NA,NA,0,2079119,0,NA
"6351",2020-10-17,NA,NA,0,2079119,0,NA
"6352",2020-10-18,NA,NA,0,2079119,0,NA
"6353",2020-10-19,NA,NA,0,2079119,0,NA
"6354",2020-10-20,NA,NA,0,2079119,0,NA
"6355",2020-11-08,NA,NA,0,2079119,0,NA
"6356",2020-11-09,NA,NA,0,2079119,0,NA
"6357",2020-11-10,NA,NA,0,2079119,0,NA
"6358",2020-11-11,NA,NA,0,2079119,0,NA
"6359",2020-11-13,NA,NA,0,2079119,0,NA
"6360",2020-11-16,NA,NA,0,2079119,0,NA
"6361",2020-11-19,NA,NA,0,2079119,0,NA
"6362",2020-11-21,NA,NA,0,2079119,0,NA
"6363",2020-11-24,NA,NA,0,2079119,0,NA
"6364",2021-01-19,NA,NA,0,2079119,0,NA
"6365",2021-01-22,NA,NA,0,2079119,0,NA
"6366",2021-01-24,NA,NA,0,2079119,0,NA
"6367",2021-01-27,NA,NA,0,2079119,0,NA
"6368",2021-01-29,NA,NA,0,2079119,0,NA
"6369",2021-01-30,NA,NA,0,2079119,0,NA
"6370",2021-02-01,NA,NA,0,2079119,0,NA
"6371",2021-02-02,NA,NA,0,2079119,0,NA
"6372",2021-02-04,NA,NA,0,2079119,0,NA
"6373",2021-02-05,NA,NA,0,2079119,0,NA
"6374",2021-02-06,NA,NA,0,2079119,0,NA
"6375",2021-02-07,NA,NA,0,2079119,0,NA
"6376",2021-02-08,NA,NA,0,2079119,0,NA
"6377",2021-02-09,NA,NA,0,2079119,0,NA
"6378",2021-02-10,NA,NA,0,2079119,0,NA
"6379",2021-02-11,NA,NA,0,2079119,0,NA
"6380",2021-02-12,NA,NA,0,2079119,0,NA
"6381",2021-02-13,NA,NA,0,2079119,0,NA
"6382",2021-02-14,NA,NA,0,2079119,0,NA
"6383",2021-02-15,NA,NA,0,2079119,0,NA
"6384",2021-02-16,NA,NA,0,2079119,0,NA
"6385",2021-02-17,NA,NA,0,2079119,0,NA
"6386",2021-02-18,NA,NA,0,2079119,0,NA
"6387",2021-02-19,NA,NA,0,2079119,0,NA
"6388",2021-02-20,NA,NA,0,2079119,0,NA
"6389",2021-02-21,55.0472440944882,80,127,2079119,0.00610835647214036,62.992125984252
"6390",2021-02-22,NA,NA,0,2079119,0,NA
"6391",2021-02-23,NA,NA,0,2079119,0,NA
"6392",2021-02-24,NA,NA,0,2079119,0,NA
"6393",2021-02-25,NA,NA,0,2079119,0,NA
"6394",2021-02-26,44.6382978723404,29,94,2079119,0.00452114573528499,30.8510638297872
"6395",2021-02-27,67.9934036939314,668,758,2079119,0.0364577496526173,88.1266490765172
"6396",2021-02-28,NA,NA,0,2079119,0,NA
"6397",2021-03-01,69.8349428019611,6359,6731,2079119,0.323742893023439,94.4733323428911
"6398",2021-03-02,21.0717948717949,14,585,2079119,0.0281369176078907,2.39316239316239
"6399",2021-03-03,42.5882352941176,5,17,2079119,0.000817654015955797,29.4117647058824
"6400",2021-03-04,73.3889325664474,71501,72501,2079119,3.48710198887125,98.6207086798803
"6401",2021-03-05,43.0608108108108,26,148,2079119,0.00711839966832105,17.5675675675676
"6402",2021-03-06,63.2525252525253,3779,3960,2079119,0.190465288422644,95.4292929292929
"6403",2021-03-07,73.1132183014664,133072,135093,2079119,6.49760788103038,98.5039935451874
"6404",2021-03-08,67.2079579919424,20909,22091,2079119,1.06251734508703,94.6494047349599
"6405",2021-03-09,56.8231124807396,6109,6490,2079119,0.312151444914889,94.1294298921418
"6406",2021-03-10,54.4452250092979,43208,48398,2079119,2.3278128861311,89.2764163808422
"6407",2021-03-11,61.7202035404572,11700,13953,2079119,0.671101557919484,83.8529348527198
"6408",2021-03-12,71.1146779303062,93757,94700,2079119,4.55481384182435,99.0042238648363
"6409",2021-03-13,68.0976830196889,44466,45965,2079119,2.21079216725931,96.7388230175133
"6410",2021-03-14,59.4128213764455,34063,35628,2079119,1.71361042826312,95.6073874480745
"6411",2021-03-15,65.3283885552241,72546,74759,2079119,3.5957056811082,97.0398212924196
"6412",2021-03-16,68.5178913134532,119003,121763,2079119,5.85647093793092,97.733301577655
"6413",2021-03-17,69.0371884408578,111966,113261,2079119,5.44754773536291,98.8566231977468
"6414",2021-03-18,68.8458477874346,79553,80427,2079119,3.86832114948687,98.913300259863
"6415",2021-03-19,63.6893738282715,61289,66675,2079119,3.20688714787369,91.9220097487814
"6416",2021-03-20,65.3724090360407,26520,28995,2079119,1.3945810701552,91.4640455250905
"6417",2021-03-21,66.2407132977672,58323,60732,2079119,2.92104492335456,96.0333926101561
"6418",2021-03-22,73.1723847154628,123379,124518,2079119,5.98897898581082,99.0852728119629
"6419",2021-03-23,59.0194889076102,16813,17805,2079119,0.856372338476056,94.4285313114294
"6420",2021-03-24,59.3959653508517,15155,17201,2079119,0.827321572262098,88.105342712633
"6421",2021-03-25,61.3101700327293,22667,25054,2079119,1.20502963033862,90.4725792288656
"6422",2021-03-26,67.9199660122211,54514,55314,2079119,2.66045377873994,98.5537115377662
"6423",2021-03-27,63.2342891789714,27468,28038,2079119,1.34855195878639,97.9670447250161
"6424",2021-03-28,64.2564444062554,21790,23276,2079119,1.11951263972865,93.6157415363464
"6425",2021-03-29,74.2293382598209,76947,77946,2079119,3.74899176045238,98.7183434685552
"6426",2021-03-30,70.690348614143,29486,30234,2079119,1.45417361872986,97.5259641463253
"6427",2021-03-31,67.3731384337302,24571,25449,2079119,1.22402806188583,96.5499626704389
"6428",2021-04-01,63.3063440983795,16745,17402,2079119,0.836989128568398,96.2245718882887
"6429",2021-04-02,63.5238820751124,12670,13127,2079119,0.631373192203044,96.5186257332216
"6430",2021-04-03,60.475314861461,14921,15880,2079119,0.763785045492827,93.9609571788413
"6431",2021-04-04,60.2435388868854,7606,8319,2079119,0.400121397572722,91.4292583243178
"6432",2021-04-05,68.1200698902566,49937,50937,2079119,2.44993191827885,98.0367905451833
"6433",2021-04-06,73.9536519191115,137708,138215,2079119,6.64776763619591,99.6331801902833
"6434",2021-04-07,51.4054054054054,36,74,2079119,0.00355919983416053,48.6486486486487
"6435",2021-04-08,65.4770488756737,30251,32286,2079119,1.55286926818523,93.6969584339962
"6436",2021-04-09,61.7138695944432,4159,4463,2079119,0.214658227835925,93.1884382702218
"6437",2021-04-10,60.8524832687566,12939,14195,2079119,0.68274110332309,91.1518140190208
"6438",2021-04-11,69.3261019667238,44397,44897,2079119,2.15942425613926,98.886339844533
"6439",2021-04-12,74.9285115303983,114220,114480,2079119,5.50617833803645,99.7728860936408
"6440",2021-04-13,66.1696547051018,35348,35419,2079119,1.70355809359637,99.7995426183687
"6441",2021-04-14,72.6567072323361,100683,100742,2079119,4.84541769855405,99.9414345555975
"6442",2021-04-15,66.9854721549637,7725,7847,2079119,0.377419474306184,98.4452657066395
"6443",2021-04-16,68.5568596070063,33634,33741,2079119,1.62285083249203,99.6828783972022
"6444",2021-04-17,70.1811523738014,80967,81241,2079119,3.90747234766264,99.6627318718381
"6445",2021-04-18,71.8896049749134,69703,70755,2079119,3.40312411170308,98.5131792806162
"6446",2021-04-19,75.9421005900212,69092,69828,2079119,3.35853791918596,98.9459815546772
"6447",2021-04-20,76.2349300774785,41271,41689,2079119,2.00512813359889,98.9973374271391
"6448",2021-04-21,71.840113913751,51510,51618,2079119,2.48268617621214,99.7907706613972
"6449",2021-04-22,71.9171232164863,67312,67353,2079119,3.23949711392181,99.939126690719
"6450",2021-04-23,73.5981243448999,90529,90635,2079119,4.3592983374208,99.8830473878744
"6451",2021-04-24,71.55,3934,3940,2079119,0.18950334252152,99.8477157360406
"6452",2021-04-25,71.1495416771222,67707,67747,2079119,3.25844744817396,99.9409567951348
"6453",2021-04-26,72.9771650854453,66703,67353,2079119,3.23949711392181,99.0349353406678
"6454",2021-04-27,67.3792412312097,6898,6985,2079119,0.33595960596772,98.7544738725841
"6455",2021-04-28,71.8509002250563,26568,26660,2079119,1.28227388619891,99.6549137284321
"6456",2021-04-29,74.0478005903922,75229,75543,2079119,3.63341396043228,99.5843426922415
"6457",2021-04-30,69.7959110128772,41577,41624,2079119,2.00200180942024,99.8870843743994
"6458",2021-05-01,74.4901361294332,99664,99758,2079119,4.79808996021873,99.905771968163
"6459",2021-05-02,76.3741836634076,131767,131839,2079119,6.34109928291743,99.9453879352847
"6460",2021-05-03,76.5935020298476,244002,244107,2079119,11.7408864042895,99.9569860757782
"6461",2021-05-04,72.6387756671537,38897,39009,2079119,1.87622738284822,99.7128867697198
"6462",2021-05-05,70.6809885408832,123591,123657,2079119,5.94756721476741,99.9466265557146
"6463",2021-05-06,75.6780627839352,107591,107639,2079119,5.17714474255682,99.9554064976449
"6464",2021-05-07,78.1495685765134,118511,118561,2079119,5.70246339916089,99.9578276161638
"6465",2021-05-08,78.0246400108869,117517,117573,2079119,5.65494327164535,99.9523700169257
"6466",2021-05-09,76.0958424855635,100543,100613,2079119,4.8392131474918,99.930426485643
"6467",2021-05-10,68.350815478094,3106,3127,2079119,0.15040024164081,99.3284298049248
"6468",2021-05-11,67.3998193859121,33179,33220,2079119,1.59779214176774,99.8765803732691
"6469",2021-05-12,71.9585441107882,55726,55746,2079119,2.68123181020423,99.9641229864026
"6470",2021-05-13,76.8303629216853,126658,126694,2079119,6.09363869985316,99.9715850790093
"6471",2021-05-14,75.0500426873317,30430,30454,2079119,1.46475502364223,99.9211926183753
"6472",2021-05-15,74.1123599180221,91628,91732,2079119,4.41206107009748,99.8866262591026
"6473",2021-05-16,75.891199600709,156190,156277,2079119,7.51650097950141,99.9443296198417
"6474",2021-05-17,78.9875247566623,141775,141881,2079119,6.82409231987202,99.9252895031752
"6475",2021-05-18,80.4211136076394,113825,113936,2079119,5.48001340952586,99.9025768852689
"6476",2021-05-19,79.0433712325184,129864,129994,2079119,6.2523597735387,99.8999953844024
"6477",2021-05-20,69.3198380566802,32340,32357,2079119,1.55628417613422,99.9474611366938
"6478",2021-05-21,72.6947359254583,68801,68901,2079119,3.31395172666884,99.8548642254829
"6479",2021-05-22,73.855676410605,29269,29420,2079119,1.41502242055409,99.4867437117607
"6480",2021-05-23,76.333349636042,122199,122679,2079119,5.90052806020242,99.6087349913188
"6481",2021-05-24,79.1231417305479,81479,81662,2079119,3.92772130888131,99.7759055619505
"6482",2021-05-25,78.5799872412422,107835,108161,2079119,5.20225153057617,99.6985974611921
"6483",2021-05-26,77.777368374323,67498,67578,2079119,3.25031900530946,99.8816182781379
"6484",2021-05-27,78.7826023604838,61384,61767,2079119,2.97082562373775,99.3799277931582
"6485",2021-05-28,77.3453584660575,134852,135494,2079119,6.51689489634792,99.5261782809571
"6486",2021-05-29,82.1423062954463,128529,129411,2079119,6.22431905052092,99.3184505181167
"6487",2021-05-30,78.8426372616586,21697,21765,2079119,1.0468376268987,99.6875717895704
"6488",2021-05-31,79.549313519904,115243,115881,2079119,5.57356264841022,99.4494351964515
"6489",2021-06-01,86.9655401451774,62858,63233,2079119,3.04133625829017,99.4069552290734
"6490",2021-06-02,87.4471812023469,34483,35281,2079119,1.69692066687862,97.7381593492248
"6491",2021-06-03,83.6926471860848,101194,104001,2079119,5.00216678314228,97.3009874905049
"6492",2021-06-04,84.5908150733631,30198,30942,2079119,1.48822650362966,97.5955012604227
"6493",2021-06-05,75.9604602463354,43582,44411,2079119,2.13604897074193,98.1333453423701
"6494",2021-06-06,78.7789338780481,197191,203654,2079119,9.79520652738011,96.826480206625
"6495",2021-06-07,77.318019047619,12856,13125,2079119,0.631276997612931,97.9504761904762
"6496",2021-06-08,79.744623655914,8160,8556,2079119,0.411520456501047,95.3716690042076
"6497",2021-06-09,69.7557916905993,29955,31338,2079119,1.50727303247193,95.5868274937775
"6498",2021-06-10,70.6382196273198,48234,52753,2079119,2.53727660610095,91.433662540519
"6499",2021-06-11,77.5053659323812,12007,12393,2079119,0.596069777631776,96.8853384975389
"6500",2021-06-12,78.2347204745641,21738,22252,2079119,1.07026100959108,97.6900952723351
"6501",2021-06-13,74.1788458563251,18151,19391,2079119,0.932654648435227,93.6052808003713
"6502",2021-06-14,68.0547866205306,1715,1734,2079119,0.0834007096274913,98.9042675893887
"6503",2021-06-15,61.7394840157039,3134,3566,2079119,0.171514954170492,87.8855860908581
"6504",2021-06-16,71.9426746308279,21052,24108,2079119,1.15952958921543,87.3237099717936
"6505",2021-06-17,77.8283199789833,14434,15226,2079119,0.732329414526056,94.7983712071457
"6506",2021-06-18,71.8581265428089,13387,15394,2079119,0.740409760095502,86.9624529037287
"6507",2021-06-19,66.9983157894737,9029,9500,2079119,0.456924303034122,95.0421052631579
"6508",2021-06-20,80.9538705427914,41217,44787,2079119,2.15413355368307,92.0289369683167
"6509",2021-06-21,71.5950838877959,36825,45239,2079119,2.17587353104849,81.4010035588762
"6510",2021-06-22,80.7975405827142,79699,85874,2079119,4.13030711565812,92.8092321307963
"6511",2021-06-23,73.8806784824588,51904,63023,2079119,3.03123582632836,82.3572346603621
"6512",2021-06-24,82.6291872448129,130597,137889,2079119,6.63208791800758,94.7116883870359
"6513",2021-06-25,83.4877948270429,118345,123759,2079119,5.95247313886314,95.625368660057
"6514",2021-06-26,78.9993522103292,172966,197595,2079119,9.50378501663445,87.5356157797515
"6515",2021-06-27,77.2763782613444,134863,155649,2079119,7.48629587820611,86.6455936112664
"6516",2021-06-28,76.6057916369044,76418,85399,2079119,4.10746090050642,89.4834834131547
"6517",2021-06-29,78.2383359637009,36592,40552,2079119,1.95044150911997,90.234760307753
"6518",2021-06-30,81.0044605921076,25825,27799,2079119,1.33705670526795,92.8990251447894
"6519",2021-07-01,56.4251051756188,8101,10221,2079119,0.491602452769659,79.2583895900597
"6520",2021-07-02,68.9924168297456,26006,32704,2079119,1.57297393751873,79.519324853229
"6521",2021-07-03,71.4188904331712,140181,172680,2079119,8.30544091030865,81.179638637943
"6522",2021-07-04,68.7369332607312,117799,152429,2079119,7.33142258812507,77.2812260134226
"6523",2021-07-05,68.0787533846687,128259,170253,2079119,8.18870877520719,75.3343553417561
"6524",2021-07-06,68.0356967663449,153941,203856,2079119,9.80492218098146,75.5145789184522
"6525",2021-07-07,62.3823099105212,65100,94324,2079119,4.53672925888321,69.0174292862898
"6526",2021-07-08,52.7830843060416,27977,47719,2079119,2.29515482278792,58.6286384878141
"6527",2021-07-09,60.3708782239634,2048,3063,2079119,0.147322014757212,66.8625530525628
"6528",2021-07-10,52.9524272237742,15048,24699,2079119,1.18795509059366,60.925543544273
"6529",2021-07-11,66.8276451732456,113254,153799,2079119,7.39731588235209,73.6376699458384
"6530",2021-07-12,75.3313500040203,82335,99496,2079119,4.785488468914,82.7520704349924
"6531",2021-07-13,75.1144204213038,99715,122382,2079119,5.88624316357072,81.4784853981795
"6532",2021-07-14,69.2261535668398,108916,143208,2079119,6.88791743041163,76.0544103681359
"6533",2021-07-15,68.0174561185969,108673,145164,2079119,6.9819957395416,74.8622247940261
"6534",2021-07-16,70.2675660595433,39219,50182,2079119,2.4136184605114,78.1535211828943
"6535",2021-07-17,56.9737647877523,45659,71850,2079119,3.45579064978965,63.5476687543493
"6536",2021-07-18,60.4326321773735,2334,3518,2079119,0.169206284007794,66.3445139283684
"6537",2021-07-19,45.1736570123783,8357,16642,2079119,0.800435184325669,50.2163201538277
"6538",2021-07-20,38.9572476869084,5375,9403,2079119,0.452258865413668,57.1626076784005
"6539",2021-07-21,71.5671224637809,45453,56531,2079119,2.71898818682336,80.4036723213812
"6540",2021-07-22,55.8315070009408,24251,36138,2079119,1.7381400487418,67.1066467430406
"6541",2021-07-23,60.8148689246471,33535,48598,2079119,2.33743234514234,69.0048973208774
"6542",2021-07-24,50.0064810369659,7385,12498,2079119,0.601119993612679,59.08945431269
"6543",2021-07-25,64.4900506703262,27346,37892,2079119,1.82250270427041,72.1682677082234
"6544",2021-07-26,61.543522771291,73124,108426,2079119,5.21499731376607,67.441388596831
"6545",2021-07-27,74.9183318223028,46239,55150,2079119,2.65256582235072,83.8422484134179
"6546",2021-07-28,69.6251869578223,5287,6686,2079119,0.321578514745909,79.0756805264732
"6547",2021-07-29,43.0932310046147,21075,40523,2079119,1.94904668756334,52.0075019124941
"6548",2021-07-30,72.9877521134261,26766,30046,2079119,1.44513132725929,89.0834054449844
"6549",2021-07-31,50.9879064767536,4107,7442,2079119,0.357940069808414,55.1867777479172
"6550",2021-08-01,45.8089941234832,26620,52412,2079119,2.52087542848678,50.7898954437915
"6551",2021-08-02,61.9002377970705,47929,71069,2079119,3.41822666235074,67.4400934303283
"6552",2021-08-03,47.904496169567,21566,40857,2079119,1.96511118411212,52.7841006437085
"6553",2021-08-04,49.100757340892,15025,22579,2079119,1.08598882507447,66.5441339297577
"6554",2021-08-05,64.5684086905461,9967,13624,2079119,0.655277547845987,73.1576629477393
"6555",2021-08-06,59.7237197908324,68176,106135,2079119,5.10480641079226,64.2351721863664
"6556",2021-08-07,53.0896910580898,32114,55156,2079119,2.65285440612105,58.2239466241207
"6557",2021-08-08,57.0006419003842,138073,222776,2079119,10.7149230034452,61.9783998276296
"6558",2021-08-09,57.6551090710863,136214,218298,2079119,10.4995433161834,62.3981896306883
"6559",2021-08-10,54.288728439631,85457,137115,2079119,6.59486061163406,62.3250556102542
"6560",2021-08-11,42.9572357945498,10302,21981,2079119,1.05722664263084,46.8677494199536
"6561",2021-08-12,48.3379015951472,1949,4451,2079119,0.21408106029525,43.7879128285778
"6562",2021-08-13,27.4005546917679,6327,23797,2079119,1.14457133045295,26.5873849644913
"6563",2021-08-14,44.7263170802399,44399,89706,2079119,4.31461595031357,49.4939023030789
"6564",2021-08-15,54.8579624664879,24041,37300,2079119,1.79402910559713,64.4530831099196
"6565",2021-08-16,53.3286494437229,40750,63907,2079119,3.07375383515806,63.7645328367784
"6566",2021-08-17,48.4389492179624,20090,34717,2079119,1.66979379246691,57.8679033326612
"6567",2021-08-18,47.6736241745047,27980,49970,2079119,2.40342183395948,55.9935961576946
"6568",2021-08-19,54.2946621171118,47132,76491,2079119,3.67901019614558,61.6177066582997
"6569",2021-08-20,37.7324566299761,19452,44789,2079119,2.15422974827319,43.4303065484829
"6570",2021-08-21,49.0954322302616,50839,81681,2079119,3.92863515748738,62.2409128193827
"6571",2021-08-22,62.2937524077137,68460,88258,2079119,4.24497106707216,77.5680391579234
"6572",2021-08-23,42.2820941241994,3300,7182,2079119,0.345434773093796,45.9482038429407
"6573",2021-08-24,41.1293240435155,7281,16362,2079119,0.786967941709926,44.4994499449945
"6574",2021-08-25,58.453674886282,64837,96071,2079119,4.62075523334643,67.4886282020589
"6575",2021-08-26,58.2422776068215,80440,127713,2079119,6.14264984351545,62.9849741216634
"6576",2021-08-27,52.8434962190028,39094,64401,2079119,3.09751389891584,60.7040263349948
"6577",2021-08-28,46.5404591493013,95927,173669,2079119,8.35300913511925,55.2355342634552
"6578",2021-08-29,57.6818812110007,7590,8654,2079119,0.416233991416557,87.7051074647562
"6579",2021-08-30,52.4450096380381,21523,37352,2079119,1.79653016494005,57.6220818162347
"6580",2021-08-31,27.0796376937816,6801,28705,2079119,1.38063285458889,23.6927364570632
"6581",2021-09-01,36.9285224041573,7542,20398,2079119,0.981088624556844,36.9742131581528
"6582",2021-09-02,43.9845840148782,46874,89258,2079119,4.29306836212838,52.515180712093
"6583",2021-09-03,53.7234747276342,135534,207717,2079119,9.99062583719354,65.2493536879504
"6584",2021-09-04,53.9463381128188,83246,128117,2079119,6.16208115071816,64.9765448769484
"6585",2021-09-05,51.5336776859504,51922,82280,2079119,3.95744543722606,63.1040350024307
"6586",2021-09-06,42.7523801904152,12622,24998,2079119,1.20233618181547,50.4920393631491
"6587",2021-09-07,51.1766216793586,127478,198945,2079119,9.56871636496035,64.0770062077459
"6588",2021-09-08,50.3953999131148,25505,41434,2079119,1.99286332335956,61.5557271805763
"6589",2021-09-09,45.5911375805923,9208,18302,2079119,0.880276694118999,50.3114413725276
"6590",2021-09-10,43.406048441658,46965,88684,2079119,4.26546051476611,52.9576924811691
"6591",2021-09-11,48.9835814036232,81946,134908,2079119,6.48870988144498,60.7421353811486
"6592",2021-09-12,59.6516158793043,85942,110559,2079119,5.317588844121,77.7340605468573
"6593",2021-09-13,54.6802802292363,117741,172573,2079119,8.30029449973763,68.2267793919095
"6594",2021-09-14,65.5684609721037,136006,171134,2079119,8.23108249215172,79.4733951172765
"6595",2021-09-15,57.4325645233911,97999,137702,2079119,6.62309372383207,71.1674485483145
"6596",2021-09-16,56.7835717413516,21491,27404,2079119,1.31805827372074,78.4228579769377
"6597",2021-09-17,57.8718941638531,51825,72565,2079119,3.49018021575485,71.4187280369324
"6598",2021-09-18,56.2360748992652,6749,8438,2079119,0.405844975684413,79.9834083906139
"6599",2021-09-19,54.6500724662105,52678,89007,2079119,4.28099594106927,59.1841091150134
"6600",2021-09-20,48.4266062741151,3307,5961,2079119,0.286707975830147,55.4772689146116
"6601",2021-09-21,51.4666990468095,26296,49413,2079119,2.37663164061316,53.2167648189748
"6602",2021-09-22,61.1769052927091,15691,24222,2079119,1.16501268085184,64.7799521096524
"6603",2021-09-23,47.1579114292057,47509,94591,2079119,4.54957123666322,50.2257085769259
"6604",2021-09-24,42.799709219634,13104,31639,2079119,1.52175031828385,41.4172382186542
"6605",2021-09-25,48.7430710773357,4124,8948,2079119,0.430374596163086,46.0885113991954
"6606",2021-09-26,51.2327438518928,18474,36190,2079119,1.74064110808472,51.0472506217187
"6607",2021-09-27,52.1617032201276,48474,81798,2079119,3.93426254100896,59.2606176190127
"6608",2021-09-28,55.384752143903,44901,66934,2079119,3.21934434729325,67.082499178295
"6609",2021-09-29,65.2821236700727,44163,47465,2079119,2.28293810984364,93.0432950595175
"6610",2021-09-30,63.3746517159361,88634,103005,2079119,4.95426187726628,86.0482500849473
"6611",2021-10-01,55.8626269498032,42962,61737,2079119,2.96938270488606,69.5887393297374
"6612",2021-10-02,54.2948274441973,46755,72846,2079119,3.50369555566565,64.1833456881641
"6613",2021-10-03,46.2957121201184,13483,27706,2079119,1.33258365682772,48.6645491951202
"6614",2021-10-04,48.1654624049475,15020,31693,2079119,1.52434757221689,47.3921686176758
"6615",2021-10-05,55.8390343634505,19898,25434,2079119,1.22330660245998,78.2338601871511
"6616",2021-10-06,53.7491578915425,24467,32953,2079119,1.58495016398773,74.2481716383941
"6617",2021-10-07,55.8766870031429,4192,5409,2079119,0.260158268959112,77.5004621926419
"6618",2021-10-08,72.1896238035506,82362,88491,2079119,4.25617773682026,93.0738719191782
"6619",2021-10-09,72.0683713713067,28690,30934,2079119,1.48784172526921,92.7458459946984
"6620",2021-10-10,74.0041952797244,40428,42667,2079119,2.05216728816388,94.7523847469942
"6621",2021-10-11,61.1317472652281,14433,16729,2079119,0.80461964899556,86.2753302648096
"6622",2021-10-12,54.6364379084967,2886,3672,2079119,0.176613267446452,78.5947712418301
"6623",2021-10-13,28.0643776824034,13,233,2079119,0.0112066697481,5.5793991416309
"6624",2021-10-14,56.0877390326209,647,889,2079119,0.0427584953049825,72.7784026996625
"6625",2021-10-15,25.703125,6,128,2079119,0.00615645376719659,4.6875
"6626",2021-10-16,40.4501278772379,136,391,2079119,0.0188060423669833,34.7826086956522
"6627",2021-10-17,45.4860335195531,169,358,2079119,0.017218831630128,47.2067039106145
"6628",2021-10-18,29.65,2,20,2079119,0.000961945901124467,10
"6629",2021-10-19,76.0642722117202,492,529,2079119,0.0254434690847421,93.0056710775047
"6630",2021-10-20,52.7037037037037,32,54,2079119,0.00259725393303606,59.2592592592593
"6631",2021-10-21,NA,NA,0,2079119,0,NA
"6632",2021-10-22,NA,NA,0,2079119,0,NA
"6633",2021-10-23,NA,NA,0,2079119,0,NA
"6634",2021-10-24,NA,NA,0,2079119,0,NA
"6635",2021-10-25,NA,NA,0,2079119,0,NA
"6636",2021-10-26,NA,NA,0,2079119,0,NA
"6637",2021-10-27,NA,NA,0,2079119,0,NA
"6638",2021-10-28,NA,NA,0,2079119,0,NA
"6639",2021-10-29,NA,NA,0,2079119,0,NA
"6640",2021-10-30,NA,NA,0,2079119,0,NA
"6641",2021-10-31,NA,NA,0,2079119,0,NA
"6642",2021-11-01,NA,NA,0,2079119,0,NA
"6643",2021-11-02,NA,NA,0,2079119,0,NA
"6644",2021-11-03,NA,NA,0,2079119,0,NA
"6645",2021-11-04,NA,NA,0,2079119,0,NA
"6646",2021-11-05,NA,NA,0,2079119,0,NA
"6647",2021-11-06,NA,NA,0,2079119,0,NA
"6648",2021-11-07,NA,NA,0,2079119,0,NA
"6649",2021-11-08,NA,NA,0,2079119,0,NA
"6650",2021-11-09,NA,NA,0,2079119,0,NA
"6651",2021-11-10,NA,NA,0,2079119,0,NA
"6652",2021-11-11,NA,NA,0,2079119,0,NA
"6653",2021-11-12,NA,NA,0,2079119,0,NA
"6654",2021-11-13,NA,NA,0,2079119,0,NA
"6655",2021-11-14,NA,NA,0,2079119,0,NA
"6656",2021-11-15,NA,NA,0,2079119,0,NA
"6657",2021-11-16,NA,NA,0,2079119,0,NA
"6658",2021-11-17,NA,NA,0,2079119,0,NA
"6659",2021-11-18,NA,NA,0,2079119,0,NA
"6660",2021-11-19,NA,NA,0,2079119,0,NA
"6661",2021-11-20,NA,NA,0,2079119,0,NA
"6662",2021-11-21,NA,NA,0,2079119,0,NA
"6663",2021-11-22,NA,NA,0,2079119,0,NA
"6664",2021-11-23,NA,NA,0,2079119,0,NA
"6665",2021-11-25,NA,NA,0,2079119,0,NA
"6666",2022-01-16,NA,NA,0,2079119,0,NA
"6667",2022-01-18,NA,NA,0,2079119,0,NA
"6668",2022-01-19,NA,NA,0,2079119,0,NA
"6669",2022-01-20,NA,NA,0,2079119,0,NA
"6670",2022-01-21,NA,NA,0,2079119,0,NA
"6671",2022-01-22,NA,NA,0,2079119,0,NA
"6672",2022-01-23,NA,NA,0,2079119,0,NA
"6673",2022-01-24,NA,NA,0,2079119,0,NA
"6674",2022-01-25,NA,NA,0,2079119,0,NA
"6675",2022-01-26,NA,NA,0,2079119,0,NA
"6676",2022-01-27,NA,NA,0,2079119,0,NA
"6677",2022-01-28,NA,NA,0,2079119,0,NA
"6678",2022-01-29,NA,NA,0,2079119,0,NA
"6679",2022-01-30,NA,NA,0,2079119,0,NA
"6680",2022-01-31,NA,NA,0,2079119,0,NA
"6681",2022-02-01,NA,NA,0,2079119,0,NA
"6682",2022-02-02,NA,NA,0,2079119,0,NA
"6683",2022-02-03,NA,NA,0,2079119,0,NA
"6684",2022-02-04,NA,NA,0,2079119,0,NA
"6685",2022-02-05,NA,NA,0,2079119,0,NA
"6686",2022-02-06,NA,NA,0,2079119,0,NA
"6687",2022-02-07,NA,NA,0,2079119,0,NA
"6688",2022-02-08,NA,NA,0,2079119,0,NA
"6689",2022-02-09,NA,NA,0,2079119,0,NA
"6690",2022-02-10,NA,NA,0,2079119,0,NA
"6691",2022-02-11,NA,NA,0,2079119,0,NA
"6692",2022-02-12,NA,NA,0,2079119,0,NA
"6693",2022-02-13,NA,NA,0,2079119,0,NA
"6694",2022-02-14,NA,NA,0,2079119,0,NA
"6695",2022-02-15,NA,NA,0,2079119,0,NA
"6696",2022-02-16,NA,NA,0,2079119,0,NA
"6697",2022-02-17,NA,NA,0,2079119,0,NA
"6698",2022-02-18,NA,NA,0,2079119,0,NA
"6699",2022-02-19,NA,NA,0,2079119,0,NA
"6700",2022-02-20,NA,NA,0,2079119,0,NA
"6701",2022-02-21,NA,NA,0,2079119,0,NA
"6702",2022-02-22,65.6405693950178,257,281,2079119,0.0135153399107988,91.4590747330961
"6703",2022-02-23,44.6111111111111,11,36,2079119,0.00173150262202404,30.5555555555556
"6704",2022-02-24,57.375,48,56,2079119,0.00269344852314851,85.7142857142857
"6705",2022-02-25,67.4511691884457,725,727,2079119,0.0349667335058744,99.7248968363136
"6706",2022-02-26,63.013986013986,262,286,2079119,0.0137558263860799,91.6083916083916
"6707",2022-02-27,70.9623493975904,646,664,2079119,0.0319366039173323,97.289156626506
"6708",2022-02-28,73.1719060883406,2469,2513,2079119,0.120868502476289,98.2491046557899
"6709",2022-03-01,63.7718271266658,7841,8029,2079119,0.386173182006417,97.6584879810686
"6710",2022-03-02,60.7878258336974,6155,6867,2079119,0.330284125151086,89.6315712829474
"6711",2022-03-03,57.6445421831268,7073,7503,2079119,0.360874004806844,94.2689590830335
"6712",2022-03-04,61.9556893819334,13707,15775,2079119,0.758734829511923,86.8906497622821
"6713",2022-03-05,65.0566716343766,45616,50325,2079119,2.42049637370444,90.6428216592151
"6714",2022-03-06,71.3739296949802,71048,73110,2079119,3.51639324156049,97.1795923950212
"6715",2022-03-07,63.7184399893393,54079,67538,2079119,3.24839511350721,80.0719594894726
"6716",2022-03-08,70.4133931594988,90247,94496,2079119,4.54500199363288,95.5035133762276
"6717",2022-03-09,59.6585735963581,41195,45471,2079119,2.18703210350153,90.596204174089
"6718",2022-03-10,53.2272911950781,10543,17229,2079119,0.828668296523672,61.1933368158338
"6719",2022-03-11,72.782224709592,142799,146518,2079119,7.04711947704773,97.4617453145689
"6720",2022-03-12,58.1195908154254,12961,13588,2079119,0.653546045223963,95.3856343832794
"6721",2022-03-13,70.4797101734628,49203,50789,2079119,2.44281351861053,96.8772765756365
"6722",2022-03-14,70.8661773122998,94307,99587,2079119,4.78986532276411,94.6981031660759
"6723",2022-03-15,62.2272432432432,4087,4625,2079119,0.222449989635033,88.3675675675676
"6724",2022-03-16,66.2453954174148,75584,84101,2079119,4.04503061152344,89.8728909287642
"6725",2022-03-17,68.3934155383623,91421,99264,2079119,4.77432989646095,92.0988475177305
"6726",2022-03-18,66.0621139974541,123827,127266,2079119,6.12115035262532,97.2977857401034
"6727",2022-03-19,67.5209326541238,94038,97957,2079119,4.71146673182247,95.9992649836153
"6728",2022-03-20,67.7564732072374,120852,126676,2079119,6.09277294854215,95.4024440304399
"6729",2022-03-21,59.0254223388552,5523,6097,2079119,0.293249207957794,90.585533869116
"6730",2022-03-22,58.2283264052728,25912,26703,2079119,1.28434206988633,97.0377860165524
"6731",2022-03-23,69.3049522280325,137599,138261,2079119,6.64998011176849,99.5211954202559
"6732",2022-03-24,70.3664608606034,104861,105763,2079119,5.08691421703135,99.1471497593677
"6733",2022-03-25,71.7268263528114,108269,108755,2079119,5.23082132383957,99.5531239942991
"6734",2022-03-26,71.8226750112751,161282,161861,2079119,7.78507627509537,99.6422856648606
"6735",2022-03-27,72.4419033315128,190108,190424,2079119,9.15887931378627,99.8340545309415
"6736",2022-03-28,69.9011674942293,134275,134733,2079119,6.48029285481014,99.6600684316389
"6737",2022-03-29,72.0135390274204,101829,102223,2079119,4.91664979253232,99.6145681500249
"6738",2022-03-30,71.7231483951276,89913,89976,2079119,4.32760221997875,99.9299813283542
"6739",2022-03-31,66.0290039579499,78887,79334,2079119,3.81575080599042,99.4365593566441
"6740",2022-04-01,72.3494308978208,138785,138903,2079119,6.68085857519459,99.9150486310591
"6741",2022-04-02,70.6514635124298,109441,109736,2079119,5.27800477028972,99.731172997011
"6742",2022-04-03,71.2378829103016,136098,136357,2079119,6.55840286198145,99.8100574227946
"6743",2022-04-04,72.1761836719346,186032,186158,2079119,8.95369625307642,99.9323155599007
"6744",2022-04-05,73.7685259997406,200321,200502,2079119,9.64360385336289,99.9097265862685
"6745",2022-04-06,74.3248692493616,146242,146462,2079119,7.04442602852458,99.849790389316
"6746",2022-04-07,74.5275248817099,153098,153225,2079119,7.36970803498982,99.9171153532387
"6747",2022-04-08,74.295590626848,216346,216448,2079119,10.4105633203294,99.9528755174453
"6748",2022-04-09,71.2783993078088,115092,115575,2079119,5.55884487612301,99.5820895522388
"6749",2022-04-10,73.8704444765869,186602,186669,2079119,8.97827397085015,99.9641075915122
"6750",2022-04-11,77.739939568328,166389,166469,2079119,8.00670861071444,99.9519430044032
"6751",2022-04-12,77.4401762337772,141642,142084,2079119,6.83385607076844,99.6889164156414
"6752",2022-04-13,69.560369111219,51338,51475,2079119,2.4758082630191,99.7338513841671
"6753",2022-04-14,69.4521173091179,42241,43168,2079119,2.07626403298705,97.852575982209
"6754",2022-04-15,70.1802743981362,57765,57945,2079119,2.78699776203286,99.6893606005695
"6755",2022-04-16,66.7288033951472,42335,43356,2079119,2.08530632445762,97.6450779592213
"6756",2022-04-17,69.2935794276234,120446,120550,2079119,5.79812891902772,99.9137287432601
"6757",2022-04-18,71.1940387696672,152163,152284,2079119,7.32444848034191,99.9205431956082
"6758",2022-04-19,73.721952486419,138081,138613,2079119,6.66691035962829,99.6161976149423
"6759",2022-04-20,71.2284132316413,91312,91387,2079119,4.39546750330308,99.9179314344491
"6760",2022-04-21,76.4950339165109,67730,67961,2079119,3.26874026931599,99.6600991745266
"6761",2022-04-22,73.1495955255767,41529,41659,2079119,2.00368521474721,99.687942581435
"6762",2022-04-23,72.0374517884821,82899,83227,2079119,4.0029935756443,99.6058971247312
"6763",2022-04-24,74.877642145178,145530,145573,2079119,7.0016675332196,99.9704615553708
"6764",2022-04-25,71.9573452725836,94762,94925,2079119,4.565635733212,99.8282854885436
"6765",2022-04-26,71.3539629601556,79084,79158,2079119,3.80728568206053,99.9065160817605
"6766",2022-04-27,68.2054694087027,27214,27279,2079119,1.31204611183872,99.7617214707284
"6767",2022-04-28,73.0695819515383,82446,82622,2079119,3.97389471213528,99.7869816755828
"6768",2022-04-29,74.001240253337,98282,98367,2079119,4.73118662279552,99.9135889068488
"6769",2022-04-30,75.3511805265357,95654,95720,2079119,4.6038730827817,99.9310488926034
"6770",2022-05-01,74.8800620950324,59197,59264,2079119,2.85043809421202,99.8869465442765
"6771",2022-05-02,72.8328743940567,69645,69726,2079119,3.35363199509023,99.8838309956114
"6772",2022-05-03,69.2593423926232,16004,16484,2079119,0.792835811706785,97.0880854161611
"6773",2022-05-04,74.8874174737329,77805,77854,2079119,3.74456680930721,99.937061679554
"6774",2022-05-05,77.1074894549802,150477,150545,2079119,7.24080728423914,99.9548307814939
"6775",2022-05-06,76.0626144964346,136962,137013,2079119,6.58995468753833,99.962777254713
"6776",2022-05-07,73.6321207362819,45780,45852,2079119,2.20535717291795,99.8429730437058
"6777",2022-05-08,74.2791274354433,53546,53635,2079119,2.57969842034054,99.8340635778876
"6778",2022-05-09,70.5974646513896,30623,30765,2079119,1.47971328240471,99.5384365350236
"6779",2022-05-10,76.6632231146865,79616,80053,2079119,3.85033276113585,99.4541116510312
"6780",2022-05-11,77.1232142506561,152747,152807,2079119,7.34960336565632,99.9607347830924
"6781",2022-05-12,77.635149579447,157109,157174,2079119,7.55964425316685,99.9586445595327
"6782",2022-05-13,78.5269769308871,127021,127053,2079119,6.11090562877834,99.9748136604409
"6783",2022-05-14,80.4638954916805,50029,50063,2079119,2.40789488239971,99.932085572179
"6784",2022-05-15,77.7622840938386,38775,38790,2079119,1.8656940752309,99.9613302397525
"6785",2022-05-16,69.4941353499498,25854,25918,2079119,1.2465856932672,99.7530673663091
"6786",2022-05-17,72.8182638465009,75290,75362,2079119,3.6247083500271,99.9044611342587
"6787",2022-05-18,77.4742456469895,217083,217206,2079119,10.447021069982,99.9433717300627
"6788",2022-05-19,77.4285714285714,23130,23135,2079119,1.11273092112573,99.9783877242274
"6789",2022-05-20,77.2052258276482,103409,103486,2079119,4.97739667618833,99.9255938001276
"6790",2022-05-21,76.1594988923688,13031,13091,2079119,0.62964168958102,99.5416698495149
"6791",2022-05-22,71.7546070247283,6324,6349,2079119,0.305369726311962,99.6062372027091
"6792",2022-05-23,81.1121033147766,35242,35387,2079119,1.70201898015458,99.5902450052279
"6793",2022-05-24,87.8903722759396,67035,67638,2079119,3.25320484301283,99.1084893107425
"6794",2022-05-25,65.7366368101705,6680,6922,2079119,0.332929476379178,96.5039006067611
"6795",2022-05-26,86.2387727975944,44971,45893,2079119,2.20732916201526,97.9909790164077
"6796",2022-05-27,87.2745826057654,158602,163215,2079119,7.85020001260149,97.1736666360322
"6797",2022-05-28,86.0771251352008,176720,181212,2079119,8.71580703172834,97.5211354656424
"6798",2022-05-29,86.2294167991197,235024,245370,2079119,11.8016332879455,95.7835106166198
"6799",2022-05-30,79.9582965438951,114794,126848,2079119,6.10104568329182,90.4972880928355
"6800",2022-05-31,76.5865074092831,134258,152039,2079119,7.31266464305314,88.3049743815732
"6801",2022-06-01,65.8994805745482,29233,37734,2079119,1.81490333165153,77.4712460910585
"6802",2022-06-02,69.7964735710636,83661,103731,2079119,4.9891805134771,80.6518784162883
"6803",2022-06-03,74.7872098372998,100871,119545,2079119,5.74979113749622,84.3791041030574
"6804",2022-06-04,64.0871525169046,2585,2662,2079119,0.128034999439667,97.1074380165289
"6805",2022-06-05,62.0413608657793,11349,16078,2079119,0.773308309913959,70.5871377036945
"6806",2022-06-06,54.8980500658762,23191,37950,2079119,1.82529234738368,61.1093544137022
"6807",2022-06-07,54.4034044070138,27241,44883,2079119,2.15875089400847,60.693358287102
"6808",2022-06-08,56.3997763488957,5451,7154,2079119,0.344088048832222,76.195135588482
"6809",2022-06-09,58.0264205173557,7132,9046,2079119,0.435088131078596,78.8414768958656
"6810",2022-06-10,25.0730198019802,501,1616,2079119,0.0777252288108569,31.0024752475248
"6811",2022-06-11,70.0289772727273,1568,1760,2079119,0.0846512392989531,89.0909090909091
"6812",2022-06-12,63.5857252494244,4998,6515,2079119,0.313353877291295,76.7152724481965
"6813",2022-06-13,64.6160290072518,12669,15996,2079119,0.769364331719348,79.2010502625656
"6814",2022-06-14,36.5783595113438,5970,14325,2079119,0.688993751680399,41.6753926701571
"6815",2022-06-15,64.0342395297575,16290,20415,2079119,0.981906278572799,79.7942689199118
"6816",2022-06-16,59.728431372549,17919,24480,2079119,1.17742178297635,73.1985294117647
"6817",2022-06-17,71.1596402586904,41017,49480,2079119,2.37985415938193,82.8961196443007
"6818",2022-06-18,70.4737662742652,41007,51308,2079119,2.46777601474471,79.9232088563187
"6819",2022-06-19,47.6550274632889,9762,17842,2079119,0.858151938393137,54.7135971303666
"6820",2022-06-20,68.1534847298356,5624,6385,2079119,0.307101228933986,88.0814408770556
"6821",2022-06-21,63.6790201005025,3121,3184,2079119,0.153141787459015,98.0213567839196
"6822",2022-06-22,39.5283420772356,11904,25351,2079119,1.21931452697032,46.9567275452645
"6823",2022-06-23,63.0923317444017,47300,65243,2079119,3.13801182135318,72.4981990405101
"6824",2022-06-24,69.3653495440729,54104,65800,2079119,3.16480201469949,82.2249240121581
"6825",2022-06-25,59.1894803909888,131775,193049,2079119,9.28513471330886,68.259871846008
"6826",2022-06-26,70.381254735962,62307,76542,2079119,3.68146315819345,81.4023673277416
"6827",2022-06-27,61.5051022329329,17908,26557,2079119,1.27731986480812,67.4323153970705
"6828",2022-06-28,64.7872152254544,104100,145861,2079119,7.01551955419579,71.3693173637916
"6829",2022-06-29,50.6134627426425,9165,15970,2079119,0.768113802047887,57.3888541014402
"6830",2022-06-30,53.4023365635876,50496,85339,2079119,4.10457506280304,59.1710706710882
"6831",2022-07-01,72.9740775718891,23645,30707,2079119,1.47692363929145,77.0019865177321
"6832",2022-07-02,47.8436930274156,16000,29071,2079119,1.39823646457947,55.0376664029445
"6833",2022-07-03,47.1979895387132,24843,46457,2079119,2.23445603642697,53.4752566889812
"6834",2022-07-04,65.7042004941758,8057,8499,2079119,0.408778910682842,94.7993881633133
"6835",2022-07-05,64.729755806859,51868,70477,2079119,3.38975306367745,73.5956411311492
"6836",2022-07-06,45.4607577583443,47333,90451,2079119,4.35044843513046,52.3299908237609
"6837",2022-07-07,54.089188049893,117843,185036,2079119,8.89973108802334,63.686525865237
"6838",2022-07-08,56.8244131360534,125503,197959,2079119,9.52129243203492,63.3984815037457
"6839",2022-07-09,44.7036150304993,56115,113609,2079119,5.46428559404248,49.3930938570008
"6840",2022-07-10,59.8075830690749,93229,145060,2079119,6.97699362085576,64.2692678891493
"6841",2022-07-11,53.867223983857,10613,17345,2079119,0.834247582750194,61.1876621504756
"6842",2022-07-12,36.5775630046489,2977,8174,2079119,0.39314728978957,36.4203572302422
"6843",2022-07-13,34.4336367992333,2779,8348,2079119,0.401516219129352,33.2894106372784
"6844",2022-07-14,52.5654135555107,41383,69374,2079119,3.33670174723044,59.652031020267
"6845",2022-07-15,40.5825613448416,20141,44258,2079119,2.12869008459833,45.5081567174296
"6846",2022-07-16,42.4412247923401,60993,130863,2079119,6.29415632294255,46.6082850003439
"6847",2022-07-17,36.9261695691756,13999,34051,2079119,1.63776099395946,41.1118616193357
"6848",2022-07-18,44.3133202291832,58047,119555,2079119,5.75027211044678,48.5525490360085
"6849",2022-07-19,35.3502762430939,6516,16290,2079119,0.783504936465878,40
"6850",2022-07-20,43.0421535706291,22504,44670,2079119,2.1485061701615,50.378329975375
"6851",2022-07-21,36.6238037236819,8802,22988,2079119,1.10566061875246,38.2895423699321
"6852",2022-07-22,42.5080179602309,1536,3118,2079119,0.149967365985304,49.2623476587556
"6853",2022-07-23,69.9276069501459,29714,38733,2079119,1.8629525294127,76.7149459117548
"6854",2022-07-24,55.3642211636914,26936,44926,2079119,2.16081907769589,59.9563727017763
"6855",2022-07-25,37.8691046144443,17000,39268,2079119,1.88868458226778,43.2922481409799
"6856",2022-07-26,40.0962479608483,4753,9808,2079119,0.471738269911438,48.46044045677
"6857",2022-07-27,33.2675361857802,15543,44009,2079119,2.11671385812933,35.3177759094731
"6858",2022-07-28,34.8270318547187,10973,30231,2079119,1.45402932684469,36.2971783930403
"6859",2022-07-29,65.07976025294,61275,87926,2079119,4.22900276511349,69.68928417078
"6860",2022-07-30,36.1396794242722,9070,24456,2079119,1.176267447895,37.0870134118417
"6861",2022-07-31,59.8832854265994,75545,116198,2079119,5.58880949094304,65.0140277801683
"6862",2022-08-01,38.6455245998814,13839,32053,2079119,1.54166259843713,43.1753658003931
"6863",2022-08-02,19.6799979115543,3927,19153,2079119,0.921207492211846,20.503315407508
"6864",2022-08-03,30.6275645498953,4842,14330,2079119,0.68923423815568,33.7892533147244
"6865",2022-08-04,27.8007918316316,1052,4799,2079119,0.230818918974816,21.9212335903313
"6866",2022-08-05,41.9339118151549,4049,9911,2079119,0.476692291302229,40.8535970134194
"6867",2022-08-06,16.0143755615454,103,2226,2079119,0.107064578795153,4.62713387241689
"6868",2022-08-07,51.143790329005,13701,25106,2079119,1.20753068968154,54.5726121245917
"6869",2022-08-08,43.494777424127,10876,22307,2079119,1.07290636081917,48.7559958757341
"6870",2022-08-09,31.7231964357114,5193,17507,2079119,0.842039344549302,29.6624207459873
"6871",2022-08-10,45.5456075068759,13934,30905,2079119,1.48644690371258,45.0865555735318
"6872",2022-08-11,31.1526735459662,2350,8528,2079119,0.410173732239473,27.5562851782364
"6873",2022-08-12,33.5332853760153,11655,33363,2079119,1.60467005496078,34.9339088211492
"6874",2022-08-13,49.0845540164105,28308,52771,2079119,2.53814235741196,53.643099429611
"6875",2022-08-14,75.2412596603754,15408,19021,2079119,0.914858649264424,81.0052047736712
"6876",2022-08-15,54.5556934483036,36102,62045,2079119,2.98419667176338,58.186799903296
"6877",2022-08-16,45.6859813556964,40879,79059,2079119,3.80252404984996,51.7069530350751
"6878",2022-08-17,56.009756097561,320,410,2079119,0.0197198909730516,78.0487804878049
"6879",2022-08-18,44.5203859358352,40070,84470,2079119,4.06277851339919,47.4369598674085
"6880",2022-08-19,56.129063405214,52005,86996,2079119,4.18427228071121,59.7786105108281
"6881",2022-08-20,44.4337595816956,57279,112454,2079119,5.40873321825254,50.9354936240596
"6882",2022-08-21,50.0600590422579,115490,203583,2079119,9.79179161943111,56.7287052455264
"6883",2022-08-22,51.6741197257162,112197,190168,2079119,9.14656640625188,58.9988851962475
"6884",2022-08-23,41.4726552671021,45310,91407,2079119,4.39642944920421,49.5695078057479
"6885",2022-08-24,45.8883137474352,11607,21444,2079119,1.03139839518565,54.1270285394516
"6886",2022-08-25,44.5642038600724,49377,99480,2079119,4.7847189121931,49.6351025331725
"6887",2022-08-26,45.0340923001591,52767,98028,2079119,4.71488163977146,53.8284979801689
"6888",2022-08-27,45.6410395946707,58207,106580,2079119,5.12620970709228,54.6134359166823
"6889",2022-08-28,38.3129149733467,44018,94735,2079119,4.55649724715132,46.4643479178762
"6890",2022-08-29,45.1262242899119,46478,81680,2079119,3.92858706019232,56.9025465230167
"6891",2022-08-30,48.8286636968204,45865,78343,2079119,3.7680863865897,58.5438392708985
"6892",2022-08-31,53.6914920961316,100172,155620,2079119,7.48490105664948,64.3696183009896
"6893",2022-09-01,52.0669604692981,83006,135692,2079119,6.52641816076906,61.1723609350588
"6894",2022-09-02,46.0064522736583,39662,78112,2079119,3.75697591143172,50.7758090946334
"6895",2022-09-03,40.6346332299753,18625,44183,2079119,2.12508278746912,42.154222212163
"6896",2022-09-04,40.8944734011748,9166,24174,2079119,1.16270401068914,37.9167700835609
"6897",2022-09-05,33.4366089174766,24778,63897,2079119,3.0732728622075,38.7780333974991
"6898",2022-09-06,39.9923192519619,1738,5989,2079119,0.288054700091722,29.0198697612289
"6899",2022-09-07,47.1643746025979,27029,55045,2079119,2.64751560636981,49.1034608047961
"6900",2022-09-08,36.883647430645,9127,25629,2079119,1.23268557499595,35.6120020289516
"6901",2022-09-09,55.1723958651905,26653,32698,2079119,1.57268535374839,81.5126307419414
"6902",2022-09-10,49.9887295551381,13650,21827,2079119,1.04981965919219,62.5372245384157
"6903",2022-09-11,56.6303834568102,20928,24566,2079119,1.18155815035118,85.1909142717577
"6904",2022-09-12,64.0250352086576,46044,53964,2079119,2.59552243041404,85.3235490326885
"6905",2022-09-13,62.8504491292392,47957,54550,2079119,2.62370744531698,87.9138405132906
"6906",2022-09-14,66.5024606146894,87317,96927,2079119,4.66192651791456,90.0853219433182
"6907",2022-09-15,65.6003704473719,45778,52909,2079119,2.54477978412972,86.5221417906216
"6908",2022-09-16,64.1296739874323,56377,64292,2079119,3.09227129375471,87.6889815218068
"6909",2022-09-17,62.3467536647453,27606,34177,2079119,1.64382125313654,80.7736196857536
"6910",2022-09-18,60.2425690499805,28270,33273,2079119,1.60034129840572,84.9637844498542
"6911",2022-09-19,73.8079181557004,134620,142710,2079119,6.86396497747363,94.3311610959288
"6912",2022-09-20,69.3972531935317,84442,94801,2079119,4.55967166862503,89.0729000748937
"6913",2022-09-21,71.8036515618126,103403,113650,2079119,5.46625758313978,90.9837219533656
"6914",2022-09-22,61.4856736624115,50975,64706,2079119,3.11218357390799,78.7794022192687
"6915",2022-09-23,59.6042890716804,39477,47656,2079119,2.29212469319938,82.8374181635051
"6916",2022-09-24,60.4517823639775,94961,135915,2079119,6.53714385756659,69.8679321634845
"6917",2022-09-25,49.4930605916627,21051,39989,2079119,1.92336273200331,52.6419765435495
"6918",2022-09-26,33.433271907279,14494,41242,2079119,1.98362864270876,35.1437854614228
"6919",2022-09-27,52.1634721397676,41056,70746,2079119,3.40269123604758,58.0329629943742
"6920",2022-09-28,54.5394348190275,40592,68049,2079119,3.27297283128094,59.6511337418625
"6921",2022-09-29,53.058307621292,24767,41161,2079119,1.97973276180921,60.1710356891232
"6922",2022-09-30,40.2659080352996,18257,43060,2079119,2.07106952512098,42.3989781699954
"6923",2022-10-01,52.6646319002263,32398,57009,2079119,2.74197869386024,56.8296233927976
"6924",2022-10-02,47.7294311115679,40587,77836,2079119,3.7437010579962,52.1442520170615
"6925",2022-10-03,57.1770496272753,91164,139379,2079119,6.70375288764135,65.4072708227208
"6926",2022-10-04,59.3360397680199,84919,120700,2079119,5.80534351328616,70.3554266777133
"6927",2022-10-05,56.9903625986808,81132,117044,2079119,5.6294998025606,69.3175216158026
"6928",2022-10-06,55.292258379207,46588,71755,2079119,3.45122140675931,64.9264859591666
"6929",2022-10-07,53.1250211661116,11341,17717,2079119,0.852139776511109,64.0119659084495
"6930",2022-10-08,59.499745098948,31788,43154,2079119,2.07559067085626,73.6617694767577
"6931",2022-10-09,51.181105878532,14165,24632,2079119,1.18473257182489,57.5064956154596
"6932",2022-10-10,49.206923844592,16407,29059,2079119,1.39765929703879,56.4609931518634
"6933",2022-10-24,NA,NA,0,2079119,0,NA
"6934",2022-10-25,NA,NA,0,2079119,0,NA
"6935",2022-10-26,NA,NA,0,2079119,0,NA
"6936",2022-10-27,NA,NA,0,2079119,0,NA
"6937",2022-10-28,NA,NA,0,2079119,0,NA
"6938",2022-10-29,NA,NA,0,2079119,0,NA
"6939",2022-10-30,NA,NA,0,2079119,0,NA
"6940",2022-10-31,NA,NA,0,2079119,0,NA
"6941",2022-11-01,NA,NA,0,2079119,0,NA
"6942",2022-11-02,NA,NA,0,2079119,0,NA
"6943",2022-11-03,NA,NA,0,2079119,0,NA
"6944",2022-11-04,NA,NA,0,2079119,0,NA
"6945",2022-11-05,NA,NA,0,2079119,0,NA
"6946",2022-11-06,NA,NA,0,2079119,0,NA
"6947",2022-11-07,NA,NA,0,2079119,0,NA
"6948",2022-11-08,NA,NA,0,2079119,0,NA
"6949",2022-11-09,NA,NA,0,2079119,0,NA
"6950",2022-11-10,NA,NA,0,2079119,0,NA
"6951",2022-11-11,NA,NA,0,2079119,0,NA
"6952",2022-11-12,NA,NA,0,2079119,0,NA
"6953",2022-11-13,NA,NA,0,2079119,0,NA
"6954",2022-11-14,NA,NA,0,2079119,0,NA
"6955",2022-11-15,NA,NA,0,2079119,0,NA
"6956",2022-11-16,NA,NA,0,2079119,0,NA
"6957",2022-11-17,NA,NA,0,2079119,0,NA
"6958",2022-11-18,NA,NA,0,2079119,0,NA
"6959",2022-11-19,NA,NA,0,2079119,0,NA
"6960",2022-11-20,NA,NA,0,2079119,0,NA
"6961",2022-11-21,NA,NA,0,2079119,0,NA
"6962",2022-11-22,NA,NA,0,2079119,0,NA
"6963",2022-11-23,NA,NA,0,2079119,0,NA
"6964",2022-11-24,NA,NA,0,2079119,0,NA
"6965",2022-11-25,NA,NA,0,2079119,0,NA
"6966",2023-01-18,NA,NA,0,2079119,0,NA
"6967",2023-01-19,NA,NA,0,2079119,0,NA
"6968",2023-01-20,NA,NA,0,2079119,0,NA
"6969",2023-01-21,NA,NA,0,2079119,0,NA
"6970",2023-01-22,NA,NA,0,2079119,0,NA
"6971",2023-01-23,NA,NA,0,2079119,0,NA
"6972",2023-01-24,NA,NA,0,2079119,0,NA
"6973",2023-01-25,NA,NA,0,2079119,0,NA
"6974",2023-01-26,NA,NA,0,2079119,0,NA
"6975",2023-01-27,NA,NA,0,2079119,0,NA
"6976",2023-01-28,NA,NA,0,2079119,0,NA
"6977",2023-01-29,NA,NA,0,2079119,0,NA
"6978",2023-01-30,NA,NA,0,2079119,0,NA
"6979",2023-01-31,NA,NA,0,2079119,0,NA
"6980",2023-02-01,NA,NA,0,2079119,0,NA
"6981",2023-02-02,NA,NA,0,2079119,0,NA
"6982",2023-02-03,NA,NA,0,2079119,0,NA
"6983",2023-02-04,NA,NA,0,2079119,0,NA
"6984",2023-02-05,NA,NA,0,2079119,0,NA
"6985",2023-02-06,NA,NA,0,2079119,0,NA
"6986",2023-02-07,NA,NA,0,2079119,0,NA
"6987",2023-02-08,NA,NA,0,2079119,0,NA
"6988",2023-02-09,NA,NA,0,2079119,0,NA
"6989",2023-02-10,NA,NA,0,2079119,0,NA
"6990",2023-02-11,NA,NA,0,2079119,0,NA
"6991",2023-02-12,NA,NA,0,2079119,0,NA
"6992",2023-02-13,NA,NA,0,2079119,0,NA
"6993",2023-02-14,NA,NA,0,2079119,0,NA
"6994",2023-02-15,NA,NA,0,2079119,0,NA
"6995",2023-02-16,NA,NA,0,2079119,0,NA
"6996",2023-02-17,NA,NA,0,2079119,0,NA
"6997",2023-02-18,NA,NA,0,2079119,0,NA
"6998",2023-02-19,NA,NA,0,2079119,0,NA
"6999",2023-02-20,NA,NA,0,2079119,0,NA
"7000",2023-02-21,44.3274336283186,27,113,2079119,0.00543499434135324,23.8938053097345
"7001",2023-02-22,NA,NA,0,2079119,0,NA
"7002",2023-02-23,65.4083601286174,275,311,2079119,0.0149582587624855,88.4244372990354
"7003",2023-02-24,55.9944134078212,137,179,2079119,0.00860941581506398,76.536312849162
"7004",2023-02-25,NA,NA,0,2079119,0,NA
"7005",2023-02-26,60.0084033613445,596,714,2079119,0.0343414686701435,83.4733893557423
"7006",2023-02-27,51.6408450704225,70,142,2079119,0.00682981589798371,49.2957746478873
"7007",2023-02-28,78.1466544454629,4238,4364,2079119,0.209896595625359,97.1127406049496
"7008",2023-03-01,61.7673774861595,8483,9754,2079119,0.469141015978402,86.9694484314128
"7009",2023-03-02,57.3293032628071,10880,12903,2079119,0.62059939811045,84.3214756258235
"7010",2023-03-03,51.3965790865809,6728,11342,2079119,0.545519520527685,59.3193440310351
"7011",2023-03-04,61.9267349423476,23189,27926,2079119,1.34316506174009,83.0373128983743
"7012",2023-03-05,62.520599012267,26778,31385,2079119,1.50953360533957,85.3210132228772
"7013",2023-03-06,59.9613933795227,44033,51960,2079119,2.49913545112136,84.7440338722094
"7014",2023-03-07,63.4055054070963,50865,55945,2079119,2.69080317192041,90.9196532308517
"7015",2023-03-08,61.2363241545001,70928,86576,2079119,4.16407141678759,81.9257068933654
"7016",2023-03-09,58.8661004698229,30122,38738,2079119,1.86319301588798,77.7582735298673
"7017",2023-03-10,61.7778777585315,37867,44453,2079119,2.1380690571343,85.1843520122376
"7018",2023-03-11,63.9890454987763,60154,67826,2079119,3.2622471344834,88.6887034470557
"7019",2023-03-12,65.4938493250881,67434,75195,2079119,3.61667610175271,89.6788350289248
"7020",2023-03-13,61.2327698018695,78360,89436,2079119,4.30162968064839,87.6157252113243
"7021",2023-03-14,71.9723562338053,137552,139706,2079119,6.71948070312474,98.4581907720499
"7022",2023-03-15,70.5872831814689,143871,145744,2079119,7.00989217067421,98.7148699088813
"7023",2023-03-16,73.1516566285352,147236,148434,2079119,7.13927389437545,99.1929072853928
"7024",2023-03-17,62.5661536626104,64413,67056,2079119,3.22521221729011,96.0585182534001
"7025",2023-03-18,58.4405009799118,27555,32656,2079119,1.57066526735603,84.3795933365997
"7026",2023-03-19,64.6715166135811,50629,53059,2079119,2.55199437838815,95.4201926157673
"7027",2023-03-20,65.1976333885871,57573,60931,2079119,2.93061628507074,94.488848041227
"7028",2023-03-21,69.0911571375419,55444,56441,2079119,2.7146594302683,98.2335536223667
"7029",2023-03-22,58.8806678670814,16988,18327,2079119,0.881479126495405,92.6938396900748
"7030",2023-03-23,69.7251885550102,99023,100236,2079119,4.8210804672556,98.7898559399816
"7031",2023-03-24,68.9039344870784,128163,129318,2079119,6.21984600208069,99.1068528743098
"7032",2023-03-25,71.3866355621708,139128,139744,2079119,6.72130840033687,99.5591939546599
"7033",2023-03-26,69.8019141615182,102422,103753,2079119,4.99023865396834,98.7171455283221
"7034",2023-03-27,67.5625667868075,53121,55213,2079119,2.65559595193926,96.2110372557188
"7035",2023-03-28,71.8556184634741,126329,127170,2079119,6.11653301229992,99.3386805064087
"7036",2023-03-29,70.7364732354823,96794,96882,2079119,4.65976213963703,99.9091678536777
"7037",2023-03-30,71.1817156671859,123083,123264,2079119,5.92866497781031,99.8531606957425
"7038",2023-03-31,66.6887070213084,39634,40078,2079119,1.92764339126332,98.8921602874395
"7039",2023-04-01,69.6164071493487,82294,82525,2079119,3.96922927451483,99.720084822781
"7040",2023-04-02,68.0352593723631,49714,49774,2079119,2.39399476412846,99.8794551372202
"7041",2023-04-03,61.7464982383776,11494,11637,2079119,0.559708222569271,98.7711609521354
"7042",2023-04-04,70.4579216489697,176154,176207,2079119,8.47508006997194,99.969921739772
"7043",2023-04-05,65.8728007819442,44952,45016,2079119,2.16514783425095,99.8578283277057
"7044",2023-04-06,63.2126886020723,10799,11002,2079119,0.529166440208569,98.1548809307399
"7045",2023-04-07,77.7140471640351,53469,53897,2079119,2.59229991164527,99.2058927213018
"7046",2023-04-08,72.3888184213094,50977,51245,2079119,2.46474588515616,99.4770221485023
"7047",2023-04-09,63.7374655823782,14221,15617,2079119,0.75113545689304,91.0610232439009
"7048",2023-04-10,77.6183614391398,108535,108815,2079119,5.23370716154294,99.742682534577
"7049",2023-04-11,72.0464715158683,19820,20292,2079119,0.975990311280884,97.6739601813523
"7050",2023-04-12,78.3812239604154,112378,112569,2079119,5.414264407184,99.8303262887651
"7051",2023-04-13,81.8199484011456,83782,84498,2079119,4.06412523766076,99.1526426660986
"7052",2023-04-14,80.866919978026,43289,43688,2079119,2.10127462641629,99.086705731551
"7053",2023-04-15,85.3836684532846,95848,96831,2079119,4.65730917758916,98.9848292385703
"7054",2023-04-16,63.659929566682,5960,6531,2079119,0.314123434012195,91.2570816107794
"7055",2023-04-17,76.7259320326097,42616,43668,2079119,2.10031268051516,97.5909132545571
"7056",2023-04-18,62.0872416780101,7444,8081,2079119,0.388674241349341,92.1173122138349
"7057",2023-04-19,73.9460913726043,49315,49621,2079119,2.38663587798486,99.3833256081095
"7058",2023-04-20,76.7073235262991,132153,132286,2079119,6.36259877380756,99.899460260345
"7059",2023-04-21,76.36458620584,130466,130548,2079119,6.27900567499984,99.9371878542758
"7060",2023-04-22,72.4819864190804,95095,95428,2079119,4.58982867262528,99.6510458146456
"7061",2023-04-23,76.866334500404,73882,74260,2079119,3.57170513087514,99.4909776461083
"7062",2023-04-24,74.7221190065062,137038,137253,2079119,6.60149803835182,99.8433549722046
"7063",2023-04-25,77.6221816370579,210719,210805,2079119,10.1391502843272,99.9592040037001
"7064",2023-04-26,71.095769758827,38577,38603,2079119,1.85669988105539,99.9326477216797
"7065",2023-04-27,76.0530755094877,96822,96862,2079119,4.6588001937359,99.9587041357808
"7066",2023-04-28,66.3890481851878,13669,14299,2079119,0.687743222008937,95.5940974893349
"7067",2023-04-29,78.0371740100746,30900,31366,2079119,1.5086197567335,98.5143148632277
"7068",2023-04-30,73.1999849804746,53215,53264,2079119,2.56185432387468,99.9080054070291
"7069",2023-05-01,77.3468543006187,206035,206075,2079119,9.91165007871122,99.9805895911683
"7070",2023-05-02,77.7383621056212,176301,176385,2079119,8.48364138849195,99.9523769027979
"7071",2023-05-03,78.1831741088708,227039,227352,2079119,10.9350162256225,99.8623280199866
"7072",2023-05-04,75.2927407488147,36686,36698,2079119,1.76507453397328,99.9673006703363
"7073",2023-05-05,77.9076465764658,19502,19512,2079119,0.93847442113703,99.9487494874949
"7074",2023-05-06,68.7590793352988,29683,29848,2079119,1.43560806283815,99.4471991423211
"7075",2023-05-07,69.4669744724692,25888,26207,2079119,1.26048581153844,98.782767962758
"7076",2023-05-08,73.8752383131244,12985,13113,2079119,0.630699830072257,99.0238694425379
"7077",2023-05-09,75.0594594594595,369,370,2079119,0.0177959991708026,99.7297297297297
"7078",2023-05-10,71.2513353817065,21135,21155,2079119,1.0174982769144,99.9054597021981
"7079",2023-05-11,78.9990698539671,21385,21502,2079119,1.03418803829891,99.4558645707376
"7080",2023-05-12,78.9782352239439,150817,150886,2079119,7.25720846185331,99.9542701112098
"7081",2023-05-13,68.9628513641805,24045,24227,2079119,1.16525316732712,99.2487720312049
"7082",2023-05-14,74.3358460031515,23381,23481,2079119,1.12937258521518,99.5741237596354
"7083",2023-05-15,71.5503342041869,29461,29473,2079119,1.41757157719207,99.9592847691107
"7084",2023-05-16,71.1589704932156,45851,46430,2079119,2.23315740946045,98.7529614473401
"7085",2023-05-17,72.6738442608543,11276,11378,2079119,0.547251023149709,99.1035331341185
"7086",2023-05-18,75.2950472071803,214054,214586,2079119,10.3210061569347,99.7520807508412
"7087",2023-05-19,79.9100887382844,176235,176474,2079119,8.48792204775196,99.8645692849938
"7088",2023-05-20,80.1202103911195,32638,32701,2079119,1.57282964563356,99.8073453411211
"7089",2023-05-21,84.9405915349312,81677,82362,2079119,3.96138941542067,99.1683057720793
"7090",2023-05-22,85.0505924256742,95952,96299,2079119,4.63172141661925,99.639663963281
"7091",2023-05-23,72.9322488945041,5988,6332,2079119,0.304552072296006,94.5672773215414
"7092",2023-05-24,76.8492344952859,22860,23122,2079119,1.11210565629,98.8668800276793
"7093",2023-05-25,72.5255653054337,35158,35556,2079119,1.71014742301908,98.8806389920126
"7094",2023-05-26,74.3281702319636,26374,26599,2079119,1.27933995120048,99.154103537727
"7095",2023-05-27,76.9960798495588,137477,138260,2079119,6.64993201447344,99.4336756834949
"7096",2023-05-28,77.9454240062387,231907,233381,2079119,11.2249948175165,99.3684147381321
"7097",2023-05-29,77.9634315082032,50344,50590,2079119,2.43324215689434,99.5137378928642
"7098",2023-05-30,70.1482967994237,9627,9717,2079119,0.467361416061322,99.0737882062365
"7099",2023-05-31,65.0438260869565,5561,5750,2079119,0.276559446573284,96.7130434782609
"7100",2023-06-01,76.4702501435002,129099,132404,2079119,6.36827425462419,97.5038518473762
"7101",2023-06-02,78.8900631742967,115508,118086,2079119,5.67961718400919,97.8168453499991
"7102",2023-06-03,79.5086916537694,42558,44583,2079119,2.1443217054916,95.457909965682
"7103",2023-06-04,81.6583351328007,54333,55572,2079119,2.67286288086444,97.7704599438566
"7104",2023-06-05,78.3440128284845,58940,61114,2079119,2.93941809006603,96.4427136171745
"7105",2023-06-06,80.6795154253371,157614,161131,2079119,7.74996524970432,97.8173039328248
"7106",2023-06-07,80.8547806561882,146873,149195,2079119,7.17587593591324,98.4436475753209
"7107",2023-06-08,81.8385475229843,145759,151190,2079119,7.27183003955041,96.4078312057676
"7108",2023-06-09,78.5046317487304,43368,45879,2079119,2.20665579988447,94.5269077355653
"7109",2023-06-10,78.768590436863,30226,30513,2079119,1.46759276405054,99.0594172975453
"7110",2023-06-11,81.4607144363376,23578,23711,2079119,1.14043496307811,99.4390789085235
"7111",2023-06-12,75.8899211434204,39275,40580,2079119,1.95178823338154,96.7841301133563
"7112",2023-06-13,77.8493965211218,43856,45072,2079119,2.1678412827741,97.3020944266951
"7113",2023-06-14,79.9792947787835,39894,43419,2079119,2.08833645404616,91.8814343950805
"7114",2023-06-15,80.1524163568773,23043,24210,2079119,1.16443551331117,95.179677819083
"7115",2023-06-16,77.9303495640096,182807,194385,2079119,9.34939269950397,94.0437790981814
"7116",2023-06-17,78.2146098441694,50111,51787,2079119,2.49081461907664,96.7636665572441
"7117",2023-06-18,70.4049471374426,4601,5013,2079119,0.241111740116848,91.7813684420507
"7118",2023-06-19,82.4213861572042,78938,85214,2079119,4.09856290092101,92.6350130260286
"7119",2023-06-20,77.3293616196842,79431,92907,2079119,4.46857539178854,85.4951725919468
"7120",2023-06-21,72.3081434382528,81898,101284,2079119,4.87148643247452,80.8597606729592
"7121",2023-06-22,76.0329814725592,60834,68493,2079119,3.29432803028591,88.8178353992379
"7122",2023-06-23,76.5635359116022,82008,94301,2079119,4.53562302109692,86.9640830956193
"7123",2023-06-24,78.2556354648678,47305,53811,2079119,2.58816354427043,87.9095352251398
"7124",2023-06-25,83.507003985026,47106,49686,2079119,2.38976220216351,94.807390411786
"7125",2023-06-26,81.290354241412,109230,121245,2079119,5.8315565390918,90.090313002598
"7126",2023-06-27,79.6752760682642,81995,91644,2079119,4.40782850813253,89.4712147003623
"7127",2023-06-28,75.2728931734555,85297,100827,2079119,4.84950596863383,84.597379670128
"7128",2023-06-29,81.5651297299499,132634,147306,2079119,7.08502014555203,90.0397811358668
"7129",2023-06-30,73.1510693011295,148930,184326,2079119,8.86558200853342,80.7970660677278
"7130",2023-07-01,75.5257440424871,169164,202979,2079119,9.76274085321716,83.3406411500697
"7131",2023-07-02,69.3071124155677,114188,149232,2079119,7.17765553583032,76.5171008898896
"7132",2023-07-03,68.5866175371142,169638,224712,2079119,10.8080393666741,75.4912955249386
"7133",2023-07-04,68.6098270762948,142897,190026,2079119,9.13973659035389,75.1986570258807
"7134",2023-07-05,64.530271588679,162619,230827,2079119,11.1021543259429,70.4505972005008
"7135",2023-07-06,62.9861323763606,156700,227941,2079119,10.9633455324106,68.7458596742139
"7136",2023-07-07,62.3102072378596,153604,226310,2079119,10.8848988441739,67.8732711767045
"7137",2023-07-08,60.9475324960689,97061,145633,2079119,7.00455337092297,66.6476691409227
"7138",2023-07-09,64.490832887916,82645,117867,2079119,5.66908387639188,70.1171659582411
"7139",2023-07-10,66.2037191407502,68577,93570,2079119,4.50046389841082,73.2895158704713
"7140",2023-07-11,69.4693672773143,27629,34881,2079119,1.67768174885613,79.2093116596428
"7141",2023-07-12,45.4157036567991,2963,6317,2079119,0.303830612870163,46.905176507836
"7142",2023-07-13,57.7331664125312,72049,115424,2079119,5.55158218456952,62.42116024397
"7143",2023-07-14,59.1712315170641,125404,196465,2079119,9.44943507322092,63.8301987631385
"7144",2023-07-15,48.0637245215911,70502,131582,2079119,6.32873827808798,53.580276937575
"7145",2023-07-16,47.0999124166274,46444,89058,2079119,4.28344890311714,52.1502840845292
"7146",2023-07-17,57.9817927737003,109089,173173,2079119,8.32915287677136,62.9942312023237
"7147",2023-07-18,45.3011323816901,56509,108444,2079119,5.21586306507708,52.1089225775515
"7148",2023-07-19,52.3133530973998,112738,194292,2079119,9.34491965106374,58.0250344841784
"7149",2023-07-20,56.952065958545,137438,220866,2079119,10.6230571698878,62.2268705912182
"7150",2023-07-21,72.7045609000982,63293,79458,2079119,3.82171487057739,79.6559188502102
"7151",2023-07-22,64.5499307890053,64518,91026,2079119,4.37810437978779,70.878650056028
"7152",2023-07-23,45.5016859596065,60024,115068,2079119,5.53445954752951,52.1639378454479
"7153",2023-07-24,57.2178074383698,79549,126318,2079119,6.07555411691202,62.9751896008486
"7154",2023-07-25,57.9255421784977,93860,147184,2079119,7.07915227555518,63.7705185346233
"7155",2023-07-26,59.0194143379849,110751,173274,2079119,8.33401070357204,63.9166868658887
"7156",2023-07-27,45.1056817599973,29748,58591,2079119,2.81806861463918,50.7723029134167
"7157",2023-07-28,34.9037230786354,7106,17969,2079119,0.864260294865277,39.5458845789972
"7158",2023-07-29,46.3697064228024,26794,46802,2079119,2.25104960322136,57.2496901841802
"7159",2023-07-30,39.1560305579134,10422,25918,2079119,1.2465856932672,40.2114360675978
"7160",2023-07-31,52.325459832992,61904,106941,2079119,5.14357283060758,57.8861241245173
"7161",2023-08-01,50.6979649629362,40285,72038,2079119,3.46483294126022,55.9218745662012
"7162",2023-08-02,30.95254879891,11292,33761,2079119,1.62381277839316,33.4468765735612
"7163",2023-08-03,58.1314889980773,83767,131068,2079119,6.30401626842908,63.9110995818964
"7164",2023-08-04,52.5972716305256,19486,32327,2079119,1.55484125728253,60.2777863705262
"7165",2023-08-05,42.4506153071961,9927,21859,2079119,1.05135877263399,45.4137883709227
"7166",2023-08-06,53.4035770775033,28509,49314,2079119,2.3718700084026,57.8111692420002
"7167",2023-08-07,28.7525651144436,2070,12670,2079119,0.60939272836235,16.3378058405683
"7168",2023-08-08,44.2754742003382,80185,164382,2079119,7.9063295559321,48.7796717402149
"7169",2023-08-09,54.418501048218,77551,129744,2079119,6.24033544977464,59.7723208780367
"7170",2023-08-10,59.2957359009629,54151,84332,2079119,4.05614108668143,64.2116871412987
"7171",2023-08-11,29.4250308515014,2677,9724,2079119,0.467698097126716,27.5298231180584
"7172",2023-08-12,38.1062143310082,1012,3154,2079119,0.151698868607328,32.0862396956246
"7173",2023-08-13,47.6498693062519,13022,23337,2079119,1.12244657472708,55.7998028881176
"7174",2023-08-14,59.0643241184442,70210,112897,2079119,5.43004031996244,62.1894293028158
"7175",2023-08-15,59.9246921546486,26340,37194,2079119,1.78893079232117,70.8178738506211
"7176",2023-08-16,42.3319711351939,18445,38663,2079119,1.85958571875876,47.7071101569976
"7177",2023-08-17,54.2286975387147,62586,106936,2079119,5.1433323441323,58.5265953467495
"7178",2023-08-18,48.2611508471039,27376,52709,2079119,2.53516032511848,51.9379992031721
"7179",2023-08-19,52.3139409811533,37031,64149,2079119,3.08539338056167,57.7265428923288
"7180",2023-08-20,65.0464353152489,63245,86852,2079119,4.17734627022311,72.8192787730852
"7181",2023-08-21,60.1097152245345,62870,91300,2079119,4.39128303863319,68.8608981380066
"7182",2023-08-22,57.40390090797,29956,44605,2079119,2.14537984598284,67.1583903149871
"7183",2023-08-23,56.6261973879692,101323,160871,2079119,7.7374599529897,62.9840058183265
"7184",2023-08-24,58.8257913728711,79964,126647,2079119,6.09137812698552,63.1392768877273
"7185",2023-08-25,53.2150127551673,113572,195607,2079119,9.40816759406268,58.06131682404
"7186",2023-08-26,40.3675870114719,28079,61716,2079119,2.96837266168988,45.4971158208568
"7187",2023-08-27,47.9180184542544,38027,74346,2079119,3.57584149824998,51.1486831840314
"7188",2023-08-28,57.2428613386418,58305,91929,2079119,4.42153623722356,63.423946741507
"7189",2023-08-29,34.2188675605286,6860,20734,2079119,0.997249315695734,33.0857528696826
"7190",2023-08-30,51.8215102974828,2859,4370,2079119,0.210185179395696,65.4233409610984
"7191",2023-08-31,33.0721952207371,8862,29628,2079119,1.42502665792578,29.9108950992305
"7192",2023-09-01,51.2549668874172,113168,199622,2079119,9.60127823371341,56.6911462664436
"7193",2023-09-02,55.2044190199461,99066,165195,2079119,7.94543265681281,59.9691273948969
"7194",2023-09-03,41.8065747984245,40900,91653,2079119,4.40826138378804,44.6248349753963
"7195",2023-09-04,51.8061462737427,36321,63388,2079119,3.04879133902388,57.2994888622452
"7196",2023-09-05,41.7333653780128,20493,43689,2079119,2.10132272371134,46.9065439813225
"7197",2023-09-06,49.3915311445229,24974,48885,2079119,2.35123626882348,51.0872455763527
"7198",2023-09-07,48.7360368801769,81123,133405,2079119,6.41641964697547,60.8095648588883
"7199",2023-09-08,57.1559253124529,11628,13282,2079119,0.638828272936758,87.54705616624
"7200",2023-09-09,50.6598120423577,29862,52033,2079119,2.50264655366047,57.390502181308
"7201",2023-09-10,54.0834888865133,77258,121609,2079119,5.84906395449226,63.5298374297955
"7202",2023-09-11,39.0166110706605,26064,59057,2079119,2.84048195413538,44.133633608209
"7203",2023-09-12,48.1581183009131,29155,50380,2079119,2.42314172493253,57.870186581977
"7204",2023-09-13,38.4401395519647,2214,5446,2079119,0.261937868876192,40.6536907822255
"7205",2023-09-14,40.2080020612485,11974,27168,2079119,1.30670731208748,44.0739104829211
"7206",2023-09-15,50.2335976928623,18283,27740,2079119,1.33421896485964,65.9084354722423
"7207",2023-09-16,60.4556955462228,63945,77148,2079119,3.71061011899752,82.8861409239384
"7208",2023-09-17,58.7883148078372,37262,42464,2079119,2.04240353726747,87.7496232102487
"7209",2023-09-18,64.3660032673359,86884,97327,2079119,4.68116543593705,89.2701922385361
"7210",2023-09-19,68.5513556315723,143703,157860,2079119,7.59263899757542,91.0319270239453
"7211",2023-09-20,63.9085985788168,106706,118915,2079119,5.7194898416108,89.7330025648573
"7212",2023-09-21,63.5191017871455,62667,71119,2079119,3.42063152710355,88.1156934152617
"7213",2023-09-22,68.6880306481673,113489,125554,2079119,6.03880778348906,90.3905889099511
"7214",2023-09-23,67.7677260134767,151011,165322,2079119,7.95154101328495,91.3435598407955
"7215",2023-09-24,65.8005707570925,57660,65527,2079119,3.15167145314915,87.9942619073054
"7216",2023-09-25,68.1993201300621,91445,101490,2079119,4.88139447525611,90.102473150064
"7217",2023-09-26,72.2415216443029,141728,153597,2079119,7.38760022875073,92.2726355332461
"7218",2023-09-27,70.3439012912334,144814,155123,2079119,7.46099670100653,93.3543059378687
"7219",2023-09-28,58.614056153982,23569,28315,2079119,1.36187490951696,83.238566131026
"7220",2023-09-29,59.4225487780292,38760,44641,2079119,2.14711134860487,86.8260119620976
"7221",2023-09-30,63.6763505520505,89360,101440,2079119,4.87898961050329,88.0914826498423
"7222",2023-10-01,64.5458542947643,70772,80505,2079119,3.87207273850126,87.9100676976585
"7223",2023-10-02,64.4950742040506,40057,47302,2079119,2.27509825074948,84.6835228954378
"7224",2023-10-03,56.9510999709062,35370,44683,2079119,2.14913143499723,79.1576214667771
"7225",2023-10-04,58.6741196749569,16633,20305,2079119,0.976615576116615,81.9157842895839
"7226",2023-10-05,64.0646325121122,59855,67907,2079119,3.26614301538296,88.1426068004771
"7227",2023-10-06,57.7762482593992,20839,25135,2079119,1.20892551123817,82.9082952058882
"7228",2023-10-07,65.8636901241869,71188,81168,2079119,3.90396124512354,87.7045140942243
"7229",2023-10-08,64.4404032860344,21449,26780,2079119,1.28804556160566,80.093353248693
"7230",2023-10-09,57.4423166472643,12876,17180,2079119,0.826311529065917,74.9476135040745
"7231",2023-10-10,64.699678438452,30076,35452,2079119,1.70514530433323,84.8358343675956
"7232",2023-10-11,64.2357846355876,13195,15230,2079119,0.732521803706281,86.6382140512147
"7233",2023-10-12,46.3865740740741,186,432,2079119,0.0207780314642885,43.0555555555556
"7234",2023-10-13,53.3741007194245,103,139,2079119,0.00668552401281504,74.1007194244604
"7235",2023-10-14,41.1228070175439,1,57,2079119,0.00274154581820473,1.75438596491228
"7236",2023-10-15,NA,NA,0,2079119,0,NA
"7237",2023-10-16,NA,NA,0,2079119,0,NA
"7238",2023-10-17,NA,NA,0,2079119,0,NA
"7239",2023-10-18,10.3040293040293,1,273,2079119,0.013130561550349,0.366300366300366
"7240",2023-10-19,NA,NA,0,2079119,0,NA
"7241",2023-10-20,27.6428571428571,0,28,2079119,0.00134672426157425,0
"7242",2023-10-21,NA,NA,0,2079119,0,NA
"7243",2023-10-22,NA,NA,0,2079119,0,NA
"7244",2023-10-23,NA,NA,0,2079119,0,NA
"7245",2023-10-24,NA,NA,0,2079119,0,NA
"7246",2023-10-25,NA,NA,0,2079119,0,NA
"7247",2023-10-26,NA,NA,0,2079119,0,NA
"7248",2023-10-27,NA,NA,0,2079119,0,NA
"7249",2023-10-28,NA,NA,0,2079119,0,NA
"7250",2023-10-29,NA,NA,0,2079119,0,NA
"7251",2023-10-30,NA,NA,0,2079119,0,NA
"7252",2023-10-31,NA,NA,0,2079119,0,NA
"7253",2023-11-01,NA,NA,0,2079119,0,NA
"7254",2023-11-02,NA,NA,0,2079119,0,NA
"7255",2023-11-03,NA,NA,0,2079119,0,NA
"7256",2023-11-04,NA,NA,0,2079119,0,NA
"7257",2023-11-05,NA,NA,0,2079119,0,NA
"7258",2023-11-06,NA,NA,0,2079119,0,NA
"7259",2023-11-07,NA,NA,0,2079119,0,NA
"7260",2024-01-28,NA,NA,0,2079119,0,NA
"7261",2024-01-29,NA,NA,0,2079119,0,NA
"7262",2024-01-30,NA,NA,0,2079119,0,NA
"7263",2024-01-31,NA,NA,0,2079119,0,NA
"7264",2024-02-01,NA,NA,0,2079119,0,NA
"7265",2024-02-02,NA,NA,0,2079119,0,NA
"7266",2024-02-03,NA,NA,0,2079119,0,NA
"7267",2024-02-04,NA,NA,0,2079119,0,NA
"7268",2024-02-05,NA,NA,0,2079119,0,NA
"7269",2024-02-06,NA,NA,0,2079119,0,NA
"7270",2024-02-07,NA,NA,0,2079119,0,NA
"7271",2024-02-08,NA,NA,0,2079119,0,NA
"7272",2024-02-09,NA,NA,0,2079119,0,NA
"7273",2024-02-10,NA,NA,0,2079119,0,NA
"7274",2024-02-11,NA,NA,0,2079119,0,NA
"7275",2024-02-12,NA,NA,0,2079119,0,NA
"7276",2024-02-13,NA,NA,0,2079119,0,NA
"7277",2024-02-14,NA,NA,0,2079119,0,NA
"7278",2024-02-15,NA,NA,0,2079119,0,NA
"7279",2024-02-16,NA,NA,0,2079119,0,NA
"7280",2024-02-17,NA,NA,0,2079119,0,NA
"7281",2024-02-18,NA,NA,0,2079119,0,NA
"7282",2024-02-19,NA,NA,0,2079119,0,NA
"7283",2024-02-20,NA,NA,0,2079119,0,NA
"7284",2024-02-21,NA,NA,0,2079119,0,NA
"7285",2024-02-22,39.3809523809524,7,42,2079119,0.00202008639236138,16.6666666666667
"7286",2024-02-23,59.1054545454545,214,275,2079119,0.0132267561404614,77.8181818181818
"7287",2024-02-24,NA,NA,0,2079119,0,NA
"7288",2024-02-25,39.1655773420479,120,459,2079119,0.0220766584308065,26.1437908496732
"7289",2024-02-26,65.0691823899371,289,318,2079119,0.015294939827879,90.8805031446541
"7290",2024-02-27,55.6461538461538,378,455,2079119,0.0218842692505816,83.0769230769231
"7291",2024-02-28,51.9049504950495,301,505,2079119,0.0242891340033928,59.6039603960396
"7292",2024-02-29,51.819209039548,319,531,2079119,0.0255396636748546,60.075329566855
"7293",2024-03-01,71.9239728382328,22780,23268,2079119,1.1191278613682,97.9026989857315
"7294",2024-03-02,70.2285267071023,13726,15333,2079119,0.737475825097072,89.5193373768995
"7295",2024-03-03,58.7530235518778,1461,1571,2079119,0.0755608505333269,92.9980903882877
"7296",2024-03-04,69.0237166343066,52587,55109,2079119,2.65059383325341,95.4236150175108
"7297",2024-03-05,60.0622509960159,42098,46184,2079119,2.22132547487662,91.1527801836134
"7298",2024-03-06,71.5287340572512,80478,87579,2079119,4.21231300372898,91.8918918918919
"7299",2024-03-07,65.2009745450854,70205,78806,2079119,3.79035543420074,89.0858564068726
"7300",2024-03-08,71.3419380683975,136223,142286,2079119,6.84357172436979,95.7388639781848
"7301",2024-03-09,70.0596498212756,107315,115541,2079119,5.5572095680911,92.8804493642949
"7302",2024-03-10,70.6141202476345,127815,133907,2079119,6.4405644890937,95.4505739057704
"7303",2024-03-11,52.5284536497084,3118,4973,2079119,0.239187848314599,62.698572290368
"7304",2024-03-12,61.2146694276882,58528,66642,2079119,3.20529993713683,87.8244950631734
"7305",2024-03-13,57.9642174022881,44625,55418,2079119,2.66545589742578,80.5243783608214
"7306",2024-03-14,63.8924956187387,71981,76462,2079119,3.67761537458895,94.1395725981533
"7307",2024-03-15,62.6919530718993,60131,67678,2079119,3.25512873481508,88.8486657407134
"7308",2024-03-16,65.9745372905487,69669,73048,2079119,3.513411209267,95.3742744496769
"7309",2024-03-17,68.8247429254683,121796,125450,2079119,6.03380566480322,97.0872857712236
"7310",2024-03-18,70.2127500821311,178055,179591,2079119,8.6378413164422,99.1447232879153
"7311",2024-03-19,71.2266212282727,179864,181051,2079119,8.70806336722429,99.3443836267129
"7312",2024-03-20,71.4078149424878,195633,196393,2079119,9.44597206797687,99.6130208306813
"7313",2024-03-21,73.3128090369437,223825,223881,2079119,10.7680705144823,99.9749867116906
"7314",2024-03-22,68.6951856510909,119499,120037,2079119,5.77345500666388,99.5518048601681
"7315",2024-03-23,68.7683738587465,113489,116429,2079119,5.59991996610103,97.4748559207758
"7316",2024-03-24,68.8358537740525,89932,90791,2079119,4.36680151544957,99.0538709784009
"7317",2024-03-25,73.4222765138547,192445,192786,2079119,9.27248512470907,99.8231199360949
"7318",2024-03-26,71.9705466674204,159096,159201,2079119,7.65713747024581,99.9340456404168
"7319",2024-03-27,67.280230708035,24565,25140,2079119,1.20916599771345,97.7128082736675
"7320",2024-03-28,62.0159395704638,30937,31243,2079119,1.50270378944159,99.0205806100567
"7321",2024-03-29,68.518238911848,91608,92193,2079119,4.4342339231184,99.3654615860206
"7322",2024-03-30,69.8053297536481,80046,80454,2079119,3.86961977645339,99.4928779178164
"7323",2024-03-31,68.1445242711065,52408,52614,2079119,2.53059108208813,99.6084692287224
"7324",2024-04-01,70.3764324047317,70195,70249,2079119,3.37878688040463,99.9231305783712
"7325",2024-04-02,72.7446440770597,146325,146380,2079119,7.04048205032997,99.9624265610056
"7326",2024-04-03,68.981002985499,56221,56272,2079119,2.7065309874038,99.9093687802104
"7327",2024-04-04,62.7231709683679,41132,41224,2079119,1.98276289139775,99.7768290316321
"7328",2024-04-05,69.0465251695927,68565,68694,2079119,3.30399558659221,99.8122106734213
"7329",2024-04-06,71.1009849134849,111331,111888,2079119,5.38151014925072,99.5021807521807
"7330",2024-04-07,73.234036442544,156656,156685,2079119,7.53612467588435,99.9814915275872
"7331",2024-04-08,72.5190004790037,99724,100208,2079119,4.81973374299403,99.5170046303688
"7332",2024-04-09,65.6591482490665,19575,19818,2079119,0.953192193424234,98.7738419618529
"7333",2024-04-10,69.7011295256665,59390,59494,2079119,2.86150047207495,99.8251924563822
"7334",2024-04-11,71.7252931074219,134339,134507,2079119,6.46942286612743,99.875099437204
"7335",2024-04-12,73.9590372862084,211061,211070,2079119,10.1518960675171,99.9957360117497
"7336",2024-04-13,73.7992511222822,96528,96678,2079119,4.64995029144556,99.844845776702
"7337",2024-04-14,77.1990173557938,235056,235080,2079119,11.306712121817,99.9897907095457
"7338",2024-04-15,76.9549208216809,227752,227777,2079119,10.9554575760214,99.9890243527661
"7339",2024-04-16,76.0384992942571,172022,172159,2079119,8.28038221958435,99.920422400223
"7340",2024-04-17,76.8312313401602,214966,215034,2079119,10.3425537451199,99.9683770938549
"7341",2024-04-18,72.6106200368974,62201,62335,2079119,2.99814488732968,99.7850324857624
"7342",2024-04-19,71.7216510375475,26519,26553,2079119,1.2771274756279,99.871954204798
"7343",2024-04-20,70.3345406253773,8007,8283,2079119,0.398389894950698,96.6678739587106
"7344",2024-04-21,63.0516593101193,5720,6117,2079119,0.294211153858918,93.5098904691842
"7345",2024-04-22,72.4096240601504,31663,33250,2079119,1.59923506061943,95.2270676691729
"7346",2024-04-23,75.3862840065952,19155,19408,2079119,0.933472302451182,98.6964138499588
"7347",2024-04-24,78.8864618292636,103594,103692,2079119,4.98730471896991,99.9054893337962
"7348",2024-04-25,82.129039995203,133310,133416,2079119,6.41694871722109,99.9205492594591
"7349",2024-04-26,82.3021653002546,163674,163811,2079119,7.878866000455,99.9163670327389
"7350",2024-04-27,74.0704127644814,37399,37479,2079119,1.80263852141219,99.7865471330612
"7351",2024-04-28,78.51300354139,35348,36144,2079119,1.73842863251214,97.7976980965029
"7352",2024-04-29,82.5036091299373,116013,116233,2079119,5.59049289627001,99.8107250092487
"7353",2024-04-30,84.4990720363478,98344,98603,2079119,4.74253758442879,99.7373305071854
"7354",2024-05-01,88.0206326200017,35177,35187,2079119,1.69239952114333,99.9715804132208
"7355",2024-05-02,85.3335397796186,116007,116253,2079119,5.59145484217113,99.7883925576114
"7356",2024-05-03,84.277636964483,217747,218177,2079119,10.4937235434816,99.8029123143136
"7357",2024-05-04,82.2771338086398,127920,128198,2079119,6.16597703161772,99.7831479430256
"7358",2024-05-05,77.1361581217853,48103,48216,2079119,2.31905917843086,99.7656379625021
"7359",2024-05-06,74.4675252893941,95708,95890,2079119,4.61204962294126,99.8101991865679
"7360",2024-05-07,73.2536351881678,43936,44083,2079119,2.12027305796349,99.6665381212712
"7361",2024-05-08,79.949940818153,68602,69278,2079119,3.33208440690504,99.0242212535004
"7362",2024-05-09,79.9908099316432,87343,87921,2079119,4.22876227863821,99.342591644772
"7363",2024-05-10,79.0392528082797,38780,39615,2079119,1.90537434365229,97.8922125457529
"7364",2024-05-11,52.0555555555556,9,18,2079119,0.00086575131101202,50
"7365",2024-05-12,72.0653095954968,75421,76390,2079119,3.6741523693449,98.7315093598638
"7366",2024-05-13,76.1603016278328,125007,125320,2079119,6.02755301644591,99.7502393871688
"7367",2024-05-14,75.0879678484025,44203,44539,2079119,2.14220542450913,99.2456049754148
"7368",2024-05-15,79.175360570883,39535,39798,2079119,1.91417614864758,99.3391627719986
"7369",2024-05-16,72.7477431488447,36910,37220,2079119,1.79018132199263,99.1671144545943
"7370",2024-05-17,75.4947041272999,40144,40220,2079119,1.9344732071613,99.8110392839383
"7371",2024-05-18,72.5325961093099,17133,17272,2079119,0.830736480211089,99.1952292728115
"7372",2024-05-19,70.2728340347002,71193,71527,2079119,3.44025522348649,99.5330434661037
"7373",2024-05-20,72.7708912830558,25398,25525,2079119,1.2276834563101,99.5024485798237
"7374",2024-05-21,70.6063258404615,4830,5027,2079119,0.241785102247635,96.0811617266759
"7375",2024-05-22,76.556269404568,64652,65062,2079119,3.129306210948,99.3698318526944
"7376",2024-05-23,71.217189752326,60861,61048,2079119,2.93624366859232,99.6936836587603
"7377",2024-05-24,70.6572896943468,36863,36970,2079119,1.77815699822858,99.7105761428185
"7378",2024-05-25,74.0950119232967,50389,50741,2079119,2.44050484844783,99.3062809168128
"7379",2024-05-26,73.0577495232041,39083,39325,2079119,1.89142612808598,99.3846153846154
"7380",2024-05-27,76.53124166923,97231,97530,2079119,4.69092918683346,99.6934276632831
"7381",2024-05-28,62.3445595854922,330,386,2079119,0.0185655558917022,85.4922279792746
"7382",2024-05-29,85.1150545771712,76999,77963,2079119,3.74980941446834,98.7635160268332
"7383",2024-05-30,88.1159378870153,10406,10497,2079119,0.504877306205176,99.1330856435172
"7384",2024-05-31,70.7776810016331,8199,9185,2079119,0.441773655091411,89.2651061513337
"7385",2024-06-01,86.6164378053439,48714,49739,2079119,2.39231135880149,97.9392428476648
"7386",2024-06-02,80.5228571428571,1363,1400,2079119,0.0673362130787127,97.3571428571428
"7387",2024-06-03,82.0947298198799,8546,8994,2079119,0.432587071735673,95.0189014898821
"7388",2024-06-04,74.3683278223902,14437,16936,2079119,0.814575789072198,85.2444496929617
"7389",2024-06-05,80.5053375196232,24336,25480,2079119,1.22551907803257,95.5102040816327
"7390",2024-06-06,75.523755348531,125764,139758,2079119,6.72198176246766,89.9869774896607
"7391",2024-06-07,78.0225041650647,143023,156060,2079119,7.50606386647421,91.6461617326669
"7392",2024-06-08,73.2566427832334,89393,102442,2079119,4.92718310014963,87.262060483005
"7393",2024-06-09,65.2688121513461,53697,65968,2079119,3.17288236026894,81.3985568760611
"7394",2024-06-10,72.8145370583586,140424,160679,2079119,7.72822527233891,87.3941211981653
"7395",2024-06-11,67.7519268590868,14592,18813,2079119,0.90485441189273,77.5633870196141
"7396",2024-06-12,79.4646944504427,4370,4631,2079119,0.22273857340537,94.3640682358022
"7397",2024-06-13,69.4144893921823,23237,29318,2079119,1.41011649645836,79.2584760215567
"7398",2024-06-14,67.1766818024777,63648,81044,2079119,3.89799718053656,78.5351167267164
"7399",2024-06-15,75.6434085273178,44341,50004,2079119,2.40505714199139,88.6749060075194
"7400",2024-06-16,71.2380756834783,68364,80361,2079119,3.86514672801316,85.0711165864038
"7401",2024-06-17,72.327221220359,125971,148612,2079119,7.14783521289546,84.7650257045191
"7402",2024-06-18,73.4107202380064,168013,201003,2079119,9.66770059818606,83.5873096421446
"7403",2024-06-19,76.7808755262874,65430,74104,2079119,3.56420195284637,88.2948288891288
"7404",2024-06-20,68.6398495328237,22695,24723,2079119,1.18910942567501,91.7971120009708
"7405",2024-06-21,75.7477802210037,120367,143708,2079119,6.91196607793974,83.7580371308487
"7406",2024-06-22,70.223609714307,166127,214776,2079119,10.3301446429954,77.348958915335
"7407",2024-06-23,79.0768426511426,102444,119556,2079119,5.75032020774184,85.6870420556057
"7408",2024-06-24,62.0698494208167,81340,118011,2079119,5.67600988687997,68.9257781054309
"7409",2024-06-25,62.1551675584342,14788,21306,2079119,1.02476096846789,69.4076785881911
"7410",2024-06-26,69.4837806685328,5662,6073,2079119,0.292094872876444,93.2323398649761
"7411",2024-06-27,84.1476976542137,7589,8057,2079119,0.387519906267991,94.1913863720988
"7412",2024-06-28,48.395008605852,36787,65072,2079119,3.12978718389857,56.5327637078928
"7413",2024-06-29,61.0323933154282,141336,201060,2079119,9.67044214400426,70.2954341987466
"7414",2024-06-30,62.7140717700593,156099,225693,2079119,10.8552228131242,69.1643072669511
"7415",2024-07-01,74.7477520181562,57878,69618,2079119,3.34843748722416,83.1365451463702
"7416",2024-07-02,56.7814667870379,106245,168368,2079119,8.09804537402621,63.1028461465362
"7417",2024-07-03,61.4464029350774,17963,25076,2079119,1.20608777082986,71.6342319349178
"7418",2024-07-04,59.7420318245315,40991,62279,2079119,2.99545143880653,65.8183336277076
"7419",2024-07-05,58.5727971845673,11773,15344,2079119,0.738004895342691,76.7270594369134
"7420",2024-07-06,40.741306456082,27267,57744,2079119,2.77733020572656,47.2204904405653
"7421",2024-07-07,62.235183639399,4292,4792,2079119,0.230482237909422,89.5659432387312
"7422",2024-07-08,43.4294670846395,12392,24563,2079119,1.18141385846601,50.4498636160078
"7423",2024-07-09,42.7827740796087,10330,22083,2079119,1.06213256672658,46.7780645745596
"7424",2024-07-10,47.2026328620185,48364,92295,2079119,4.43913984721413,52.4015385448833
"7425",2024-07-11,57.0885145774681,12921,20957,2079119,1.00797501249327,61.6548170062509
"7426",2024-07-12,57.8021112600536,4373,5968,2079119,0.287044656895541,73.2741286863271
"7427",2024-07-13,41.4037354304171,3037,7121,2079119,0.342500838095366,42.648504423536
"7428",2024-07-14,72.7768096514745,3659,4476,2079119,0.215283492671656,81.7470956210903
"7429",2024-07-15,58.286647072712,76905,122827,2079119,5.90764645987074,62.6124549162643
"7430",2024-07-16,50.6313809980448,89313,160594,2079119,7.72413700225913,55.6141574405021
"7431",2024-07-17,56.0300890323419,140278,230815,2079119,11.1015771584022,60.7750796092108
"7432",2024-07-18,54.6470912259932,144084,243264,2079119,11.7003403845571,59.2294790844515
"7433",2024-07-19,50.8585661107655,56885,101277,2079119,4.87114975140913,56.1677379859198
"7434",2024-07-20,49.8994461036346,104673,191191,2079119,9.1957699390944,54.747869931116
"7435",2024-07-21,54.0164773411472,58291,99652,2079119,4.79299164694277,58.4945610725324
"7436",2024-07-22,65.806089150257,81497,116141,2079119,5.58606794512483,70.1707407375518
"7437",2024-07-23,38.8130049734687,22841,54087,2079119,2.60143839770595,42.2301107474994
"7438",2024-07-24,58.5279734656396,24477,36481,2079119,1.75463742094608,67.0952002412214
"7439",2024-07-25,58.2694351682287,34658,55698,2079119,2.67892314004153,62.2248554705734
"7440",2024-07-26,60.0716793343748,75397,113938,2079119,5.48010960411597,66.173708508136
"7441",2024-07-27,34.1724379686643,11957,32806,2079119,1.57787986161446,36.4476010485887
"7442",2024-07-28,43.389220895946,61327,126838,2079119,6.10056471034126,48.3506520128037
"7443",2024-07-29,49.5140683810176,20740,37993,2079119,1.82736053107109,54.5890032374385
"7444",2024-07-30,57.1231588599075,97249,153777,2079119,7.39625774186085,63.2402765042887
"7445",2024-07-31,48.9570113368333,135116,249717,2079119,12.0107122295549,54.1076498596411
"7446",2024-08-01,49.5458995575946,132309,244120,2079119,11.7415116691252,54.198345076192
"7447",2024-08-02,47.7485052525105,122428,233317,2079119,11.2219165906329,52.4728159542597
"7448",2024-08-03,53.1964807242991,56113,95872,2079119,4.61118387163024,58.5290804405875
"7449",2024-08-04,42.1537120509081,70611,150860,2079119,7.25595793218185,46.8056476203102
"7450",2024-08-05,49.1165942875076,118053,216683,2079119,10.4218661846676,54.4818929034581
"7451",2024-08-06,40.0945557514559,41743,93585,2079119,4.50118535783666,44.6043703584976
"7452",2024-08-07,25.6057397959184,1745,7840,2079119,0.377082793240791,22.2576530612245
"7453",2024-08-08,31.3822668378231,38267,108283,2079119,5.20811940057303,35.3398040320272
"7454",2024-08-09,47.3553858461765,112481,217496,2079119,10.4609692855483,51.7163534042005
"7455",2024-08-10,42.4272359701771,78991,166449,2079119,8.00574666481332,47.4565782912484
"7456",2024-08-11,41.9418509418509,98558,211233,2079119,10.1597359266112,46.6584293173889
"7457",2024-08-12,40.6439232529564,79563,177414,2079119,8.53313350510481,44.8459535324157
"7458",2024-08-13,49.3995794891106,33918,63732,2079119,3.06533680852323,53.2197326303898
"7459",2024-08-14,50.3219951993443,11452,17081,2079119,0.821549896855351,67.0452549616533
"7460",2024-08-15,34.1974471874536,6107,20213,2079119,0.972190624971442,30.2132291099787
"7461",2024-08-16,32.8820649251408,10706,35333,2079119,1.69942172622154,30.3002858517533
"7462",2024-08-17,40.8634741225461,3157,6724,2079119,0.323406211958046,46.9512195121951
"7463",2024-08-18,49.870252411788,60364,113505,2079119,5.45928347535663,53.1817981586714
"7464",2024-08-19,58.8641623207301,25657,36816,2079119,1.77075001478992,69.6898087787918
"7465",2024-08-20,52.8448367455355,15868,24471,2079119,1.17698890732084,64.8441011809897
"7466",2024-08-21,51.3958095493922,10650,14891,2079119,0.716216820682222,71.519709891881
"7467",2024-08-22,33.9134617812681,11832,39601,2079119,1.9047009815215,29.8780333829954
"7468",2024-08-23,45.5737375765485,58258,119532,2079119,5.74916587266049,48.7384131445973
"7469",2024-08-24,35.2354570132449,42414,109778,2079119,5.28002485668208,38.6361566069704
"7470",2024-08-25,31.8076552256074,5575,20744,2079119,0.997730288646297,26.8752410335519
"7471",2024-08-26,38.3049699567879,39153,87707,2079119,4.21846945749618,44.640678623143
"7472",2024-08-27,49.8491530596673,8860,13106,2079119,0.630363149006863,67.602624752022
"7473",2024-08-28,44.5580025551543,93068,180811,2079119,8.6965200164108,51.472532091521
"7474",2024-08-29,50.6633180161623,17210,31555,2079119,1.51771014549913,54.5396926002218
"7475",2024-08-30,45.5848841774637,22687,50940,2079119,2.45007621016402,44.5367098547311
"7476",2024-08-31,55.74926348391,30584,52952,2079119,2.54684796781714,57.7579694817948
"7477",2024-09-01,47.1678433502293,30979,66288,2079119,3.18827349468693,46.7339488293507
"7478",2024-09-02,52.9325879731565,43544,75847,2079119,3.64803553812937,57.4103128666922
"7479",2024-09-03,49.0808693975519,80398,150403,2079119,7.23397746834116,53.4550507636151
"7480",2024-09-04,47.5698755186722,6640,12050,2079119,0.579572405427491,55.103734439834
"7481",2024-09-05,48.4376060289704,26845,61304,2079119,2.94855657612672,43.7899647657575
"7482",2024-09-06,46.8378479803493,32730,58624,2079119,2.81965582537604,55.8303766375546
"7483",2024-09-07,45.6370700174796,80880,151605,2079119,7.29179041699874,53.3491639457802
"7484",2024-09-08,44.6506427789934,38659,73120,2079119,3.51687421451105,52.8706236323851
"7485",2024-09-09,54.7337695884278,31594,46456,2079119,2.23440793913191,68.008438091958
"7486",2024-09-10,45.2443269230769,48249,83200,2079119,4.00169494867778,57.9915865384615
"7487",2024-09-11,59.835840820478,36876,47192,2079119,2.26980754829329,78.1403627733514
"7488",2024-09-12,54.1440650187845,81074,118981,2079119,5.72266426308451,68.1402913070154
"7489",2024-09-13,48.4326190653252,50522,94129,2079119,4.52735028634725,53.6731506761997
"7490",2024-09-14,47.4391226919111,14500,32007,2079119,1.53945012286454,45.3025900584247
"7491",2024-09-15,53.5923176476679,53688,96585,2079119,4.64547724300533,55.586271160118
"7492",2024-09-16,40.0326992611225,10915,31805,2079119,1.52973446926318,34.3185033799717
"7493",2024-09-17,47.2595520072146,36296,75403,2079119,3.62668033912441,48.1360158083896
"7494",2024-09-18,38.8812745525971,19579,59566,2079119,2.864963477319,32.8694221535775
"7495",2024-09-19,50.6417807510604,15969,28999,2079119,1.39477345933542,55.0674161177972
"7496",2024-09-20,42.2373911969875,29081,64796,2079119,3.11651233046305,44.880856843015
"7497",2024-09-21,51.6657025155579,35880,57045,2079119,2.74371019648226,62.8977123323692
"7498",2024-09-22,41.0490005266412,22250,43673,2079119,2.10055316699044,50.9468092414077
"7499",2024-09-23,56.8218098980976,122792,172518,2079119,8.29764914850954,71.1763410194878
"7500",2024-09-24,51.7944306930693,70388,113120,2079119,5.44076601675998,62.2241867043847
"7501",2024-09-25,49.1310782241015,51075,87032,2079119,4.18600378333323,58.6853111499219
"7502",2024-09-26,51.7741613845168,17555,28082,2079119,1.35066823976886,62.5133537497329
"7503",2024-09-27,54.7496069965681,30478,45165,2079119,2.17231433121433,67.4814568803277
"7504",2024-09-28,52.0042239853873,10361,17519,2079119,0.842616512089977,59.1415035104743
"7505",2024-09-29,62.3451264111942,82768,100624,2079119,4.83974221773742,82.2547304817936
"7506",2024-09-30,53.6923681189196,12259,16549,2079119,0.79596213588544,74.076983503535
"7507",2024-10-01,68.2711700804921,111645,122248,2079119,5.87979812603319,91.3266474707153
"7508",2024-10-02,67.4216717813824,111598,123174,2079119,5.92433622125525,90.6019127413253
"7509",2024-10-03,68.7655904580741,73046,77804,2079119,3.7421619445544,93.8846331808133
"7510",2024-10-04,66.4198464888166,80528,90938,2079119,4.37387181782284,88.5526402603972
"7511",2024-10-05,68.1032314707298,95792,105927,2079119,5.09480217342057,90.432090024262
"7512",2024-10-06,62.6354511693265,34354,39852,2079119,1.91677340258061,86.2039546321389
"7513",2024-10-07,70.0550569876438,69417,75104,2079119,3.6122992479026,92.427833404346
"7514",2024-10-08,73.9767562795535,79244,82689,2079119,3.97711723090405,95.8337868398457
"7515",2024-10-09,61.3013387876534,21206,26890,2079119,1.29333626406185,78.8620304946077
"7516",2024-10-10,55.9548872180451,3421,3857,2079119,0.185511267031853,88.6958776250972
"7517",2024-10-11,55.1552795031056,230,322,2079119,0.0154873290081039,71.4285714285714
"7518",2024-10-12,56.5874466788544,3355,4923,2079119,0.236782983561787,68.149502335974
"7519",2024-10-13,47.8618127786033,328,673,2079119,0.0323694795728383,48.7369985141159
"7520",2024-10-14,28.7644341801386,64,433,2079119,0.0208261287593447,14.7806004618938
"7521",2024-10-15,55.9104046242775,235,346,2079119,0.0166416640894533,67.9190751445087
"7522",2024-10-16,37.5900826446281,236,605,2079119,0.0290988635090151,39.0082644628099
"7523",2024-10-17,70.875,228,232,2079119,0.0111585724530438,98.2758620689655
"7524",2024-10-18,NA,NA,0,2079119,0,NA
"7525",2024-10-19,14.2,0,5,2079119,0.000240486475281117,0
"7526",2024-10-20,NA,NA,0,2079119,0,NA
"7527",2024-10-21,NA,NA,0,2079119,0,NA
"7528",2024-10-22,NA,NA,0,2079119,0,NA
"7529",2024-10-23,NA,NA,0,2079119,0,NA
"7530",2024-10-24,NA,NA,0,2079119,0,NA
"7531",2024-10-25,NA,NA,0,2079119,0,NA
"7532",2024-10-26,NA,NA,0,2079119,0,NA
"7533",2024-10-27,NA,NA,0,2079119,0,NA
"7534",2024-10-28,NA,NA,0,2079119,0,NA
"7535",2024-10-29,NA,NA,0,2079119,0,NA
"7536",2024-10-30,NA,NA,0,2079119,0,NA
"7537",2024-10-31,NA,NA,0,2079119,0,NA
"7538",2024-11-01,NA,NA,0,2079119,0,NA
"7539",2024-11-02,NA,NA,0,2079119,0,NA
"7540",2024-11-03,NA,NA,0,2079119,0,NA
"7541",2024-11-04,NA,NA,0,2079119,0,NA
"7542",2024-11-05,NA,NA,0,2079119,0,NA
"7543",2024-11-06,NA,NA,0,2079119,0,NA
"7544",2024-11-07,NA,NA,0,2079119,0,NA
"7545",2024-11-08,NA,NA,0,2079119,0,NA
"7546",2024-11-09,NA,NA,0,2079119,0,NA
"7547",2024-11-10,NA,NA,0,2079119,0,NA
"7548",2024-11-11,NA,NA,0,2079119,0,NA
"7549",2024-11-12,NA,NA,0,2079119,0,NA
"7550",2024-11-13,NA,NA,0,2079119,0,NA
"7551",2024-11-14,NA,NA,0,2079119,0,NA
"7552",2024-11-15,NA,NA,0,2079119,0,NA
"7553",2024-11-16,NA,NA,0,2079119,0,NA
"7554",2024-11-17,NA,NA,0,2079119,0,NA
"7555",2024-11-18,NA,NA,0,2079119,0,NA
"7556",2024-11-19,NA,NA,0,2079119,0,NA
"7557",2024-11-20,NA,NA,0,2079119,0,NA
"7558",2024-11-21,NA,NA,0,2079119,0,NA
"7559",2024-11-22,NA,NA,0,2079119,0,NA
"7560",2024-11-23,NA,NA,0,2079119,0,NA
"7561",2025-01-20,NA,NA,0,2079119,0,NA
"7562",2025-01-21,NA,NA,0,2079119,0,NA
"7563",2025-01-23,NA,NA,0,2079119,0,NA
"7564",2025-01-24,NA,NA,0,2079119,0,NA
"7565",2025-01-25,NA,NA,0,2079119,0,NA
"7566",2025-01-26,NA,NA,0,2079119,0,NA
"7567",2025-01-27,NA,NA,0,2079119,0,NA
"7568",2025-01-28,NA,NA,0,2079119,0,NA
"7569",2025-01-29,NA,NA,0,2079119,0,NA
"7570",2025-01-30,NA,NA,0,2079119,0,NA
"7571",2025-01-31,NA,NA,0,2079119,0,NA
"7572",2025-02-01,NA,NA,0,2079119,0,NA
"7573",2025-02-02,NA,NA,0,2079119,0,NA
"7574",2025-02-03,NA,NA,0,2079119,0,NA
"7575",2025-02-04,NA,NA,0,2079119,0,NA
"7576",2025-02-05,NA,NA,0,2079119,0,NA
"7577",2025-02-06,NA,NA,0,2079119,0,NA
"7578",2025-02-07,NA,NA,0,2079119,0,NA
"7579",2025-02-08,NA,NA,0,2079119,0,NA
"7580",2025-02-09,NA,NA,0,2079119,0,NA
"7581",2025-02-10,NA,NA,0,2079119,0,NA
"7582",2025-02-11,NA,NA,0,2079119,0,NA
"7583",2025-02-12,NA,NA,0,2079119,0,NA
"7584",2025-02-13,NA,NA,0,2079119,0,NA
"7585",2025-02-14,NA,NA,0,2079119,0,NA
"7586",2025-02-15,NA,NA,0,2079119,0,NA
"7587",2025-02-16,NA,NA,0,2079119,0,NA
"7588",2025-02-17,NA,NA,0,2079119,0,NA
"7589",2025-02-18,NA,NA,0,2079119,0,NA
"7590",2025-02-19,NA,NA,0,2079119,0,NA
"7591",2025-02-20,NA,NA,0,2079119,0,NA
"7592",2025-02-21,60.294289897511,568,683,2079119,0.0328504525234005,83.1625183016105
"7593",2025-02-22,NA,NA,0,2079119,0,NA
"7594",2025-02-23,53,8,11,2079119,0.000529070245618457,72.7272727272727
"7595",2025-02-24,NA,NA,0,2079119,0,NA
"7596",2025-02-25,NA,NA,0,2079119,0,NA
"7597",2025-02-26,NA,NA,0,2079119,0,NA
"7598",2025-02-27,36.2777777777778,1,18,2079119,0.00086575131101202,5.55555555555556
"7599",2025-02-28,39.3106060606061,131,396,2079119,0.0190465288422644,33.0808080808081
"7600",2025-03-01,62.7383566830746,4538,5282,2079119,0.254049912486972,85.9144263536539
"7601",2025-03-02,61.6168574401665,16504,19220,2079119,0.924430010980613,85.8688865764828
"7602",2025-03-03,55.7540281040096,19144,24267,2079119,1.16717705912937,78.8890262496394
"7603",2025-03-04,69.6883873732324,32664,35005,2079119,1.6836458134431,93.3123839451507
"7604",2025-03-05,68.3565602335876,49984,53085,2079119,2.55324490805962,94.1584251671847
"7605",2025-03-06,70.0916512707844,37900,40054,2079119,1.92648905618197,94.6222599490687
"7606",2025-03-07,67.1327670081816,50320,54268,2079119,2.61014400811113,92.7249944718803
"7607",2025-03-08,70.1068193298535,56883,59390,2079119,2.8564983533891,95.7787506314194
"7608",2025-03-09,59.8479310183233,36050,42678,2079119,2.0526963584095,84.4697502225971
"7609",2025-03-10,71.6847849709029,121495,124239,2079119,5.97555984049013,97.7913537617012
"7610",2025-03-11,71.2147754116122,108520,112606,2079119,5.41604400710108,96.3714189297196
"7611",2025-03-12,70.8767438799684,42844,45588,2079119,2.19265948702311,93.9808721593402
"7612",2025-03-13,65.4922474245301,65178,66881,2079119,3.21679519065527,97.4536863982297
"7613",2025-03-14,70.3064653339005,106620,108146,2079119,5.20153007115033,98.5889445749265
"7614",2025-03-15,65.6998076375036,81163,84216,2079119,4.0505618004549,96.374798138121
"7615",2025-03-16,66.5777765206692,69159,70709,2079119,3.4009116361305,97.8079169554088
"7616",2025-03-17,70.5938380205399,160268,161539,2079119,7.76958894608726,99.2131930988802
"7617",2025-03-18,68.1275213644875,111559,112687,2079119,5.41993988800064,98.9989972223948
"7618",2025-03-19,69.7200404302088,100003,101904,2079119,4.90130675540938,98.1345187627571
"7619",2025-03-20,61.7461043008519,27948,28878,2079119,1.38895368663362,96.7795553708706
"7620",2025-03-21,70.58900042661,113448,114859,2079119,5.52440721286276,98.7715372761386
"7621",2025-03-22,68.560839324789,101724,102368,2079119,4.92362390031547,99.370897155361
"7622",2025-03-23,64.092901257534,24749,26878,2079119,1.29275909652117,92.0790237368852
"7623",2025-03-24,70.1573128211402,63528,65392,2079119,3.14517831831656,97.1494984095914
"7624",2025-03-25,68.3802029480366,82732,83174,2079119,4.00044441900632,99.4685839324789
"7625",2025-03-26,63.0155477379517,38519,40649,2079119,1.95510694674042,94.7600186966469
"7626",2025-03-27,60.8817156527683,26722,29260,2079119,1.40732685334509,91.326042378674
"7627",2025-03-28,68.3944043918248,58228,60476,2079119,2.90873201582016,96.282822938025
"7628",2025-03-29,67.091460634951,173581,177683,2079119,8.54607167747493,97.691394224546
"7629",2025-03-30,73.8857969889183,175005,175153,2079119,8.42438552098269,99.9155024464325
"7630",2025-03-31,66.2962638991846,67123,67450,2079119,3.24416255154226,99.5151964418088
"7631",2025-04-01,66.492127222155,40849,41345,2079119,1.98858266409955,98.8003386141009
"7632",2025-04-02,70.5032709597252,54414,54724,2079119,2.63207637465677,99.4335209414516
"7633",2025-04-03,71.0064951604687,140920,141336,2079119,6.79787929406638,99.7056659308315
"7634",2025-04-04,72.434491766042,175783,176100,2079119,8.46993365940093,99.8199886428166
"7635",2025-04-05,69.826952036521,83968,84335,2079119,4.05628537856659,99.5648307345705
"7636",2025-04-06,68.4278184076169,35246,36235,2079119,1.74280548636225,97.2705947288533
"7637",2025-04-07,64.3890801213823,43996,44158,2079119,2.12388035509271,99.6331355586757
"7638",2025-04-08,64.3757063434196,43195,43888,2079119,2.11089408542753,98.4209806780897
"7639",2025-04-09,72.6402363544931,103005,103404,2079119,4.97345269799372,99.6141348497157
"7640",2025-04-10,70.4286685359844,93969,94152,2079119,4.52845652413354,99.805633443793
"7641",2025-04-11,70.265468495584,80081,81068,2079119,3.89915151561791,98.7825035772438
"7642",2025-04-12,65.5354669337985,57628,57899,2079119,2.78478528646027,99.5319435568835
"7643",2025-04-13,69.4256678030467,68935,69519,2079119,3.34367585501359,99.1599418863908
"7644",2025-04-14,70.9542476012169,76392,76914,2079119,3.69935535195436,99.3213199157501
"7645",2025-04-15,73.0192706427613,163884,163980,2079119,7.8869944433195,99.9414562751555
"7646",2025-04-16,76.2637621115937,224358,224475,2079119,10.7966403077457,99.9478783828934
"7647",2025-04-17,77.1037965532997,146575,146633,2079119,7.0526506659792,99.960445465891
"7648",2025-04-18,75.5514297026976,57837,58089,2079119,2.79392377252096,99.5661829261995
"7649",2025-04-19,69.5817863397548,22818,22840,2079119,1.09854221908414,99.9036777583187
"7650",2025-04-20,69.1736605332055,54212,54238,2079119,2.60870108925944,99.9520631291714
"7651",2025-04-21,72.0489493094535,92316,92463,2079119,4.44722019278358,99.8410174880763
"7652",2025-04-22,71.8917821283527,93219,93321,2079119,4.48848767194182,99.8906998424792
"7653",2025-04-23,72.9968701710275,76267,76362,2079119,3.67280564508333,99.8755925722218
"7654",2025-04-24,71.5256163879462,48889,48914,2079119,2.35263109038011,99.9488898883755
"7655",2025-04-25,66.9444024123992,46157,46261,2079119,2.22502896659595,99.7751886037915
"7656",2025-04-26,70.8896362139458,143229,143326,2079119,6.89359291122827,99.9323221188061
"7657",2025-04-27,74.3582770624084,200487,200518,2079119,9.64437341008379,99.984540041293
"7658",2025-04-28,74.9166262954414,105226,105273,2079119,5.0633465424538,99.9553541743847
"7659",2025-04-29,76.301884205746,116658,116707,2079119,5.61329101412666,99.958014514982
"7660",2025-04-30,74.1421819401032,92332,92459,2079119,4.44702780360335,99.8626418196174
"7661",2025-05-01,69.4195610483699,46633,46930,2079119,2.25720605698856,99.3671425527381
"7662",2025-05-02,70.2581766105764,47393,47483,2079119,2.28380386115465,99.810458479877
"7663",2025-05-03,74.8315776614639,106232,106417,2079119,5.11836984799812,99.8261555954406
"7664",2025-05-04,77.4400440378118,131641,131705,2079119,6.33465424537989,99.9514065525227
"7665",2025-05-05,78.7904447836041,146690,146768,2079119,7.05914380081179,99.9468549002507
"7666",2025-05-06,79.1078518400968,201543,201647,2079119,9.69867525620227,99.9484247224109
"7667",2025-05-07,81.8587971375935,159505,159586,2079119,7.67565492884246,99.9492436679909
"7668",2025-05-08,79.8790478415051,94081,94186,2079119,4.53009183216545,99.8885184634659
"7669",2025-05-09,79.9350126564478,56674,56888,2079119,2.73615892115843,99.6238222472226
"7670",2025-05-10,82.9127034904386,41866,42201,2079119,2.02975394866768,99.2061799483425
"7671",2025-05-11,77.6862846270438,30367,31009,2079119,1.49144902239843,97.9296333322584
"7672",2025-05-12,79.1575278958979,30831,31277,2079119,1.5043390974735,98.5740320363206
"7673",2025-05-13,78.9552516817034,112603,113278,2079119,5.44836538937887,99.4041208354667
"7674",2025-05-14,78.1770811992078,29091,29286,2079119,1.40857738301656,99.3341528375333
"7675",2025-05-15,75.7493335568782,59245,59645,2079119,2.86876316362844,99.3293654120211
"7676",2025-05-16,75.863737366497,69328,69755,2079119,3.35502681664686,99.3878575012544
"7677",2025-05-17,74.2512835268497,176194,177246,2079119,8.52505315953536,99.4064746171987
"7678",2025-05-18,76.9873088187439,30701,30730,2079119,1.47802987707774,99.9056296778392
"7679",2025-05-19,78.2338922928088,61341,62020,2079119,2.98299423938697,98.9051918735892
"7680",2025-05-20,77.9035765802419,26746,27037,2079119,1.30040656643511,98.9236971557495
"7681",2025-05-21,74.2487901330162,72023,72322,2079119,3.47849257305618,99.5865711678327
"7682",2025-05-22,67.9360789086018,15562,15613,2079119,0.750943067712815,99.6733491321335
"7683",2025-05-23,74.8189122139808,78557,79409,2079119,3.81935810311964,98.9270737573827
"7684",2025-05-24,77.5986756542427,125185,126100,2079119,6.06506890658976,99.274385408406
"7685",2025-05-25,77.5912658682543,128890,130843,2079119,6.29319437704143,98.5073714298816
"7686",2025-05-26,69.5267500665424,3348,3757,2079119,0.180701537526231,89.1136545115784
"7687",2025-05-27,74.6726456653645,59577,60155,2079119,2.89329278410711,99.039148865431
"7688",2025-05-28,74.418956449802,16464,16923,2079119,0.813950524236468,97.2877149441588
"7689",2025-05-29,78.530814628483,81958,82688,2079119,3.977069133609,99.1171633126935
"7690",2025-05-30,76.0233143078263,40673,41348,2079119,1.98872695598472,98.3675147528296
"7691",2025-05-31,71.7607945394585,12349,13039,2079119,0.627140630238096,94.7081831428791
"7692",2025-06-01,75.4445449883872,65015,66306,2079119,3.18913924599794,98.0529665490302
"7693",2025-06-02,79.7373608479112,104082,105011,2079119,5.05074505114907,99.1153307748712
"7694",2025-06-03,78.6709996122267,173079,177939,2079119,8.55838458500932,97.2687269232715
"7695",2025-06-04,79.7707961007311,23869,24620,2079119,1.18415540428422,96.9496344435418
"7696",2025-06-05,71.002966520695,6421,7079,2079119,0.340480751703005,90.7049018222913
"7697",2025-06-06,67.7007906783188,2265,2403,2079119,0.115577800020105,94.2571785268414
"7698",2025-06-07,68.6195577055978,8514,8682,2079119,0.417580715678131,98.0649619903248
"7699",2025-06-08,78.5736414678163,39690,39896,2079119,1.91888968356309,99.4836575095248
"7700",2025-06-09,66.5556487109621,4731,4771,2079119,0.229472194713242,99.1616013414379
"7701",2025-06-10,75.0438034188034,14828,14976,2079119,0.720305090762001,99.0117521367521
"7702",2025-06-11,72.9867312097506,22527,23137,2079119,1.11282711571584,97.363530276181
"7703",2025-06-12,71.2973402366311,51354,53501,2079119,2.573253382803,95.9869908973664
"7704",2025-06-13,75.5341047212755,77901,83918,2079119,4.03622880652815,92.8299053838271
"7705",2025-06-14,75.9424873173812,84928,91858,2079119,4.41812132927456,92.4557469137146
"7706",2025-06-15,72.0354788244497,17011,17898,2079119,0.860845386916285,95.0441390099453
"7707",2025-06-16,71.4450405997748,36314,41749,2079119,2.00801397130227,86.9817241131524
"7708",2025-06-17,70.1808652000591,18456,20319,2079119,0.977288938247402,90.8312416949653
"7709",2025-06-18,74.4459588889708,49512,54292,2079119,2.61129834319248,91.1957562808517
"7710",2025-06-19,70.8829857375855,97681,115268,2079119,5.54407900654075,84.7425130999063
"7711",2025-06-20,77.3120250702636,165475,182527,2079119,8.77905497472728,90.6578204868321
"7712",2025-06-21,74.053915093381,43427,49207,2079119,2.36672359783158,88.2537037413376
"7713",2025-06-22,75.1737703986706,64414,70409,2079119,3.38648244761363,91.4854635060859
"7714",2025-06-23,76.3798599731864,6176,6713,2079119,0.322877141712427,92.0005958587815
"7715",2025-06-24,64.5833668341709,15818,19900,2079119,0.957136171618844,79.4874371859297
"7716",2025-06-25,75.2931351555612,35913,39695,2079119,1.90922212725679,90.472351681572
"7717",2025-06-26,73.2528345323741,16439,17375,2079119,0.83569050160188,94.6129496402878
"7718",2025-06-27,74.3496085538046,162348,187893,2079119,9.03714505999897,86.4044961760151
"7719",2025-06-28,76.4700353835214,201698,233442,2079119,11.2279287525149,86.4017614653747
"7720",2025-06-29,72.7034932767524,129485,156472,2079119,7.52587995203738,82.7528247865433
"7721",2025-06-30,80.1258789218097,128586,144353,2079119,6.94298883325101,89.077469813582
"7722",2025-07-01,67.641749305831,39962,50420,2079119,2.42506561673478,79.2582308607695
"7723",2025-07-02,62.2182869900548,6990,9854,2079119,0.473950745484025,70.9356606454232
"7724",2025-07-03,75.4134135254214,59803,71495,2079119,3.43871611004469,83.646408839779
"7725",2025-07-04,82.9986168741355,4087,4338,2079119,0.208646065953897,94.2139234670355
"7726",2025-07-05,79.0042664211173,55823,65160,2079119,3.13401974586351,85.67065684469
"7727",2025-07-06,80.607417875235,72678,83501,2079119,4.0161722344897,87.0384785810948
"7728",2025-07-07,78.6529869056535,98702,116157,2079119,5.58683750184573,84.9729245762201
"7729",2025-07-08,78.2675470532424,77000,90642,2079119,4.35963501848619,84.9495818715386
"7730",2025-07-09,64.0774628542889,28614,40045,2079119,1.92605618052646,71.4546135597453
"7731",2025-07-10,80.9010815919353,50675,57138,2079119,2.74818324492249,88.6887885470265
"7732",2025-07-11,78.3091717523976,49418,57350,2079119,2.75837987147441,86.1691368788143
"7733",2025-07-12,68.1621785657243,92767,125220,2079119,6.02274328694029,74.0832135441623
"7734",2025-07-13,69.6005868566261,122766,162561,2079119,7.81874438163472,75.5199586616716
"7735",2025-07-14,70.7689381933439,123982,160905,2079119,7.73909526102162,77.0529194245051
"7736",2025-07-15,56.0605735809766,83185,130618,2079119,6.28237248565378,63.6857094734263
"7737",2025-07-16,55.3888857556445,34337,53193,2079119,2.55843941592569,64.5517267309609
"7738",2025-07-17,69.6759886736025,24277,31431,2079119,1.51174608091216,77.2390315293818
"7739",2025-07-18,52.1635656041512,16243,26980,2079119,1.29766502061691,60.2038547071905
"7740",2025-07-19,55.2069871170784,28074,44167,2079119,2.12431323074822,63.5632938619331
"7741",2025-07-20,36.7844012326001,3804,9411,2079119,0.452643643774118,40.4207841887153
"7742",2025-07-21,49.768099178456,19040,33717,2079119,1.62169649741068,56.4700299552155
"7743",2025-07-22,62.8034396932529,95455,133791,2079119,6.43498520286718,71.3463536411268
"7744",2025-07-23,56.8628133459902,17427,28443,2079119,1.36803136328416,61.2699082375277
"7745",2025-07-24,51.2642083844613,36252,64381,2079119,3.09655195301471,56.3085382333297
"7746",2025-07-25,66.1377717391304,13833,18400,2079119,0.884990229034509,75.179347826087
"7747",2025-07-26,56.2602032498234,11428,18401,2079119,0.885038326329566,62.1053203630238
"7748",2025-07-27,35.6736293922399,6907,17474,2079119,0.840452133812447,39.5272976994392
"7749",2025-07-28,30.0396460260082,14185,42602,2079119,2.04904096398523,33.2965588470025
"7750",2025-07-29,54.7284479778776,8714,14465,2079119,0.695727372988271,60.2419633598341
"7751",2025-07-30,54.8984690904596,34208,56633,2079119,2.7238941109191,60.4029452792541
"7752",2025-07-31,60.7798157702801,24792,37019,2079119,1.78051376568633,66.9710148842486
"7753",2025-08-01,39.3875649142776,5990,14057,2079119,0.676103676605331,42.6122216689194
"7754",2025-08-02,57.9884349083162,9735,13143,2079119,0.632142748923943,74.0698470668797
"7755",2025-08-03,57.0789842592222,79933,124835,2079119,6.00422582834364,64.0309208154764
"7756",2025-08-04,49.7943834909339,98510,182106,2079119,8.75880601350861,54.0948678242342
"7757",2025-08-05,34.3142305215712,9974,27954,2079119,1.34451178600167,35.6800457895113
"7758",2025-08-06,36.8686378296978,37559,88983,2079119,4.27984160598792,42.2091860242968
"7759",2025-08-07,45.5772420443587,2994,5185,2079119,0.249384474866518,57.7434908389585
"7760",2025-08-08,40.3077754144299,12749,29619,2079119,1.42459378227028,43.0433167898984
"7761",2025-08-09,52.4455274734754,85582,150709,2079119,7.24869524062836,56.7862569587749
"7762",2025-08-10,42.0480472879413,62766,134326,2079119,6.46071725572225,46.7266203117788
"7763",2025-08-11,43.7799498360872,44119,90902,2079119,4.37214031520081,48.534685705485
"7764",2025-08-12,60.0790991778719,62534,93781,2079119,4.51061242766768,66.6808841876286
"7765",2025-08-13,61.0067845394737,7237,9728,2079119,0.467890486306941,74.3935032894737
"7766",2025-08-14,33.1723189734189,3264,10910,2079119,0.524741489063397,29.9175068744271
"7767",2025-08-15,38.3175090177868,9024,24119,2079119,1.16005865946105,37.4144865044156
"7768",2025-08-16,60.430887398873,42696,63534,2079119,3.05581354410209,67.2018132023798
"7769",2025-08-17,49.6703068841581,3841,7234,2079119,0.34793583243672,53.0964888028753
"7770",2025-08-18,41.5548295270751,29322,61828,2079119,2.97375955873618,47.4251148347027
"7771",2025-08-19,40.7675403044222,10444,22206,2079119,1.0680485340185,47.0323336035306
"7772",2025-08-20,44.2503520363951,19425,36928,2079119,1.77613691183622,52.6023613518198
"7773",2025-08-21,46.0401938793926,18981,38787,2079119,1.86554978334573,48.9364993425632
"7774",2025-08-22,31.2444089456869,8498,29422,2079119,1.4151186151442,28.8831486642648
"7775",2025-08-23,40.4054179746541,3686,8601,2079119,0.413684834778577,42.8554819207069
"7776",2025-08-24,53.01426911252,40987,67979,2079119,3.26960602062701,60.2936200885568
"7777",2025-08-25,47.9373964058274,48441,91704,2079119,4.4107143458359,52.8232138183722
"7778",2025-08-26,63.3091225847323,22809,31570,2079119,1.51843160492497,72.2489705416535
"7779",2025-08-27,31.7294438109717,3794,15786,2079119,0.759263899757541,24.0339541365767
"7780",2025-08-28,49.1101094535982,87219,161621,2079119,7.77353292428187,53.9651406686012
"7781",2025-08-29,59.0795165837191,74225,114932,2079119,5.52791831540186,64.5816656805763
"7782",2025-08-30,56.5265449988251,117737,191505,2079119,9.21087248974205,61.4798569227957
"7783",2025-08-31,48.8860112591331,79397,150278,2079119,7.22796530645913,52.8334154034523
"7784",2025-09-01,33.9544406255115,23599,67209,2079119,3.23257110343371,35.1128569090449
"7785",2025-09-02,29.0790328870402,7279,30772,2079119,1.4800499634701,23.6546210841024
"7786",2025-09-03,50.9487844988645,46381,89387,2079119,4.29927291319063,51.8878584134158
"7787",2025-09-04,43.5471799295857,19081,42889,2079119,2.06284488766636,44.489262981184
"7788",2025-09-05,35.0384765371117,1543,7693,2079119,0.370012490867526,20.0571948524633
"7789",2025-09-06,32.1306294613887,3154,15410,2079119,0.741179316816402,20.4672290720311
"7790",2025-09-07,32.9471228615863,1908,9645,2079119,0.463898410817274,19.7822706065319
"7791",2025-09-08,47.4276043625423,9615,15954,2079119,0.767344245326987,60.267017675818
"7792",2025-09-09,37.7776847419923,31463,80017,2079119,3.84860125851382,39.3203944161866
"7793",2025-09-10,46.7009394336299,20235,44282,2079119,2.12984441967968,45.6957680321575
"7794",2025-09-11,46.067123709752,31697,64910,2079119,3.12199542209946,48.8322292404868
"7795",2025-09-12,33.4849254869135,22244,66901,2079119,3.2177571365564,33.2491293104737
"7796",2025-09-13,33.1585482330468,12527,45021,2079119,2.16538832072623,27.8247928744364
"7797",2025-09-14,38.693792210519,25931,57154,2079119,2.74895280164339,45.3704027714596
"7798",2025-09-15,53.1214291335484,26110,38121,2079119,1.83351698483829,68.4924319928648
"7799",2025-09-16,56.4146553163078,22208,29955,2079119,1.44075447340917,74.137873476882
"7800",2025-09-17,57.976587615505,86985,118826,2079119,5.71520918235079,73.203675963173
"7801",2025-09-18,52.902488259918,62718,94122,2079119,4.52701360528185,66.6347931408172
"7802",2025-09-19,58.453789845375,92096,124042,2079119,5.96608467336405,74.2458199642057
"7803",2025-09-20,62.3124871277341,81598,97108,2079119,4.67063212831974,84.0280924331672
"7804",2025-09-21,59.4917233009709,63254,82400,2079119,3.9632171126328,76.7645631067961
"7805",2025-09-22,69.5522588220087,166916,185672,2079119,8.9303209676791,89.8983153087164
"7806",2025-09-23,64.0184812500659,79880,94907,2079119,4.56476998190099,84.1666052029882
"7807",2025-09-24,63.2810296724894,66323,72761,2079119,3.49960728558587,91.1518533280191
"7808",2025-09-25,68.0772650571132,85763,92448,2079119,4.44649873335773,92.7689079266182
"7809",2025-09-26,61.4686705463586,42123,53097,2079119,2.55382207560029,79.3321656590768
"7810",2025-09-27,54.2753429355281,17563,29160,2079119,1.40251712383947,60.2297668038409
"7811",2025-09-28,54.8292421278475,55613,95082,2079119,4.57318700853583,58.4895143139606
"7812",2025-09-29,55.5279335907771,49253,70954,2079119,3.41269547341927,69.4153958902951
"7813",2025-09-30,61.857102313041,110272,133893,2079119,6.43989112696291,82.3583010314206
"7814",2025-10-01,54.4122044241037,20559,26220,2079119,1.26111107637418,78.4096109839817
"7815",2025-10-02,54.0684371807967,9673,13706,2079119,0.659221526040597,70.5749306872902
"7816",2025-10-03,53.8493722979714,30139,48112,2079119,2.31405705974502,62.6434153641503
"7817",2025-10-04,61.6117513469112,33188,41391,2079119,1.99079513967214,80.181682008166
"7818",2025-10-05,53.5765847383155,64238,110381,2079119,5.30902752560099,58.1966099238093
"7819",2025-10-06,47.3758646940059,14985,30213,2079119,1.45316357553368,49.597855227882
"7820",2025-10-07,46.7608264930654,8778,17665,2079119,0.849638717168185,49.6914803283329
"7821",2025-10-08,43.0965974125074,26977,57662,2079119,2.77338622753195,46.7847109014602
"7822",2025-10-09,43.4869363838418,29447,64339,2079119,3.09453186662235,45.7685074371688
"7823",2025-10-10,54.2015536091043,19975,31282,2079119,1.50457958394878,63.8546128764145
"7824",2025-10-11,60.5294783413931,14007,19438,2079119,0.934915221302869,72.0598827039819
"7825",2025-10-12,61.5744289654197,10262,14141,2079119,0.680143849390054,72.5691252386677
"7826",2025-10-13,5.44,0,25,2079119,0.00120243237640558,0
"7827",2025-10-14,16.8880778588808,39,411,2079119,0.0197679882681078,9.48905109489051
"7828",2025-10-15,57.1538461538462,9,13,2079119,0.000625264835730903,69.2307692307692
"7829",2025-10-16,9.376,1,250,2079119,0.0120243237640558,0.4
"7830",2025-10-17,27.9042553191489,0,94,2079119,0.00452114573528499,0
"7831",2025-10-18,71.3599374021909,575,639,2079119,0.0307341715409267,89.9843505477308
"7832",2025-10-19,64.3208020050125,344,399,2079119,0.0191908207274331,86.2155388471178
"7833",2025-10-20,NA,NA,0,2079119,0,NA
"7834",2025-10-21,NA,NA,0,2079119,0,NA
"7835",2025-10-22,NA,NA,0,2079119,0,NA
"7836",2025-10-23,NA,NA,0,2079119,0,NA
"7837",2025-10-24,NA,NA,0,2079119,0,NA
"7838",2025-10-25,NA,NA,0,2079119,0,NA
"7839",2025-10-26,NA,NA,0,2079119,0,NA
"7840",2025-10-27,NA,NA,0,2079119,0,NA
"7841",2025-10-28,NA,NA,0,2079119,0,NA
"7842",2025-10-29,NA,NA,0,2079119,0,NA
"7843",2025-10-30,NA,NA,0,2079119,0,NA
"7844",2025-10-31,NA,NA,0,2079119,0,NA
"7845",2025-11-01,NA,NA,0,2079119,0,NA
"7846",2025-11-02,NA,NA,0,2079119,0,NA
"7847",2025-11-03,NA,NA,0,2079119,0,NA
"7848",2025-11-04,NA,NA,0,2079119,0,NA
"7849",2025-11-05,NA,NA,0,2079119,0,NA
"7850",2025-11-06,NA,NA,0,2079119,0,NA
"7851",2025-11-07,NA,NA,0,2079119,0,NA
"7852",2025-11-08,NA,NA,0,2079119,0,NA
"7853",2025-11-09,NA,NA,0,2079119,0,NA
"7854",2025-11-10,NA,NA,0,2079119,0,NA
"7855",2025-11-11,NA,NA,0,2079119,0,NA
"7856",2025-11-12,NA,NA,0,2079119,0,NA
"7857",2025-11-13,NA,NA,0,2079119,0,NA
"7858",2025-11-14,NA,NA,0,2079119,0,NA
"7859",2025-11-15,NA,NA,0,2079119,0,NA
"7860",2025-11-16,NA,NA,0,2079119,0,NA
"7861",2025-11-17,NA,NA,0,2079119,0,NA
"7862",2025-11-18,NA,NA,0,2079119,0,NA
"7863",2025-11-19,NA,NA,0,2079119,0,NA
"7864",2025-11-20,NA,NA,0,2079119,0,NA
"7865",2025-12-07,NA,NA,0,2079119,0,NA
"7866",2026-01-26,NA,NA,0,2079119,0,NA
"7867",2026-01-27,NA,NA,0,2079119,0,NA
"7868",2026-01-28,NA,NA,0,2079119,0,NA
"7869",2026-01-29,NA,NA,0,2079119,0,NA
"7870",2026-01-30,NA,NA,0,2079119,0,NA
"7871",2026-01-31,NA,NA,0,2079119,0,NA
"7872",2026-02-01,NA,NA,0,2079119,0,NA
"7873",2026-02-02,NA,NA,0,2079119,0,NA
"7874",2026-02-03,NA,NA,0,2079119,0,NA
"7875",2026-02-04,NA,NA,0,2079119,0,NA
"7876",2026-02-05,NA,NA,0,2079119,0,NA
"7877",2026-02-06,NA,NA,0,2079119,0,NA
"7878",2026-02-07,NA,NA,0,2079119,0,NA
"7879",2026-02-08,NA,NA,0,2079119,0,NA
"7880",2026-02-09,NA,NA,0,2079119,0,NA
"7881",2026-02-10,NA,NA,0,2079119,0,NA
"7882",2026-02-11,NA,NA,0,2079119,0,NA
"7883",2026-02-12,NA,NA,0,2079119,0,NA
"7884",2026-02-13,NA,NA,0,2079119,0,NA
"7885",2026-02-14,NA,NA,0,2079119,0,NA
"7886",2026-02-15,NA,NA,0,2079119,0,NA
"7887",2026-02-16,NA,NA,0,2079119,0,NA
"7888",2026-02-17,NA,NA,0,2079119,0,NA
"7889",2026-02-18,NA,NA,0,2079119,0,NA
"7890",2026-02-19,NA,NA,0,2079119,0,NA
"7891",2026-02-20,NA,NA,0,2079119,0,NA
"7892",2026-02-21,NA,NA,0,2079119,0,NA
"7893",2026-02-22,15.6190476190476,16,189,2079119,0.00909038876562621,8.46560846560847
"7894",2026-02-23,56.7142857142857,27,28,2079119,0.00134672426157425,96.4285714285714
"7895",2026-02-24,NA,NA,0,2079119,0,NA
"7896",2026-02-25,67.0545023696682,365,422,2079119,0.0202970585137262,86.4928909952607
"7897",2026-02-26,40.0531561461794,96,301,2079119,0.0144772858119232,31.8936877076412
"7898",2026-02-27,60.3548387096774,268,341,2079119,0.0164011776141722,78.5923753665689
"7899",2026-02-28,30,0,8,2079119,0.000384778360449787,0
"7900",2026-03-01,48.780487804878,838,1845,2079119,0.0887395093787321,45.420054200542
"7901",2026-03-02,56.8387978142077,3734,5124,2079119,0.246450539868088,72.8727556596409
"7902",2026-03-03,62.4121013605932,22046,27782,2079119,1.336239051252,79.3535382621842
"7903",2026-03-04,59.9502382212811,15195,20779,2079119,0.999413693973265,73.1267144713413
"7904",2026-03-05,62.658060393034,25782,31295,2079119,1.50520484878451,82.38376737498
"7905",2026-03-06,59.1627387096007,31087,42049,2079119,2.02244315981913,73.9304145163975
"7906",2026-03-07,61.6790733961472,72431,83315,2079119,4.00722613760925,86.9363259917182
"7907",2026-03-08,64.5784463790299,70165,83624,2079119,4.02208820178162,83.9053381804267
"7908",2026-03-09,58.6151465185571,57937,69138,2079119,3.32535078559717,83.7990685296075
"7909",2026-03-10,69.9496118931719,119275,129217,2079119,6.21498817528001,92.305965933275
"7910",2026-03-11,72.1035348342492,137872,141025,2079119,6.7829210353039,97.7642262010282
"7911",2026-03-12,62.6100109557412,78747,84887,2079119,4.08283508543763,92.7668547598572
"7912",2026-03-13,71.8788442725259,174295,177862,2079119,8.55468109328999,97.9945125996559
"7913",2026-03-14,73.4187668987546,137812,142762,2079119,6.86646603681656,96.5326907720542
"7914",2026-03-15,68.9953369601421,87430,90070,2079119,4.33212336571404,97.0689463750416
"7915",2026-03-16,72.2894007560522,141247,144699,2079119,6.95963049734046,97.6143580812583
"7916",2026-03-17,65.7324785124869,56003,64107,2079119,3.08337329416931,87.3586347824731
"7917",2026-03-18,68.899079715737,76889,86821,2079119,4.17585525407637,88.5603713387314
"7918",2026-03-19,72.3295011965652,60014,63933,2079119,3.07500436482953,93.8701453083697
"7919",2026-03-20,56.7976693848787,32783,39732,2079119,1.91100172717387,82.5103191382261
"7920",2026-03-21,66.5301374691576,99567,102132,2079119,4.9122729386822,97.4885442368699
"7921",2026-03-22,70.0322481920609,85884,88222,2079119,4.24323956445013,97.3498673800186
"7922",2026-03-23,67.241127588265,61534,65343,2079119,3.1428215508588,94.1707604487091
"7923",2026-03-24,64.9754919807615,48299,52187,2079119,2.51005353709913,92.5498687412574
"7924",2026-03-25,68.8133088042998,106650,110889,2079119,5.33346095148955,96.1772583394205
"7925",2026-03-26,72.9539386189258,116259,117300,2079119,5.641812710095,99.1125319693095
"7926",2026-03-27,NA,NA,0,2079119,0,NA
"7927",2026-03-28,73.3747931371568,129509,129917,2079119,6.24865628181937,99.6859533394398
"7928",2026-03-29,72.7579880647911,146381,146625,2079119,7.05226588761875,99.833589087809
"7929",2026-03-30,72.8090170344429,146440,147055,2079119,7.07294772449292,99.5817891265173
"7930",2026-03-31,71.5090841340997,86342,88561,2079119,4.25954454747419,97.4943824030894
"7931",2026-04-01,67.3966856277407,54784,56783,2079119,2.73110870517753,96.4795801560326
"7932",2026-04-02,68.9804847605715,56577,59287,2079119,2.85154433199831,95.4290147924503
"7933",2026-04-03,65.3609923858586,69901,70658,2079119,3.39845867408263,98.9286421919669
"7934",2026-04-04,71.7398506420699,141432,141807,2079119,6.82053312003786,99.7355560726903
"7935",2026-04-05,72.3726823468212,79590,80739,2079119,3.88332750554442,98.576895923903
"7936",2026-04-06,69.3212839791787,6705,6916,2079119,0.332640892608841,96.9491035280509
"7937",2026-04-07,69.3441267915371,38165,39561,2079119,1.90277708971925,96.4712722125325
"7938",2026-04-08,59.0022346368715,739,895,2079119,0.0430470790753199,82.5698324022346
"7939",2026-04-09,70.1497638232842,40297,43188,2079119,2.07722597888817,93.3060109289617
"7940",2026-04-10,65.7082932366077,38784,40527,2079119,1.94923907674356,95.6991635206159
"7941",2026-04-11,61.8021659418436,10228,11727,2079119,0.564036979124331,87.2175321906711
"7942",2026-04-12,71.7574751366076,60352,62039,2079119,2.98390808799304,97.2807427585873
"7943",2026-04-13,76.7166752665979,138451,139536,2079119,6.71130416296518,99.2224228872836
"7944",2026-04-14,70.9807932924863,76771,77525,2079119,3.72874279923371,99.0274105127378
"7945",2026-04-15,75.8787178948842,13912,14289,2079119,0.687262249058375,97.361606830429
"7946",2026-04-16,76.6389775153875,78121,79610,2079119,3.82902565942594,98.1296319557844
"7947",2026-04-17,82.1781780271334,71331,72899,2079119,3.50624471230362,97.8490788625358
"7948",2026-04-18,79.3110394208828,62112,63545,2079119,3.05634261434771,97.7449051853018
"7949",2026-04-19,63.6056457603736,7429,9423,2079119,0.453220811314792,78.8390109307015
"7950",2026-04-20,80.726210978769,66594,69097,2079119,3.32337879649986,96.3775561891254
"7951",2026-04-21,81.3936358156839,46979,48113,2079119,2.31410515704007,97.6430486562883
"7952",2026-04-22,78.1949811447125,134807,137362,2079119,6.60674064351295,98.1399513693744
"7953",2026-04-23,74.1292393410853,48354,49536,2079119,2.38254760790508,97.6138565891473
"7954",2026-04-24,64.7713513942957,12214,12587,2079119,0.605400652872683,97.0366250893779
"7955",2026-04-25,74.6707728027604,60377,62021,2079119,2.98304233668203,97.349284919624
"7956",2026-04-26,75.153664859769,129359,131533,2079119,6.32638151063022,98.3471828362464
"7957",2026-04-27,77.2785243979435,141824,144131,2079119,6.93231123374853,98.3993727928065
"7958",2026-04-28,73.8464514679344,140997,142411,2079119,6.84958388625182,99.0070991707101
"7959",2026-04-29,69.4147530558892,13189,14153,2079119,0.680721016930729,93.1887232388893
"7960",2026-04-30,69.5581784052046,37427,38889,2079119,1.87045570744147,96.2405821697652
"7961",2026-05-01,72.3242645271092,39588,41130,2079119,1.97824174566247,96.2509117432531
"7962",2026-05-02,71.1979157544444,44998,45676,2079119,2.19689204898806,98.5156318416674
"7963",2026-05-03,72.1793416207002,60626,62183,2079119,2.99083409848114,97.4961002203174
"7964",2026-05-04,71.6249089916272,42615,43952,2079119,2.11397231231113,96.9580451401529
"7965",2026-05-05,73.503490783191,51296,52567,2079119,2.52833050922049,97.5821332775315
"7966",2026-05-06,73.7161367763381,95449,97473,2079119,4.68818764101526,97.9235275409601
"7967",2026-05-07,75.3229647487725,133736,136052,2079119,6.5437331869893,98.2977096992327
"7968",2026-05-08,77.0533049040512,170132,172592,2079119,8.3012083483437,98.5746732177621
"7969",2026-05-09,78.6237490080892,83848,84433,2079119,4.0609989134821,99.3071429417408
"7970",2026-05-10,78.6188257325402,89438,90780,2079119,4.36627244520395,98.5217008151575
"7971",2026-05-11,77.475989813305,160572,163743,2079119,7.87559538439118,98.0634286656529
"7972",2026-05-12,77.6238821759757,59088,60497,2079119,2.90974205901634,97.6709588905235
"7973",2026-05-13,78.3795391230133,60916,62099,2079119,2.98679392569641,98.094977374837
"7974",2026-05-14,78.0372804040294,36528,36829,2079119,1.77137527962565,99.1827092780146
"7975",2026-05-15,71.5375292571099,29776,31189,2079119,1.50010653550855,95.4695565744333
"7976",2026-05-16,66.9592516933663,27299,27903,2079119,1.3420588239538,97.8353582052109
"7977",2026-05-17,71.7285508291276,8056,8322,2079119,0.400265689457891,96.8036529680365
"7978",2026-05-18,72.9942218314282,7770,7961,2079119,0.382902565942594,97.6008039191056
"7979",2026-05-19,78.9913613488476,61632,62394,2079119,3.000982627738,98.7787287239158
"7980",2026-05-20,80.9515696441799,38006,39149,2079119,1.88296100415609,97.0803851950241
"7981",2026-05-21,78.7084059355854,68339,71164,2079119,3.42279590538108,96.0302962171885
"7982",2026-05-22,70.2555488384144,11201,11579,2079119,0.55691857945601,96.7354693842301
"7983",2026-05-23,67.330449344125,15289,17915,2079119,0.861663040932241,85.3418922690483
"7984",2026-05-24,66.5194444444444,610,720,2079119,0.0346300524404808,84.7222222222222
"7985",2026-05-25,65.5030549898167,2650,2946,2079119,0.141694631235634,89.9524779361847
"7986",2026-05-26,76.239226201877,9649,10442,2079119,0.502231954977084,92.40566941199
"7987",2026-05-27,56.692376361364,3861,5601,2079119,0.269392949609907,68.934118907338
"7988",2026-05-28,72.8585211892487,84068,89031,2079119,4.28215027615062,94.4255371724455
"7989",2026-05-29,70.5969926360781,18570,19419,2079119,0.934001372696801,95.6279932025336
"7990",2026-05-30,67.1521930827264,27765,30619,2079119,1.4726910773265,90.6789901695026
"7991",2026-05-31,70.140267371154,40224,43909,2079119,2.11190412862371,91.6076430800064
