"","date","mean_snow","snow_pixels","available_pixels","total_pixels","available_percent","snow_cover_percent"
"1",2000-06-01,83.9652827487473,8237,8382,6265136,0.133787997578983,98.2701026008113
"2",2000-06-02,70.6141164090101,39556,39911,6265136,0.637033258336291,99.1105209090226
"3",2000-06-03,75.4134993973483,24497,24890,6265136,0.397277888301228,98.4210526315789
"4",2000-06-04,77.0746781531314,20368,20662,6265136,0.329793319730011,98.5770980543994
"5",2000-06-05,76.8521670493685,69196,69680,6265136,1.11218655109801,99.3053960964409
"6",2000-06-06,73.6580634045486,28501,29020,6265136,0.463198245018145,98.2115782219159
"7",2000-06-07,76.7844536237326,83753,85216,6265136,1.36016201404088,98.2831862561021
"8",2000-06-08,77.1491766498751,23275,23623,6265136,0.377054863613495,98.5268594166702
"9",2000-06-09,72.3509957754979,40469,41425,6265136,0.661198735350677,97.6922148461074
"10",2000-06-10,75.6418973466569,54156,55741,6265136,0.889701356842054,97.1564916309359
"11",2000-06-11,73.3761565067012,91239,92520,6265136,1.47674368122256,98.6154345006485
"12",2000-06-12,71.52506498329,43946,45781,6265136,0.730726356139755,95.9917869858675
"13",2000-06-13,80.1679166456939,98505,99335,6265136,1.5855202504782,99.1644435496049
"14",2000-06-14,77.5303216974675,35866,36525,6265136,0.582988142635691,98.19575633128
"15",2000-06-15,78.4402939160089,55558,56887,6265136,0.90799305873009,97.6637896180147
"16",2000-06-16,74.9808202407672,43024,44109,6265136,0.704038986543947,97.5401845428371
"17",2000-06-17,75.909371436238,28904,29814,6265136,0.475871553307063,96.9477426712283
"18",2000-06-18,74.3088188248676,54096,56266,6265136,0.898081063204374,96.1433192336402
"19",2000-06-19,77.5806477977141,153686,159062,6265136,2.53884353029208,96.620185839484
"20",2000-06-20,78.5679527508506,102989,109039,6265136,1.74040914674478,94.4515265180348
"21",2000-06-21,74.8977026142665,28014,29033,6265136,0.463405742509021,96.4902008059794
"22",2000-06-22,79.828109073382,121385,126557,6265136,2.02001999637358,95.9133038867862
"23",2000-06-23,85.0953768863493,147620,156453,6265136,2.49720038000771,94.354215003867
"24",2000-06-24,77.803954168761,71038,77589,6265136,1.23842483227818,91.5567928443465
"25",2000-06-25,82.2175146079125,128957,134345,6265136,2.14432695475405,95.9894301983699
"26",2000-06-26,79.7292016778019,68172,73191,6265136,1.16822683498012,93.1425994999385
"27",2000-06-28,79.667912421112,27286,28363,6265136,0.452711641056156,96.2027994217819
"28",2000-06-29,69.9706950761623,55013,65518,6265136,1.04575543132663,83.966238285662
"29",2000-06-30,63.7197484704283,4590,5884,6265136,0.093916556639792,78.0081577158396
"30",2000-07-01,66.3073530658977,18522,23582,6265136,0.376400448449962,78.5429564922399
"31",2000-07-02,53.8254098360656,735,1220,6265136,0.0194728414514865,60.2459016393443
"32",2000-07-03,74.1196143154969,10656,11512,6265136,0.183747008843862,92.5642807505212
"33",2000-07-04,77.8500600102875,31764,34994,6265136,0.55855132274862,90.7698462593587
"34",2000-07-05,78.262550071447,38806,42689,6265136,0.681373876002053,90.903979947996
"35",2000-07-06,75.4004668786792,51774,59116,6265136,0.943570897742683,87.5803504973273
"36",2000-07-07,69.6639278785804,24702,26289,6265136,0.419607810588629,93.9632545931758
"37",2000-07-08,63.2030432715169,9381,10515,6265136,0.16783354742818,89.2154065620542
"38",2000-07-09,63.5436077852806,13799,17623,6265136,0.281286790901267,78.3010838109289
"39",2000-07-10,76.0684045569872,17605,20101,6265136,0.320839004931417,87.5827073279936
"40",2000-07-11,67.9724824739566,49767,61052,6265136,0.974472062537828,81.5157570595558
"41",2000-07-12,73.7455591404835,116711,138543,6265136,2.21133268296171,84.2417155684517
"42",2000-07-13,80.1435580451999,92102,103540,6265136,1.65263770810402,88.9530616186981
"43",2000-07-14,70.0175035990707,54592,70157,6265136,1.11980011287864,77.814045640492
"44",2000-07-15,71.0246029595799,63026,77511,6265136,1.23717984733292,81.3123298628582
"45",2000-07-16,71.6913647585692,30114,34834,6265136,0.555997507476294,86.4500200953092
"46",2000-07-17,69.3063372226035,14245,17484,6265136,0.279068163883434,81.4744909631663
"47",2000-07-18,43.5808823529412,1623,3264,6265136,0.0520978315554523,49.7242647058824
"48",2000-07-19,67.0940683200097,87289,114959,6265136,1.83490031182084,75.9305491523065
"49",2000-07-20,65.1087840891969,10736,13274,6265136,0.211870899530353,80.8799156245291
"50",2000-07-21,60.066998362782,32530,47031,6265136,0.750678037954803,69.1671450745253
"51",2000-07-22,60.4865449676625,54954,83649,6265136,1.33515058571753,65.6959437650181
"52",2000-07-23,50.446384089996,27841,49780,6265136,0.794555776602455,55.9280835676979
"53",2000-07-24,60.0326369642344,87351,128811,6265136,2.05599686902248,67.8133078696695
"54",2000-07-25,55.7754791522076,69573,112386,6265136,1.79383176997275,61.9053974694357
"55",2000-07-26,56.7733559795859,77026,123052,6265136,1.96407548056419,62.5963007509021
"56",2000-07-27,53.0603765861646,5832,9772,6265136,0.155974267757316,59.6807204257061
"57",2000-07-28,59.4373663578047,9211,11224,6265136,0.179150141353675,82.0652173913043
"58",2000-07-29,64.0069224600059,19619,23691,6265136,0.378140235104234,82.8120383267908
"59",2000-07-30,57.9819828115408,24694,32580,6265136,0.5200206348274,75.7949662369552
"60",2000-07-31,60.5802223987291,13671,17626,6265136,0.281334674937623,77.5615567911041
"61",2000-08-01,50.4036811814529,11733,18418,6265136,0.293976060535637,63.7039852318384
"62",2000-08-02,66.0793007143241,36526,37238,6265136,0.594368581942994,98.0879746495515
"63",2000-08-03,60.3140977486399,33151,43929,6265136,0.70116594436258,75.464954813449
"64",2000-08-04,67.775288340387,53312,61906,6265136,0.988103051553869,86.1176622621394
"65",2000-08-05,42.2558594484782,13301,26581,6265136,0.424268523460624,50.0395018998533
"66",2000-08-18,59.9450602790446,56372,88588,6265136,1.41398367090515,63.6339007540525
"67",2000-08-19,64.3724501430408,134191,192952,6265136,3.07977352766165,69.5463120361541
"68",2000-08-20,62.8053108675612,108623,156208,6265136,2.49328985037196,69.5374116562532
"69",2000-08-21,69.7628368486689,30056,36886,6265136,0.588750188343876,81.4834896708778
"70",2000-08-22,49.2370058889567,64939,101546,6265136,1.62081078527266,63.9503279301991
"71",2000-08-23,56.9008743936205,94605,132549,6265136,2.11566037832219,71.3736052327818
"72",2000-08-24,55.5287212651486,26483,36802,6265136,0.587409435325905,71.9607630020108
"73",2000-08-25,48.7352153386646,30809,51895,6265136,0.828314022233516,59.3679545235572
"74",2000-08-26,55.692774501295,97480,146329,6265136,2.33560771865128,66.6170068817528
"75",2000-08-27,46.3426959825026,19622,34748,6265136,0.554624831767419,56.4694370899045
"76",2000-08-28,53.8877385326538,111833,168740,6265136,2.6933174315769,66.2753348346569
"77",2000-08-29,42.3516802320896,13288,24818,6265136,0.396128671428681,53.5417841888952
"78",2000-08-30,54.2652212652213,28743,40404,6265136,0.644902201644146,71.1389961389961
"79",2000-08-31,59.7288346976954,57663,75371,6265136,1.20302256806556,76.5055525334678
"80",2000-09-01,60.5192913305837,38093,49219,6265136,0.785601461803862,77.3949084703062
"81",2000-09-02,64.1348463540404,96018,123726,6265136,1.97483342739886,77.6053537655788
"82",2000-09-03,57.6323081185924,35065,50526,6265136,0.806462940309676,69.3999129161224
"83",2000-09-04,38.1570117955439,5044,11445,6265136,0.182677598698576,44.0716470074268
"84",2000-09-05,54.7790504736927,37151,56049,6265136,0.894617451241282,66.2830737390498
"85",2000-09-06,50.5943614878985,15944,26319,6265136,0.42008665095219,60.5798092632699
"86",2000-09-07,61.5459361366719,41472,54554,6265136,0.870755239790485,76.0200901858709
"87",2000-09-08,50.4359562088256,36374,62387,6265136,0.995780458716299,58.3038132944363
"88",2000-09-09,50.674611926372,7098,11789,6265136,0.188168301534077,60.208669098312
"89",2000-09-10,42.1553481517868,3558,8143,6265136,0.129973236015946,43.6939702812231
"90",2000-09-11,51.2677394338891,3456,5158,6265136,0.0823286198416124,67.0027142303218
"91",2000-09-12,53.1413882480276,43917,70218,6265136,1.12077375495121,62.5437921900367
"92",2000-09-13,57.9455530385108,42548,50765,6265136,0.810277701872713,83.8136511375948
"93",2000-09-14,50.1674629996504,10505,17162,6265136,0.273928610647877,61.2108145903741
"94",2000-09-15,50.1521829443311,28681,52956,6265136,0.845249009758128,54.1600574061485
"95",2000-09-16,57.2874887366657,71240,103211,6265136,1.6473864254503,69.02365057988
"96",2000-09-17,58.2187381178707,60997,84160,6265136,1.34330683324352,72.4774239543726
"97",2000-09-18,61.7793314974523,49159,60643,6265136,0.967943872247945,81.0629421367676
"98",2000-09-19,59.8086743020962,54509,70461,6265136,1.12465236189605,77.3605256808731
"99",2000-09-20,59.9504714482466,16063,18878,6265136,0.301318279443575,85.0884627608857
"100",2000-09-21,55.6005721716515,38366,57675,6265136,0.920570598946296,66.5210229735587
"101",2000-09-22,53.8614695243751,12837,18523,6265136,0.295652001808101,69.3030286670626
"102",2000-09-23,51.821935483871,812,1550,6265136,0.024740085450659,52.3870967741936
"103",2000-09-24,56.9805167536027,62240,90488,6265136,1.44431022726402,68.7826010078685
"104",2000-09-25,48.86339195472,13465,24735,6265136,0.394803879756162,54.4370325449768
"105",2000-09-26,58.8910040674747,37957,48433,6265136,0.77305584427856,78.3701195465901
"106",2000-09-27,52.781935023206,17988,28010,6265136,0.447077286111586,64.2199214566226
"107",2000-09-28,64.3914648354934,75909,96987,6265136,1.54804301135682,78.2671904482044
"108",2000-09-29,60.6037348949442,85705,104849,6265136,1.67353110930074,81.7413613863747
"109",2000-09-30,53.339488320356,21699,31465,6265136,0.502223734648378,68.9623391069442
"110",2000-10-01,69.784047926987,73745,81958,6265136,1.30815995055814,89.9790136411333
"111",2000-10-02,69.0231866146334,130483,148879,6265136,2.37630914955398,87.6436569294528
"112",2000-10-03,68.6191179781605,60687,71064,6265136,1.13427705320363,85.3976697061804
"113",2000-10-04,54.0308724832215,11199,18625,6265136,0.297280059044209,60.1288590604027
"114",2000-10-05,56.5081440697408,18172,26154,6265136,0.417453028952604,69.4807677601897
"115",2000-10-06,66.7949399609048,70451,89525,6265136,1.42893945159371,78.6942194917621
"116",2000-10-07,53.8929164277307,21359,33133,6265136,0.528847258862377,64.4644312317025
"117",2000-10-08,59.0640210176991,30146,43392,6265136,0.692594701854836,69.4736356932153
"118",2000-10-09,53.5434686996042,8640,13642,6265136,0.217744674656703,63.3338220202316
"119",2000-10-10,58.1570377717167,25386,36297,6265136,0.579348955872626,69.9396644350773
"120",2000-10-11,56.0673618940248,2257,3548,6265136,0.0566308536638311,63.6133032694476
"121",2000-10-12,44.7961075069509,529,1079,6265136,0.0172222917427491,49.0268767377201
"122",2000-10-13,37.6737400530504,264,754,6265136,0.0120348544708367,35.0132625994695
"123",2000-10-14,47.3210191082803,484,785,6265136,0.0125296561798499,61.656050955414
"124",2000-10-15,37.2748538011696,334,855,6265136,0.0136469503614926,39.0643274853801
"125",2000-10-16,22.6066790352505,11,539,6265136,0.00860316519864852,2.04081632653061
"126",2000-10-17,58.0771028037383,297,428,6265136,0.00683145585347229,69.392523364486
"127",2000-10-18,32.2051282051282,29,234,6265136,0.00373495483577691,12.3931623931624
"128",2000-10-19,75.617823479006,1113,1167,6265136,0.0186268901425284,95.3727506426735
"129",2000-10-20,52.229381443299,217,388,6265136,0.00619300203539077,55.9278350515464
"130",2000-10-21,63.0631704410012,549,839,6265136,0.0133915688342599,65.435041716329
"131",2000-10-22,63.0170454545455,140,176,6265136,0.0028091967995587,79.5454545454545
"132",2000-10-23,76.9494079655544,876,929,6265136,0.0148280899249434,94.2949407965554
"133",2000-10-24,69.6705685618729,510,598,6265136,0.00954488458031877,85.2842809364548
"134",2000-10-25,52.530487804878,110,164,6265136,0.00261766065413424,67.0731707317073
"135",2000-10-26,64.3002070393375,862,966,6265136,0.0154186597066688,89.2339544513458
"136",2000-10-28,68.6380753138075,396,478,6265136,0.0076295231260742,82.8451882845188
"137",2000-10-29,58.582,359,500,6265136,0.00798067272601904,71.8
"138",2000-10-30,NA,0,0,6265136,0,NA
"139",2000-10-31,NA,0,0,6265136,0,NA
"140",2000-11-01,NA,0,0,6265136,0,NA
"141",2000-11-02,NA,0,0,6265136,0,NA
"142",2000-11-03,NA,0,0,6265136,0,NA
"143",2000-11-04,NA,0,0,6265136,0,NA
"144",2000-11-05,NA,0,0,6265136,0,NA
"145",2000-11-06,NA,0,0,6265136,0,NA
"146",2000-11-07,NA,0,0,6265136,0,NA
"147",2000-11-08,NA,0,0,6265136,0,NA
"148",2000-11-09,NA,0,0,6265136,0,NA
"149",2000-11-10,NA,0,0,6265136,0,NA
"150",2000-11-11,NA,0,0,6265136,0,NA
"151",2000-11-12,NA,0,0,6265136,0,NA
"152",2000-11-13,NA,0,0,6265136,0,NA
"153",2000-11-14,NA,0,0,6265136,0,NA
"154",2000-11-15,NA,0,0,6265136,0,NA
"155",2000-11-16,NA,0,0,6265136,0,NA
"156",2000-11-17,NA,0,0,6265136,0,NA
"157",2000-11-18,NA,0,0,6265136,0,NA
"158",2000-11-19,NA,0,0,6265136,0,NA
"159",2000-11-20,NA,0,0,6265136,0,NA
"160",2000-11-21,NA,0,0,6265136,0,NA
"161",2000-11-22,NA,0,0,6265136,0,NA
"162",2000-11-23,NA,0,0,6265136,0,NA
"163",2000-11-24,NA,0,0,6265136,0,NA
"164",2001-01-17,NA,0,0,6265136,0,NA
"165",2001-01-18,NA,0,0,6265136,0,NA
"166",2001-01-19,NA,0,0,6265136,0,NA
"167",2001-01-20,NA,0,0,6265136,0,NA
"168",2001-01-21,NA,0,0,6265136,0,NA
"169",2001-01-22,NA,0,0,6265136,0,NA
"170",2001-01-23,NA,0,0,6265136,0,NA
"171",2001-01-24,NA,0,0,6265136,0,NA
"172",2001-01-25,NA,0,0,6265136,0,NA
"173",2001-01-26,NA,0,0,6265136,0,NA
"174",2001-01-27,NA,0,0,6265136,0,NA
"175",2001-01-28,NA,0,0,6265136,0,NA
"176",2001-01-29,NA,0,0,6265136,0,NA
"177",2001-01-30,NA,0,0,6265136,0,NA
"178",2001-01-31,NA,0,0,6265136,0,NA
"179",2001-02-01,NA,0,0,6265136,0,NA
"180",2001-02-02,NA,0,0,6265136,0,NA
"181",2001-02-03,NA,0,0,6265136,0,NA
"182",2001-02-04,NA,0,0,6265136,0,NA
"183",2001-02-05,NA,0,0,6265136,0,NA
"184",2001-02-06,NA,0,0,6265136,0,NA
"185",2001-02-07,NA,0,0,6265136,0,NA
"186",2001-02-08,NA,0,0,6265136,0,NA
"187",2001-02-09,NA,0,0,6265136,0,NA
"188",2001-02-10,NA,0,0,6265136,0,NA
"189",2001-02-11,NA,0,0,6265136,0,NA
"190",2001-02-12,57.6525423728814,170,236,6265136,0.00376687752668098,72.0338983050847
"191",2001-02-13,70.8778280542986,580,663,6265136,0.0105823720347012,87.4811463046757
"192",2001-02-14,51.1139705882353,161,272,6265136,0.00434148596295436,59.1911764705882
"193",2001-02-15,46.6239130434783,244,460,6265136,0.00734221890793751,53.0434782608696
"194",2001-02-16,NA,0,0,6265136,0,NA
"195",2001-02-17,NA,0,0,6265136,0,NA
"196",2001-02-18,72.3147751605996,864,934,6265136,0.0149078966522036,92.5053533190578
"197",2001-02-19,55.2542857142857,244,350,6265136,0.00558647090821333,69.7142857142857
"198",2001-02-20,59.1495016611296,405,602,6265136,0.00960872996212692,67.2757475083057
"199",2001-02-21,57.859793814433,346,485,6265136,0.00774125254423847,71.340206185567
"200",2001-02-22,49.8513513513514,82,148,6265136,0.00236227912690163,55.4054054054054
"201",2001-02-23,61.6690476190476,355,420,6265136,0.00670376508985599,84.5238095238095
"202",2001-02-24,NA,0,0,6265136,0,NA
"203",2001-02-25,48.8360655737705,87,183,6265136,0.00292092621772297,47.5409836065574
"204",2001-02-26,61.0687116564417,651,815,6265136,0.013008496543411,79.8773006134969
"205",2001-02-27,59.139599170698,1153,1447,6265136,0.0230960668690991,79.6821008984105
"206",2001-02-28,59.0429509853461,2920,3958,6265136,0.0631750052991667,73.7746336533603
"207",2001-03-01,50.5786471067645,1331,2454,6265136,0.0391691417393014,54.2379788101059
"208",2001-03-02,66.9701999775306,33769,35604,6265136,0.568287743474364,94.8460847095832
"209",2001-03-03,66.8471534102709,31782,33707,6265136,0.538009071151847,94.2890200848488
"210",2001-03-04,70.4205973680319,51676,54104,6265136,0.863572634337068,95.5123465917492
"211",2001-03-05,60.5122070930969,56975,63160,6265136,1.00811857875072,90.2074097530082
"212",2001-03-06,65.5476906451158,74942,85132,6265136,1.35882126102291,88.030352863788
"213",2001-03-07,59.610292606044,51914,58372,6265136,0.931695656726366,88.9364763927911
"214",2001-03-08,66.0269364211064,89591,93962,6265136,1.4997599413644,95.3481194525446
"215",2001-03-09,57.6270378263186,29833,37540,6265136,0.599188908269509,79.4698987746404
"216",2001-03-10,63.4573785973458,54620,60357,6265136,0.963378927448662,90.4948887452988
"217",2001-03-11,64.3603498871332,82088,88600,6265136,1.41417520705057,92.6501128668172
"218",2001-03-12,66.2639569140122,103885,108620,6265136,1.73372134300038,95.6407659731173
"219",2001-03-13,67.744979064366,120029,124429,6265136,1.98605425325165,96.4638468524219
"220",2001-03-14,68.8035847297083,168193,170501,6265136,2.72142536091794,98.6463422501921
"221",2001-03-15,65.0881244861144,161377,162974,6265136,2.60128431370045,99.0200890939659
"222",2001-03-16,56.3854023051894,29491,36266,6265136,0.578854154163613,81.318590415265
"223",2001-03-17,64.0676822551572,74418,79888,6265136,1.27511996547242,93.1529140797116
"224",2001-03-18,66.1978551491112,134409,136140,6265136,2.17297756984046,98.7285147642133
"225",2001-03-19,68.0750421706723,136915,138722,6265136,2.21418976379763,98.6973947895792
"226",2001-03-20,70.2185729763195,160704,161525,6265136,2.57815632414045,99.4917195480576
"227",2001-03-21,70.1153302541582,157543,158484,6265136,2.5296178726208,99.4062492112769
"228",2001-03-22,71.7109794940331,169230,169853,6265136,2.71108240906502,99.6332122482382
"229",2001-03-23,69.8439871413377,166854,167358,6265136,2.67125885216219,99.6988491736278
"230",2001-03-24,71.4002266378538,189568,189730,6265136,3.02834607261518,99.9146155062457
"231",2001-03-25,67.6136213647763,90269,90916,6265136,1.45114168311749,99.2883540850895
"232",2001-03-26,68.419058160366,87313,87637,6265136,1.39880443138026,99.6302931410249
"233",2001-03-27,64.1569768857929,41048,41057,6265136,0.655324960224327,99.9780792556689
"234",2001-03-28,70.1823359201072,173619,173833,6265136,2.77460856396413,99.8768933401598
"235",2001-03-29,70.5034498757249,150675,150875,6265136,2.40816799507624,99.86743993372
"236",2001-03-30,67.7047962116965,82337,83837,6265136,1.33815131866252,98.2108138411441
"237",2001-03-31,67.4929746021896,89587,90244,6265136,1.44041565897372,99.2719737600284
"238",2001-04-01,68.5014847483131,124537,124937,6265136,1.99416261674128,99.6798386386739
"239",2001-04-02,68.7901244588745,73478,73920,6265136,1.17986265581465,99.4020562770563
"240",2001-04-03,68.3219334631338,58777,59065,6265136,0.942756869124629,99.512401591467
"241",2001-04-04,71.6648085967768,166265,166481,6265136,2.65726075220075,99.8702554645876
"242",2001-04-05,73.2861601260242,201705,201866,6265136,3.22205296102112,99.9202441223386
"243",2001-04-06,74.5308814215419,225696,225783,6265136,3.60380046019751,99.9614674266885
"244",2001-04-07,64.3159803593349,35688,35844,6265136,0.572118466382853,99.5647807164379
"245",2001-04-08,68.6074983299933,119610,119760,6265136,1.91153073133608,99.874749498998
"246",2001-04-09,70.3687013933895,148032,148128,6265136,2.3643221791195,99.9351911860013
"247",2001-04-10,70.7771381895801,129718,129771,6265136,2.07131976065643,99.9591588259318
"248",2001-04-11,72.7105952975353,176216,176248,6265136,2.81315521323081,99.981843765603
"249",2001-04-12,73.1329051639302,212352,212377,6265136,3.38982266306749,99.9882284804852
"250",2001-04-13,69.9772129143597,138747,139070,6265136,2.21974431201493,99.7677428633063
"251",2001-04-14,68.9752934349964,98191,98233,6265136,1.56793084779006,99.9572445105005
"252",2001-04-15,69.70900857068,53311,53438,6265136,0.85294237826601,99.7623414049927
"253",2001-04-16,64.5951270951271,17783,18018,6265136,0.287591522354822,98.6957486957487
"254",2001-04-17,74.4124792200387,248985,249038,6265136,3.97498154868466,99.9787181072768
"255",2001-04-18,73.0277155016815,210124,210532,6265136,3.36037398070848,99.8062052324587
"256",2001-04-19,70.2473033302831,144148,144252,6265136,2.3024560041474,99.9279039458725
"257",2001-04-20,71.9853291214285,112636,113013,6265136,1.80383953357118,99.6664100590198
"258",2001-04-21,67.725872529047,44497,44669,6265136,0.712977339997089,99.6149454879223
"259",2001-04-22,72.5990839076367,143087,143217,6265136,2.28593601160454,99.909228653023
"260",2001-04-23,73.8814567014796,183638,183840,6265136,2.93433374790268,99.8901218450827
"261",2001-04-24,75.1430784182713,131402,131704,6265136,2.10217304141522,99.7706979286886
"262",2001-04-25,74.2329815661941,43874,44158,6265136,0.704821092471097,99.356854930024
"263",2001-04-26,78.3879685080502,107012,107202,6265136,1.71108815514939,99.8227645006623
"264",2001-04-27,75.5902306979466,40566,41006,6265136,0.654510931606273,98.9269862946886
"265",2001-04-28,74.1936643087233,61444,61777,6265136,0.986044037990556,99.4609644366026
"266",2001-04-29,66.8343272537326,22786,22973,6265136,0.366679989069671,99.1860009576459
"267",2001-04-30,72.8657588265645,54031,54268,6265136,0.866190294991202,99.5632785435247
"268",2001-05-01,73.6245194833928,36083,36159,6265136,0.577146290200245,99.789817196272
"269",2001-05-02,71.0716779934667,26552,26633,6265136,0.42509851342413,99.695866030864
"270",2001-05-03,73.0306727135299,65779,66150,6265136,1.05584300165232,99.4391534391534
"271",2001-05-04,75.1182277946706,127693,127931,6265136,2.04195088502468,99.813962214006
"272",2001-05-05,75.8891486966312,57421,57735,6265136,0.921528279673418,99.4561357928466
"273",2001-05-06,75.5683485755683,161272,161503,6265136,2.5778051745405,99.8569686012025
"274",2001-05-07,74.8942212552727,172566,172823,6265136,2.75848760505758,99.851292941333
"275",2001-05-08,65.8645107332032,17841,17935,6265136,0.286266730682303,99.4758851407862
"276",2001-05-09,69.8196198574465,15812,15994,6265136,0.255285759159897,98.8620732774791
"277",2001-05-10,72.9745005444302,168771,168984,6265136,2.6972119998672,99.8739525635563
"278",2001-05-11,76.6470153467978,240546,240832,6265136,3.84400274790523,99.8812450172735
"279",2001-05-12,79.3451584784863,132949,133078,6265136,2.12410393006632,99.9030643682652
"280",2001-05-13,78.9050362316109,132417,132619,6265136,2.11677767250384,99.8476839668524
"281",2001-05-14,77.395161973621,141282,141628,6265136,2.26057343368125,99.7556980258141
"282",2001-05-15,78.3208164398227,100575,100877,6265136,1.61013264516524,99.7006255142401
"283",2001-05-16,79.0357628122496,57112,57406,6265136,0.916276997019698,99.4878584120127
"284",2001-05-17,77.1528632699257,100392,100724,6265136,1.60769055931108,99.6703864024463
"285",2001-05-18,75.9710304385231,170409,170869,6265136,2.72729913604429,99.7307879135478
"286",2001-05-19,71.5459361542142,29236,29258,6265136,0.46699704523573,99.9248068904231
"287",2001-05-20,67.0511098130841,6703,6848,6265136,0.109303293655557,97.8825934579439
"288",2001-05-21,76.0710330883048,52659,52919,6265136,0.844658439976403,99.5086830816909
"289",2001-05-22,78.3707195119154,86719,87198,6265136,1.39179740072682,99.4506754742081
"290",2001-05-23,78.9602979241008,172497,173467,6265136,2.76876671152869,99.4408158324062
"291",2001-05-24,78.2890165617514,95880,96427,6265136,1.53910465790368,99.4327314963651
"292",2001-05-25,79.5127413708736,52783,53134,6265136,0.848090129248591,99.3394060300373
"293",2001-05-26,80.7675270873168,18732,18828,6265136,0.300520212170973,99.4901210962396
"294",2001-05-27,74.5492403689637,7346,7372,6265136,0.117667038672425,99.6473141616929
"295",2001-05-28,74.2730904442314,6101,6258,6265136,0.0998860998388542,97.4912112496005
"296",2001-05-29,72.6931650328992,103504,104258,6265136,1.66409795413859,99.276794106927
"297",2001-05-30,72.5579076374575,17924,17951,6265136,0.286522112209535,99.8495905520584
"298",2001-05-31,68.6955414012739,5444,5495,6265136,0.0877075932589492,99.0718835304823
"299",2001-06-01,75.2948071667173,16302,16465,6265136,0.262803552867807,99.0100212572123
"300",2001-06-02,72.5843866171004,55323,56490,6265136,0.901656404585631,97.9341476367499
"301",2001-06-03,73.9715368661947,41432,41949,6265136,0.669562480367545,98.7675510739231
"302",2001-06-04,71.2416303084782,44789,45611,6265136,0.728012927412909,98.1978031615181
"303",2001-06-05,73.4588062697861,25622,25902,6265136,0.41343076989869,98.9190023936376
"304",2001-06-06,74.7559394258746,42936,43649,6265136,0.69669676763601,98.3665146967857
"305",2001-06-07,75.3957071658312,136626,138044,6265136,2.20336797158114,98.9727912839384
"306",2001-06-08,77.6026473233488,50171,51146,6265136,0.816358974489939,98.0936925663786
"307",2001-06-09,78.5654504225933,153074,155232,6265136,2.47771157721077,98.6098227169656
"308",2001-06-10,79.789773355445,17893,18090,6265136,0.288740739227369,98.9110005527916
"309",2001-06-11,75.9236900679781,30856,33246,6265136,0.530650890898458,92.8111652529628
"310",2001-06-12,68.9267348203222,6271,6456,6265136,0.103046446238358,97.134448574969
"311",2001-06-13,79.6515568231979,28283,29451,6265136,0.470077584907973,96.034090523242
"312",2001-06-14,76.3490151248681,31536,34116,6265136,0.544537261441731,92.4375659514597
"313",2001-07-03,43.0235092260919,14272,33221,6265136,0.530251857262157,42.9607778212576
"314",2001-07-04,55.3787390608435,29562,48107,6265136,0.767852445661196,61.450516556842
"315",2001-07-05,55.3976434754729,8371,12476,6265136,0.199133745859627,67.096825905739
"316",2001-07-06,63.4601531089938,25998,36314,6265136,0.579620298745311,71.5922233849204
"317",2001-07-07,68.7172119262911,57771,75866,6265136,1.21092343406432,76.1487359291382
"318",2001-07-08,69.2651902921411,21518,28719,6265136,0.458393880037081,74.9260071729517
"319",2001-07-09,46.0365268995543,40440,77176,6265136,1.23183279660649,52.3997097543278
"320",2001-07-10,67.7465731462926,58818,74850,6265136,1.19470670708505,78.5811623246493
"321",2001-07-11,53.8063594026016,20631,31135,6265136,0.496956490649205,66.2630480167015
"322",2001-07-12,51.9293122482934,38330,64311,6265136,1.02649008736602,59.6010013839001
"323",2001-07-13,59.5596529284165,9201,11525,6265136,0.183954506334739,79.8351409978308
"324",2001-07-14,59.0176485107783,33085,48616,6265136,0.775976770496283,68.0537271680105
"325",2001-07-15,51.687442279536,51585,88790,6265136,1.41720786268646,58.0977587566167
"326",2001-07-16,60.9004538746415,24315,35913,6265136,0.573219799219043,67.7052877787988
"327",2001-07-17,74.7244199632783,24729,29955,6265136,0.4781221030158,82.5538307461192
"328",2001-07-18,67.5146351022968,47321,63785,6265136,1.01809441965825,74.1882887826291
"329",2001-07-19,49.0909090909091,6030,11484,6265136,0.183300091171205,52.5078369905956
"330",2001-07-20,69.597593883517,67325,88940,6265136,1.41960206450427,75.6970991679784
"331",2001-07-21,77.6351765306523,43238,50926,6265136,0.812847478490491,84.9035855947846
"332",2001-07-22,52.2414206803469,24045,40009,6265136,0.638597470190591,60.0989777300108
"333",2001-07-23,59.4019306827644,125421,192160,6265136,3.06713214206364,65.2690466278102
"334",2001-07-24,62.9774234595512,42085,51868,6265136,0.827883065906311,81.1386596745585
"335",2001-07-25,60.9238856144947,76723,114525,6265136,1.82797308789466,66.9923597467802
"336",2001-07-26,54.3650717602215,86100,141931,6265136,2.26540972135322,60.6632800445287
"337",2001-07-27,63.366199320662,95315,138370,6265136,2.20857137019851,68.8841511888415
"338",2001-07-28,63.8459366299881,52941,75430,6265136,1.20396428744723,70.1856025454063
"339",2001-07-29,54.2554552294959,17951,29238,6265136,0.466677818326689,61.3961283261509
"340",2001-07-30,38.1970586650865,8921,18563,6265136,0.296290455626183,48.0579647686258
"341",2001-07-31,45.8005329752188,24701,47657,6265136,0.760669840207778,51.8307908596848
"342",2001-08-01,51.3832160875435,8749,14073,6265136,0.224624014546532,62.1686918212179
"343",2001-08-02,52.2093060612551,95552,149408,6265136,2.3847527012981,63.9537374170058
"344",2001-08-03,68.8861980910918,40203,47776,6265136,0.762569240316571,84.1489450770261
"345",2001-08-04,47.5973342915945,16907,30611,6265136,0.488592745632337,55.2317794256967
"346",2001-08-05,51.8918767737002,126461,194861,6265136,3.11024373612959,64.8980555370238
"347",2001-08-06,55.3519366677788,151707,230783,6265136,3.6836071874577,65.73577776526
"348",2001-08-07,55.818621138075,155589,238385,6265136,3.8049453355841,65.2679489061812
"349",2001-08-08,52.1733452195231,53247,89740,6265136,1.4323711408659,59.3347448183642
"350",2001-08-09,65.7890457924573,86308,117836,6265136,1.88082110268636,73.2441698631997
"351",2001-08-10,46.323700992536,31798,62567,6265136,0.998653500897666,50.8223184745952
"352",2001-08-11,54.571203008598,83287,139334,6265136,2.22395810721427,59.7750728465414
"353",2001-08-12,44.8707409798436,21106,41823,6265136,0.667551350840588,50.4650551132152
"354",2001-08-13,57.3170586322748,11418,18454,6265136,0.294550668971911,61.8727647122575
"355",2001-08-14,38.7911629845769,621,2399,6265136,0.0382912677394393,25.88578574406
"356",2001-08-15,51.9180116959064,14662,25650,6265136,0.409408510844777,57.1617933723197
"357",2001-08-16,48.7153044432255,17404,29168,6265136,0.465560524145047,59.6681294569391
"358",2001-08-17,42.9969123372265,17627,37245,6265136,0.594480311361158,47.3271580077863
"359",2001-08-18,39.7803926543817,14153,31529,6265136,0.503245260757308,44.8888325034096
"360",2001-08-19,61.5787564832545,108963,157714,6265136,2.51732763662273,69.0889838568548
"361",2001-08-20,59.3936854496279,93329,142718,6265136,2.27797130022397,65.3939937499124
"362",2001-08-21,55.1008310037146,15782,26113,6265136,0.41679861378907,60.4373300654846
"363",2001-08-22,56.5013577791231,35991,57815,6265136,0.922805187309581,62.2520107238606
"364",2001-08-23,57.8405209323334,68668,106271,6265136,1.69622814253354,64.6159347328998
"365",2001-08-24,53.4693906810036,12598,20925,6265136,0.333991153583897,60.205495818399
"366",2001-08-25,64.8027966142841,44635,61789,6265136,0.986235574135981,72.2377769505899
"367",2001-08-26,59.7634707994046,111858,171315,6265136,2.7344178961159,65.2937571140881
"368",2001-08-27,52.3541557366537,97965,171546,6265136,2.73810496691532,57.1071316148438
"369",2001-08-28,53.7243348521216,117186,196648,6265136,3.13876666045238,59.5917578617631
"370",2001-08-29,49.3841402169546,20067,39824,6265136,0.635644621281964,50.3892125351547
"371",2001-08-30,45.4461545466964,10119,21961,6265136,0.350527107472208,46.077136742407
"372",2001-08-31,32.1110187110187,1045,4810,6265136,0.0767740716243031,21.7255717255717
"373",2001-09-01,37.9515158806545,6024,16624,6265136,0.265341406794681,36.2367661212705
"374",2001-09-02,53.2630099521386,9255,13163,6265136,0.210099190185177,70.310719440857
"375",2001-09-03,39.1994914031958,10272,26347,6265136,0.420533568624847,38.987360989866
"376",2001-09-04,44.2318834905845,11732,25543,6265136,0.407700646881409,45.9303918881885
"377",2001-09-05,42.2473462664714,9227,21856,6265136,0.348851166199744,42.2172401171303
"378",2001-09-06,44.0363053821137,50668,103621,6265136,1.65393057708564,48.8974242672817
"379",2001-09-07,45.0067702644216,51384,97042,6265136,1.54892088535668,52.9502689557099
"380",2001-09-08,45.0461925681153,69031,129523,6265136,2.06736134698433,53.2963257490948
"381",2001-09-09,47.5713375499231,37869,64349,6265136,1.0270966184932,58.8493993690656
"382",2001-09-10,54.4832691450116,82263,123335,6265136,1.96859254132712,66.6988283942109
"383",2001-09-11,58.6965899071871,68892,105481,6265136,1.68361867962643,65.3122363269214
"384",2001-09-12,34.741845979615,3489,17660,6265136,0.281877360682992,19.7565118912797
"385",2001-09-13,39.5732464726929,12162,29626,6265136,0.47287082036208,41.0517788429083
"386",2001-09-14,32.8379921651949,3025,15061,6265136,0.240393823853145,20.0849877166191
"387",2001-09-15,31.2381544614334,11345,41007,6265136,0.654526892951725,27.6660082424952
"388",2001-09-16,36.9180884282934,6078,22097,6265136,0.352697850453685,27.505996289089
"389",2001-09-17,44.7424326575951,33617,72020,6265136,1.14953609945578,46.6773118578173
"390",2001-09-18,45.072106399579,23587,55113,6265136,0.879677631898174,42.7975250848257
"391",2001-09-19,50.3940148238795,42218,71911,6265136,1.14779631280151,58.7086815647119
"392",2001-09-20,47.0947340539329,55615,98159,6265136,1.56674970822661,56.6580751637649
"393",2001-09-21,24.6201377159932,7655,38485,6265136,0.614272379721685,19.8908665713915
"394",2001-09-22,49.2805630957642,48484,79205,6265136,1.26421836652868,61.2133072407045
"395",2001-09-23,43.252926585143,9136,22979,6265136,0.366775757142383,39.7580399495191
"396",2001-09-24,53.87697048714,5951,8437,6265136,0.134665871578845,70.5345501955671
"397",2001-09-25,58.6200695439826,57834,75348,6265136,1.20265545712016,76.7558528428094
"398",2001-09-26,63.2401949241905,83046,97679,6265136,1.55908826240963,85.0192979043602
"399",2001-09-27,64.6126501667403,88868,99556,6265136,1.5890477078231,89.2643336413677
"400",2001-09-28,64.1225616488774,72995,84227,6265136,1.34437624338881,86.664608735916
"401",2001-09-29,67.5357954433181,92391,101214,6265136,1.61551161858258,91.2828264864544
"402",2001-09-30,66.1405042491463,71210,77898,6265136,1.24335688802286,91.4144137205063
"403",2001-10-01,59.9322823912231,38120,45483,6265136,0.725969875195048,83.8115339797287
"404",2001-10-02,69.0250977787617,130103,135510,6265136,2.16292192220568,96.0098885691093
"405",2001-10-03,61.1398206302625,30842,36461,6265136,0.58196661652676,84.5890129179123
"406",2001-10-04,66.0364973055281,76715,84061,6265136,1.34172666004377,91.2611080049012
"407",2001-10-05,68.4416159020113,117885,122953,6265136,1.96249530736444,95.8780997616976
"408",2001-10-06,68.8236916061297,126398,132013,6265136,2.1071050971599,95.7466310136123
"409",2001-10-07,68.3154328545127,101798,106999,6265136,1.70784800202262,95.1392069084758
"410",2001-10-08,64.9099203832875,51960,56772,6265136,0.906157504003105,91.5239906996407
"411",2001-10-09,58.4039401783146,10970,13908,6265136,0.221990392546945,78.8754673569169
"412",2001-10-10,69.9188287500405,29363,30873,6265136,0.492774618140771,95.1089949146504
"413",2001-10-11,62.9995804195804,6087,7150,6265136,0.114123619982072,85.1328671328671
"414",2001-10-12,61.4144349223353,5976,7468,6265136,0.11919932783582,80.0214247455811
"415",2001-10-13,15.820202020202,28,495,6265136,0.00790086599875884,5.65656565656566
"416",2001-10-14,57.7341463414634,1668,2460,6265136,0.0392649098120137,67.8048780487805
"417",2001-10-15,16.9557823129252,24,588,6265136,0.00938527112579839,4.08163265306122
"418",2001-10-16,15.3180515759312,7,349,6265136,0.00557050956276129,2.00573065902579
"419",2001-10-17,52.2613185067514,668,1259,6265136,0.0200953339241159,53.0579825258141
"420",2001-10-18,62.5114573785518,720,1091,6265136,0.0174138278881735,65.9945004582951
"421",2001-10-19,18.3333333333333,0,3,6265136,4.78840363561142e-05,0
"422",2001-10-20,39.6978335233751,572,1754,6265136,0.0279961999228748,32.6111744583808
"423",2001-10-21,45.3996366939146,527,1101,6265136,0.0175734413426939,47.8655767484105
"424",2001-10-22,44.2387096774194,105,155,6265136,0.0024740085450659,67.741935483871
"425",2001-10-23,45.5,0,10,6265136,0.000159613454520381,0
"426",2001-10-24,40.2189973614776,102,379,6265136,0.00604934992632243,26.9129287598945
"427",2001-10-25,58.102766798419,333,506,6265136,0.00807644079873127,65.8102766798419
"428",2001-10-26,16.6019417475728,12,103,6265136,0.00164401858155992,11.6504854368932
"429",2001-10-27,62.7248322147651,129,149,6265136,0.00237824047235367,86.5771812080537
"430",2001-10-28,51.72,281,400,6265136,0.00638453818081523,70.25
"431",2001-10-29,52.2638888888889,111,144,6265136,0.00229843374509348,77.0833333333333
"432",2001-10-30,47.3970588235294,54,136,6265136,0.00217074298147718,39.7058823529412
"433",2001-10-31,NA,0,0,6265136,0,NA
"434",2001-11-01,NA,0,0,6265136,0,NA
"435",2001-11-02,NA,0,0,6265136,0,NA
"436",2001-11-03,NA,0,0,6265136,0,NA
"437",2001-11-04,NA,0,0,6265136,0,NA
"438",2001-11-05,NA,0,0,6265136,0,NA
"439",2001-11-06,NA,0,0,6265136,0,NA
"440",2001-11-07,NA,0,0,6265136,0,NA
"441",2001-11-08,NA,0,0,6265136,0,NA
"442",2001-11-09,NA,0,0,6265136,0,NA
"443",2001-11-10,NA,0,0,6265136,0,NA
"444",2001-11-11,NA,0,0,6265136,0,NA
"445",2001-11-12,NA,0,0,6265136,0,NA
"446",2001-11-13,NA,0,0,6265136,0,NA
"447",2001-11-14,NA,0,0,6265136,0,NA
"448",2001-11-15,NA,0,0,6265136,0,NA
"449",2001-11-16,NA,0,0,6265136,0,NA
"450",2001-11-17,NA,0,0,6265136,0,NA
"451",2001-11-18,NA,0,0,6265136,0,NA
"452",2001-11-19,NA,0,0,6265136,0,NA
"453",2001-11-20,NA,0,0,6265136,0,NA
"454",2001-11-21,NA,0,0,6265136,0,NA
"455",2001-11-22,NA,0,0,6265136,0,NA
"456",2001-11-23,NA,0,0,6265136,0,NA
"457",2001-11-24,NA,0,0,6265136,0,NA
"458",2002-01-16,NA,0,0,6265136,0,NA
"459",2002-01-18,NA,0,0,6265136,0,NA
"460",2002-01-19,NA,0,0,6265136,0,NA
"461",2002-01-20,NA,0,0,6265136,0,NA
"462",2002-01-21,NA,0,0,6265136,0,NA
"463",2002-01-22,NA,0,0,6265136,0,NA
"464",2002-01-23,NA,0,0,6265136,0,NA
"465",2002-01-24,NA,0,0,6265136,0,NA
"466",2002-01-25,NA,0,0,6265136,0,NA
"467",2002-01-26,NA,0,0,6265136,0,NA
"468",2002-01-27,NA,0,0,6265136,0,NA
"469",2002-01-28,NA,0,0,6265136,0,NA
"470",2002-01-29,NA,0,0,6265136,0,NA
"471",2002-01-30,NA,0,0,6265136,0,NA
"472",2002-01-31,NA,0,0,6265136,0,NA
"473",2002-02-01,NA,0,0,6265136,0,NA
"474",2002-02-02,NA,0,0,6265136,0,NA
"475",2002-02-03,NA,0,0,6265136,0,NA
"476",2002-02-04,NA,0,0,6265136,0,NA
"477",2002-02-05,NA,0,0,6265136,0,NA
"478",2002-02-06,NA,0,0,6265136,0,NA
"479",2002-02-07,NA,0,0,6265136,0,NA
"480",2002-02-08,NA,0,0,6265136,0,NA
"481",2002-02-09,NA,0,0,6265136,0,NA
"482",2002-02-10,NA,0,0,6265136,0,NA
"483",2002-02-11,28.8333333333333,0,12,6265136,0.000191536145424457,0
"484",2002-02-12,55.9395348837209,151,215,6265136,0.00343168927218819,70.2325581395349
"485",2002-02-13,NA,0,0,6265136,0,NA
"486",2002-02-14,66.5971049457177,711,829,6265136,0.0132319553797396,85.7659831121833
"487",2002-02-15,60.3973128598848,406,521,6265136,0.00831586098051184,77.9270633397313
"488",2002-02-16,37.4647887323944,22,71,6265136,0.0011332555270947,30.9859154929577
"489",2002-02-17,63.2591240875912,212,274,6265136,0.00437340865385843,77.3722627737226
"490",2002-02-18,47.9894736842105,51,95,6265136,0.00151632781794362,53.6842105263158
"491",2002-02-19,57.2421602787456,439,574,6265136,0.00916181228946985,76.4808362369338
"492",2002-02-20,NA,0,0,6265136,0,NA
"493",2002-02-21,50.5893223819302,248,487,6265136,0.00777317523514254,50.9240246406571
"494",2002-02-22,64.4754098360656,1225,1403,6265136,0.0223937676692094,87.3129009265859
"495",2002-02-23,48.4,87,160,6265136,0.00255381527232609,54.375
"496",2002-02-24,48.1901709401709,215,468,6265136,0.00746990967155382,45.9401709401709
"497",2002-02-25,52.6895223420647,789,1298,6265136,0.0207178263967454,60.7858243451464
"498",2002-02-26,78.3700598802395,769,835,6265136,0.0133277234524518,92.0958083832335
"499",2002-02-27,55.8646616541353,196,266,6265136,0.00424571789024213,73.6842105263158
"500",2002-02-28,63.1369863013699,1498,1752,6265136,0.0279642772319707,85.5022831050228
"501",2002-03-01,60.3216885007278,4967,6183,6265136,0.0986889989299514,80.3331715995471
"502",2002-03-02,64.6473164516643,22830,25116,6265136,0.400885152373388,90.89823220258
"503",2002-03-03,64.001705115346,38920,39880,6265136,0.636538456627278,97.592778335005
"504",2002-03-04,71.4791793290541,65696,67457,6265136,1.07670448015813,97.3894480928592
"505",2002-03-05,70.2526724775923,44956,48644,6265136,0.77642368816894,92.418386645835
"506",2002-03-06,52.0215107553777,1088,1999,6265136,0.0319067295586241,54.4272136068034
"507",2002-03-07,68.8301640448965,90176,94974,6265136,1.51591282296186,94.9480910564997
"508",2002-03-08,57.1407958331378,34882,42622,6265136,0.680304465856767,81.8403641311998
"509",2002-03-09,55.5308029551419,50767,65919,6265136,1.0521559308529,77.0142144146604
"510",2002-03-10,66.0154269321868,138085,143969,6265136,2.29793894338447,95.9130090505595
"511",2002-03-11,68.3654120067525,148311,151648,6265136,2.42050611511067,97.7995093901667
"512",2002-03-12,68.4923780125846,166147,168460,6265136,2.68884825485033,98.6269737623175
"513",2002-03-13,68.0723371751357,159521,162337,6265136,2.5911169366475,98.2653369225746
"514",2002-03-14,66.8187522858078,48598,51951,6265136,0.82920785757883,93.5458412735077
"515",2002-03-15,63.8504135012131,51490,56469,6265136,0.901321216331138,91.1827728488197
"516",2002-03-16,65.6533274090212,67681,69769,6265136,1.11360711084324,97.0072668377073
"517",2002-03-17,68.0399837816419,106093,108519,6265136,1.73210924710972,97.7644467789051
"518",2002-03-18,68.4813068246124,104978,106028,6265136,1.69234953558869,99.0096955521183
"519",2002-03-19,68.9579138037462,97823,98821,6265136,1.57731611891585,98.990093198814
"520",2002-03-28,NA,0,0,6265136,0,NA
"521",2002-03-29,70.6359390637162,78345,80937,6265136,1.29186341685161,96.7975091738018
"522",2002-03-30,70.2878684437057,32678,33689,6265136,0.537721766933711,96.9990204517795
"523",2002-03-31,73.7950117995465,20704,21611,6265136,0.344940636563995,95.8030632548239
"524",2002-04-01,73.0037975687628,99211,100854,6265136,1.60976553421985,98.3709124080354
"525",2002-04-02,72.6851889587285,127281,127594,6265136,2.03657191160735,99.7546906594354
"526",2002-04-03,58.1044538706257,5030,5658,6265136,0.0903092925676314,88.9006716154118
"527",2002-04-04,72.5804271940556,88014,89093,6265136,1.42204415035843,98.7889059746557
"528",2002-04-05,55.4770642201835,4205,5232,6265136,0.0835097594050632,80.3707951070336
"529",2002-04-06,70.1466891938806,86086,86414,6265136,1.37928370589242,99.6204318744648
"530",2002-04-07,74.6273914534177,160310,160415,6265136,2.56043923068869,99.9345447744912
"531",2002-04-08,65.3844017414803,26457,26644,6265136,0.425274088224102,99.2981534304159
"532",2002-04-09,60.5888830372959,20347,20887,6265136,0.333384622456719,97.4146598362618
"533",2002-04-10,68.0142010309278,38472,38800,6265136,0.619300203539077,99.1546391752577
"534",2002-04-11,71.0293702058942,78897,79264,6265136,1.26516008591035,99.5369903108599
"535",2002-04-12,73.7099712014178,121708,121881,6265136,1.94538474503985,99.8580582699518
"536",2002-04-13,73.5079845076717,201341,201390,6265136,3.21445536058595,99.9756690997567
"537",2002-04-14,74.1484027366266,92683,92815,6265136,1.48145227813091,99.8577816085762
"538",2002-04-16,72.2972100796062,119740,121473,6265136,1.93887251609542,98.5733455171108
"539",2002-04-17,67.7429448972145,31898,32884,6265136,0.52487288384482,97.0015813161416
"540",2002-04-18,74.5393822296941,39077,39853,6265136,0.636107500300073,98.052844202444
"541",2002-04-19,72.9129680138854,3857,4033,6265136,0.0643721062080695,95.6360029754525
"542",2002-04-20,68.7941275167785,5792,5960,6265136,0.0951296188941469,97.1812080536913
"543",2002-04-21,71.9688156146891,93054,93348,6265136,1.48995967525685,99.6850494922227
"544",2002-04-22,69.2164806269495,77543,77582,6265136,1.23831310286002,99.9497306076152
"545",2002-04-23,73.5743806928247,179894,180161,6265136,2.87561195798463,99.8517992240274
"546",2002-04-24,74.3584777227723,161527,161600,6265136,2.57935342504935,99.9548267326733
"547",2002-04-25,73.0891953630367,140482,140523,6265136,2.24293614695675,99.970823281598
"548",2002-04-26,68.9563821047128,13275,13389,6265136,0.213706454257338,99.1485547837777
"549",2002-04-27,67.971247074557,2988,2991,6265136,0.0477403842470459,99.8996990972919
"550",2002-04-28,73.6805508007151,52448,52578,6265136,0.839215621177258,99.7527482977671
"551",2002-04-29,75.1869095902254,78410,78653,6265136,1.25540770383915,99.6910480210545
"552",2002-04-30,74.4969593218701,144526,144869,6265136,2.3123041542913,99.7632343703622
"553",2002-05-01,71.5878450944469,31542,31658,6265136,0.505304274320621,99.633583928233
"554",2002-05-02,71.4727174378507,44107,44369,6265136,0.708188936361477,99.4094976222137
"555",2002-05-03,73.3606645327902,109920,109972,6265136,1.75530108205153,99.9527152366057
"556",2002-05-04,74.7754901261852,140179,140270,6265136,2.23889792655738,99.935125115848
"557",2002-05-05,75.6385931798163,158818,158940,6265136,2.53689624614693,99.9232414747704
"558",2002-05-06,75.8623873772917,66748,66927,6265136,1.06824496706855,99.7325444140631
"559",2002-05-07,73.4451529582694,123794,123890,6265136,1.977451088053,99.9225119057228
"560",2002-05-08,74.7139728405146,195739,195880,6265136,3.12650834714522,99.9280171533592
"561",2002-05-09,78.0517993208736,109647,109847,6265136,1.75330591387003,99.8179285733793
"562",2002-05-10,76.7571731050351,152356,152549,6265136,2.43488728736296,99.8734832742266
"563",2002-05-11,78.5385014939095,217166,217550,6265136,3.47239070309088,99.8234888531372
"564",2002-05-12,80.5199496085665,221947,222260,6265136,3.54756864016998,99.8591739404301
"565",2002-05-13,80.3255382440432,169588,169765,6265136,2.70967781066524,99.8957382263717
"566",2002-05-14,79.0707515321492,153829,154032,6265136,2.45855796266833,99.8682092032824
"567",2002-05-15,79.1033202503448,141206,141405,6265136,2.25701405364544,99.8592694742053
"568",2002-05-16,79.8533410334577,105344,105626,6265136,1.68593307471697,99.733020279098
"569",2002-05-17,75.6396519365296,17400,17583,6265136,0.280648337083185,98.9592219757721
"570",2002-05-18,71.6663909701275,20374,20554,6265136,0.328069494421191,99.1242580519607
"571",2002-05-19,72.3927769643729,20432,20490,6265136,0.32704796831226,99.7169350902879
"572",2002-05-20,73.4534733419506,74816,75043,6265136,1.19778724675729,99.6975067627893
"573",2002-05-21,72.4733397939916,99788,100093,6265136,1.59761895033085,99.6952833864506
"574",2002-05-22,74.3001627656404,217685,218105,6265136,3.48124924981676,99.8074322000871
"575",2002-05-23,79.3759376545099,211674,212365,6265136,3.38963112692206,99.6746168153886
"576",2002-05-24,80.4199300790524,229224,229974,6265136,3.670694458987,99.673876177307
"577",2002-05-25,83.029496048537,266762,268002,6265136,4.27767250383711,99.5373168856949
"578",2002-05-26,84.7939144249261,261840,263114,6265136,4.19965344726755,99.5157992353125
"579",2002-05-27,84.1448723354081,138402,139937,6265136,2.23358279852185,98.9030778135875
"580",2002-05-28,72.3498349834984,3418,3939,6265136,0.062871739735578,86.7732927138868
"581",2002-05-29,81.8467044561215,23227,24169,6265136,0.385769758230308,96.1024452811453
"582",2002-05-30,81.7237046632124,7166,7720,6265136,0.123221586889734,92.8238341968912
"583",2002-05-31,87.2274565020618,96889,99430,6265136,1.58703657829615,97.4444332696369
"584",2002-06-01,87.7334113012434,79782,81230,6265136,1.29654009106905,98.2174073618121
"585",2002-06-02,85.8301779755284,86767,89900,6265136,1.43492495613822,96.5150166852058
"586",2002-06-03,81.4464385629678,88555,94723,6265136,1.5119065252534,93.4883819135796
"587",2002-06-04,73.8436018957346,6260,7174,6265136,0.114506692272921,87.2595483691107
"588",2002-06-05,81.4300784167289,70641,74984,6265136,1.19684552737562,94.2080977275152
"589",2002-06-06,77.6034866598885,105557,114092,6265136,1.82106182531393,92.5191950355853
"590",2002-06-07,82.6601140430487,53018,58399,6265136,0.932126613053571,90.7858011267316
"591",2002-06-08,74.0907971683595,11328,12996,6265136,0.207433645494687,87.1652816251154
"592",2002-06-09,77.7796832011112,34007,37437,6265136,0.597544889687949,90.8379410743382
"593",2002-06-10,76.2213034947704,120603,135574,6265136,2.16394344831461,88.9573222004219
"594",2002-06-11,76.0072837882276,103923,121640,6265136,1.94153806078591,85.4348898388688
"595",2002-06-12,72.2276429020302,127813,155946,6265136,2.48910797786353,81.959780949816
"596",2002-06-13,69.5309194751178,103091,128867,6265136,2.05689070436779,79.9979824159793
"597",2002-06-14,77.7773497979684,23158,26481,6265136,0.42267238891542,87.4513802348854
"598",2002-06-15,62.0683767692838,44585,60971,6265136,0.973179193556213,73.1249282445753
"599",2002-06-16,57.6999307921635,27915,37568,6265136,0.599635825942166,74.3052597955707
"600",2002-06-17,62.1149444702504,20919,23681,6265136,0.377980621649714,88.336641189139
"601",2002-06-18,66.1869591294662,29980,35013,6265136,0.558854588312209,85.6253391597407
"602",2002-06-19,70.0264279624894,8266,9384,6265136,0.149781265721925,88.0861040068201
"603",2002-06-20,68.9249863113707,34255,38353,6265136,0.612165482122016,89.3150470628112
"604",2002-06-21,63.5095162457588,83648,106397,6265136,1.69823927206049,78.6187580476893
"605",2002-06-22,68.3944954568109,176101,208664,6265136,3.33055818740407,84.3945290035655
"606",2002-06-23,73.9908035291115,94725,109716,6265136,1.75121497761581,86.3365416165372
"607",2002-06-24,69.2310542270125,61191,77194,6265136,1.23212010082463,79.2691141798585
"608",2002-06-25,64.7776800168931,21471,28414,6265136,0.45352566967421,75.5648623917787
"609",2002-06-26,23.8416838252116,1148,4371,6265136,0.0697670409708584,26.2640128117136
"610",2002-06-27,64.3662960155658,100851,127973,6265136,2.04262126153367,78.8064669891305
"611",2002-06-28,66.2880708187704,133362,174530,6265136,2.7857336217442,76.4120781527531
"612",2002-06-29,63.5784707034657,52104,74531,6265136,1.18961503788585,69.9091653137621
"613",2002-06-30,65.5041288142802,123789,169298,6265136,2.70222386233914,73.1189972710841
"614",2002-07-01,71.6717069295339,150625,191326,6265136,3.05382037995664,78.7268850025611
"615",2002-07-02,71.9532999623853,27871,34561,6265136,0.551640060167888,80.6429212117705
"616",2002-07-03,56.2283019983446,21033,33828,6265136,0.539940393951544,62.1763036537779
"617",2002-07-04,59.8463097803926,56319,85835,6265136,1.37004208687569,65.6130948913613
"618",2002-07-05,67.6479364894052,62875,85655,6265136,1.36716904469432,73.4049384157375
"619",2002-07-06,62.7695722567504,39954,57441,6265136,0.916835644110519,69.5565884995038
"620",2002-07-07,60.370216675114,21315,31568,6265136,0.503867753229938,67.5209072478459
"621",2002-07-08,53.9707232499951,31659,50757,6265136,0.810150011109096,62.3736627460252
"622",2002-07-09,41.7481292543139,31611,65081,6265136,1.03878032336409,48.5717797821177
"623",2002-07-10,62.6273449215044,91181,130708,6265136,2.08627554134499,69.7593108302476
"624",2002-07-11,58.4240565626,109831,171845,6265136,2.74287740920548,63.9128284209608
"625",2002-07-12,59.2403987336938,151665,235646,6265136,3.76122721039096,64.3613725673256
"626",2002-07-13,57.209187258338,147290,237677,6265136,3.79364470300405,61.9706576572407
"627",2002-07-14,57.3088917689282,137282,220676,6265136,3.52228586897395,62.2097554786202
"628",2002-07-15,62.8681558326352,56307,81164,6265136,1.29548664226922,69.3743531615002
"629",2002-07-16,44.7666583400987,31994,64052,6265136,1.02235609889394,49.950040592019
"630",2002-07-17,63.4569774080418,18144,24522,6265136,0.391404113174878,73.9907022265721
"631",2002-07-18,61.3982784154017,7640,10804,6265136,0.172446376263819,70.714550166605
"632",2002-07-19,47.5921815889029,2049,3965,6265136,0.063286734717331,51.6771752837327
"633",2002-07-20,42.6235373234701,3439,7435,6265136,0.118672603435903,46.2542030934768
"634",2002-07-21,47.9271778821075,6358,9585,6265136,0.152989496157785,66.3328116849244
"635",2002-07-22,50.3499154188334,19226,31922,6265136,0.509518069519959,60.2280558862227
"636",2002-07-23,63.9820584027602,44801,59415,6265136,0.948343340032842,75.4035176302281
"637",2002-07-24,62.611978080458,51104,69527,6265136,1.10974446524385,73.5023803702159
"638",2002-07-25,54.3981787036804,47806,79394,6265136,1.26723506081911,60.2136181575434
"639",2002-07-26,61.2426524452779,23501,34127,6265136,0.544712836241703,68.8633633193659
"640",2002-07-27,51.0846277450455,64369,115754,6265136,1.84758958145522,55.6084454964839
"641",2002-07-28,59.8504189435337,24589,27450,6265136,0.438138932658445,89.5774134790528
"642",2002-07-29,55.4678245873368,28346,40590,6265136,0.647871011898225,69.8349347129835
"643",2002-07-30,44.0075974824029,13485,26851,6265136,0.428578086732674,50.221593236751
"644",2002-07-31,33.2387810974884,2839,8401,6265136,0.134091263142572,33.7935960004761
"645",2002-08-01,40.2309611344538,3495,7616,6265136,0.121561606962722,45.890231092437
"646",2002-08-02,44.3932751700435,22050,41607,6265136,0.664103700222948,52.9958901146442
"647",2002-08-03,51.8159412330084,17127,29132,6265136,0.464985915708773,58.7910201839901
"648",2002-08-04,61.0633299284985,11416,16643,6265136,0.26564467235827,68.5934026317371
"649",2002-08-05,37.2792318821518,2757,7603,6265136,0.121354109471845,36.2620018413784
"650",2002-08-06,49.9291618420902,48249,87227,6265136,1.39226027974493,55.3142948857579
"651",2002-08-07,63.9833238428374,51913,73758,6265136,1.17727691785142,70.3828737221725
"652",2002-08-08,42.9142743076979,26208,55106,6265136,0.87956590248001,47.5592494465212
"653",2002-08-09,45.5476549729662,16260,31812,6265136,0.507762321520235,51.1127876273105
"654",2002-08-10,41.0195270693241,21933,49521,6265136,0.790421788130377,44.2903010843884
"655",2002-08-11,56.9798543092629,49590,77287,6265136,1.23360450595167,64.1634427523387
"656",2002-08-12,53.3241079476168,123601,207471,6265136,3.31151630227979,59.5750731427525
"657",2002-08-13,53.4391100216055,141175,240680,6265136,3.84157662339652,58.6567226192455
"658",2002-08-14,57.4340779220779,96769,154000,6265136,2.45804719961386,62.837012987013
"659",2002-08-15,70.4492295535362,30599,40496,6265136,0.646370645425734,75.5605491900435
"660",2002-08-16,43.7191813338491,26948,56873,6265136,0.907769599893761,47.3827651082236
"661",2002-08-17,51.7971475589687,4476,9115,6265136,0.145487663795327,49.1058694459682
"662",2002-08-18,43.1181176965996,20048,47495,6265136,0.758084102244548,42.210759027266
"663",2002-08-19,42.2490331157844,46188,99288,6265136,1.58477006724196,46.5192168237854
"664",2002-08-20,32.4584341183959,1981,7855,6265136,0.125376368525759,25.2196053469128
"665",2002-08-21,52.2132180678625,67218,115675,6265136,1.8463286351645,58.1093581154095
"666",2002-08-22,35.6133405639913,1762,5532,6265136,0.0882981630406746,31.8510484454085
"667",2002-08-23,46.4145569620253,10407,21172,6265136,0.33793360591055,49.1545437370111
"668",2002-08-24,54.1691640957837,15646,27228,6265136,0.434595513968093,57.4629058322315
"669",2002-08-25,54.6608888069334,3888,5423,6265136,0.0865583763864025,71.6946339664392
"670",2002-08-26,37.0815004767071,9227,30417,6265136,0.485496244614642,30.3350100272874
"671",2002-08-27,45.8098667921671,24862,48871,6265136,0.780046913586553,50.8727056945837
"672",2002-08-28,31.8838301030358,20999,57941,6265136,0.924816316836538,36.2420393158558
"673",2002-08-29,51.1244099367562,68445,109734,6265136,1.75150228183395,62.3735578763191
"674",2002-08-30,56.3805829843172,90321,130844,6265136,2.08844628432647,69.0295313503103
"675",2002-08-31,53.3425870959481,109988,171822,6265136,2.74251029826009,64.0127573884601
"676",2002-09-01,53.7038471743168,13069,18845,6265136,0.300791555043657,69.349960201645
"677",2002-09-02,53.0988575425507,78834,115803,6265136,1.84837168738237,68.0759565814357
"678",2002-09-03,44.8864202537512,19158,34522,6265136,0.551017567695258,55.4950466369272
"679",2002-09-04,58.7376753846806,73976,94364,6265136,1.50617640223612,78.3943029121275
"680",2002-09-05,56.3662985941146,27418,35138,6265136,0.560849756493714,78.0294837497866
"681",2002-09-06,62.3570804260551,57027,67503,6265136,1.07743870204893,84.4806897471224
"682",2002-09-07,64.0004029110322,71703,79422,6265136,1.26768197849177,90.2810304449649
"683",2002-09-08,66.5627103379627,77859,84388,6265136,1.34694602000659,92.2631179788596
"684",2002-09-09,69.9156666292821,148892,160494,6265136,2.5617001769794,92.7710693234638
"685",2002-09-10,60.6483455542547,37115,48687,6265136,0.777110026023378,76.2318483373385
"686",2002-09-11,66.6858149813549,132174,156341,6265136,2.49541270931708,84.5421226677583
"687",2002-09-12,60.6668509035125,70995,88654,6265136,1.41503711970498,80.0809890134681
"688",2002-09-13,61.5976467853407,89422,111847,6265136,1.7852286047741,79.9502892344006
"689",2002-09-14,58.5336517710701,27365,34753,6265136,0.554704638494679,78.7414036198314
"690",2002-09-15,62.7703099300158,25459,31007,6265136,0.494913438431344,82.107266101203
"691",2002-09-16,61.3082248887762,121067,149923,6265136,2.3929727942059,80.7527864303676
"692",2002-09-17,64.2056659835427,131154,160537,6265136,2.56238651483384,81.6970542616344
"693",2002-09-18,54.664800542264,26815,39833,6265136,0.635788273391032,67.3185549669872
"694",2002-09-19,63.3031509201561,138552,164809,6265136,2.63057338260494,84.0682244294911
"695",2002-09-20,69.6058510005158,134309,151222,6265136,2.4137065819481,88.8157807726389
"696",2002-09-21,64.7052639171911,48098,55453,6265136,0.885104489351867,86.736515607812
"697",2002-09-22,52.9094006963479,9118,13499,6265136,0.215462202257062,67.5457441291947
"698",2002-09-23,59.2079915775041,31489,40843,6265136,0.651909232297591,77.097666674828
"699",2002-09-24,55.8335499215379,57107,81568,6265136,1.30193502583184,70.0115241271087
"700",2002-09-25,63.743988042306,88968,105706,6265136,1.68720998235314,84.165515675553
"701",2002-09-26,66.4953429846409,131284,154176,6265136,2.46085639641342,85.1520340390203
"702",2002-09-27,65.0755014690413,91765,110276,6265136,1.76015333106895,83.2139359425442
"703",2002-09-28,60.3407774149373,59761,75944,6265136,1.21216841900958,78.6908774886759
"704",2002-09-29,64.6344157831761,123640,143748,6265136,2.29441148603957,86.0116314661769
"705",2002-09-30,66.0343103356562,82229,93995,6265136,1.50028666576432,87.4823128889835
"706",2002-10-01,64.4013511412133,47079,57877,6265136,0.923794790727608,81.3431933237728
"707",2002-10-02,63.7642199497798,120191,137395,6265136,2.19300905838277,87.4784380799884
"708",2002-10-03,55.7724975546136,8575,12268,6265136,0.195813786005603,69.897293772416
"709",2002-10-04,56.1571484071484,3784,5148,6265136,0.082169006387092,73.5042735042735
"710",2002-10-05,67.4987387297385,72843,80078,6265136,1.2781526211083,90.9650590674093
"711",2002-10-06,71.6007441234855,82612,92189,6265136,1.47146047587794,89.611558862771
"712",2002-10-07,63.0053159318797,25360,31415,6265136,0.501425667375776,80.7257679452491
"713",2002-10-08,54.8601666731875,17621,25559,6265136,0.407956028408641,68.9424468875934
"714",2002-10-09,58.6713395638629,16877,24396,6265136,0.389392983647921,69.1793736678144
"715",2002-10-10,60.002397675665,24954,35451,6265136,0.565845657620202,70.3901159346704
"716",2002-10-11,59.9152290495574,11877,15477,6265136,0.247033743561193,76.7396782322156
"717",2002-10-12,60.8848223896663,9636,13006,6265136,0.207593258949207,74.0888820544364
"718",2002-10-13,33.352,340,1125,6265136,0.0179565136335428,30.2222222222222
"719",2002-10-14,48.2622377622378,147,286,6265136,0.00456494479928289,51.3986013986014
"720",2002-10-15,35.1796536796537,47,462,6265136,0.00737414159884159,10.1731601731602
"721",2002-10-16,40.8063909774436,212,532,6265136,0.00849143578048425,39.8496240601504
"722",2002-10-17,45.2685851318945,401,834,6265136,0.0133117621069998,48.0815347721823
"723",2002-10-18,61.7825793382849,1139,1481,6265136,0.0236387526144684,76.9074949358541
"724",2002-10-19,52.3877005347594,229,374,6265136,0.00596954319906224,61.2299465240642
"725",2002-10-20,59.536443148688,264,343,6265136,0.00547474149004906,76.9679300291545
"726",2002-10-21,56.0020161290323,369,496,6265136,0.00791682734421088,74.3951612903226
"727",2002-10-22,52.1145374449339,140,227,6265136,0.00362322541761264,61.6740088105727
"728",2002-10-23,59.8979591836735,303,392,6265136,0.00625684741719892,77.2959183673469
"729",2002-10-24,59.2223340040241,765,994,6265136,0.0158655773793258,76.9617706237425
"730",2002-10-25,46.615,95,200,6265136,0.00319226909040761,47.5
"731",2002-10-26,47.5623471882641,163,409,6265136,0.00652819028988357,39.8533007334963
"732",2002-10-27,48.7916666666667,124,192,6265136,0.00306457832679131,64.5833333333333
"733",2002-10-28,51.8779840848806,260,377,6265136,0.00601742723541835,68.9655172413793
"734",2002-10-29,81.8432108027007,1266,1333,6265136,0.0212764734875668,94.973743435859
"735",2002-10-30,70.2573913043478,546,575,6265136,0.00917777363492189,94.9565217391304
"736",2002-10-31,NA,0,0,6265136,0,NA
"737",2002-11-01,NA,0,0,6265136,0,NA
"738",2002-11-02,NA,0,0,6265136,0,NA
"739",2002-11-03,NA,0,0,6265136,0,NA
"740",2002-11-04,NA,0,0,6265136,0,NA
"741",2002-11-05,NA,0,0,6265136,0,NA
"742",2002-11-06,NA,0,0,6265136,0,NA
"743",2002-11-07,NA,0,0,6265136,0,NA
"744",2002-11-08,NA,0,0,6265136,0,NA
"745",2002-11-09,NA,0,0,6265136,0,NA
"746",2002-11-10,NA,0,0,6265136,0,NA
"747",2002-11-11,NA,0,0,6265136,0,NA
"748",2002-11-12,NA,0,0,6265136,0,NA
"749",2002-11-13,NA,0,0,6265136,0,NA
"750",2002-11-14,NA,0,0,6265136,0,NA
"751",2002-11-15,NA,0,0,6265136,0,NA
"752",2002-11-16,NA,0,0,6265136,0,NA
"753",2002-11-17,NA,0,0,6265136,0,NA
"754",2002-11-18,NA,0,0,6265136,0,NA
"755",2002-11-19,NA,0,0,6265136,0,NA
"756",2002-11-20,NA,0,0,6265136,0,NA
"757",2002-11-21,NA,0,0,6265136,0,NA
"758",2002-11-22,NA,0,0,6265136,0,NA
"759",2002-11-23,NA,0,0,6265136,0,NA
"760",2002-11-25,NA,0,0,6265136,0,NA
"761",2002-12-05,NA,0,0,6265136,0,NA
"762",2002-12-06,NA,0,0,6265136,0,NA
"763",2002-12-11,NA,0,0,6265136,0,NA
"764",2003-01-15,NA,0,0,6265136,0,NA
"765",2003-01-16,NA,0,0,6265136,0,NA
"766",2003-01-17,NA,0,0,6265136,0,NA
"767",2003-01-19,NA,0,0,6265136,0,NA
"768",2003-01-20,NA,0,0,6265136,0,NA
"769",2003-01-21,NA,0,0,6265136,0,NA
"770",2003-01-22,NA,0,0,6265136,0,NA
"771",2003-01-23,NA,0,0,6265136,0,NA
"772",2003-01-24,NA,0,0,6265136,0,NA
"773",2003-01-25,NA,0,0,6265136,0,NA
"774",2003-01-26,NA,0,0,6265136,0,NA
"775",2003-01-27,NA,0,0,6265136,0,NA
"776",2003-01-28,NA,0,0,6265136,0,NA
"777",2003-01-29,NA,0,0,6265136,0,NA
"778",2003-01-30,NA,0,0,6265136,0,NA
"779",2003-01-31,NA,0,0,6265136,0,NA
"780",2003-02-02,NA,0,0,6265136,0,NA
"781",2003-02-03,NA,0,0,6265136,0,NA
"782",2003-02-04,NA,0,0,6265136,0,NA
"783",2003-02-05,NA,0,0,6265136,0,NA
"784",2003-02-06,NA,0,0,6265136,0,NA
"785",2003-02-07,NA,0,0,6265136,0,NA
"786",2003-02-08,NA,0,0,6265136,0,NA
"787",2003-02-09,NA,0,0,6265136,0,NA
"788",2003-02-10,NA,0,0,6265136,0,NA
"789",2003-02-11,NA,0,0,6265136,0,NA
"790",2003-02-12,NA,0,0,6265136,0,NA
"791",2003-02-13,NA,0,0,6265136,0,NA
"792",2003-02-14,54.5468227424749,455,598,6265136,0.00954488458031877,76.0869565217391
"793",2003-02-15,67.4160839160839,478,572,6265136,0.00912988959856578,83.5664335664336
"794",2003-02-16,NA,0,0,6265136,0,NA
"795",2003-02-17,NA,0,0,6265136,0,NA
"796",2003-02-18,NA,0,0,6265136,0,NA
"797",2003-02-19,59.4203980099502,278,402,6265136,0.00641646087171931,69.1542288557214
"798",2003-02-20,44.6712328767123,16,73,6265136,0.00116517821799878,21.9178082191781
"799",2003-02-21,NA,0,0,6265136,0,NA
"800",2003-02-22,55.2666151468315,825,1294,6265136,0.0206539810149373,63.7557959814529
"801",2003-02-23,53.896,75,125,6265136,0.00199516818150476,60
"802",2003-02-24,45.4991789819376,189,609,6265136,0.00972045938029119,31.0344827586207
"803",2003-02-25,NA,0,0,6265136,0,NA
"804",2003-02-26,57.4600938967136,298,426,6265136,0.00679953316256822,69.9530516431925
"805",2003-02-27,64.8,509,620,6265136,0.00989603418026361,82.0967741935484
"806",2003-02-28,62.9372909698997,1009,1196,6265136,0.0190897691606375,84.3645484949833
"807",2003-03-01,59.2900114810563,8200,8710,6265136,0.139023318887252,94.1446613088404
"808",2003-03-02,36.1366742596811,0,439,6265136,0.00700703065344471,0
"809",2003-03-03,51.8794516465504,4459,6711,6265136,0.107116589328627,66.443153032335
"810",2003-03-04,54.0622418879056,10178,13560,6265136,0.216435844329636,75.0589970501475
"811",2003-03-05,57.7092642240095,11631,13428,6265136,0.214328946729967,86.6175156389634
"812",2003-03-06,57.3800071658904,26256,27910,6265136,0.445481151566383,94.0738086707273
"813",2003-03-07,54.6857466704449,2937,3529,6265136,0.0563275881002424,83.2247095494474
"814",2003-03-08,51.5935408103347,5824,8515,6265136,0.135910856524104,68.3969465648855
"815",2003-03-09,66.5509846098691,72841,78102,6265136,1.24661300249508,93.2639369030242
"816",2003-03-10,64.5642051300245,108149,112748,6265136,1.79960977702639,95.9209919466421
"817",2003-03-11,61.8827852783135,123019,125991,6265136,2.01098587484773,97.641101348509
"818",2003-03-12,69.2181930797601,104298,106557,6265136,1.70079308733282,97.8800078831048
"819",2003-03-13,66.2443833022163,109446,111943,6265136,1.7867608939375,97.769400498468
"820",2003-03-14,67.6233179996748,102287,104563,6265136,1.66896616450146,97.8233218251198
"821",2003-03-15,63.9965221794342,70333,75047,6265136,1.1978510921391,93.7186030087812
"822",2003-03-16,63.4829282443904,75856,79283,6265136,1.26546335147393,95.6775096805116
"823",2003-03-17,63.0789243858463,65466,70992,6265136,1.13312783633109,92.2160243407708
"824",2003-03-18,60.7263460727661,38123,40321,6265136,0.643577409971627,94.5487463108554
"825",2003-03-19,70.1200560728948,148480,149805,6265136,2.39108935544256,99.1155168385568
"826",2003-03-20,57.1171097318187,16485,17078,6265136,0.272587857629906,96.5276964515751
"827",2003-03-21,63.2391603498542,38847,42875,6265136,0.684342686256132,90.6052478134111
"828",2003-03-22,62.1046609682242,50010,52178,6265136,0.832831082996443,95.8449921422822
"829",2003-03-23,66.4298880746655,136234,137145,6265136,2.18901872201976,99.3357395457363
"830",2003-03-24,69.4259819515679,153140,154030,6265136,2.45852603997742,99.4221904823736
"831",2003-03-25,71.4455828779599,183314,184464,6265136,2.94429362746475,99.3765721224738
"832",2003-03-26,60.9827481324671,40219,41097,6265136,0.655963414042409,97.8635910163759
"833",2003-03-27,66.0803355621081,119557,120395,6265136,1.92166618569812,99.3039578055567
"834",2003-03-28,68.2224139430054,149137,149523,6265136,2.38658825602509,99.7418457361075
"835",2003-03-29,70.8324583552835,164819,165147,6265136,2.63596831736773,99.8013890654992
"836",2003-03-30,71.0874701492537,133521,134000,6265136,2.1388202905731,99.6425373134328
"837",2003-03-31,70.2250166947263,106076,106321,6265136,1.69702620980614,99.7695657490054
"838",2003-04-01,70.865497964392,131424,131656,6265136,2.10140689683352,99.8237831925624
"839",2003-04-02,69.9360568383659,10676,10697,6265136,0.170738512300451,99.8036832756848
"840",2003-04-03,62.9835225192237,5347,5462,6265136,0.087180868859032,97.8945441230319
"841",2003-04-04,61.6782886723508,6497,6568,6265136,0.104834116928986,98.9190012180268
"842",2003-04-05,71.8748189487702,145507,145677,6265136,2.32520092141655,99.8833034727514
"843",2003-04-06,62.6019198489299,18365,19064,6265136,0.304287089697654,96.3334032731851
"844",2003-04-07,64.0291616038882,1596,1646,6265136,0.0262723746140547,96.9623329283111
"845",2003-04-08,71.745244639912,71348,72760,6265136,1.16134749509029,98.0593732820231
"846",2003-04-09,72.5104413989597,89785,90553,6265136,1.4453477147184,99.1518779057568
"847",2003-04-10,71.0222320867088,80930,81099,6265136,1.29444915481484,99.7916127202555
"848",2003-04-11,73.8658364018137,131290,131444,6265136,2.09802309159769,99.8828398405405
"849",2003-04-12,76.1092788849785,99826,100303,6265136,1.60097083287577,99.5244409439399
"850",2003-04-13,72.0978933172116,42496,43006,6265136,0.686433622510349,98.8141189601451
"851",2003-04-14,74.6497768730917,62784,63865,6265136,1.01937132729441,98.3073671024818
"852",2003-04-15,74.3577944675673,128201,129021,6265136,2.0593487515674,99.3644445477868
"853",2003-04-16,71.0940166452257,75086,76178,6265136,1.21590337384536,98.566515266875
"854",2003-04-17,78.0859580502756,85984,87438,6265136,1.3956281236353,98.3371074361262
"855",2003-04-18,76.0182244867756,45581,47299,6265136,0.754955678535949,96.3677879024927
"856",2003-04-19,80.2204194533895,166583,169554,6265136,2.70630996677486,98.2477558771837
"857",2003-04-20,68.9085048579454,42804,43434,6265136,0.693265078363822,98.5495234148363
"858",2003-04-21,70.620328148604,141726,142984,6265136,2.28221701811421,99.1201812790242
"859",2003-04-22,69.9988864897315,102237,103277,6265136,1.64843987425014,98.9929994093554
"860",2003-04-23,73.0946429773201,147995,148590,6265136,2.37169632071834,99.5995692846087
"861",2003-04-24,75.2662326281496,193324,193992,6265136,3.09637332693177,99.6556559033362
"862",2003-04-25,76.8014963596516,242694,243658,6265136,3.88910951015269,99.6043634930928
"863",2003-04-26,79.2941564577782,233826,234926,6265136,3.7497350416655,99.5317674501758
"864",2003-04-27,77.9729959942907,130064,130314,6265136,2.07998677123689,99.8081556854981
"865",2003-04-28,74.1538061193744,72755,73014,6265136,1.16540167683511,99.64527350919
"866",2003-04-29,73.9575473965929,124703,124798,6265136,1.99194398972345,99.9238769852081
"867",2003-04-30,70.1812156984571,19293,19314,6265136,0.308277426060663,99.8912705809257
"868",2003-05-01,71.3894006757958,28051,28115,6265136,0.44875322738405,99.7723635070247
"869",2003-05-02,67.0352372904869,79043,79291,6265136,1.26559104223755,99.68722805867
"870",2003-05-03,71.7783491800306,154138,154396,6265136,2.46436789241287,99.8328972253167
"871",2003-05-04,73.5738049700179,146701,146921,6265136,2.34505683515889,99.8502596633565
"872",2003-05-05,74.6112195792658,108770,109095,6265136,1.74130298209009,99.7020945047894
"873",2003-05-06,72.0218308496226,77327,77505,6265136,1.23708407926021,99.7703373975873
"874",2003-05-07,73.4975940586868,109843,110144,6265136,1.75804643346928,99.7267213829169
"875",2003-05-08,76.8281678312814,126014,126222,6265136,2.01467294564715,99.8352109774841
"876",2003-05-09,77.1129529071798,93968,94473,6265136,1.50791618889039,99.4654557386767
"877",2003-05-10,80.1326793648883,98839,99699,6265136,1.59133018022274,99.1374035847902
"878",2003-05-11,76.9955445679046,73326,73618,6265136,1.17504232948814,99.6033578744329
"879",2003-05-12,74.1731475579031,32647,32943,6265136,0.52581460322649,99.1014783110221
"880",2003-05-13,73.0804421852638,59427,60789,6265136,0.970274228683942,97.7594630607511
"881",2003-05-14,67.1530484476836,30852,31147,6265136,0.49714802679463,99.0528782868334
"882",2003-05-15,73.7465270299375,36971,37144,6265136,0.592868215470502,99.5342451001508
"883",2003-05-16,74.0045983572765,62693,63066,6265136,1.00661821227823,99.4085561158152
"884",2003-05-17,73.5352900755865,39807,40748,6265136,0.650392904479647,97.6906842053598
"885",2003-05-18,77.0823009427595,44621,45929,6265136,0.733088635266657,97.1521261076879
"886",2003-05-19,76.3651724829523,19704,19944,6265136,0.318333073695447,98.7966305655836
"887",2003-05-20,66.1464007782101,3879,4112,6265136,0.0656330524987806,94.3336575875486
"888",2003-05-21,76.4510681059354,30445,30849,6265136,0.492391545849922,98.6903951505721
"889",2003-05-22,75.1909702470754,79564,80866,6265136,1.29073016132451,98.3899290183761
"890",2003-05-23,76.4617605504024,32077,32558,6265136,0.519669485227456,98.5226365255851
"891",2003-05-24,75.8307148468185,106498,109478,6265136,1.74741617739822,97.2779919253183
"892",2003-05-25,76.5420454545455,113567,115280,6265136,1.84002390371095,98.514052741152
"893",2003-05-26,76.9948243131917,109286,111676,6265136,1.7824992147018,97.859880368208
"894",2003-05-27,75.6999041544105,30157,30257,6265136,0.482942429342316,99.6694979674125
"895",2003-05-28,78.3442466502946,76234,78589,6265136,1.25438617773022,97.0033974220311
"896",2003-05-29,80.928230904757,19136,19298,6265136,0.308022044533431,99.1605347704425
"897",2003-05-30,75.8435897435897,6836,7020,6265136,0.112048645073307,97.3789173789174
"898",2003-05-31,78.1712158808933,4372,4433,6265136,0.0707566443888848,98.6239566884728
"899",2003-06-01,78.4604398319743,20102,20235,6265136,0.32297782522199,99.3427230046948
"900",2003-06-02,73.6631054775917,10649,11045,6265136,0.176293060517761,96.414667270258
"901",2003-06-03,75.852859131806,196023,200393,6265136,3.19854189917026,97.8192851047691
"902",2003-06-04,78.539640166752,52495,54692,6265136,0.872957905462866,95.982959116507
"903",2003-06-05,74.4144243089877,21172,21852,6265136,0.348787320817936,96.8881566904631
"904",2003-06-06,67.9430390638444,5470,5811,6265136,0.0927513784217932,94.1318189640337
"905",2003-06-07,71.1763184079602,4323,5025,6265136,0.0802057608964913,86.0298507462687
"906",2003-06-08,70.3522160426581,17118,17441,6265136,0.278381826028996,98.1480419700705
"907",2003-06-09,71.7012010443864,36386,38300,6265136,0.611319530813058,95.0026109660574
"908",2003-06-10,72.2765698276387,15248,16419,6265136,0.262069330977013,92.8680187587551
"909",2003-06-11,72.787431476434,31136,32653,6265136,0.521185813045399,95.3541787890852
"910",2003-06-12,71.7056132849401,18497,20113,6265136,0.321030541076842,91.9653955153383
"911",2003-06-13,74.226009776177,14457,15548,6265136,0.248166999088288,92.9830203241575
"912",2003-06-14,69.7839077948326,15955,18307,6265136,0.292204351190461,87.15245534495
"913",2003-06-15,76.4425600818135,21315,23468,6265136,0.374580855068429,90.8258053519686
"914",2003-06-16,70.7078916372203,28240,33960,6265136,0.542047291551213,83.1566548881037
"915",2003-06-17,68.8807071903764,9286,10973,6265136,0.175143843645214,84.625899936207
"916",2003-06-18,70.6566134406236,57592,63628,6265136,1.01558848842228,90.5136103602188
"917",2003-06-19,77.1862612235642,171290,185213,6265136,2.95624867520833,92.4827090970936
"918",2003-06-20,79.2873723426428,69910,76768,6265136,1.22532056766206,91.0665902459358
"919",2003-06-21,74.6520381431416,42376,47715,6265136,0.761595598243997,88.8106465472074
"920",2003-06-22,77.0104415358256,129633,142412,6265136,2.27308712851565,91.0267393197202
"921",2003-06-23,78.7485310798548,158546,176320,6265136,2.81430443010335,89.9194646098004
"922",2003-06-24,74.2142837331854,61195,72110,6265136,1.15097262054647,84.8634031341007
"923",2003-06-25,72.1902314924015,50977,59354,6265136,0.947369697960268,85.8863766553223
"924",2003-06-26,63.7975377196507,21467,27373,6265136,0.436909909058638,78.4239944470829
"925",2003-06-27,77.2212808615963,97494,112721,6265136,1.79917882069918,86.4914257325609
"926",2003-06-28,74.7567833808979,56608,69029,6265136,1.10179571520874,82.0061133726405
"927",2003-06-29,66.951952123928,52343,69847,6265136,1.1148520957885,74.9395106446948
"928",2003-06-30,58.0721451008208,37848,59214,6265136,0.945135109596982,63.9173168507448
"929",2003-07-01,51.2289102707541,2603,4469,6265136,0.0713312528251581,58.2456925486686
"930",2003-07-02,62.1985013561348,32427,43506,6265136,0.694414295236368,74.5345469590401
"931",2003-07-03,62.3851333675674,82438,103211,6265136,1.6473864254503,79.8732693220684
"932",2003-07-04,55.0438318772225,71581,107707,6265136,1.71914863460266,66.459004521526
"933",2003-07-05,47.9410955424798,26209,47246,6265136,0.754109727226991,55.4734792363375
"934",2003-07-06,58.0545416738019,105275,163508,6265136,2.60980767217184,64.3852288573036
"935",2003-07-07,57.4634590706738,42478,63121,6265136,1.0074960862781,67.2961454983286
"936",2003-07-08,60.1944140034949,24379,33763,6265136,0.538902906497161,72.2062612919468
"937",2003-07-09,57.696524186327,70313,109442,6265136,1.74684156896195,64.2468156649184
"938",2003-07-10,68.5843619190727,14747,18634,6265136,0.297423711153277,79.1402812063969
"939",2003-07-11,63.3547736537224,18825,23305,6265136,0.371979155759747,80.7766573696632
"940",2003-07-12,54.1607981379488,91339,147794,6265136,2.35899108973851,61.8015616330839
"941",2003-07-13,61.1966886381992,54501,76766,6265136,1.22528864497115,70.9962743923091
"942",2003-07-14,55.860189059869,75948,119962,6265136,1.91475492311739,63.3100481819243
"943",2003-07-15,41.2035506744149,8191,18757,6265136,0.299386956643878,43.6690302287146
"944",2003-07-16,40.2913381360259,7586,17629,6265136,0.281382558973979,43.0313687673719
"945",2003-07-17,49.321164866652,40694,72592,6265136,1.15866598905435,56.0585188450518
"946",2003-07-18,64.6037685862834,43582,60394,6265136,0.963969497230387,72.1627976289035
"947",2003-07-19,58.2367264520727,11393,16838,6265136,0.268757134721417,67.6624302173655
"948",2003-07-20,49.824942021396,23673,40101,6265136,0.640065913972179,59.0334405625795
"949",2003-07-21,50.6349398127287,114642,201953,6265136,3.22344159807544,56.7666734339178
"950",2003-07-22,54.9229597705805,111836,185163,6265136,2.95545060793573,60.3986757613562
"951",2003-07-23,65.8284818684696,57968,81350,6265136,1.2984554525233,71.2575291948371
"952",2003-07-24,49.5386068005477,96164,175280,6265136,2.79770463083323,54.8630762209037
"953",2003-07-25,56.3389677208902,85736,134886,6265136,2.15296204264361,63.5618225761013
"954",2003-07-26,53.5573051809187,82078,140284,6265136,2.23912138539371,58.5084542784637
"955",2003-07-27,54.476711180689,77014,126477,6265136,2.01874308873742,60.891703629909
"956",2003-07-28,53.4090392729633,8907,12324,6265136,0.196707621350917,72.2736124634859
"957",2003-07-29,74.6609944451971,29796,36905,6265136,0.589053453907465,80.7370275030484
"958",2003-07-30,54.6832643264326,47906,83325,6265136,1.32997910979107,57.4929492949295
"959",2003-07-31,44.1381061797073,7622,16538,6265136,0.263968731085806,46.0877977990083
"960",2003-08-01,55.0324183555807,121644,204668,6265136,3.26677665097773,59.4347919557527
"961",2003-08-02,54.5336853788974,141771,237848,6265136,3.79637409307635,59.6057145740137
"962",2003-08-03,41.6586076817558,29491,64152,6265136,1.02395223343915,45.9705075445816
"963",2003-08-04,49.7073375114429,77196,142010,6265136,2.26667066764393,54.3595521442152
"964",2003-08-05,51.9382316887562,69920,121551,6265136,1.94011750104068,57.5231795707152
"965",2003-08-06,61.2688196712462,49505,74098,6265136,1.18270377530512,66.8101703149883
"966",2003-08-07,50.8040372670807,64485,115920,6265136,1.85023916480025,55.6288819875776
"967",2003-08-08,54.3635332111373,95794,160398,6265136,2.560167887816,59.7226898090999
"968",2003-08-09,50.8543399253487,69020,122168,6265136,1.94996565118459,56.4959727588239
"969",2003-08-10,44.0047652828326,31100,64844,6265136,1.03499748449196,47.9612608722472
"970",2003-08-11,50.9213960622595,28213,39769,6265136,0.634766747282102,70.9421911539139
"971",2003-08-12,57.8454488211012,55702,85758,6265136,1.36881306327588,64.9525408708225
"972",2003-08-13,59.8190623691921,76682,119450,6265136,1.90658271424595,64.1958978652156
"973",2003-08-14,58.848735844445,46514,73646,6265136,1.1754892471608,63.1588952556826
"974",2003-08-15,53.5318911877132,103084,175017,6265136,2.79350679697935,58.8994211990835
"975",2003-08-16,63.9811754059453,80932,117134,6265136,1.86961623817903,69.093516826882
"976",2003-08-17,47.8594002820456,71453,134730,6265136,2.15047207275309,53.0342165813108
"977",2003-08-18,51.4905299739357,93724,166895,6265136,2.66386874921789,56.1574642739447
"978",2003-08-19,54.4122537633991,124406,205798,6265136,3.28481297133853,60.4505388779288
"979",2003-08-20,54.4267604397008,74862,125267,6265136,1.99942986074045,59.7619484780509
"980",2003-08-21,52.03481731085,80752,140074,6265136,2.23576950284878,57.6495281065722
"981",2003-08-22,58.780082027982,95453,147023,6265136,2.34668489239499,64.9238554511879
"982",2003-08-23,63.468570405096,89775,128414,6265136,2.04966021487802,69.9106016477954
"983",2003-08-24,55.657650891407,68174,106517,6265136,1.70015463351474,64.0029291099073
"984",2003-08-25,51.081981945182,58679,97924,6265136,1.56299879204538,59.9230015113762
"985",2003-08-26,46.2602646467334,69007,127793,6265136,2.0397482193523,53.9990453311214
"986",2003-08-27,52.0670105166241,136204,223741,6265136,3.57120739278445,60.8757447226928
"987",2003-08-28,56.3614371697147,68630,103509,6265136,1.65214290639501,66.3034132297675
"988",2003-08-29,45.5117018927761,54347,99642,6265136,1.59042038353198,54.5422612954377
"989",2003-08-30,45.636773053527,35094,63949,6265136,1.02071208031238,54.8781059907113
"990",2003-08-31,35.7982697404611,16526,39994,6265136,0.638358050008811,41.321198179727
"991",2003-09-01,38.9561518169071,19931,42077,6265136,0.671605532585406,47.3679207167811
"992",2003-09-02,46.8431273855962,11788,23841,6265136,0.38053443692204,49.4442347216979
"993",2003-09-03,42.726472706774,14959,31931,6265136,0.509661721629028,46.8478907644609
"994",2003-09-04,46.1957065811273,31559,56738,6265136,0.905614818257736,55.6223342380768
"995",2003-09-05,42.8401411144642,11815,23527,6265136,0.3755225744501,50.2188974369873
"996",2003-09-06,39.7072414615405,34867,75482,6265136,1.20479427741074,46.1924697278821
"997",2003-09-07,49.323683684032,67936,114961,6265136,1.83493223451175,59.0948234618697
"998",2003-09-08,44.131625891947,18843,39240,6265136,0.626323195537974,48.019877675841
"999",2003-09-09,46.4484380860526,49162,93315,6265136,1.48943295085693,52.6839200557252
"1000",2003-09-10,49.9752475247525,7504,13938,6265136,0.222469232910507,53.838427320993
"1001",2003-09-11,43.662262935959,23425,48141,6265136,0.768395131406565,48.6591470887601
"1002",2003-09-12,48.305922527681,29321,57982,6265136,0.925470732000071,50.569142147563
"1003",2003-09-13,54.3750862169935,52184,76841,6265136,1.22648574588006,67.9116617430799
"1004",2003-09-14,58.1903676982469,44711,63204,6265136,1.00882087795061,70.7407759002595
"1005",2003-09-15,56.9914063889054,27112,33746,6265136,0.538631563624477,80.3413737924495
"1006",2003-09-16,54.4117436661699,12468,16775,6265136,0.267751569957939,74.3248882265276
"1007",2003-09-17,59.4049308731536,45942,57069,6265136,0.910898023602361,80.5025495452873
"1008",2003-09-18,58.0670164529084,60807,77190,6265136,1.23205625544282,78.775748153906
"1009",2003-09-19,60.8072711275904,53797,63649,6265136,1.01592367667677,84.5213593300759
"1010",2003-09-20,62.0671597364465,82205,99107,6265136,1.58188106371514,82.9457051469624
"1011",2003-09-21,62.1288468099625,47687,58620,6265136,0.935654070398472,81.3493688161037
"1012",2003-09-22,61.5253787878788,46789,58080,6265136,0.927034943854371,80.5595730027548
"1013",2003-09-23,66.0051860541639,127545,139798,6265136,2.23136417150402,91.2352108041603
"1014",2003-09-24,55.141412880679,5655,8012,6265136,0.127882299761729,70.581627558662
"1015",2003-09-25,65.3661832372299,29857,34338,6265136,0.548080680132083,86.950317432582
"1016",2003-09-26,61.9169333333333,29876,37500,6265136,0.598550454451428,79.6693333333333
"1017",2003-09-27,63.1334008642873,102888,122413,6265136,1.95387618082034,84.0498966613023
"1018",2003-09-28,59.8792750234991,71608,82982,6265136,1.32450436830102,86.2934130293317
"1019",2003-09-29,61.2239713998996,40968,47832,6265136,0.763463075661885,85.6497742097341
"1020",2003-09-30,55.5019967026928,19350,27295,6265136,0.435664924113379,70.8921047810954
"1021",2003-10-01,53.1044705882353,26644,38250,6265136,0.610521463540456,69.6575163398693
"1022",2003-10-02,59.1265582718505,35679,43237,6265136,0.69012069330977,82.519601267433
"1023",2003-10-03,59.0834727480849,50725,56785,6265136,0.906365001493982,89.3281676499075
"1024",2003-10-04,48.2765317919075,2428,4325,6265136,0.0690328190800647,56.1387283236994
"1025",2003-10-05,64.6077809218238,73435,84463,6265136,1.34814312091549,86.9433953328677
"1026",2003-10-06,63.0644403191405,43614,50636,6265136,0.8082186883094,86.1323959238486
"1027",2003-10-07,58.0139239762646,13699,17021,6265136,0.27167806093914,80.4829328476588
"1028",2003-10-08,73.7864686937577,81187,84456,6265136,1.34803139149733,96.12934545799
"1029",2003-10-09,49.7704180064309,868,1555,6265136,0.0248198921779192,55.8199356913183
"1030",2003-10-10,66.9851657599123,22675,25549,6265136,0.407796414954121,88.7510274374731
"1031",2003-10-11,57.9600708639956,5668,7338,6265136,0.117124352927055,77.2417552466612
"1032",2003-10-12,54.226489265195,2145,3307,6265136,0.0527841694098899,64.8624130631993
"1033",2003-10-13,62.8368304803976,3297,3622,6265136,0.0578119932272819,91.0270568746549
"1034",2003-10-14,51.1685314685315,731,1430,6265136,0.0228247239964144,51.1188811188811
"1035",2003-10-15,31.1494845360825,64,194,6265136,0.00309650101769539,32.9896907216495
"1036",2003-10-16,61.0097719869707,926,1228,6265136,0.0196005322151028,75.4071661237785
"1037",2003-10-17,61.0861538461538,186,325,6265136,0.00518743727191237,57.2307692307692
"1038",2003-10-18,63.8665511265165,420,577,6265136,0.00920969632582597,72.790294627383
"1039",2003-10-19,56.0969899665552,561,897,6265136,0.0143173268704782,62.5418060200669
"1040",2003-10-20,65.5745647236942,1021,1321,6265136,0.0210849373421423,77.2899318697956
"1041",2003-10-21,63.9432918395574,509,723,6265136,0.0115400527618235,70.4011065006916
"1042",2003-10-22,67.7028301886792,475,636,6265136,0.0101514157074962,74.685534591195
"1043",2003-10-23,59.6202723146747,506,661,6265136,0.0105504493437972,76.5506807866868
"1044",2003-10-24,NA,0,0,6265136,0,NA
"1045",2003-10-25,41.6,0,5,6265136,7.98067272601904e-05,0
"1046",2003-10-26,NA,0,0,6265136,0,NA
"1047",2003-10-27,43.8955223880597,21,67,6265136,0.00106941014528655,31.3432835820896
"1048",2003-10-28,NA,0,0,6265136,0,NA
"1049",2003-10-29,49.1346153846154,27,52,6265136,0.00082998996350598,51.9230769230769
"1050",2003-10-30,NA,0,0,6265136,0,NA
"1051",2003-10-31,NA,0,0,6265136,0,NA
"1052",2003-11-01,NA,0,0,6265136,0,NA
"1053",2003-11-02,NA,0,0,6265136,0,NA
"1054",2003-11-03,NA,0,0,6265136,0,NA
"1055",2003-11-04,NA,0,0,6265136,0,NA
"1056",2003-11-05,NA,0,0,6265136,0,NA
"1057",2003-11-06,NA,0,0,6265136,0,NA
"1058",2003-11-07,NA,0,0,6265136,0,NA
"1059",2003-11-08,NA,0,0,6265136,0,NA
"1060",2003-11-09,NA,0,0,6265136,0,NA
"1061",2003-11-10,NA,0,0,6265136,0,NA
"1062",2003-11-11,NA,0,0,6265136,0,NA
"1063",2003-11-12,NA,0,0,6265136,0,NA
"1064",2003-11-13,NA,0,0,6265136,0,NA
"1065",2003-11-14,NA,0,0,6265136,0,NA
"1066",2003-11-15,NA,0,0,6265136,0,NA
"1067",2003-11-16,NA,0,0,6265136,0,NA
"1068",2003-11-17,NA,0,0,6265136,0,NA
"1069",2003-11-18,NA,0,0,6265136,0,NA
"1070",2003-11-19,NA,0,0,6265136,0,NA
"1071",2003-11-20,NA,0,0,6265136,0,NA
"1072",2003-11-21,NA,0,0,6265136,0,NA
"1073",2003-11-22,NA,0,0,6265136,0,NA
"1074",2003-11-23,NA,0,0,6265136,0,NA
"1075",2003-11-24,NA,0,0,6265136,0,NA
"1076",2003-11-25,NA,0,0,6265136,0,NA
"1077",2004-01-17,NA,0,0,6265136,0,NA
"1078",2004-01-18,NA,0,0,6265136,0,NA
"1079",2004-01-19,NA,0,0,6265136,0,NA
"1080",2004-01-20,NA,0,0,6265136,0,NA
"1081",2004-01-21,NA,0,0,6265136,0,NA
"1082",2004-01-22,NA,0,0,6265136,0,NA
"1083",2004-01-23,NA,0,0,6265136,0,NA
"1084",2004-01-24,NA,0,0,6265136,0,NA
"1085",2004-01-25,NA,0,0,6265136,0,NA
"1086",2004-01-26,NA,0,0,6265136,0,NA
"1087",2004-01-27,NA,0,0,6265136,0,NA
"1088",2004-01-28,NA,0,0,6265136,0,NA
"1089",2004-01-29,NA,0,0,6265136,0,NA
"1090",2004-01-30,NA,0,0,6265136,0,NA
"1091",2004-01-31,NA,0,0,6265136,0,NA
"1092",2004-02-01,NA,0,0,6265136,0,NA
"1093",2004-02-02,NA,0,0,6265136,0,NA
"1094",2004-02-03,NA,0,0,6265136,0,NA
"1095",2004-02-04,NA,0,0,6265136,0,NA
"1096",2004-02-05,NA,0,0,6265136,0,NA
"1097",2004-02-06,NA,0,0,6265136,0,NA
"1098",2004-02-07,NA,0,0,6265136,0,NA
"1099",2004-02-08,NA,0,0,6265136,0,NA
"1100",2004-02-09,NA,0,0,6265136,0,NA
"1101",2004-02-10,NA,0,0,6265136,0,NA
"1102",2004-02-11,NA,0,0,6265136,0,NA
"1103",2004-02-12,46.1865942028985,197,552,6265136,0.00881066268952502,35.6884057971014
"1104",2004-02-13,74.8114942528736,803,870,6265136,0.0138863705432731,92.2988505747126
"1105",2004-02-14,75.4027954256671,741,787,6265136,0.012561578870754,94.1550190597205
"1106",2004-02-15,69.6206896551724,265,319,6265136,0.00509166919920015,83.0721003134796
"1107",2004-02-16,64.0386740331492,583,724,6265136,0.0115560141072756,80.524861878453
"1108",2004-02-17,NA,0,0,6265136,0,NA
"1109",2004-02-18,57.5284552845528,208,246,6265136,0.00392649098120137,84.5528455284553
"1110",2004-02-20,54.6984126984127,130,189,6265136,0.0030166942904352,68.7830687830688
"1111",2004-02-21,54.2074643249177,513,911,6265136,0.0145407857068067,56.3117453347969
"1112",2004-02-22,51.7054409005628,346,533,6265136,0.00850739712593629,64.9155722326454
"1113",2004-02-23,48.7507598784195,164,329,6265136,0.00525128265372053,49.8480243161094
"1114",2004-02-24,61.5557986870897,349,457,6265136,0.0072943348715814,76.3676148796499
"1115",2004-02-25,63.7226890756302,522,595,6265136,0.00949700054396265,87.7310924369748
"1116",2004-02-26,58.5195402298851,348,435,6265136,0.00694318527163656,80
"1117",2004-02-27,66.0748603351955,848,895,6265136,0.0142854041795741,94.7486033519553
"1118",2004-02-28,61.7275471698113,1088,1325,6265136,0.0211487827239504,82.1132075471698
"1119",2004-02-29,54.4632768361582,551,708,6265136,0.011300632580043,77.8248587570621
"1120",2004-03-01,62.0879106938983,15458,15766,6265136,0.251646572396832,98.0464290244831
"1121",2004-03-02,65.6266912103083,10815,10865,6265136,0.173420018336394,99.5398067188219
"1122",2004-03-03,67.3557692307692,409,520,6265136,0.0082998996350598,78.6538461538461
"1123",2004-03-04,60.9416318678741,17121,21313,6265136,0.340184155619287,80.3312532257308
"1124",2004-03-05,57.0628567434709,35326,42923,6265136,0.68510883083783,82.3008643384666
"1125",2004-03-06,58.3994937990382,15559,19755,6265136,0.315316379405012,78.7598076436345
"1126",2004-03-07,60.4345268480031,37550,41139,6265136,0.656633790551394,91.275918228445
"1127",2004-03-08,51.6347336065574,1362,1952,6265136,0.0311565463223783,69.7745901639344
"1128",2004-03-09,62.4606896134718,56195,66153,6265136,1.05589088568867,84.9470167641679
"1129",2004-03-10,56.0848037204213,19572,29244,6265136,0.466773586399401,66.9265490356996
"1130",2004-03-11,64.6659347861707,81685,91545,6265136,1.46118136940683,89.2293407613742
"1131",2004-03-12,64.0233752090545,23015,25711,6265136,0.410382152917351,89.5142157053401
"1132",2004-03-13,67.8138276980395,80608,89111,6265136,1.42233145457656,90.45796815208
"1133",2004-03-14,65.5549931624842,51268,56307,6265136,0.898735478367908,91.0508462535742
"1134",2004-03-15,69.8359635048732,40064,41759,6265136,0.666529824731658,95.9409947556215
"1135",2004-03-16,58.563890012131,11512,14838,6265136,0.236834443817341,77.5845801320933
"1136",2004-03-17,69.3775342077445,167025,169333,6265136,2.70278250942996,98.6370051909551
"1137",2004-03-18,67.5753743065455,108425,110137,6265136,1.75793470405112,98.4455723326403
"1138",2004-03-19,59.8029072016802,15665,18093,6265136,0.288788623263725,86.580445476151
"1139",2004-03-20,66.4882393338484,66231,69894,6265136,1.11560227902475,94.7592067988669
"1140",2004-03-21,59.5595961958216,22746,25656,6265136,0.409504278917489,88.6576239476146
"1141",2004-03-22,69.011753397125,44307,45774,6265136,0.730614626721591,96.7951238694455
"1142",2004-03-23,70.5694321504251,73002,74562,6265136,1.19010983959486,97.9077814436308
"1143",2004-03-24,68.3705999873153,61883,63068,6265136,1.00665013496914,98.1210756643623
"1144",2004-03-25,68.063420076504,64165,69016,6265136,1.10158821771786,92.9711950851976
"1145",2004-03-26,59.6973694604629,10607,12659,6265136,0.20205467207735,83.7901887984833
"1146",2004-03-27,67.9885812038918,44089,46765,6265136,0.74643232006456,94.277771837913
"1147",2004-03-28,69.0217524913297,43631,45558,6265136,0.72716697610395,95.7702269634312
"1148",2004-03-29,73.9514906289451,154355,154465,6265136,2.46546922524906,99.9287864564788
"1149",2004-03-30,76.1611529876557,140149,140227,6265136,2.23821158870294,99.944375904783
"1150",2004-03-31,72.963029257237,77554,77656,6265136,1.23949424242347,99.8686514886165
"1151",2004-04-01,60.8228133453562,2117,2218,6265136,0.0354022642126204,95.4463480613165
"1152",2004-04-02,65.0460092579604,6711,7129,6265136,0.113788431727579,94.1366250526021
"1153",2004-04-03,73.8796959540864,91069,91302,6265136,1.45730276246198,99.7448029616
"1154",2004-04-04,67.6881631087818,46572,46938,6265136,0.749193632827763,99.2202479867059
"1155",2004-04-05,60.7201986754967,8881,9060,6265136,0.144609789795465,98.0242825607064
"1156",2004-04-06,63.1464213572091,18106,18317,6265136,0.292363964644981,98.848064639406
"1157",2004-04-07,62.7948791303104,13875,13982,6265136,0.223171532110396,99.2347303676155
"1158",2004-04-08,61.7830860534125,16550,16850,6265136,0.268948670866842,98.2195845697329
"1159",2004-04-09,70.8019497355412,86344,86781,6265136,1.38514151967332,99.4964335511229
"1160",2004-04-10,67.8593054787668,36685,37983,6265136,0.606259784304762,96.5826817260353
"1161",2004-04-11,70.6906928881775,64631,65595,6265136,1.04698445492644,98.5303757908377
"1162",2004-04-12,70.5783333333333,54349,55200,6265136,0.881066268952502,98.4583333333333
"1163",2004-04-13,73.7881223988742,66088,66798,6265136,1.06618595350524,98.9370939249678
"1164",2004-04-14,74.1952176044447,54588,55077,6265136,0.879103023461901,99.1121520779999
"1165",2004-04-15,73.6453971296569,81235,81384,6265136,1.29899813826867,99.8169173301877
"1166",2004-04-16,73.4555800692945,128419,128726,6265136,2.05464015465905,99.7615089414726
"1167",2004-04-17,72.3854011541325,42731,42976,6265136,0.685954782146788,99.4299143708116
"1168",2004-04-18,74.657208130748,84902,85355,6265136,1.36238064105871,99.4692753792982
"1169",2004-04-19,74.810593679027,93853,94226,6265136,1.50397373656374,99.6041432301063
"1170",2004-04-20,76.1202861996678,211167,211321,6265136,3.37296748227014,99.9271250845869
"1171",2004-04-21,73.8061839845035,54263,54722,6265136,0.873436745826427,99.1612148678776
"1172",2004-04-22,76.3348179850208,80195,80378,6265136,1.28294102474392,99.7723257607803
"1173",2004-04-23,76.0067866194675,47324,47741,6265136,0.76201059322575,99.1265369388995
"1174",2004-04-24,76.1269605765155,28241,28308,6265136,0.451833767056294,99.763317790024
"1175",2004-04-25,76.9578553032077,42412,42710,6265136,0.681709064256546,99.3022711308827
"1176",2004-04-26,75.8748084315253,38828,39803,6265136,0.635309433027471,97.5504358967917
"1177",2004-04-27,69.2086977947518,15725,16234,6265136,0.259116482068386,96.8646051496858
"1178",2004-04-28,66.1684452140297,24344,24833,6265136,0.396368091610461,98.0308460516248
"1179",2004-04-29,66.9343934615555,22205,22513,6265136,0.359337770161733,98.6319015679829
"1180",2004-04-30,69.6836757543526,35316,35726,6265136,0.570235027619512,98.8523764205341
"1181",2004-05-01,69.150197735522,36724,36918,6265136,0.589260951398342,99.4745110786066
"1182",2004-05-02,72.0321066308995,11831,11929,6265136,0.190402889897362,99.1784726297259
"1183",2004-05-03,69.2803210725942,33838,34011,6265136,0.542861320169267,99.4913410367234
"1184",2004-05-04,77.3010565297898,73082,73448,6265136,1.17232890076129,99.5016882692517
"1185",2004-05-05,66.9208325228555,20214,20564,6265136,0.328229107875711,98.2979964987357
"1186",2004-05-06,72.8417740485466,13256,13348,6265136,0.213052039093804,99.3107581660174
"1187",2004-05-07,68.7433373110581,40036,40224,6265136,0.642029159462779,99.5326173428799
"1188",2004-05-08,71.8914294787821,49805,50382,6265136,0.804164506564582,98.8547497121988
"1189",2004-05-09,70.1169704861111,4538,4608,6265136,0.0735498798429914,98.4809027777778
"1190",2004-05-10,72.7646700342628,73319,73841,6265136,1.17860170952394,99.2930756625723
"1191",2004-05-11,74.1846848698778,169685,170263,6265136,2.71762656070036,99.660525187504
"1192",2004-05-12,75.0124387867438,78424,79027,6265136,1.26137724703821,99.2369696432865
"1193",2004-05-13,77.5382224430262,77969,78501,6265136,1.25298157933044,99.3223016267309
"1194",2004-05-14,74.9266945775762,88747,89093,6265136,1.42204415035843,99.6116417675912
"1195",2004-05-15,75.4340742786138,28787,28972,6265136,0.462432100436447,99.3614524368356
"1196",2004-05-16,71.105836311043,23092,23508,6265136,0.375219308886511,98.2303896545857
"1197",2004-05-17,72.7587912409247,119176,119693,6265136,1.91046132119079,99.5680616243222
"1198",2004-05-18,75.2014185759803,124093,124914,6265136,1.99379550579588,99.3427478104936
"1199",2004-05-19,77.3667250945609,75115,75877,6265136,1.21109900886429,98.9957431105605
"1200",2004-05-20,67.6721702439919,10876,10902,6265136,0.174010588118119,99.7615116492387
"1201",2004-05-21,74.8350370251127,48963,49696,6265136,0.793215023584484,98.5250321957502
"1202",2004-05-22,69.0190293553622,6478,6779,6265136,0.108201960819366,95.5598170821655
"1203",2004-05-23,79.2939766358296,29123,29618,6265136,0.472743129598464,98.3287190222162
"1204",2004-05-24,83.5119404428116,40867,41372,6265136,0.660352784041719,98.7793676882916
"1205",2004-05-25,73.1290185450874,18553,18819,6265136,0.300376560061904,98.5865348849567
"1206",2004-05-26,74.3289499067584,30544,31102,6265136,0.496429766249288,98.2059031573532
"1207",2004-05-27,72.0500926304646,39816,41563,6265136,0.663401401023058,95.7967422948295
"1208",2004-05-28,77.8821704541129,102460,105084,6265136,1.67728202548197,97.5029500209356
"1209",2004-05-29,75.3870387476299,39870,41138,6265136,0.656617829205942,96.9176916719335
"1210",2004-05-30,76.1411074498318,110523,114714,6265136,1.8309897821851,96.3465662430043
"1211",2004-05-31,75.7740134369769,84016,87222,6265136,1.39218047301766,96.324321845406
"1212",2004-06-01,77.6555234239445,33437,34580,6265136,0.551943325731477,96.6946211683054
"1213",2004-06-02,70.9887505739503,38791,39202,6265136,0.625716664410797,98.9515841028519
"1214",2004-06-03,70.3801501715998,55036,57401,6265136,0.916197190292437,95.8798627201617
"1215",2004-06-04,71.2546488362366,86845,88463,6265136,1.41198850272364,98.1709867402191
"1216",2004-06-05,66.3062341553353,16628,17356,6265136,0.277025111665573,95.8054851348237
"1217",2004-06-06,74.7317627476713,31067,31241,6265136,0.498648393267121,99.4430395954035
"1218",2004-06-07,69.3528417324102,24338,24844,6265136,0.396543666410434,97.9632909354371
"1219",2004-06-08,66.3834052797609,22763,24092,6265136,0.384540734630501,94.4836460235763
"1220",2004-06-09,69.7831846321923,21310,21968,6265136,0.350638836890372,97.0047341587764
"1221",2004-06-10,71.4743151212597,31848,32451,6265136,0.517961621264088,98.1418138115929
"1222",2004-06-11,77.3010882584793,95842,97679,6265136,1.55908826240963,98.1193501161969
"1223",2004-06-12,79.1054117597666,93068,95274,6265136,1.52070122659748,97.6845729160107
"1224",2004-06-13,75.4213988750306,38504,40890,6265136,0.652659415533837,94.1648324773783
"1225",2004-06-14,55.742078440062,6681,9026,6265136,0.144067104050096,74.0194992244627
"1226",2004-06-15,72.743237154818,99434,106538,6265136,1.70048982176923,93.3319566727365
"1227",2004-06-16,65.6294892048447,9054,9495,6265136,0.151552975067101,95.3554502369668
"1228",2004-06-17,76.7492025855986,31894,35427,6265136,0.565462585329353,90.0273802467045
"1229",2004-06-18,85.2930272658692,17646,18558,6265136,0.296210648898923,95.0856773359198
"1230",2004-06-19,85.5085832471562,32088,33845,6265136,0.540211736824229,94.8086866597725
"1231",2004-06-20,83.6434671439529,18378,19555,6265136,0.312124110314605,93.9810790079264
"1232",2004-06-21,85.4522513229029,50787,52347,6265136,0.835528550377837,97.0198865264485
"1233",2004-06-22,79.9288039440805,67612,74035,6265136,1.18169821054164,91.3243736070777
"1234",2004-06-23,66.3613301662708,17282,21050,6265136,0.335986321765401,82.0997624703088
"1235",2004-06-24,72.3683454713304,25713,29247,6265136,0.466821470435758,87.9167094060929
"1236",2004-06-25,70.902137910268,3210,3321,6265136,0.0530076282462184,96.6576332429991
"1237",2004-06-26,72.5314549927114,35775,43904,6265136,0.70076691072628,81.4846027696793
"1238",2004-06-27,61.4605140082847,16006,22451,6265136,0.358348166743707,71.2930381720191
"1239",2004-06-28,50.9954639175258,1383,2425,6265136,0.0387062627211923,57.0309278350515
"1240",2004-06-29,82.1233619990714,131410,144307,6265136,2.30333387814726,91.0628036062007
"1241",2004-06-30,78.6414789333471,138417,154652,6265136,2.46845399684859,89.5022372811215
"1242",2004-07-01,60.5180082447386,7365,9218,6265136,0.147131682376887,79.8980256020829
"1243",2004-07-02,54.25118713301,24275,39170,6265136,0.625205901356331,61.9734490681644
"1244",2004-07-03,72.0490699928672,44159,54677,6265136,0.872718485281086,80.7633922856046
"1245",2004-07-04,62.3105354973365,44966,64202,6265136,1.02475030071175,70.0383165633469
"1246",2004-07-05,55.239404641776,2652,3964,6265136,0.0632707733718789,66.9021190716448
"1247",2004-07-06,58.2192635386072,26786,41197,6265136,0.657559548587612,65.0192975216642
"1248",2004-07-07,68.7238709284733,172653,230012,6265136,3.67130099011418,75.0626054292819
"1249",2004-07-08,48.8666802672515,10508,19607,6265136,0.31295410027811,53.5931045034936
"1250",2004-07-09,63.7215433200604,36015,50981,6265136,0.813725352490353,70.6439653988741
"1251",2004-07-10,56.2106312292359,18306,30100,6265136,0.480436498106346,60.8172757475083
"1252",2004-07-11,59.9371465503312,125947,191859,6265136,3.06232777708257,65.6456043240088
"1253",2004-07-12,60.2662049202273,133794,201698,6265136,3.21937145498518,66.3338258187984
"1254",2004-07-13,62.7697797024142,143823,209217,6265136,3.33938481143905,68.7434577496093
"1255",2004-07-14,62.9670864086283,148231,215291,6265136,3.43633402371473,68.851461510235
"1256",2004-07-15,57.1244531933508,131165,210312,6265136,3.35686248470903,62.3668644680284
"1257",2004-07-16,67.2577501100421,12713,15903,6265136,0.253833276723761,79.9408916556625
"1258",2004-07-17,27.893440624238,2512,8202,6265136,0.130914955397616,30.6266764203853
"1259",2004-07-18,62.8401758635429,68265,98258,6265136,1.56832988142636,69.4752590119888
"1260",2004-07-19,51.2288895134595,72824,128088,6265136,2.04445681626065,56.8546624195865
"1261",2004-07-20,59.4669846267827,16233,21596,6265136,0.344701216382214,75.1666975365809
"1262",2004-07-21,42.5691347923911,13381,29334,6265136,0.468210107490085,45.6160087270744
"1263",2004-07-22,37.9393384080444,8371,21282,6265136,0.339689353910274,39.3337092378536
"1264",2004-07-23,62.3150569934561,66868,98871,6265136,1.57811418618846,67.6315603159673
"1265",2004-07-24,60.8577980683329,96053,142157,6265136,2.26901698542538,67.568252003067
"1266",2004-07-25,49.5157895349921,93972,171696,6265136,2.74049916873313,54.7316186748672
"1267",2004-07-26,30.2778054862843,1175,4010,6265136,0.0640049952626727,29.3017456359102
"1268",2004-07-27,50.7599143512879,45266,77993,6265136,1.24487321584081,58.0385419204288
"1269",2004-07-28,55.3619103664013,19500,32287,6265136,0.515343960609953,60.3958249450243
"1270",2004-07-29,46.887869399428,25292,50352,6265136,0.803685666201021,50.2303781379091
"1271",2004-07-30,57.1581250298334,38130,62849,6265136,1.00315460031514,60.6692230584417
"1272",2004-07-31,54.0933306222041,31428,54098,6265136,0.863476866264356,58.0945691153093
"1273",2004-08-01,54.2119955898567,13326,22675,6265136,0.361923508124963,58.7695700110254
"1274",2004-08-02,54.9125935828877,65222,112200,6265136,1.79086295971867,58.1301247771836
"1275",2004-08-03,42.3799366310577,53419,115514,6265136,1.84375885854673,46.2446110428173
"1276",2004-08-04,56.5741329666079,28471,46538,6265136,0.742809094646948,61.1779620954919
"1277",2004-08-05,45.8208587939282,37043,72334,6265136,1.15454796192772,51.2110487460945
"1278",2004-08-06,53.5393087002231,45369,77998,6265136,1.24495302256807,58.1668760737455
"1279",2004-08-07,44.6870947950335,78557,158099,6265136,2.52347275462177,49.6884863281868
"1280",2004-08-08,46.9851972779133,30051,54517,6265136,0.87016467000876,55.1222554432562
"1281",2004-08-09,52.1370054504649,45110,77975,6265136,1.24458591162267,57.8518756011542
"1282",2004-08-10,62.3407162571984,61620,88041,6265136,1.40525281494288,69.9901182403653
"1283",2004-08-11,47.7666513381771,29727,54365,6265136,0.86773854550005,54.6804009932861
"1284",2004-08-12,35.2526748461189,19088,48414,6265136,0.772752578714971,39.4266121369852
"1285",2004-08-13,41.9408347245409,44314,89850,6265136,1.43412688886562,49.3199777406789
"1286",2004-08-14,39.0211399382997,35170,79092,6265136,1.2624147344926,44.4672027512264
"1287",2004-08-15,47.654303845528,49589,92185,6265136,1.47139663049613,53.7929164180724
"1288",2004-08-16,42.1784557117212,44554,91356,6265136,1.45816467511639,48.7696484084242
"1289",2004-08-17,50.9343489421673,35056,59603,6265136,0.951344072977825,58.8158314178816
"1290",2004-08-18,46.2339646506674,16066,30043,6265136,0.47952670141558,53.4766834204307
"1291",2004-08-19,53.3944826850221,50349,74964,6265136,1.19652630046658,67.1642388346406
"1292",2004-08-20,50.7437991299702,74874,117927,6265136,1.88227358512249,63.4918212114274
"1293",2004-08-21,47.3662608012569,2722,5092,6265136,0.0812751710417779,53.4564021995287
"1294",2004-08-22,42.1308346587373,14101,28922,6265136,0.461634033163845,48.7552728027107
"1295",2004-08-23,53.4434163172318,72344,121148,6265136,1.93368507882351,59.7153894410143
"1296",2004-08-24,55.1054160874881,72181,119422,6265136,1.90613579657329,60.4419621175328
"1297",2004-08-25,52.2398874926648,27869,49419,6265136,0.78879373089427,56.3932900301503
"1298",2004-08-26,45.5151862259052,28013,55873,6265136,0.891808254441723,50.1369176525334
"1299",2004-08-27,37.8572093487151,25339,60158,6265136,0.960202619703706,42.1207486951029
"1300",2004-08-28,36.7988505747126,43961,102834,6265136,1.64136899821488,42.7494797440535
"1301",2004-08-29,38.2929376552251,6226,15703,6265136,0.250641007633354,39.6484748137299
"1302",2004-08-30,48.4821586988664,22545,40580,6265136,0.647711398443705,55.5569245933958
"1303",2004-08-31,46.1584396009757,52221,100846,6265136,1.60963784345623,51.7829165261885
"1304",2004-09-01,48.8797346140516,104307,181773,6265136,2.90134164685332,57.3831097027611
"1305",2004-09-02,43.7386082809452,69737,138390,6265136,2.20889059710755,50.3916467952887
"1306",2004-09-03,66.2907377562897,32053,44676,6265136,0.713089069415253,71.7454561733369
"1307",2004-09-04,55.7673393943302,26896,46527,6265136,0.742633519846975,57.8072946891052
"1308",2004-09-05,43.2716267461835,27428,61706,6265136,0.984910782463461,44.4494862736201
"1309",2004-09-06,26.9432353315515,3231,15714,6265136,0.250816582433326,20.561282932417
"1310",2004-09-07,33.118455383545,3593,11498,6265136,0.183523550007534,31.2489128544095
"1311",2004-09-08,58.9293346284604,34989,45298,6265136,0.723017026286421,77.2418208309418
"1312",2004-09-09,64.2592403720627,40780,49024,6265136,0.782488999440714,83.1837467362924
"1313",2004-09-10,58.3097979692243,15593,19106,6265136,0.304957466206639,81.6131058306291
"1314",2004-09-11,62.6902653113793,40863,50469,6265136,0.80555314361891,80.9665339119063
"1315",2004-09-12,56.3578320428827,11727,16790,6265136,0.267990990139719,69.8451459201906
"1316",2004-09-13,59.2127632499841,12716,15717,6265136,0.250864466469682,80.9060253228988
"1317",2004-09-14,53.5303525219531,16368,23573,6265136,0.376256796340893,69.4353709752683
"1318",2004-09-15,56.4348544111256,35509,46020,6265136,0.734541117702792,77.1599304650152
"1319",2004-09-16,58.465889894746,35442,46174,6265136,0.736999164902406,76.7574825659462
"1320",2004-09-17,67.2861536997986,58008,63071,6265136,1.00669801900549,91.9725388847489
"1321",2004-09-18,70.1591524505822,105956,118176,6265136,1.88624796014005,89.6594909287842
"1322",2004-09-19,66.518702716372,80970,94906,6265136,1.51482745147113,85.3159968811245
"1323",2004-09-20,66.025409271164,72094,88511,6265136,1.41275464730534,81.4520229124064
"1324",2004-09-21,63.2856089673776,44414,59683,6265136,0.952620980613988,74.4165005110333
"1325",2004-09-22,61.2828969359331,47774,62825,6265136,1.00277152802429,76.0429765220852
"1326",2004-09-23,63.7876385982099,89649,112285,6265136,1.7922196740821,79.840584227635
"1327",2004-09-24,NA,NA,NA,6265136,NA,NA
"1328",2004-09-25,NA,NA,NA,6265136,NA,NA
"1329",2004-09-26,NA,NA,NA,6265136,NA,NA
"1330",2004-09-27,NA,NA,NA,6265136,NA,NA
"1331",2004-09-28,NA,NA,NA,6265136,NA,NA
"1332",2004-09-29,NA,NA,NA,6265136,NA,NA
"1333",2004-09-30,NA,NA,NA,6265136,NA,NA
"1334",2004-10-01,NA,NA,NA,6265136,NA,NA
"1335",2004-10-02,NA,NA,NA,6265136,NA,NA
"1336",2004-10-03,NA,NA,NA,6265136,NA,NA
"1337",2004-10-04,NA,NA,NA,6265136,NA,NA
"1338",2004-10-05,NA,NA,NA,6265136,NA,NA
"1339",2004-10-06,NA,NA,NA,6265136,NA,NA
"1340",2004-10-07,NA,NA,NA,6265136,NA,NA
"1341",2004-10-08,NA,NA,NA,6265136,NA,NA
"1342",2004-10-09,NA,NA,NA,6265136,NA,NA
"1343",2004-10-10,NA,NA,NA,6265136,NA,NA
"1344",2004-10-11,NA,NA,NA,6265136,NA,NA
"1345",2004-10-12,NA,NA,NA,6265136,NA,NA
"1346",2004-10-13,NA,NA,NA,6265136,NA,NA
"1347",2004-10-14,NA,NA,NA,6265136,NA,NA
"1348",2004-10-15,NA,NA,NA,6265136,NA,NA
"1349",2004-10-16,NA,NA,NA,6265136,NA,NA
"1350",2004-10-17,NA,NA,NA,6265136,NA,NA
"1351",2004-10-18,NA,NA,NA,6265136,NA,NA
"1352",2004-10-19,NA,NA,NA,6265136,NA,NA
"1353",2004-10-20,NA,NA,NA,6265136,NA,NA
"1354",2004-10-21,NA,NA,NA,6265136,NA,NA
"1355",2004-10-22,NA,NA,NA,6265136,NA,NA
"1356",2004-10-23,NA,NA,NA,6265136,NA,NA
"1357",2004-10-24,NA,NA,NA,6265136,NA,NA
"1358",2004-10-25,NA,NA,NA,6265136,NA,NA
"1359",2004-10-26,NA,NA,NA,6265136,NA,NA
"1360",2004-10-27,NA,NA,NA,6265136,NA,NA
"1361",2004-10-28,NA,NA,NA,6265136,NA,NA
"1362",2004-10-29,NA,NA,NA,6265136,NA,NA
"1363",2004-10-30,NA,NA,NA,6265136,NA,NA
"1364",2004-10-31,NA,NA,NA,6265136,NA,NA
"1365",2004-11-01,NA,NA,NA,6265136,NA,NA
"1366",2004-11-02,NA,NA,NA,6265136,NA,NA
"1367",2004-11-03,NA,NA,NA,6265136,NA,NA
"1368",2004-11-04,NA,NA,NA,6265136,NA,NA
"1369",2004-11-05,NA,NA,NA,6265136,NA,NA
"1370",2004-11-06,NA,NA,NA,6265136,NA,NA
"1371",2004-11-07,NA,NA,NA,6265136,NA,NA
"1372",2004-11-08,NA,NA,NA,6265136,NA,NA
"1373",2004-11-09,NA,NA,NA,6265136,NA,NA
"1374",2004-11-10,NA,NA,NA,6265136,NA,NA
"1375",2004-11-11,NA,NA,NA,6265136,NA,NA
"1376",2004-11-12,NA,NA,NA,6265136,NA,NA
"1377",2004-11-13,NA,NA,NA,6265136,NA,NA
"1378",2004-11-14,NA,NA,NA,6265136,NA,NA
"1379",2004-11-15,NA,NA,NA,6265136,NA,NA
"1380",2004-11-16,NA,NA,NA,6265136,NA,NA
"1381",2004-11-17,NA,NA,NA,6265136,NA,NA
"1382",2004-11-18,NA,NA,NA,6265136,NA,NA
"1383",2004-11-19,NA,NA,NA,6265136,NA,NA
"1384",2004-11-20,NA,NA,NA,6265136,NA,NA
"1385",2004-11-21,NA,NA,NA,6265136,NA,NA
"1386",2004-11-22,NA,NA,NA,6265136,NA,NA
"1387",2004-11-23,NA,NA,NA,6265136,NA,NA
"1388",2004-12-01,NA,NA,NA,6265136,NA,NA
"1389",2005-01-17,NA,NA,NA,6265136,NA,NA
"1390",2005-01-18,NA,NA,NA,6265136,NA,NA
"1391",2005-01-19,NA,NA,NA,6265136,NA,NA
"1392",2005-01-20,NA,NA,NA,6265136,NA,NA
"1393",2005-01-21,NA,NA,NA,6265136,NA,NA
"1394",2005-01-22,NA,NA,NA,6265136,NA,NA
"1395",2005-01-23,NA,NA,NA,6265136,NA,NA
"1396",2005-01-24,NA,NA,NA,6265136,NA,NA
"1397",2005-01-25,NA,NA,NA,6265136,NA,NA
"1398",2005-01-26,NA,NA,NA,6265136,NA,NA
"1399",2005-01-27,NA,NA,NA,6265136,NA,NA
"1400",2005-01-28,NA,NA,NA,6265136,NA,NA
"1401",2005-01-29,NA,NA,NA,6265136,NA,NA
"1402",2005-01-30,NA,NA,NA,6265136,NA,NA
"1403",2005-01-31,NA,NA,NA,6265136,NA,NA
"1404",2005-02-01,NA,NA,NA,6265136,NA,NA
"1405",2005-02-02,NA,NA,NA,6265136,NA,NA
"1406",2005-02-03,NA,NA,NA,6265136,NA,NA
"1407",2005-02-04,NA,NA,NA,6265136,NA,NA
"1408",2005-02-05,NA,NA,NA,6265136,NA,NA
"1409",2005-02-06,NA,NA,NA,6265136,NA,NA
"1410",2005-02-07,NA,NA,NA,6265136,NA,NA
"1411",2005-02-08,NA,NA,NA,6265136,NA,NA
"1412",2005-02-09,NA,NA,NA,6265136,NA,NA
"1413",2005-02-10,NA,NA,NA,6265136,NA,NA
"1414",2005-02-11,NA,NA,NA,6265136,NA,NA
"1415",2005-02-12,NA,NA,NA,6265136,NA,NA
"1416",2005-02-13,NA,NA,NA,6265136,NA,NA
"1417",2005-02-14,NA,NA,NA,6265136,NA,NA
"1418",2005-02-15,NA,NA,NA,6265136,NA,NA
"1419",2005-02-16,NA,NA,NA,6265136,NA,NA
"1420",2005-02-17,NA,NA,NA,6265136,NA,NA
"1421",2005-02-18,NA,NA,NA,6265136,NA,NA
"1422",2005-02-19,NA,NA,NA,6265136,NA,NA
"1423",2005-02-20,NA,NA,NA,6265136,NA,NA
"1424",2005-02-21,NA,NA,NA,6265136,NA,NA
"1425",2005-02-22,NA,NA,NA,6265136,NA,NA
"1426",2005-02-23,NA,NA,NA,6265136,NA,NA
"1427",2005-02-24,NA,NA,NA,6265136,NA,NA
"1428",2005-02-25,NA,NA,NA,6265136,NA,NA
"1429",2005-02-26,NA,NA,NA,6265136,NA,NA
"1430",2005-02-27,NA,NA,NA,6265136,NA,NA
"1431",2005-02-28,NA,NA,NA,6265136,NA,NA
"1432",2005-03-01,NA,NA,NA,6265136,NA,NA
"1433",2005-03-02,NA,NA,NA,6265136,NA,NA
"1434",2005-03-03,NA,NA,NA,6265136,NA,NA
"1435",2005-03-04,NA,NA,NA,6265136,NA,NA
"1436",2005-03-05,NA,NA,NA,6265136,NA,NA
"1437",2005-03-06,NA,NA,NA,6265136,NA,NA
"1438",2005-03-07,NA,NA,NA,6265136,NA,NA
"1439",2005-03-08,NA,NA,NA,6265136,NA,NA
"1440",2005-03-09,NA,NA,NA,6265136,NA,NA
"1441",2005-03-10,NA,NA,NA,6265136,NA,NA
"1442",2005-03-11,NA,NA,NA,6265136,NA,NA
"1443",2005-03-12,NA,NA,NA,6265136,NA,NA
"1444",2005-03-13,NA,NA,NA,6265136,NA,NA
"1445",2005-03-14,NA,NA,NA,6265136,NA,NA
"1446",2005-03-15,NA,NA,NA,6265136,NA,NA
"1447",2005-03-16,NA,NA,NA,6265136,NA,NA
"1448",2005-03-17,NA,NA,NA,6265136,NA,NA
"1449",2005-03-18,NA,NA,NA,6265136,NA,NA
"1450",2005-03-19,NA,NA,NA,6265136,NA,NA
"1451",2005-03-20,NA,NA,NA,6265136,NA,NA
"1452",2005-03-21,NA,NA,NA,6265136,NA,NA
"1453",2005-03-22,NA,NA,NA,6265136,NA,NA
"1454",2005-03-23,NA,NA,NA,6265136,NA,NA
"1455",2005-03-24,NA,NA,NA,6265136,NA,NA
"1456",2005-03-25,NA,NA,NA,6265136,NA,NA
"1457",2005-03-26,NA,NA,NA,6265136,NA,NA
"1458",2005-03-27,NA,NA,NA,6265136,NA,NA
"1459",2005-03-28,NA,NA,NA,6265136,NA,NA
"1460",2005-03-29,NA,NA,NA,6265136,NA,NA
"1461",2005-03-30,NA,NA,NA,6265136,NA,NA
"1462",2005-03-31,NA,NA,NA,6265136,NA,NA
"1463",2005-04-01,NA,NA,NA,6265136,NA,NA
"1464",2005-04-02,NA,NA,NA,6265136,NA,NA
"1465",2005-04-03,NA,NA,NA,6265136,NA,NA
"1466",2005-04-04,NA,NA,NA,6265136,NA,NA
"1467",2005-04-05,NA,NA,NA,6265136,NA,NA
"1468",2005-04-06,NA,NA,NA,6265136,NA,NA
"1469",2005-04-07,NA,NA,NA,6265136,NA,NA
"1470",2005-04-08,NA,NA,NA,6265136,NA,NA
"1471",2005-04-09,NA,NA,NA,6265136,NA,NA
"1472",2005-04-10,NA,NA,NA,6265136,NA,NA
"1473",2005-04-11,NA,NA,NA,6265136,NA,NA
"1474",2005-04-12,NA,NA,NA,6265136,NA,NA
"1475",2005-04-13,NA,NA,NA,6265136,NA,NA
"1476",2005-04-14,NA,NA,NA,6265136,NA,NA
"1477",2005-04-15,NA,NA,NA,6265136,NA,NA
"1478",2005-04-16,NA,NA,NA,6265136,NA,NA
"1479",2005-04-17,NA,NA,NA,6265136,NA,NA
"1480",2005-04-18,NA,NA,NA,6265136,NA,NA
"1481",2005-04-19,NA,NA,NA,6265136,NA,NA
"1482",2005-04-20,NA,NA,NA,6265136,NA,NA
"1483",2005-04-21,NA,NA,NA,6265136,NA,NA
"1484",2005-04-22,NA,NA,NA,6265136,NA,NA
"1485",2005-04-23,NA,NA,NA,6265136,NA,NA
"1486",2005-04-24,NA,NA,NA,6265136,NA,NA
"1487",2005-04-25,NA,NA,NA,6265136,NA,NA
"1488",2005-04-26,NA,NA,NA,6265136,NA,NA
"1489",2005-04-27,NA,NA,NA,6265136,NA,NA
"1490",2005-04-28,NA,NA,NA,6265136,NA,NA
"1491",2005-04-29,NA,NA,NA,6265136,NA,NA
"1492",2005-04-30,NA,NA,NA,6265136,NA,NA
"1493",2005-05-01,NA,NA,NA,6265136,NA,NA
"1494",2005-05-02,NA,NA,NA,6265136,NA,NA
"1495",2005-05-03,NA,NA,NA,6265136,NA,NA
"1496",2005-05-04,NA,NA,NA,6265136,NA,NA
"1497",2005-05-05,NA,NA,NA,6265136,NA,NA
"1498",2005-05-06,NA,NA,NA,6265136,NA,NA
"1499",2005-05-07,NA,NA,NA,6265136,NA,NA
"1500",2005-05-08,NA,NA,NA,6265136,NA,NA
"1501",2005-05-09,NA,NA,NA,6265136,NA,NA
"1502",2005-05-10,NA,NA,NA,6265136,NA,NA
"1503",2005-05-11,NA,NA,NA,6265136,NA,NA
"1504",2005-05-12,NA,NA,NA,6265136,NA,NA
"1505",2005-05-13,NA,NA,NA,6265136,NA,NA
"1506",2005-05-14,NA,NA,NA,6265136,NA,NA
"1507",2005-05-15,NA,NA,NA,6265136,NA,NA
"1508",2005-05-16,NA,NA,NA,6265136,NA,NA
"1509",2005-05-17,NA,NA,NA,6265136,NA,NA
"1510",2005-05-18,NA,NA,NA,6265136,NA,NA
"1511",2005-05-19,NA,NA,NA,6265136,NA,NA
"1512",2005-05-20,NA,NA,NA,6265136,NA,NA
"1513",2005-05-21,NA,NA,NA,6265136,NA,NA
"1514",2005-05-22,NA,NA,NA,6265136,NA,NA
"1515",2005-05-23,NA,NA,NA,6265136,NA,NA
"1516",2005-05-24,NA,NA,NA,6265136,NA,NA
"1517",2005-05-25,NA,NA,NA,6265136,NA,NA
"1518",2005-05-26,NA,NA,NA,6265136,NA,NA
"1519",2005-05-27,NA,NA,NA,6265136,NA,NA
"1520",2005-05-28,NA,NA,NA,6265136,NA,NA
"1521",2005-05-29,NA,NA,NA,6265136,NA,NA
"1522",2005-05-30,NA,NA,NA,6265136,NA,NA
"1523",2005-05-31,NA,NA,NA,6265136,NA,NA
"1524",2005-06-01,NA,NA,NA,6265136,NA,NA
"1525",2005-06-02,NA,NA,NA,6265136,NA,NA
"1526",2005-06-03,NA,NA,NA,6265136,NA,NA
"1527",2005-06-04,NA,NA,NA,6265136,NA,NA
"1528",2005-06-05,NA,NA,NA,6265136,NA,NA
"1529",2005-06-06,NA,NA,NA,6265136,NA,NA
"1530",2005-06-07,NA,NA,NA,6265136,NA,NA
"1531",2005-06-08,NA,NA,NA,6265136,NA,NA
"1532",2005-06-09,NA,NA,NA,6265136,NA,NA
"1533",2005-06-10,NA,NA,NA,6265136,NA,NA
"1534",2005-06-11,NA,NA,NA,6265136,NA,NA
"1535",2005-06-12,NA,NA,NA,6265136,NA,NA
"1536",2005-06-13,NA,NA,NA,6265136,NA,NA
"1537",2005-06-14,NA,NA,NA,6265136,NA,NA
"1538",2005-06-15,NA,NA,NA,6265136,NA,NA
"1539",2005-06-16,NA,NA,NA,6265136,NA,NA
"1540",2005-06-17,NA,NA,NA,6265136,NA,NA
"1541",2005-06-18,NA,NA,NA,6265136,NA,NA
"1542",2005-06-19,NA,NA,NA,6265136,NA,NA
"1543",2005-06-20,NA,NA,NA,6265136,NA,NA
"1544",2005-06-21,NA,NA,NA,6265136,NA,NA
"1545",2005-06-22,NA,NA,NA,6265136,NA,NA
"1546",2005-06-23,NA,NA,NA,6265136,NA,NA
"1547",2005-06-24,NA,NA,NA,6265136,NA,NA
"1548",2005-06-25,NA,NA,NA,6265136,NA,NA
"1549",2005-06-26,NA,NA,NA,6265136,NA,NA
"1550",2005-06-27,NA,NA,NA,6265136,NA,NA
"1551",2005-06-28,NA,NA,NA,6265136,NA,NA
"1552",2005-06-29,NA,NA,NA,6265136,NA,NA
"1553",2005-06-30,NA,NA,NA,6265136,NA,NA
"1554",2005-07-01,NA,NA,NA,6265136,NA,NA
"1555",2005-07-02,NA,NA,NA,6265136,NA,NA
"1556",2005-07-03,NA,NA,NA,6265136,NA,NA
"1557",2005-07-04,NA,NA,NA,6265136,NA,NA
"1558",2005-07-05,NA,NA,NA,6265136,NA,NA
"1559",2005-07-06,NA,NA,NA,6265136,NA,NA
"1560",2005-07-07,NA,NA,NA,6265136,NA,NA
"1561",2005-07-08,NA,NA,NA,6265136,NA,NA
"1562",2005-07-09,NA,NA,NA,6265136,NA,NA
"1563",2005-07-10,NA,NA,NA,6265136,NA,NA
"1564",2005-07-11,NA,NA,NA,6265136,NA,NA
"1565",2005-07-12,NA,NA,NA,6265136,NA,NA
"1566",2005-07-13,NA,NA,NA,6265136,NA,NA
"1567",2005-07-14,NA,NA,NA,6265136,NA,NA
"1568",2005-07-15,NA,NA,NA,6265136,NA,NA
"1569",2005-07-16,NA,NA,NA,6265136,NA,NA
"1570",2005-07-17,NA,NA,NA,6265136,NA,NA
"1571",2005-07-18,NA,NA,NA,6265136,NA,NA
"1572",2005-07-19,NA,NA,NA,6265136,NA,NA
"1573",2005-07-20,NA,NA,NA,6265136,NA,NA
"1574",2005-07-21,NA,NA,NA,6265136,NA,NA
"1575",2005-07-22,NA,NA,NA,6265136,NA,NA
"1576",2005-07-23,NA,NA,NA,6265136,NA,NA
"1577",2005-07-24,NA,NA,NA,6265136,NA,NA
"1578",2005-07-25,NA,NA,NA,6265136,NA,NA
"1579",2005-07-26,NA,NA,NA,6265136,NA,NA
"1580",2005-07-27,NA,NA,NA,6265136,NA,NA
"1581",2005-07-28,NA,NA,NA,6265136,NA,NA
"1582",2005-07-29,NA,NA,NA,6265136,NA,NA
"1583",2005-07-30,NA,NA,NA,6265136,NA,NA
"1584",2005-07-31,NA,NA,NA,6265136,NA,NA
"1585",2005-08-01,NA,NA,NA,6265136,NA,NA
"1586",2005-08-02,NA,NA,NA,6265136,NA,NA
"1587",2005-08-03,NA,NA,NA,6265136,NA,NA
"1588",2005-08-04,NA,NA,NA,6265136,NA,NA
"1589",2005-08-05,NA,NA,NA,6265136,NA,NA
"1590",2005-08-06,NA,NA,NA,6265136,NA,NA
"1591",2005-08-07,NA,NA,NA,6265136,NA,NA
"1592",2005-08-08,NA,NA,NA,6265136,NA,NA
"1593",2005-08-09,NA,NA,NA,6265136,NA,NA
"1594",2005-08-10,NA,NA,NA,6265136,NA,NA
"1595",2005-08-11,NA,NA,NA,6265136,NA,NA
"1596",2005-08-12,NA,NA,NA,6265136,NA,NA
"1597",2005-08-13,NA,NA,NA,6265136,NA,NA
"1598",2005-08-14,NA,NA,NA,6265136,NA,NA
"1599",2005-08-15,NA,NA,NA,6265136,NA,NA
"1600",2005-08-16,NA,NA,NA,6265136,NA,NA
"1601",2005-08-17,NA,NA,NA,6265136,NA,NA
"1602",2005-08-18,NA,NA,NA,6265136,NA,NA
"1603",2005-08-19,NA,NA,NA,6265136,NA,NA
"1604",2005-08-20,NA,NA,NA,6265136,NA,NA
"1605",2005-08-21,NA,NA,NA,6265136,NA,NA
"1606",2005-08-22,NA,NA,NA,6265136,NA,NA
"1607",2005-08-23,NA,NA,NA,6265136,NA,NA
"1608",2005-08-24,NA,NA,NA,6265136,NA,NA
"1609",2005-08-25,NA,NA,NA,6265136,NA,NA
"1610",2005-08-26,NA,NA,NA,6265136,NA,NA
"1611",2005-08-27,NA,NA,NA,6265136,NA,NA
"1612",2005-08-28,NA,NA,NA,6265136,NA,NA
"1613",2005-08-29,NA,NA,NA,6265136,NA,NA
"1614",2005-08-30,NA,NA,NA,6265136,NA,NA
"1615",2005-08-31,NA,NA,NA,6265136,NA,NA
"1616",2005-09-01,NA,NA,NA,6265136,NA,NA
"1617",2005-09-02,NA,NA,NA,6265136,NA,NA
"1618",2005-09-03,NA,NA,NA,6265136,NA,NA
"1619",2005-09-04,NA,NA,NA,6265136,NA,NA
"1620",2005-09-05,NA,NA,NA,6265136,NA,NA
"1621",2005-09-06,NA,NA,NA,6265136,NA,NA
"1622",2005-09-07,NA,NA,NA,6265136,NA,NA
"1623",2005-09-08,NA,NA,NA,6265136,NA,NA
"1624",2005-09-09,NA,NA,NA,6265136,NA,NA
"1625",2005-09-10,NA,NA,NA,6265136,NA,NA
"1626",2005-09-11,NA,NA,NA,6265136,NA,NA
"1627",2005-09-12,NA,NA,NA,6265136,NA,NA
"1628",2005-09-13,NA,NA,NA,6265136,NA,NA
"1629",2005-09-14,NA,NA,NA,6265136,NA,NA
"1630",2005-09-15,NA,NA,NA,6265136,NA,NA
"1631",2005-09-16,NA,NA,NA,6265136,NA,NA
"1632",2005-09-17,NA,NA,NA,6265136,NA,NA
"1633",2005-09-18,NA,NA,NA,6265136,NA,NA
"1634",2005-09-19,NA,NA,NA,6265136,NA,NA
"1635",2005-09-20,NA,NA,NA,6265136,NA,NA
"1636",2005-09-21,NA,NA,NA,6265136,NA,NA
"1637",2005-09-22,NA,NA,NA,6265136,NA,NA
"1638",2005-09-23,NA,NA,NA,6265136,NA,NA
"1639",2005-09-24,NA,NA,NA,6265136,NA,NA
"1640",2005-09-25,NA,NA,NA,6265136,NA,NA
"1641",2005-09-26,NA,NA,NA,6265136,NA,NA
"1642",2005-09-27,NA,NA,NA,6265136,NA,NA
"1643",2005-09-28,NA,NA,NA,6265136,NA,NA
"1644",2005-09-29,NA,NA,NA,6265136,NA,NA
"1645",2005-09-30,NA,NA,NA,6265136,NA,NA
"1646",2005-10-01,NA,NA,NA,6265136,NA,NA
"1647",2005-10-02,NA,NA,NA,6265136,NA,NA
"1648",2005-10-03,NA,NA,NA,6265136,NA,NA
"1649",2005-10-04,NA,NA,NA,6265136,NA,NA
"1650",2005-10-05,NA,NA,NA,6265136,NA,NA
"1651",2005-10-06,NA,NA,NA,6265136,NA,NA
"1652",2005-10-07,NA,NA,NA,6265136,NA,NA
"1653",2005-10-08,NA,NA,NA,6265136,NA,NA
"1654",2005-10-09,NA,NA,NA,6265136,NA,NA
"1655",2005-10-10,NA,NA,NA,6265136,NA,NA
"1656",2005-10-11,NA,NA,NA,6265136,NA,NA
"1657",2005-10-12,NA,NA,NA,6265136,NA,NA
"1658",2005-10-13,NA,NA,NA,6265136,NA,NA
"1659",2005-10-14,NA,NA,NA,6265136,NA,NA
"1660",2005-10-15,NA,NA,NA,6265136,NA,NA
"1661",2005-10-16,NA,NA,NA,6265136,NA,NA
"1662",2005-10-17,NA,NA,NA,6265136,NA,NA
"1663",2005-10-18,NA,NA,NA,6265136,NA,NA
"1664",2005-10-19,NA,NA,NA,6265136,NA,NA
"1665",2005-10-20,NA,NA,NA,6265136,NA,NA
"1666",2005-10-21,NA,NA,NA,6265136,NA,NA
"1667",2005-10-22,NA,NA,NA,6265136,NA,NA
"1668",2005-10-23,NA,NA,NA,6265136,NA,NA
"1669",2005-10-24,NA,NA,NA,6265136,NA,NA
"1670",2005-10-25,NA,NA,NA,6265136,NA,NA
"1671",2005-10-26,NA,NA,NA,6265136,NA,NA
"1672",2005-10-27,NA,NA,NA,6265136,NA,NA
"1673",2005-10-28,NA,NA,NA,6265136,NA,NA
"1674",2005-10-29,NA,NA,NA,6265136,NA,NA
"1675",2005-10-30,NA,NA,NA,6265136,NA,NA
"1676",2005-10-31,NA,NA,NA,6265136,NA,NA
"1677",2005-11-01,NA,NA,NA,6265136,NA,NA
"1678",2005-11-02,NA,NA,NA,6265136,NA,NA
"1679",2005-11-03,NA,NA,NA,6265136,NA,NA
"1680",2005-11-04,NA,NA,NA,6265136,NA,NA
"1681",2005-11-05,NA,NA,NA,6265136,NA,NA
"1682",2005-11-06,NA,NA,NA,6265136,NA,NA
"1683",2005-11-07,NA,NA,NA,6265136,NA,NA
"1684",2005-11-08,NA,NA,NA,6265136,NA,NA
"1685",2005-11-09,NA,NA,NA,6265136,NA,NA
"1686",2005-11-10,NA,NA,NA,6265136,NA,NA
"1687",2005-11-11,NA,NA,NA,6265136,NA,NA
"1688",2005-11-12,NA,NA,NA,6265136,NA,NA
"1689",2005-11-13,NA,NA,NA,6265136,NA,NA
"1690",2005-11-14,NA,NA,NA,6265136,NA,NA
"1691",2005-11-15,NA,NA,NA,6265136,NA,NA
"1692",2005-11-16,NA,NA,NA,6265136,NA,NA
"1693",2005-11-17,NA,NA,NA,6265136,NA,NA
"1694",2005-11-18,NA,NA,NA,6265136,NA,NA
"1695",2005-11-19,NA,NA,NA,6265136,NA,NA
"1696",2005-11-20,NA,NA,NA,6265136,NA,NA
"1697",2005-11-21,NA,NA,NA,6265136,NA,NA
"1698",2005-11-22,NA,NA,NA,6265136,NA,NA
"1699",2005-11-24,NA,NA,NA,6265136,NA,NA
"1700",2005-11-26,NA,NA,NA,6265136,NA,NA
"1701",2006-01-16,NA,NA,NA,6265136,NA,NA
"1702",2006-01-17,NA,NA,NA,6265136,NA,NA
"1703",2006-01-18,NA,NA,NA,6265136,NA,NA
"1704",2006-01-20,NA,NA,NA,6265136,NA,NA
"1705",2006-01-21,NA,NA,NA,6265136,NA,NA
"1706",2006-01-22,NA,NA,NA,6265136,NA,NA
"1707",2006-01-23,NA,NA,NA,6265136,NA,NA
"1708",2006-01-24,NA,NA,NA,6265136,NA,NA
"1709",2006-01-25,NA,NA,NA,6265136,NA,NA
"1710",2006-01-26,NA,NA,NA,6265136,NA,NA
"1711",2006-01-27,NA,NA,NA,6265136,NA,NA
"1712",2006-01-28,NA,NA,NA,6265136,NA,NA
"1713",2006-01-29,NA,NA,NA,6265136,NA,NA
"1714",2006-01-30,NA,NA,NA,6265136,NA,NA
"1715",2006-01-31,NA,NA,NA,6265136,NA,NA
"1716",2006-02-01,NA,NA,NA,6265136,NA,NA
"1717",2006-02-02,NA,NA,NA,6265136,NA,NA
"1718",2006-02-03,NA,NA,NA,6265136,NA,NA
"1719",2006-02-04,NA,NA,NA,6265136,NA,NA
"1720",2006-02-05,NA,NA,NA,6265136,NA,NA
"1721",2006-02-06,NA,NA,NA,6265136,NA,NA
"1722",2006-02-07,NA,NA,NA,6265136,NA,NA
"1723",2006-02-08,NA,NA,NA,6265136,NA,NA
"1724",2006-02-09,NA,NA,NA,6265136,NA,NA
"1725",2006-02-10,NA,NA,NA,6265136,NA,NA
"1726",2006-02-11,NA,NA,NA,6265136,NA,NA
"1727",2006-02-12,NA,NA,NA,6265136,NA,NA
"1728",2006-02-13,NA,NA,NA,6265136,NA,NA
"1729",2006-02-14,NA,NA,NA,6265136,NA,NA
"1730",2006-02-15,NA,NA,NA,6265136,NA,NA
"1731",2006-02-16,NA,NA,NA,6265136,NA,NA
"1732",2006-02-17,NA,NA,NA,6265136,NA,NA
"1733",2006-02-18,NA,NA,NA,6265136,NA,NA
"1734",2006-02-19,NA,NA,NA,6265136,NA,NA
"1735",2006-02-20,NA,NA,NA,6265136,NA,NA
"1736",2006-02-21,NA,NA,NA,6265136,NA,NA
"1737",2006-02-22,NA,NA,NA,6265136,NA,NA
"1738",2006-02-23,NA,NA,NA,6265136,NA,NA
"1739",2006-02-24,NA,NA,NA,6265136,NA,NA
"1740",2006-02-25,NA,NA,NA,6265136,NA,NA
"1741",2006-02-26,NA,NA,NA,6265136,NA,NA
"1742",2006-02-27,NA,NA,NA,6265136,NA,NA
"1743",2006-02-28,NA,NA,NA,6265136,NA,NA
"1744",2006-03-01,NA,NA,NA,6265136,NA,NA
"1745",2006-03-02,NA,NA,NA,6265136,NA,NA
"1746",2006-03-03,NA,NA,NA,6265136,NA,NA
"1747",2006-03-04,NA,NA,NA,6265136,NA,NA
"1748",2006-03-05,NA,NA,NA,6265136,NA,NA
"1749",2006-03-06,NA,NA,NA,6265136,NA,NA
"1750",2006-03-07,NA,NA,NA,6265136,NA,NA
"1751",2006-03-08,NA,NA,NA,6265136,NA,NA
"1752",2006-03-09,NA,NA,NA,6265136,NA,NA
"1753",2006-03-10,NA,NA,NA,6265136,NA,NA
"1754",2006-03-11,NA,NA,NA,6265136,NA,NA
"1755",2006-03-12,NA,NA,NA,6265136,NA,NA
"1756",2006-03-13,NA,NA,NA,6265136,NA,NA
"1757",2006-03-14,NA,NA,NA,6265136,NA,NA
"1758",2006-03-15,NA,NA,NA,6265136,NA,NA
"1759",2006-03-16,NA,NA,NA,6265136,NA,NA
"1760",2006-03-17,NA,NA,NA,6265136,NA,NA
"1761",2006-03-18,NA,NA,NA,6265136,NA,NA
"1762",2006-03-19,NA,NA,NA,6265136,NA,NA
"1763",2006-03-20,NA,NA,NA,6265136,NA,NA
"1764",2006-03-21,NA,NA,NA,6265136,NA,NA
"1765",2006-03-22,NA,NA,NA,6265136,NA,NA
"1766",2006-03-23,NA,NA,NA,6265136,NA,NA
"1767",2006-03-24,NA,NA,NA,6265136,NA,NA
"1768",2006-03-25,NA,NA,NA,6265136,NA,NA
"1769",2006-03-26,NA,NA,NA,6265136,NA,NA
"1770",2006-03-27,NA,NA,NA,6265136,NA,NA
"1771",2006-03-28,NA,NA,NA,6265136,NA,NA
"1772",2006-03-29,NA,NA,NA,6265136,NA,NA
"1773",2006-03-30,NA,NA,NA,6265136,NA,NA
"1774",2006-03-31,NA,NA,NA,6265136,NA,NA
"1775",2006-04-01,NA,NA,NA,6265136,NA,NA
"1776",2006-04-02,NA,NA,NA,6265136,NA,NA
"1777",2006-04-03,NA,NA,NA,6265136,NA,NA
"1778",2006-04-04,NA,NA,NA,6265136,NA,NA
"1779",2006-04-05,NA,NA,NA,6265136,NA,NA
"1780",2006-04-06,NA,NA,NA,6265136,NA,NA
"1781",2006-04-07,NA,NA,NA,6265136,NA,NA
"1782",2006-04-08,NA,NA,NA,6265136,NA,NA
"1783",2006-04-09,NA,NA,NA,6265136,NA,NA
"1784",2006-04-10,NA,NA,NA,6265136,NA,NA
"1785",2006-04-11,NA,NA,NA,6265136,NA,NA
"1786",2006-04-12,NA,NA,NA,6265136,NA,NA
"1787",2006-04-13,NA,NA,NA,6265136,NA,NA
"1788",2006-04-14,NA,NA,NA,6265136,NA,NA
"1789",2006-04-15,NA,NA,NA,6265136,NA,NA
"1790",2006-04-16,NA,NA,NA,6265136,NA,NA
"1791",2006-04-17,NA,NA,NA,6265136,NA,NA
"1792",2006-04-18,NA,NA,NA,6265136,NA,NA
"1793",2006-04-19,NA,NA,NA,6265136,NA,NA
"1794",2006-04-20,NA,NA,NA,6265136,NA,NA
"1795",2006-04-21,NA,NA,NA,6265136,NA,NA
"1796",2006-04-22,NA,NA,NA,6265136,NA,NA
"1797",2006-04-23,NA,NA,NA,6265136,NA,NA
"1798",2006-04-24,NA,NA,NA,6265136,NA,NA
"1799",2006-04-25,NA,NA,NA,6265136,NA,NA
"1800",2006-04-26,NA,NA,NA,6265136,NA,NA
"1801",2006-04-27,NA,NA,NA,6265136,NA,NA
"1802",2006-04-28,NA,NA,NA,6265136,NA,NA
"1803",2006-04-29,NA,NA,NA,6265136,NA,NA
"1804",2006-04-30,NA,NA,NA,6265136,NA,NA
"1805",2006-05-01,NA,NA,NA,6265136,NA,NA
"1806",2006-05-02,NA,NA,NA,6265136,NA,NA
"1807",2006-05-03,NA,NA,NA,6265136,NA,NA
"1808",2006-05-04,NA,NA,NA,6265136,NA,NA
"1809",2006-05-05,NA,NA,NA,6265136,NA,NA
"1810",2006-05-06,NA,NA,NA,6265136,NA,NA
"1811",2006-05-07,NA,NA,NA,6265136,NA,NA
"1812",2006-05-08,NA,NA,NA,6265136,NA,NA
"1813",2006-05-09,NA,NA,NA,6265136,NA,NA
"1814",2006-05-10,NA,NA,NA,6265136,NA,NA
"1815",2006-05-11,NA,NA,NA,6265136,NA,NA
"1816",2006-05-12,NA,NA,NA,6265136,NA,NA
"1817",2006-05-13,NA,NA,NA,6265136,NA,NA
"1818",2006-05-14,NA,NA,NA,6265136,NA,NA
"1819",2006-05-15,NA,NA,NA,6265136,NA,NA
"1820",2006-05-16,NA,NA,NA,6265136,NA,NA
"1821",2006-05-17,NA,NA,NA,6265136,NA,NA
"1822",2006-05-18,NA,NA,NA,6265136,NA,NA
"1823",2006-05-19,NA,NA,NA,6265136,NA,NA
"1824",2006-05-20,NA,NA,NA,6265136,NA,NA
"1825",2006-05-21,NA,NA,NA,6265136,NA,NA
"1826",2006-05-22,NA,NA,NA,6265136,NA,NA
"1827",2006-05-23,NA,NA,NA,6265136,NA,NA
"1828",2006-05-24,NA,NA,NA,6265136,NA,NA
"1829",2006-05-25,NA,NA,NA,6265136,NA,NA
"1830",2006-05-26,NA,NA,NA,6265136,NA,NA
"1831",2006-05-27,NA,NA,NA,6265136,NA,NA
"1832",2006-05-28,NA,NA,NA,6265136,NA,NA
"1833",2006-05-29,NA,NA,NA,6265136,NA,NA
"1834",2006-05-30,NA,NA,NA,6265136,NA,NA
"1835",2006-05-31,NA,NA,NA,6265136,NA,NA
"1836",2006-06-01,NA,NA,NA,6265136,NA,NA
"1837",2006-06-02,NA,NA,NA,6265136,NA,NA
"1838",2006-06-03,NA,NA,NA,6265136,NA,NA
"1839",2006-06-04,NA,NA,NA,6265136,NA,NA
"1840",2006-06-05,NA,NA,NA,6265136,NA,NA
"1841",2006-06-06,NA,NA,NA,6265136,NA,NA
"1842",2006-06-07,NA,NA,NA,6265136,NA,NA
"1843",2006-06-08,NA,NA,NA,6265136,NA,NA
"1844",2006-06-09,NA,NA,NA,6265136,NA,NA
"1845",2006-06-10,NA,NA,NA,6265136,NA,NA
"1846",2006-06-11,NA,NA,NA,6265136,NA,NA
"1847",2006-06-12,NA,NA,NA,6265136,NA,NA
"1848",2006-06-13,NA,NA,NA,6265136,NA,NA
"1849",2006-06-14,NA,NA,NA,6265136,NA,NA
"1850",2006-06-15,NA,NA,NA,6265136,NA,NA
"1851",2006-06-16,NA,NA,NA,6265136,NA,NA
"1852",2006-06-17,NA,NA,NA,6265136,NA,NA
"1853",2006-06-18,NA,NA,NA,6265136,NA,NA
"1854",2006-06-19,NA,NA,NA,6265136,NA,NA
"1855",2006-06-20,NA,NA,NA,6265136,NA,NA
"1856",2006-06-21,NA,NA,NA,6265136,NA,NA
"1857",2006-06-22,NA,NA,NA,6265136,NA,NA
"1858",2006-06-23,NA,NA,NA,6265136,NA,NA
"1859",2006-06-24,NA,NA,NA,6265136,NA,NA
"1860",2006-06-25,NA,NA,NA,6265136,NA,NA
"1861",2006-06-26,NA,NA,NA,6265136,NA,NA
"1862",2006-06-27,NA,NA,NA,6265136,NA,NA
"1863",2006-06-28,NA,NA,NA,6265136,NA,NA
"1864",2006-06-29,NA,NA,NA,6265136,NA,NA
"1865",2006-06-30,NA,NA,NA,6265136,NA,NA
"1866",2006-07-01,NA,NA,NA,6265136,NA,NA
"1867",2006-07-02,NA,NA,NA,6265136,NA,NA
"1868",2006-07-03,NA,NA,NA,6265136,NA,NA
"1869",2006-07-04,NA,NA,NA,6265136,NA,NA
"1870",2006-07-05,NA,NA,NA,6265136,NA,NA
"1871",2006-07-06,NA,NA,NA,6265136,NA,NA
"1872",2006-07-07,NA,NA,NA,6265136,NA,NA
"1873",2006-07-08,NA,NA,NA,6265136,NA,NA
"1874",2006-07-09,NA,NA,NA,6265136,NA,NA
"1875",2006-07-10,NA,NA,NA,6265136,NA,NA
"1876",2006-07-11,NA,NA,NA,6265136,NA,NA
"1877",2006-07-12,NA,NA,NA,6265136,NA,NA
"1878",2006-07-13,NA,NA,NA,6265136,NA,NA
"1879",2006-07-14,NA,NA,NA,6265136,NA,NA
"1880",2006-07-15,NA,NA,NA,6265136,NA,NA
"1881",2006-07-16,NA,NA,NA,6265136,NA,NA
"1882",2006-07-17,NA,NA,NA,6265136,NA,NA
"1883",2006-07-18,NA,NA,NA,6265136,NA,NA
"1884",2006-07-19,NA,NA,NA,6265136,NA,NA
"1885",2006-07-20,NA,NA,NA,6265136,NA,NA
"1886",2006-07-21,NA,NA,NA,6265136,NA,NA
"1887",2006-07-22,NA,NA,NA,6265136,NA,NA
"1888",2006-07-23,NA,NA,NA,6265136,NA,NA
"1889",2006-07-24,NA,NA,NA,6265136,NA,NA
"1890",2006-07-25,NA,NA,NA,6265136,NA,NA
"1891",2006-07-26,NA,NA,NA,6265136,NA,NA
"1892",2006-07-27,NA,NA,NA,6265136,NA,NA
"1893",2006-07-28,NA,NA,NA,6265136,NA,NA
"1894",2006-07-29,NA,NA,NA,6265136,NA,NA
"1895",2006-07-30,NA,NA,NA,6265136,NA,NA
"1896",2006-07-31,NA,NA,NA,6265136,NA,NA
"1897",2006-08-01,NA,NA,NA,6265136,NA,NA
"1898",2006-08-02,NA,NA,NA,6265136,NA,NA
"1899",2006-08-03,NA,NA,NA,6265136,NA,NA
"1900",2006-08-04,NA,NA,NA,6265136,NA,NA
"1901",2006-08-05,NA,NA,NA,6265136,NA,NA
"1902",2006-08-06,NA,NA,NA,6265136,NA,NA
"1903",2006-08-07,NA,NA,NA,6265136,NA,NA
"1904",2006-08-08,NA,NA,NA,6265136,NA,NA
"1905",2006-08-09,NA,NA,NA,6265136,NA,NA
"1906",2006-08-10,NA,NA,NA,6265136,NA,NA
"1907",2006-08-11,NA,NA,NA,6265136,NA,NA
"1908",2006-08-12,NA,NA,NA,6265136,NA,NA
"1909",2006-08-13,NA,NA,NA,6265136,NA,NA
"1910",2006-08-14,NA,NA,NA,6265136,NA,NA
"1911",2006-08-15,NA,NA,NA,6265136,NA,NA
"1912",2006-08-16,NA,NA,NA,6265136,NA,NA
"1913",2006-08-17,NA,NA,NA,6265136,NA,NA
"1914",2006-08-18,NA,NA,NA,6265136,NA,NA
"1915",2006-08-19,NA,NA,NA,6265136,NA,NA
"1916",2006-08-20,NA,NA,NA,6265136,NA,NA
"1917",2006-08-21,NA,NA,NA,6265136,NA,NA
"1918",2006-08-22,NA,NA,NA,6265136,NA,NA
"1919",2006-08-23,NA,NA,NA,6265136,NA,NA
"1920",2006-08-24,NA,NA,NA,6265136,NA,NA
"1921",2006-08-25,NA,NA,NA,6265136,NA,NA
"1922",2006-08-26,NA,NA,NA,6265136,NA,NA
"1923",2006-08-27,NA,NA,NA,6265136,NA,NA
"1924",2006-08-28,NA,NA,NA,6265136,NA,NA
"1925",2006-08-29,NA,NA,NA,6265136,NA,NA
"1926",2006-08-30,NA,NA,NA,6265136,NA,NA
"1927",2006-08-31,NA,NA,NA,6265136,NA,NA
"1928",2006-09-01,NA,NA,NA,6265136,NA,NA
"1929",2006-09-02,NA,NA,NA,6265136,NA,NA
"1930",2006-09-03,NA,NA,NA,6265136,NA,NA
"1931",2006-09-04,NA,NA,NA,6265136,NA,NA
"1932",2006-09-05,NA,NA,NA,6265136,NA,NA
"1933",2006-09-06,NA,NA,NA,6265136,NA,NA
"1934",2006-09-07,NA,NA,NA,6265136,NA,NA
"1935",2006-09-08,NA,NA,NA,6265136,NA,NA
"1936",2006-09-09,NA,NA,NA,6265136,NA,NA
"1937",2006-09-10,NA,NA,NA,6265136,NA,NA
"1938",2006-09-11,NA,NA,NA,6265136,NA,NA
"1939",2006-09-12,NA,NA,NA,6265136,NA,NA
"1940",2006-09-13,NA,NA,NA,6265136,NA,NA
"1941",2006-09-14,NA,NA,NA,6265136,NA,NA
"1942",2006-09-15,NA,NA,NA,6265136,NA,NA
"1943",2006-09-16,NA,NA,NA,6265136,NA,NA
"1944",2006-09-17,NA,NA,NA,6265136,NA,NA
"1945",2006-09-18,NA,NA,NA,6265136,NA,NA
"1946",2006-09-19,NA,NA,NA,6265136,NA,NA
"1947",2006-09-20,NA,NA,NA,6265136,NA,NA
"1948",2006-09-21,NA,NA,NA,6265136,NA,NA
"1949",2006-09-22,NA,NA,NA,6265136,NA,NA
"1950",2006-09-23,NA,NA,NA,6265136,NA,NA
"1951",2006-09-24,NA,NA,NA,6265136,NA,NA
"1952",2006-09-25,NA,NA,NA,6265136,NA,NA
"1953",2006-09-26,NA,NA,NA,6265136,NA,NA
"1954",2006-09-27,NA,NA,NA,6265136,NA,NA
"1955",2006-09-28,NA,NA,NA,6265136,NA,NA
"1956",2006-09-29,NA,NA,NA,6265136,NA,NA
"1957",2006-09-30,NA,NA,NA,6265136,NA,NA
"1958",2006-10-01,NA,NA,NA,6265136,NA,NA
"1959",2006-10-02,NA,NA,NA,6265136,NA,NA
"1960",2006-10-03,NA,NA,NA,6265136,NA,NA
"1961",2006-10-04,NA,NA,NA,6265136,NA,NA
"1962",2006-10-05,NA,NA,NA,6265136,NA,NA
"1963",2006-10-06,NA,NA,NA,6265136,NA,NA
"1964",2006-10-07,NA,NA,NA,6265136,NA,NA
"1965",2006-10-08,NA,NA,NA,6265136,NA,NA
"1966",2006-10-09,NA,NA,NA,6265136,NA,NA
"1967",2006-10-10,NA,NA,NA,6265136,NA,NA
"1968",2006-10-11,NA,NA,NA,6265136,NA,NA
"1969",2006-10-12,NA,NA,NA,6265136,NA,NA
"1970",2006-10-13,NA,NA,NA,6265136,NA,NA
"1971",2006-10-14,NA,NA,NA,6265136,NA,NA
"1972",2006-10-15,NA,NA,NA,6265136,NA,NA
"1973",2006-10-16,NA,NA,NA,6265136,NA,NA
"1974",2006-10-17,NA,NA,NA,6265136,NA,NA
"1975",2006-10-18,NA,NA,NA,6265136,NA,NA
"1976",2006-10-19,NA,NA,NA,6265136,NA,NA
"1977",2006-10-20,NA,NA,NA,6265136,NA,NA
"1978",2006-10-21,NA,NA,NA,6265136,NA,NA
"1979",2006-10-22,NA,NA,NA,6265136,NA,NA
"1980",2006-10-23,NA,NA,NA,6265136,NA,NA
"1981",2006-10-24,NA,NA,NA,6265136,NA,NA
"1982",2006-10-25,NA,NA,NA,6265136,NA,NA
"1983",2006-10-26,NA,NA,NA,6265136,NA,NA
"1984",2006-10-27,NA,NA,NA,6265136,NA,NA
"1985",2006-10-28,NA,NA,NA,6265136,NA,NA
"1986",2006-10-29,NA,NA,NA,6265136,NA,NA
"1987",2006-10-30,NA,NA,NA,6265136,NA,NA
"1988",2006-10-31,NA,NA,NA,6265136,NA,NA
"1989",2006-11-01,NA,NA,NA,6265136,NA,NA
"1990",2006-11-02,NA,NA,NA,6265136,NA,NA
"1991",2006-11-03,NA,NA,NA,6265136,NA,NA
"1992",2006-11-04,NA,NA,NA,6265136,NA,NA
"1993",2006-11-05,NA,NA,NA,6265136,NA,NA
"1994",2006-11-06,NA,NA,NA,6265136,NA,NA
"1995",2006-11-07,NA,NA,NA,6265136,NA,NA
"1996",2006-11-08,NA,NA,NA,6265136,NA,NA
"1997",2006-11-09,NA,NA,NA,6265136,NA,NA
"1998",2006-11-10,NA,NA,NA,6265136,NA,NA
"1999",2006-11-11,NA,NA,NA,6265136,NA,NA
"2000",2006-11-12,NA,NA,NA,6265136,NA,NA
"2001",2006-11-13,NA,NA,NA,6265136,NA,NA
"2002",2006-11-14,NA,NA,NA,6265136,NA,NA
"2003",2006-11-15,NA,NA,NA,6265136,NA,NA
"2004",2006-11-16,NA,NA,NA,6265136,NA,NA
"2005",2006-11-17,NA,NA,NA,6265136,NA,NA
"2006",2006-11-18,NA,NA,NA,6265136,NA,NA
"2007",2006-11-19,NA,NA,NA,6265136,NA,NA
"2008",2006-11-20,NA,NA,NA,6265136,NA,NA
"2009",2006-11-21,NA,NA,NA,6265136,NA,NA
"2010",2006-11-22,NA,NA,NA,6265136,NA,NA
"2011",2006-11-23,NA,NA,NA,6265136,NA,NA
"2012",2006-11-24,NA,NA,NA,6265136,NA,NA
"2013",2006-11-25,NA,NA,NA,6265136,NA,NA
"2014",2007-01-16,NA,NA,NA,6265136,NA,NA
"2015",2007-01-18,NA,NA,NA,6265136,NA,NA
"2016",2007-01-19,NA,NA,NA,6265136,NA,NA
"2017",2007-01-20,NA,NA,NA,6265136,NA,NA
"2018",2007-01-21,NA,NA,NA,6265136,NA,NA
"2019",2007-01-22,NA,NA,NA,6265136,NA,NA
"2020",2007-01-23,NA,NA,NA,6265136,NA,NA
"2021",2007-01-24,NA,NA,NA,6265136,NA,NA
"2022",2007-01-25,NA,NA,NA,6265136,NA,NA
"2023",2007-01-26,NA,NA,NA,6265136,NA,NA
"2024",2007-01-27,NA,NA,NA,6265136,NA,NA
"2025",2007-01-28,NA,NA,NA,6265136,NA,NA
"2026",2007-01-29,NA,NA,NA,6265136,NA,NA
"2027",2007-01-30,NA,NA,NA,6265136,NA,NA
"2028",2007-01-31,NA,NA,NA,6265136,NA,NA
"2029",2007-02-01,NA,NA,NA,6265136,NA,NA
"2030",2007-02-02,NA,NA,NA,6265136,NA,NA
"2031",2007-02-03,NA,NA,NA,6265136,NA,NA
"2032",2007-02-04,NA,NA,NA,6265136,NA,NA
"2033",2007-02-05,NA,NA,NA,6265136,NA,NA
"2034",2007-02-06,NA,NA,NA,6265136,NA,NA
"2035",2007-02-07,NA,NA,NA,6265136,NA,NA
"2036",2007-02-08,NA,NA,NA,6265136,NA,NA
"2037",2007-02-09,NA,NA,NA,6265136,NA,NA
"2038",2007-02-10,NA,NA,NA,6265136,NA,NA
"2039",2007-02-11,NA,NA,NA,6265136,NA,NA
"2040",2007-02-12,NA,NA,NA,6265136,NA,NA
"2041",2007-02-13,NA,NA,NA,6265136,NA,NA
"2042",2007-02-14,NA,NA,NA,6265136,NA,NA
"2043",2007-02-15,NA,NA,NA,6265136,NA,NA
"2044",2007-02-16,NA,NA,NA,6265136,NA,NA
"2045",2007-02-17,NA,NA,NA,6265136,NA,NA
"2046",2007-02-18,NA,NA,NA,6265136,NA,NA
"2047",2007-02-19,NA,NA,NA,6265136,NA,NA
"2048",2007-02-20,NA,NA,NA,6265136,NA,NA
"2049",2007-02-21,NA,NA,NA,6265136,NA,NA
"2050",2007-02-22,NA,NA,NA,6265136,NA,NA
"2051",2007-02-23,NA,NA,NA,6265136,NA,NA
"2052",2007-02-24,NA,NA,NA,6265136,NA,NA
"2053",2007-02-25,NA,NA,NA,6265136,NA,NA
"2054",2007-02-26,NA,NA,NA,6265136,NA,NA
"2055",2007-02-27,NA,NA,NA,6265136,NA,NA
"2056",2007-02-28,NA,NA,NA,6265136,NA,NA
"2057",2007-03-01,NA,NA,NA,6265136,NA,NA
"2058",2007-03-02,NA,NA,NA,6265136,NA,NA
"2059",2007-03-03,NA,NA,NA,6265136,NA,NA
"2060",2007-03-04,NA,NA,NA,6265136,NA,NA
"2061",2007-03-05,NA,NA,NA,6265136,NA,NA
"2062",2007-03-06,NA,NA,NA,6265136,NA,NA
"2063",2007-03-07,NA,NA,NA,6265136,NA,NA
"2064",2007-03-08,NA,NA,NA,6265136,NA,NA
"2065",2007-03-09,NA,NA,NA,6265136,NA,NA
"2066",2007-03-10,NA,NA,NA,6265136,NA,NA
"2067",2007-03-11,NA,NA,NA,6265136,NA,NA
"2068",2007-03-12,NA,NA,NA,6265136,NA,NA
"2069",2007-03-13,NA,NA,NA,6265136,NA,NA
"2070",2007-03-14,NA,NA,NA,6265136,NA,NA
"2071",2007-03-15,NA,NA,NA,6265136,NA,NA
"2072",2007-03-16,NA,NA,NA,6265136,NA,NA
"2073",2007-03-17,NA,NA,NA,6265136,NA,NA
"2074",2007-03-18,NA,NA,NA,6265136,NA,NA
"2075",2007-03-19,NA,NA,NA,6265136,NA,NA
"2076",2007-03-20,NA,NA,NA,6265136,NA,NA
"2077",2007-03-21,NA,NA,NA,6265136,NA,NA
"2078",2007-03-22,NA,NA,NA,6265136,NA,NA
"2079",2007-03-23,NA,NA,NA,6265136,NA,NA
"2080",2007-03-24,NA,NA,NA,6265136,NA,NA
"2081",2007-03-25,NA,NA,NA,6265136,NA,NA
"2082",2007-03-26,NA,NA,NA,6265136,NA,NA
"2083",2007-03-27,NA,NA,NA,6265136,NA,NA
"2084",2007-03-28,NA,NA,NA,6265136,NA,NA
"2085",2007-03-29,NA,NA,NA,6265136,NA,NA
"2086",2007-03-30,NA,NA,NA,6265136,NA,NA
"2087",2007-03-31,NA,NA,NA,6265136,NA,NA
"2088",2007-04-01,NA,NA,NA,6265136,NA,NA
"2089",2007-04-02,NA,NA,NA,6265136,NA,NA
"2090",2007-04-03,NA,NA,NA,6265136,NA,NA
"2091",2007-04-04,NA,NA,NA,6265136,NA,NA
"2092",2007-04-05,NA,NA,NA,6265136,NA,NA
"2093",2007-04-06,NA,NA,NA,6265136,NA,NA
"2094",2007-04-07,NA,NA,NA,6265136,NA,NA
"2095",2007-04-08,NA,NA,NA,6265136,NA,NA
"2096",2007-04-09,NA,NA,NA,6265136,NA,NA
"2097",2007-04-10,NA,NA,NA,6265136,NA,NA
"2098",2007-04-11,NA,NA,NA,6265136,NA,NA
"2099",2007-04-12,NA,NA,NA,6265136,NA,NA
"2100",2007-04-13,NA,NA,NA,6265136,NA,NA
"2101",2007-04-14,NA,NA,NA,6265136,NA,NA
"2102",2007-04-15,NA,NA,NA,6265136,NA,NA
"2103",2007-04-16,NA,NA,NA,6265136,NA,NA
"2104",2007-04-17,NA,NA,NA,6265136,NA,NA
"2105",2007-04-18,NA,NA,NA,6265136,NA,NA
"2106",2007-04-19,NA,NA,NA,6265136,NA,NA
"2107",2007-04-20,NA,NA,NA,6265136,NA,NA
"2108",2007-04-21,NA,NA,NA,6265136,NA,NA
"2109",2007-04-22,NA,NA,NA,6265136,NA,NA
"2110",2007-04-23,NA,NA,NA,6265136,NA,NA
"2111",2007-04-24,NA,NA,NA,6265136,NA,NA
"2112",2007-04-25,NA,NA,NA,6265136,NA,NA
"2113",2007-04-26,NA,NA,NA,6265136,NA,NA
"2114",2007-04-27,NA,NA,NA,6265136,NA,NA
"2115",2007-04-28,NA,NA,NA,6265136,NA,NA
"2116",2007-04-29,NA,NA,NA,6265136,NA,NA
"2117",2007-04-30,NA,NA,NA,6265136,NA,NA
"2118",2007-05-01,NA,NA,NA,6265136,NA,NA
"2119",2007-05-02,NA,NA,NA,6265136,NA,NA
"2120",2007-05-03,NA,NA,NA,6265136,NA,NA
"2121",2007-05-04,NA,NA,NA,6265136,NA,NA
"2122",2007-05-05,NA,NA,NA,6265136,NA,NA
"2123",2007-05-06,NA,NA,NA,6265136,NA,NA
"2124",2007-05-07,NA,NA,NA,6265136,NA,NA
"2125",2007-05-08,NA,NA,NA,6265136,NA,NA
"2126",2007-05-09,NA,NA,NA,6265136,NA,NA
"2127",2007-05-10,NA,NA,NA,6265136,NA,NA
"2128",2007-05-11,NA,NA,NA,6265136,NA,NA
"2129",2007-05-12,NA,NA,NA,6265136,NA,NA
"2130",2007-05-13,NA,NA,NA,6265136,NA,NA
"2131",2007-05-14,NA,NA,NA,6265136,NA,NA
"2132",2007-05-15,NA,NA,NA,6265136,NA,NA
"2133",2007-05-16,NA,NA,NA,6265136,NA,NA
"2134",2007-05-17,NA,NA,NA,6265136,NA,NA
"2135",2007-05-18,NA,NA,NA,6265136,NA,NA
"2136",2007-05-19,NA,NA,NA,6265136,NA,NA
"2137",2007-05-20,NA,NA,NA,6265136,NA,NA
"2138",2007-05-21,NA,NA,NA,6265136,NA,NA
"2139",2007-05-22,NA,NA,NA,6265136,NA,NA
"2140",2007-05-23,NA,NA,NA,6265136,NA,NA
"2141",2007-05-24,NA,NA,NA,6265136,NA,NA
"2142",2007-05-25,NA,NA,NA,6265136,NA,NA
"2143",2007-05-26,NA,NA,NA,6265136,NA,NA
"2144",2007-05-27,NA,NA,NA,6265136,NA,NA
"2145",2007-05-28,NA,NA,NA,6265136,NA,NA
"2146",2007-05-29,NA,NA,NA,6265136,NA,NA
"2147",2007-05-30,NA,NA,NA,6265136,NA,NA
"2148",2007-05-31,NA,NA,NA,6265136,NA,NA
"2149",2007-06-01,NA,NA,NA,6265136,NA,NA
"2150",2007-06-02,NA,NA,NA,6265136,NA,NA
"2151",2007-06-03,NA,NA,NA,6265136,NA,NA
"2152",2007-06-04,NA,NA,NA,6265136,NA,NA
"2153",2007-06-05,NA,NA,NA,6265136,NA,NA
"2154",2007-06-06,NA,NA,NA,6265136,NA,NA
"2155",2007-06-07,NA,NA,NA,6265136,NA,NA
"2156",2007-06-08,NA,NA,NA,6265136,NA,NA
"2157",2007-06-09,NA,NA,NA,6265136,NA,NA
"2158",2007-06-10,NA,NA,NA,6265136,NA,NA
"2159",2007-06-11,NA,NA,NA,6265136,NA,NA
"2160",2007-06-12,NA,NA,NA,6265136,NA,NA
"2161",2007-06-13,NA,NA,NA,6265136,NA,NA
"2162",2007-06-14,NA,NA,NA,6265136,NA,NA
"2163",2007-06-15,NA,NA,NA,6265136,NA,NA
"2164",2007-06-16,NA,NA,NA,6265136,NA,NA
"2165",2007-06-17,NA,NA,NA,6265136,NA,NA
"2166",2007-06-18,NA,NA,NA,6265136,NA,NA
"2167",2007-06-19,NA,NA,NA,6265136,NA,NA
"2168",2007-06-20,NA,NA,NA,6265136,NA,NA
"2169",2007-06-21,NA,NA,NA,6265136,NA,NA
"2170",2007-06-22,NA,NA,NA,6265136,NA,NA
"2171",2007-06-23,NA,NA,NA,6265136,NA,NA
"2172",2007-06-24,NA,NA,NA,6265136,NA,NA
"2173",2007-06-25,NA,NA,NA,6265136,NA,NA
"2174",2007-06-26,NA,NA,NA,6265136,NA,NA
"2175",2007-06-27,NA,NA,NA,6265136,NA,NA
"2176",2007-06-28,NA,NA,NA,6265136,NA,NA
"2177",2007-06-29,NA,NA,NA,6265136,NA,NA
"2178",2007-06-30,NA,NA,NA,6265136,NA,NA
"2179",2007-07-01,NA,NA,NA,6265136,NA,NA
"2180",2007-07-02,NA,NA,NA,6265136,NA,NA
"2181",2007-07-03,NA,NA,NA,6265136,NA,NA
"2182",2007-07-04,NA,NA,NA,6265136,NA,NA
"2183",2007-07-05,NA,NA,NA,6265136,NA,NA
"2184",2007-07-06,NA,NA,NA,6265136,NA,NA
"2185",2007-07-07,NA,NA,NA,6265136,NA,NA
"2186",2007-07-08,NA,NA,NA,6265136,NA,NA
"2187",2007-07-09,NA,NA,NA,6265136,NA,NA
"2188",2007-07-10,NA,NA,NA,6265136,NA,NA
"2189",2007-07-11,NA,NA,NA,6265136,NA,NA
"2190",2007-07-12,NA,NA,NA,6265136,NA,NA
"2191",2007-07-13,NA,NA,NA,6265136,NA,NA
"2192",2007-07-14,NA,NA,NA,6265136,NA,NA
"2193",2007-07-15,NA,NA,NA,6265136,NA,NA
"2194",2007-07-16,NA,NA,NA,6265136,NA,NA
"2195",2007-07-17,NA,NA,NA,6265136,NA,NA
"2196",2007-07-18,NA,NA,NA,6265136,NA,NA
"2197",2007-07-19,NA,NA,NA,6265136,NA,NA
"2198",2007-07-20,NA,NA,NA,6265136,NA,NA
"2199",2007-07-21,NA,NA,NA,6265136,NA,NA
"2200",2007-07-22,NA,NA,NA,6265136,NA,NA
"2201",2007-07-23,NA,NA,NA,6265136,NA,NA
"2202",2007-07-24,NA,NA,NA,6265136,NA,NA
"2203",2007-07-25,NA,NA,NA,6265136,NA,NA
"2204",2007-07-26,NA,NA,NA,6265136,NA,NA
"2205",2007-07-27,NA,NA,NA,6265136,NA,NA
"2206",2007-07-28,NA,NA,NA,6265136,NA,NA
"2207",2007-07-29,NA,NA,NA,6265136,NA,NA
"2208",2007-07-30,NA,NA,NA,6265136,NA,NA
"2209",2007-07-31,NA,NA,NA,6265136,NA,NA
"2210",2007-08-01,NA,NA,NA,6265136,NA,NA
"2211",2007-08-02,NA,NA,NA,6265136,NA,NA
"2212",2007-08-03,NA,NA,NA,6265136,NA,NA
"2213",2007-08-04,NA,NA,NA,6265136,NA,NA
"2214",2007-08-05,NA,NA,NA,6265136,NA,NA
"2215",2007-08-06,NA,NA,NA,6265136,NA,NA
"2216",2007-08-07,NA,NA,NA,6265136,NA,NA
"2217",2007-08-08,NA,NA,NA,6265136,NA,NA
"2218",2007-08-09,NA,NA,NA,6265136,NA,NA
"2219",2007-08-10,NA,NA,NA,6265136,NA,NA
"2220",2007-08-11,NA,NA,NA,6265136,NA,NA
"2221",2007-08-12,NA,NA,NA,6265136,NA,NA
"2222",2007-08-13,NA,NA,NA,6265136,NA,NA
"2223",2007-08-14,NA,NA,NA,6265136,NA,NA
"2224",2007-08-15,NA,NA,NA,6265136,NA,NA
"2225",2007-08-16,NA,NA,NA,6265136,NA,NA
"2226",2007-08-17,NA,NA,NA,6265136,NA,NA
"2227",2007-08-18,NA,NA,NA,6265136,NA,NA
"2228",2007-08-19,NA,NA,NA,6265136,NA,NA
"2229",2007-08-20,NA,NA,NA,6265136,NA,NA
"2230",2007-08-21,NA,NA,NA,6265136,NA,NA
"2231",2007-08-22,NA,NA,NA,6265136,NA,NA
"2232",2007-08-23,NA,NA,NA,6265136,NA,NA
"2233",2007-08-24,NA,NA,NA,6265136,NA,NA
"2234",2007-08-25,NA,NA,NA,6265136,NA,NA
"2235",2007-08-26,NA,NA,NA,6265136,NA,NA
"2236",2007-08-27,NA,NA,NA,6265136,NA,NA
"2237",2007-08-28,NA,NA,NA,6265136,NA,NA
"2238",2007-08-29,NA,NA,NA,6265136,NA,NA
"2239",2007-08-30,NA,NA,NA,6265136,NA,NA
"2240",2007-08-31,NA,NA,NA,6265136,NA,NA
"2241",2007-09-01,NA,NA,NA,6265136,NA,NA
"2242",2007-09-02,NA,NA,NA,6265136,NA,NA
"2243",2007-09-03,NA,NA,NA,6265136,NA,NA
"2244",2007-09-04,NA,NA,NA,6265136,NA,NA
"2245",2007-09-05,NA,NA,NA,6265136,NA,NA
"2246",2007-09-06,NA,NA,NA,6265136,NA,NA
"2247",2007-09-07,NA,NA,NA,6265136,NA,NA
"2248",2007-09-08,NA,NA,NA,6265136,NA,NA
"2249",2007-09-09,NA,NA,NA,6265136,NA,NA
"2250",2007-09-10,NA,NA,NA,6265136,NA,NA
"2251",2007-09-11,NA,NA,NA,6265136,NA,NA
"2252",2007-09-12,NA,NA,NA,6265136,NA,NA
"2253",2007-09-13,NA,NA,NA,6265136,NA,NA
"2254",2007-09-14,NA,NA,NA,6265136,NA,NA
"2255",2007-09-15,NA,NA,NA,6265136,NA,NA
"2256",2007-09-16,NA,NA,NA,6265136,NA,NA
"2257",2007-09-17,NA,NA,NA,6265136,NA,NA
"2258",2007-09-18,NA,NA,NA,6265136,NA,NA
"2259",2007-09-19,NA,NA,NA,6265136,NA,NA
"2260",2007-09-20,NA,NA,NA,6265136,NA,NA
"2261",2007-09-21,NA,NA,NA,6265136,NA,NA
"2262",2007-09-22,NA,NA,NA,6265136,NA,NA
"2263",2007-09-23,NA,NA,NA,6265136,NA,NA
"2264",2007-09-24,NA,NA,NA,6265136,NA,NA
"2265",2007-09-25,NA,NA,NA,6265136,NA,NA
"2266",2007-09-26,NA,NA,NA,6265136,NA,NA
"2267",2007-09-27,NA,NA,NA,6265136,NA,NA
"2268",2007-09-28,NA,NA,NA,6265136,NA,NA
"2269",2007-09-29,NA,NA,NA,6265136,NA,NA
"2270",2007-09-30,NA,NA,NA,6265136,NA,NA
"2271",2007-10-01,NA,NA,NA,6265136,NA,NA
"2272",2007-10-02,NA,NA,NA,6265136,NA,NA
"2273",2007-10-03,NA,NA,NA,6265136,NA,NA
"2274",2007-10-04,NA,NA,NA,6265136,NA,NA
"2275",2007-10-05,NA,NA,NA,6265136,NA,NA
"2276",2007-10-06,NA,NA,NA,6265136,NA,NA
"2277",2007-10-07,NA,NA,NA,6265136,NA,NA
"2278",2007-10-08,NA,NA,NA,6265136,NA,NA
"2279",2007-10-09,NA,NA,NA,6265136,NA,NA
"2280",2007-10-10,NA,NA,NA,6265136,NA,NA
"2281",2007-10-11,NA,NA,NA,6265136,NA,NA
"2282",2007-10-12,NA,NA,NA,6265136,NA,NA
"2283",2007-10-13,NA,NA,NA,6265136,NA,NA
"2284",2007-10-14,NA,NA,NA,6265136,NA,NA
"2285",2007-10-15,NA,NA,NA,6265136,NA,NA
"2286",2007-10-16,NA,NA,NA,6265136,NA,NA
"2287",2007-10-17,NA,NA,NA,6265136,NA,NA
"2288",2007-10-18,NA,NA,NA,6265136,NA,NA
"2289",2007-10-19,NA,NA,NA,6265136,NA,NA
"2290",2007-10-20,NA,NA,NA,6265136,NA,NA
"2291",2007-10-21,NA,NA,NA,6265136,NA,NA
"2292",2007-10-22,NA,NA,NA,6265136,NA,NA
"2293",2007-10-23,NA,NA,NA,6265136,NA,NA
"2294",2007-10-24,NA,NA,NA,6265136,NA,NA
"2295",2007-10-25,NA,NA,NA,6265136,NA,NA
"2296",2007-10-26,NA,NA,NA,6265136,NA,NA
"2297",2007-10-27,NA,NA,NA,6265136,NA,NA
"2298",2007-10-28,NA,NA,NA,6265136,NA,NA
"2299",2007-10-29,NA,NA,NA,6265136,NA,NA
"2300",2007-10-30,NA,NA,NA,6265136,NA,NA
"2301",2007-10-31,NA,NA,NA,6265136,NA,NA
"2302",2007-11-01,NA,NA,NA,6265136,NA,NA
"2303",2007-11-02,NA,NA,NA,6265136,NA,NA
"2304",2007-11-03,NA,NA,NA,6265136,NA,NA
"2305",2007-11-04,NA,NA,NA,6265136,NA,NA
"2306",2007-11-05,NA,NA,NA,6265136,NA,NA
"2307",2007-11-06,NA,NA,NA,6265136,NA,NA
"2308",2007-11-07,NA,NA,NA,6265136,NA,NA
"2309",2007-11-08,NA,NA,NA,6265136,NA,NA
"2310",2007-11-09,NA,NA,NA,6265136,NA,NA
"2311",2007-11-10,NA,NA,NA,6265136,NA,NA
"2312",2007-11-11,NA,NA,NA,6265136,NA,NA
"2313",2007-11-12,NA,NA,NA,6265136,NA,NA
"2314",2007-11-13,NA,NA,NA,6265136,NA,NA
"2315",2007-11-14,NA,NA,NA,6265136,NA,NA
"2316",2007-11-15,NA,NA,NA,6265136,NA,NA
"2317",2007-11-16,NA,NA,NA,6265136,NA,NA
"2318",2007-11-17,NA,NA,NA,6265136,NA,NA
"2319",2007-11-18,NA,NA,NA,6265136,NA,NA
"2320",2007-11-19,NA,NA,NA,6265136,NA,NA
"2321",2007-11-20,NA,NA,NA,6265136,NA,NA
"2322",2007-11-21,NA,NA,NA,6265136,NA,NA
"2323",2007-11-22,NA,NA,NA,6265136,NA,NA
"2324",2007-11-23,NA,NA,NA,6265136,NA,NA
"2325",2007-11-24,NA,NA,NA,6265136,NA,NA
"2326",2007-11-25,NA,NA,NA,6265136,NA,NA
"2327",2008-01-17,NA,NA,NA,6265136,NA,NA
"2328",2008-01-18,NA,NA,NA,6265136,NA,NA
"2329",2008-01-19,NA,NA,NA,6265136,NA,NA
"2330",2008-01-20,NA,NA,NA,6265136,NA,NA
"2331",2008-01-21,NA,NA,NA,6265136,NA,NA
"2332",2008-01-22,NA,NA,NA,6265136,NA,NA
"2333",2008-01-23,NA,NA,NA,6265136,NA,NA
"2334",2008-01-24,NA,NA,NA,6265136,NA,NA
"2335",2008-01-25,NA,NA,NA,6265136,NA,NA
"2336",2008-01-26,NA,NA,NA,6265136,NA,NA
"2337",2008-01-27,NA,NA,NA,6265136,NA,NA
"2338",2008-01-28,NA,NA,NA,6265136,NA,NA
"2339",2008-01-29,NA,NA,NA,6265136,NA,NA
"2340",2008-01-30,NA,NA,NA,6265136,NA,NA
"2341",2008-01-31,NA,NA,NA,6265136,NA,NA
"2342",2008-02-01,NA,NA,NA,6265136,NA,NA
"2343",2008-02-02,NA,NA,NA,6265136,NA,NA
"2344",2008-02-03,NA,NA,NA,6265136,NA,NA
"2345",2008-02-04,NA,NA,NA,6265136,NA,NA
"2346",2008-02-05,NA,NA,NA,6265136,NA,NA
"2347",2008-02-06,NA,NA,NA,6265136,NA,NA
"2348",2008-02-07,NA,NA,NA,6265136,NA,NA
"2349",2008-02-08,NA,NA,NA,6265136,NA,NA
"2350",2008-02-09,NA,NA,NA,6265136,NA,NA
"2351",2008-02-10,NA,NA,NA,6265136,NA,NA
"2352",2008-02-11,NA,NA,NA,6265136,NA,NA
"2353",2008-02-12,NA,NA,NA,6265136,NA,NA
"2354",2008-02-13,NA,NA,NA,6265136,NA,NA
"2355",2008-02-14,NA,NA,NA,6265136,NA,NA
"2356",2008-02-15,NA,NA,NA,6265136,NA,NA
"2357",2008-02-16,NA,NA,NA,6265136,NA,NA
"2358",2008-02-17,NA,NA,NA,6265136,NA,NA
"2359",2008-02-18,NA,NA,NA,6265136,NA,NA
"2360",2008-02-19,NA,NA,NA,6265136,NA,NA
"2361",2008-02-20,NA,NA,NA,6265136,NA,NA
"2362",2008-02-21,NA,NA,NA,6265136,NA,NA
"2363",2008-02-22,NA,NA,NA,6265136,NA,NA
"2364",2008-02-23,NA,NA,NA,6265136,NA,NA
"2365",2008-02-24,NA,NA,NA,6265136,NA,NA
"2366",2008-02-25,NA,NA,NA,6265136,NA,NA
"2367",2008-02-26,NA,NA,NA,6265136,NA,NA
"2368",2008-02-27,NA,NA,NA,6265136,NA,NA
"2369",2008-02-28,NA,NA,NA,6265136,NA,NA
"2370",2008-02-29,NA,NA,NA,6265136,NA,NA
"2371",2008-03-01,NA,NA,NA,6265136,NA,NA
"2372",2008-03-02,NA,NA,NA,6265136,NA,NA
"2373",2008-03-03,NA,NA,NA,6265136,NA,NA
"2374",2008-03-04,NA,NA,NA,6265136,NA,NA
"2375",2008-03-05,NA,NA,NA,6265136,NA,NA
"2376",2008-03-06,NA,NA,NA,6265136,NA,NA
"2377",2008-03-07,NA,NA,NA,6265136,NA,NA
"2378",2008-03-08,NA,NA,NA,6265136,NA,NA
"2379",2008-03-09,NA,NA,NA,6265136,NA,NA
"2380",2008-03-10,NA,NA,NA,6265136,NA,NA
"2381",2008-03-11,NA,NA,NA,6265136,NA,NA
"2382",2008-03-12,NA,NA,NA,6265136,NA,NA
"2383",2008-03-13,NA,NA,NA,6265136,NA,NA
"2384",2008-03-14,NA,NA,NA,6265136,NA,NA
"2385",2008-03-15,NA,NA,NA,6265136,NA,NA
"2386",2008-03-16,NA,NA,NA,6265136,NA,NA
"2387",2008-03-17,NA,NA,NA,6265136,NA,NA
"2388",2008-03-18,NA,NA,NA,6265136,NA,NA
"2389",2008-03-19,NA,NA,NA,6265136,NA,NA
"2390",2008-03-20,NA,NA,NA,6265136,NA,NA
"2391",2008-03-21,NA,NA,NA,6265136,NA,NA
"2392",2008-03-22,NA,NA,NA,6265136,NA,NA
"2393",2008-03-23,NA,NA,NA,6265136,NA,NA
"2394",2008-03-24,NA,NA,NA,6265136,NA,NA
"2395",2008-03-25,NA,NA,NA,6265136,NA,NA
"2396",2008-03-26,NA,NA,NA,6265136,NA,NA
"2397",2008-03-27,NA,NA,NA,6265136,NA,NA
"2398",2008-03-28,NA,NA,NA,6265136,NA,NA
"2399",2008-03-29,NA,NA,NA,6265136,NA,NA
"2400",2008-03-30,NA,NA,NA,6265136,NA,NA
"2401",2008-03-31,NA,NA,NA,6265136,NA,NA
"2402",2008-04-01,NA,NA,NA,6265136,NA,NA
"2403",2008-04-02,NA,NA,NA,6265136,NA,NA
"2404",2008-04-03,NA,NA,NA,6265136,NA,NA
"2405",2008-04-04,NA,NA,NA,6265136,NA,NA
"2406",2008-04-05,NA,NA,NA,6265136,NA,NA
"2407",2008-04-06,NA,NA,NA,6265136,NA,NA
"2408",2008-04-07,NA,NA,NA,6265136,NA,NA
"2409",2008-04-08,NA,NA,NA,6265136,NA,NA
"2410",2008-04-09,NA,NA,NA,6265136,NA,NA
"2411",2008-04-10,NA,NA,NA,6265136,NA,NA
"2412",2008-04-11,NA,NA,NA,6265136,NA,NA
"2413",2008-04-12,NA,NA,NA,6265136,NA,NA
"2414",2008-04-13,NA,NA,NA,6265136,NA,NA
"2415",2008-04-14,NA,NA,NA,6265136,NA,NA
"2416",2008-04-15,NA,NA,NA,6265136,NA,NA
"2417",2008-04-16,NA,NA,NA,6265136,NA,NA
"2418",2008-04-17,NA,NA,NA,6265136,NA,NA
"2419",2008-04-18,NA,NA,NA,6265136,NA,NA
"2420",2008-04-19,NA,NA,NA,6265136,NA,NA
"2421",2008-04-20,NA,NA,NA,6265136,NA,NA
"2422",2008-04-21,NA,NA,NA,6265136,NA,NA
"2423",2008-04-22,NA,NA,NA,6265136,NA,NA
"2424",2008-04-23,NA,NA,NA,6265136,NA,NA
"2425",2008-04-24,NA,NA,NA,6265136,NA,NA
"2426",2008-04-25,NA,NA,NA,6265136,NA,NA
"2427",2008-04-26,NA,NA,NA,6265136,NA,NA
"2428",2008-04-27,NA,NA,NA,6265136,NA,NA
"2429",2008-04-28,NA,NA,NA,6265136,NA,NA
"2430",2008-04-29,NA,NA,NA,6265136,NA,NA
"2431",2008-04-30,NA,NA,NA,6265136,NA,NA
"2432",2008-05-01,NA,NA,NA,6265136,NA,NA
"2433",2008-05-02,NA,NA,NA,6265136,NA,NA
"2434",2008-05-03,NA,NA,NA,6265136,NA,NA
"2435",2008-05-04,NA,NA,NA,6265136,NA,NA
"2436",2008-05-05,NA,NA,NA,6265136,NA,NA
"2437",2008-05-06,NA,NA,NA,6265136,NA,NA
"2438",2008-05-07,NA,NA,NA,6265136,NA,NA
"2439",2008-05-08,NA,NA,NA,6265136,NA,NA
"2440",2008-05-09,NA,NA,NA,6265136,NA,NA
"2441",2008-05-10,NA,NA,NA,6265136,NA,NA
"2442",2008-05-11,NA,NA,NA,6265136,NA,NA
"2443",2008-05-12,NA,NA,NA,6265136,NA,NA
"2444",2008-05-13,NA,NA,NA,6265136,NA,NA
"2445",2008-05-14,NA,NA,NA,6265136,NA,NA
"2446",2008-05-15,NA,NA,NA,6265136,NA,NA
"2447",2008-05-16,NA,NA,NA,6265136,NA,NA
"2448",2008-05-17,NA,NA,NA,6265136,NA,NA
"2449",2008-05-18,NA,NA,NA,6265136,NA,NA
"2450",2008-05-19,NA,NA,NA,6265136,NA,NA
"2451",2008-05-20,NA,NA,NA,6265136,NA,NA
"2452",2008-05-21,NA,NA,NA,6265136,NA,NA
"2453",2008-05-22,NA,NA,NA,6265136,NA,NA
"2454",2008-05-23,NA,NA,NA,6265136,NA,NA
"2455",2008-05-24,NA,NA,NA,6265136,NA,NA
"2456",2008-05-25,NA,NA,NA,6265136,NA,NA
"2457",2008-05-26,NA,NA,NA,6265136,NA,NA
"2458",2008-05-27,NA,NA,NA,6265136,NA,NA
"2459",2008-05-28,NA,NA,NA,6265136,NA,NA
"2460",2008-05-29,NA,NA,NA,6265136,NA,NA
"2461",2008-05-30,NA,NA,NA,6265136,NA,NA
"2462",2008-05-31,NA,NA,NA,6265136,NA,NA
"2463",2008-06-01,NA,NA,NA,6265136,NA,NA
"2464",2008-06-02,NA,NA,NA,6265136,NA,NA
"2465",2008-06-03,NA,NA,NA,6265136,NA,NA
"2466",2008-06-04,NA,NA,NA,6265136,NA,NA
"2467",2008-06-05,NA,NA,NA,6265136,NA,NA
"2468",2008-06-06,NA,NA,NA,6265136,NA,NA
"2469",2008-06-07,NA,NA,NA,6265136,NA,NA
"2470",2008-06-08,NA,NA,NA,6265136,NA,NA
"2471",2008-06-09,NA,NA,NA,6265136,NA,NA
"2472",2008-06-10,NA,NA,NA,6265136,NA,NA
"2473",2008-06-11,NA,NA,NA,6265136,NA,NA
"2474",2008-06-12,NA,NA,NA,6265136,NA,NA
"2475",2008-06-13,NA,NA,NA,6265136,NA,NA
"2476",2008-06-14,NA,NA,NA,6265136,NA,NA
"2477",2008-06-15,NA,NA,NA,6265136,NA,NA
"2478",2008-06-16,NA,NA,NA,6265136,NA,NA
"2479",2008-06-17,NA,NA,NA,6265136,NA,NA
"2480",2008-06-18,NA,NA,NA,6265136,NA,NA
"2481",2008-06-19,NA,NA,NA,6265136,NA,NA
"2482",2008-06-20,NA,NA,NA,6265136,NA,NA
"2483",2008-06-21,NA,NA,NA,6265136,NA,NA
"2484",2008-06-22,NA,NA,NA,6265136,NA,NA
"2485",2008-06-23,NA,NA,NA,6265136,NA,NA
"2486",2008-06-24,NA,NA,NA,6265136,NA,NA
"2487",2008-06-25,NA,NA,NA,6265136,NA,NA
"2488",2008-06-26,NA,NA,NA,6265136,NA,NA
"2489",2008-06-27,NA,NA,NA,6265136,NA,NA
"2490",2008-06-28,NA,NA,NA,6265136,NA,NA
"2491",2008-06-29,NA,NA,NA,6265136,NA,NA
"2492",2008-06-30,NA,NA,NA,6265136,NA,NA
"2493",2008-07-01,NA,NA,NA,6265136,NA,NA
"2494",2008-07-02,NA,NA,NA,6265136,NA,NA
"2495",2008-07-03,NA,NA,NA,6265136,NA,NA
"2496",2008-07-04,NA,NA,NA,6265136,NA,NA
"2497",2008-07-05,NA,NA,NA,6265136,NA,NA
"2498",2008-07-06,NA,NA,NA,6265136,NA,NA
"2499",2008-07-07,NA,NA,NA,6265136,NA,NA
"2500",2008-07-08,NA,NA,NA,6265136,NA,NA
"2501",2008-07-09,NA,NA,NA,6265136,NA,NA
"2502",2008-07-10,NA,NA,NA,6265136,NA,NA
"2503",2008-07-11,NA,NA,NA,6265136,NA,NA
"2504",2008-07-12,NA,NA,NA,6265136,NA,NA
"2505",2008-07-13,NA,NA,NA,6265136,NA,NA
"2506",2008-07-14,NA,NA,NA,6265136,NA,NA
"2507",2008-07-15,NA,NA,NA,6265136,NA,NA
"2508",2008-07-16,NA,NA,NA,6265136,NA,NA
"2509",2008-07-17,NA,NA,NA,6265136,NA,NA
"2510",2008-07-18,NA,NA,NA,6265136,NA,NA
"2511",2008-07-19,NA,NA,NA,6265136,NA,NA
"2512",2008-07-20,NA,NA,NA,6265136,NA,NA
"2513",2008-07-21,NA,NA,NA,6265136,NA,NA
"2514",2008-07-22,NA,NA,NA,6265136,NA,NA
"2515",2008-07-23,NA,NA,NA,6265136,NA,NA
"2516",2008-07-24,NA,NA,NA,6265136,NA,NA
"2517",2008-07-25,NA,NA,NA,6265136,NA,NA
"2518",2008-07-26,NA,NA,NA,6265136,NA,NA
"2519",2008-07-27,NA,NA,NA,6265136,NA,NA
"2520",2008-07-28,NA,NA,NA,6265136,NA,NA
"2521",2008-07-29,NA,NA,NA,6265136,NA,NA
"2522",2008-07-30,NA,NA,NA,6265136,NA,NA
"2523",2008-07-31,NA,NA,NA,6265136,NA,NA
"2524",2008-08-01,NA,NA,NA,6265136,NA,NA
"2525",2008-08-02,NA,NA,NA,6265136,NA,NA
"2526",2008-08-03,NA,NA,NA,6265136,NA,NA
"2527",2008-08-04,NA,NA,NA,6265136,NA,NA
"2528",2008-08-05,NA,NA,NA,6265136,NA,NA
"2529",2008-08-06,NA,NA,NA,6265136,NA,NA
"2530",2008-08-07,NA,NA,NA,6265136,NA,NA
"2531",2008-08-08,NA,NA,NA,6265136,NA,NA
"2532",2008-08-09,NA,NA,NA,6265136,NA,NA
"2533",2008-08-10,NA,NA,NA,6265136,NA,NA
"2534",2008-08-11,NA,NA,NA,6265136,NA,NA
"2535",2008-08-12,NA,NA,NA,6265136,NA,NA
"2536",2008-08-13,NA,NA,NA,6265136,NA,NA
"2537",2008-08-14,NA,NA,NA,6265136,NA,NA
"2538",2008-08-15,NA,NA,NA,6265136,NA,NA
"2539",2008-08-16,NA,NA,NA,6265136,NA,NA
"2540",2008-08-17,NA,NA,NA,6265136,NA,NA
"2541",2008-08-18,NA,NA,NA,6265136,NA,NA
"2542",2008-08-19,NA,NA,NA,6265136,NA,NA
"2543",2008-08-20,NA,NA,NA,6265136,NA,NA
"2544",2008-08-21,NA,NA,NA,6265136,NA,NA
"2545",2008-08-22,NA,NA,NA,6265136,NA,NA
"2546",2008-08-23,NA,NA,NA,6265136,NA,NA
"2547",2008-08-24,NA,NA,NA,6265136,NA,NA
"2548",2008-08-25,NA,NA,NA,6265136,NA,NA
"2549",2008-08-26,NA,NA,NA,6265136,NA,NA
"2550",2008-08-27,NA,NA,NA,6265136,NA,NA
"2551",2008-08-28,NA,NA,NA,6265136,NA,NA
"2552",2008-08-29,NA,NA,NA,6265136,NA,NA
"2553",2008-08-30,NA,NA,NA,6265136,NA,NA
"2554",2008-08-31,NA,NA,NA,6265136,NA,NA
"2555",2008-09-01,NA,NA,NA,6265136,NA,NA
"2556",2008-09-02,NA,NA,NA,6265136,NA,NA
"2557",2008-09-03,NA,NA,NA,6265136,NA,NA
"2558",2008-09-04,NA,NA,NA,6265136,NA,NA
"2559",2008-09-05,NA,NA,NA,6265136,NA,NA
"2560",2008-09-06,NA,NA,NA,6265136,NA,NA
"2561",2008-09-07,NA,NA,NA,6265136,NA,NA
"2562",2008-09-08,NA,NA,NA,6265136,NA,NA
"2563",2008-09-09,NA,NA,NA,6265136,NA,NA
"2564",2008-09-10,NA,NA,NA,6265136,NA,NA
"2565",2008-09-11,NA,NA,NA,6265136,NA,NA
"2566",2008-09-12,NA,NA,NA,6265136,NA,NA
"2567",2008-09-13,NA,NA,NA,6265136,NA,NA
"2568",2008-09-14,NA,NA,NA,6265136,NA,NA
"2569",2008-09-15,NA,NA,NA,6265136,NA,NA
"2570",2008-09-16,NA,NA,NA,6265136,NA,NA
"2571",2008-09-17,NA,NA,NA,6265136,NA,NA
"2572",2008-09-18,NA,NA,NA,6265136,NA,NA
"2573",2008-09-19,NA,NA,NA,6265136,NA,NA
"2574",2008-09-20,NA,NA,NA,6265136,NA,NA
"2575",2008-09-21,NA,NA,NA,6265136,NA,NA
"2576",2008-09-22,NA,NA,NA,6265136,NA,NA
"2577",2008-09-23,NA,NA,NA,6265136,NA,NA
"2578",2008-09-24,NA,NA,NA,6265136,NA,NA
"2579",2008-09-25,NA,NA,NA,6265136,NA,NA
"2580",2008-09-26,NA,NA,NA,6265136,NA,NA
"2581",2008-09-27,NA,NA,NA,6265136,NA,NA
"2582",2008-09-28,NA,NA,NA,6265136,NA,NA
"2583",2008-09-29,NA,NA,NA,6265136,NA,NA
"2584",2008-09-30,NA,NA,NA,6265136,NA,NA
"2585",2008-10-01,NA,NA,NA,6265136,NA,NA
"2586",2008-10-02,NA,NA,NA,6265136,NA,NA
"2587",2008-10-03,NA,NA,NA,6265136,NA,NA
"2588",2008-10-04,NA,NA,NA,6265136,NA,NA
"2589",2008-10-05,NA,NA,NA,6265136,NA,NA
"2590",2008-10-06,NA,NA,NA,6265136,NA,NA
"2591",2008-10-07,NA,NA,NA,6265136,NA,NA
"2592",2008-10-08,NA,NA,NA,6265136,NA,NA
"2593",2008-10-09,NA,NA,NA,6265136,NA,NA
"2594",2008-10-10,NA,NA,NA,6265136,NA,NA
"2595",2008-10-11,NA,NA,NA,6265136,NA,NA
"2596",2008-10-12,NA,NA,NA,6265136,NA,NA
"2597",2008-10-13,NA,NA,NA,6265136,NA,NA
"2598",2008-10-14,NA,NA,NA,6265136,NA,NA
"2599",2008-10-15,NA,NA,NA,6265136,NA,NA
"2600",2008-10-16,NA,NA,NA,6265136,NA,NA
"2601",2008-10-17,NA,NA,NA,6265136,NA,NA
"2602",2008-10-18,NA,NA,NA,6265136,NA,NA
"2603",2008-10-19,NA,NA,NA,6265136,NA,NA
"2604",2008-10-20,NA,NA,NA,6265136,NA,NA
"2605",2008-10-21,NA,NA,NA,6265136,NA,NA
"2606",2008-10-22,NA,NA,NA,6265136,NA,NA
"2607",2008-10-23,NA,NA,NA,6265136,NA,NA
"2608",2008-10-24,NA,NA,NA,6265136,NA,NA
"2609",2008-10-25,NA,NA,NA,6265136,NA,NA
"2610",2008-10-26,NA,NA,NA,6265136,NA,NA
"2611",2008-10-27,NA,NA,NA,6265136,NA,NA
"2612",2008-10-28,NA,NA,NA,6265136,NA,NA
"2613",2008-10-29,NA,NA,NA,6265136,NA,NA
"2614",2008-10-30,NA,NA,NA,6265136,NA,NA
"2615",2008-10-31,NA,NA,NA,6265136,NA,NA
"2616",2008-11-01,NA,NA,NA,6265136,NA,NA
"2617",2008-11-02,NA,NA,NA,6265136,NA,NA
"2618",2008-11-03,NA,NA,NA,6265136,NA,NA
"2619",2008-11-04,NA,NA,NA,6265136,NA,NA
"2620",2008-11-05,NA,NA,NA,6265136,NA,NA
"2621",2008-11-06,NA,NA,NA,6265136,NA,NA
"2622",2008-11-07,NA,NA,NA,6265136,NA,NA
"2623",2008-11-08,NA,NA,NA,6265136,NA,NA
"2624",2008-11-09,NA,NA,NA,6265136,NA,NA
"2625",2008-11-10,NA,NA,NA,6265136,NA,NA
"2626",2008-11-11,NA,NA,NA,6265136,NA,NA
"2627",2008-11-12,NA,NA,NA,6265136,NA,NA
"2628",2008-11-13,NA,NA,NA,6265136,NA,NA
"2629",2008-11-14,NA,NA,NA,6265136,NA,NA
"2630",2008-11-15,NA,NA,NA,6265136,NA,NA
"2631",2008-11-16,NA,NA,NA,6265136,NA,NA
"2632",2008-11-17,NA,NA,NA,6265136,NA,NA
"2633",2008-11-18,NA,NA,NA,6265136,NA,NA
"2634",2008-11-19,NA,NA,NA,6265136,NA,NA
"2635",2008-11-20,NA,NA,NA,6265136,NA,NA
"2636",2008-11-21,NA,NA,NA,6265136,NA,NA
"2637",2008-11-22,NA,NA,NA,6265136,NA,NA
"2638",2008-11-23,NA,NA,NA,6265136,NA,NA
"2639",2008-11-25,NA,NA,NA,6265136,NA,NA
"2640",2009-01-16,NA,NA,NA,6265136,NA,NA
"2641",2009-01-17,NA,NA,NA,6265136,NA,NA
"2642",2009-01-19,NA,NA,NA,6265136,NA,NA
"2643",2009-01-20,NA,NA,NA,6265136,NA,NA
"2644",2009-01-21,NA,NA,NA,6265136,NA,NA
"2645",2009-01-22,NA,NA,NA,6265136,NA,NA
"2646",2009-01-23,NA,NA,NA,6265136,NA,NA
"2647",2009-01-24,NA,NA,NA,6265136,NA,NA
"2648",2009-01-25,NA,NA,NA,6265136,NA,NA
"2649",2009-01-26,NA,NA,NA,6265136,NA,NA
"2650",2009-01-27,NA,NA,NA,6265136,NA,NA
"2651",2009-01-28,NA,NA,NA,6265136,NA,NA
"2652",2009-01-29,NA,NA,NA,6265136,NA,NA
"2653",2009-01-30,NA,NA,NA,6265136,NA,NA
"2654",2009-01-31,NA,NA,NA,6265136,NA,NA
"2655",2009-02-01,NA,NA,NA,6265136,NA,NA
"2656",2009-02-02,NA,NA,NA,6265136,NA,NA
"2657",2009-02-03,NA,NA,NA,6265136,NA,NA
"2658",2009-02-04,NA,NA,NA,6265136,NA,NA
"2659",2009-02-05,NA,NA,NA,6265136,NA,NA
"2660",2009-02-06,NA,NA,NA,6265136,NA,NA
"2661",2009-02-07,NA,NA,NA,6265136,NA,NA
"2662",2009-02-08,NA,NA,NA,6265136,NA,NA
"2663",2009-02-09,NA,NA,NA,6265136,NA,NA
"2664",2009-02-10,NA,NA,NA,6265136,NA,NA
"2665",2009-02-11,NA,NA,NA,6265136,NA,NA
"2666",2009-02-12,NA,NA,NA,6265136,NA,NA
"2667",2009-02-13,NA,NA,NA,6265136,NA,NA
"2668",2009-02-14,NA,NA,NA,6265136,NA,NA
"2669",2009-02-15,NA,NA,NA,6265136,NA,NA
"2670",2009-02-16,NA,NA,NA,6265136,NA,NA
"2671",2009-02-17,NA,NA,NA,6265136,NA,NA
"2672",2009-02-18,NA,NA,NA,6265136,NA,NA
"2673",2009-02-19,NA,NA,NA,6265136,NA,NA
"2674",2009-02-20,NA,NA,NA,6265136,NA,NA
"2675",2009-02-21,NA,NA,NA,6265136,NA,NA
"2676",2009-02-22,NA,NA,NA,6265136,NA,NA
"2677",2009-02-23,NA,NA,NA,6265136,NA,NA
"2678",2009-02-24,NA,NA,NA,6265136,NA,NA
"2679",2009-02-25,NA,NA,NA,6265136,NA,NA
"2680",2009-02-26,NA,NA,NA,6265136,NA,NA
"2681",2009-02-27,NA,NA,NA,6265136,NA,NA
"2682",2009-02-28,NA,NA,NA,6265136,NA,NA
"2683",2009-03-01,NA,NA,NA,6265136,NA,NA
"2684",2009-03-02,NA,NA,NA,6265136,NA,NA
"2685",2009-03-03,NA,NA,NA,6265136,NA,NA
"2686",2009-03-04,NA,NA,NA,6265136,NA,NA
"2687",2009-03-05,NA,NA,NA,6265136,NA,NA
"2688",2009-03-06,NA,NA,NA,6265136,NA,NA
"2689",2009-03-07,NA,NA,NA,6265136,NA,NA
"2690",2009-03-08,NA,NA,NA,6265136,NA,NA
"2691",2009-03-09,NA,NA,NA,6265136,NA,NA
"2692",2009-03-10,NA,NA,NA,6265136,NA,NA
"2693",2009-03-11,NA,NA,NA,6265136,NA,NA
"2694",2009-03-12,NA,NA,NA,6265136,NA,NA
"2695",2009-03-13,NA,NA,NA,6265136,NA,NA
"2696",2009-03-14,NA,NA,NA,6265136,NA,NA
"2697",2009-03-15,NA,NA,NA,6265136,NA,NA
"2698",2009-03-16,NA,NA,NA,6265136,NA,NA
"2699",2009-03-17,NA,NA,NA,6265136,NA,NA
"2700",2009-03-18,NA,NA,NA,6265136,NA,NA
"2701",2009-03-19,NA,NA,NA,6265136,NA,NA
"2702",2009-03-20,NA,NA,NA,6265136,NA,NA
"2703",2009-03-21,NA,NA,NA,6265136,NA,NA
"2704",2009-03-22,NA,NA,NA,6265136,NA,NA
"2705",2009-03-23,NA,NA,NA,6265136,NA,NA
"2706",2009-03-24,NA,NA,NA,6265136,NA,NA
"2707",2009-03-25,NA,NA,NA,6265136,NA,NA
"2708",2009-03-26,NA,NA,NA,6265136,NA,NA
"2709",2009-03-27,NA,NA,NA,6265136,NA,NA
"2710",2009-03-28,NA,NA,NA,6265136,NA,NA
"2711",2009-03-29,NA,NA,NA,6265136,NA,NA
"2712",2009-03-30,NA,NA,NA,6265136,NA,NA
"2713",2009-03-31,NA,NA,NA,6265136,NA,NA
"2714",2009-04-01,NA,NA,NA,6265136,NA,NA
"2715",2009-04-02,NA,NA,NA,6265136,NA,NA
"2716",2009-04-03,NA,NA,NA,6265136,NA,NA
"2717",2009-04-04,NA,NA,NA,6265136,NA,NA
"2718",2009-04-05,NA,NA,NA,6265136,NA,NA
"2719",2009-04-06,NA,NA,NA,6265136,NA,NA
"2720",2009-04-07,NA,NA,NA,6265136,NA,NA
"2721",2009-04-08,NA,NA,NA,6265136,NA,NA
"2722",2009-04-09,NA,NA,NA,6265136,NA,NA
"2723",2009-04-10,NA,NA,NA,6265136,NA,NA
"2724",2009-04-11,NA,NA,NA,6265136,NA,NA
"2725",2009-04-12,NA,NA,NA,6265136,NA,NA
"2726",2009-04-13,NA,NA,NA,6265136,NA,NA
"2727",2009-04-14,NA,NA,NA,6265136,NA,NA
"2728",2009-04-15,NA,NA,NA,6265136,NA,NA
"2729",2009-04-16,NA,NA,NA,6265136,NA,NA
"2730",2009-04-17,NA,NA,NA,6265136,NA,NA
"2731",2009-04-18,NA,NA,NA,6265136,NA,NA
"2732",2009-04-19,NA,NA,NA,6265136,NA,NA
"2733",2009-04-20,NA,NA,NA,6265136,NA,NA
"2734",2009-04-21,NA,NA,NA,6265136,NA,NA
"2735",2009-04-22,NA,NA,NA,6265136,NA,NA
"2736",2009-04-23,NA,NA,NA,6265136,NA,NA
"2737",2009-04-24,NA,NA,NA,6265136,NA,NA
"2738",2009-04-25,NA,NA,NA,6265136,NA,NA
"2739",2009-04-26,NA,NA,NA,6265136,NA,NA
"2740",2009-04-27,NA,NA,NA,6265136,NA,NA
"2741",2009-04-28,NA,NA,NA,6265136,NA,NA
"2742",2009-04-29,NA,NA,NA,6265136,NA,NA
"2743",2009-04-30,NA,NA,NA,6265136,NA,NA
"2744",2009-05-01,NA,NA,NA,6265136,NA,NA
"2745",2009-05-02,NA,NA,NA,6265136,NA,NA
"2746",2009-05-03,NA,NA,NA,6265136,NA,NA
"2747",2009-05-04,NA,NA,NA,6265136,NA,NA
"2748",2009-05-05,NA,NA,NA,6265136,NA,NA
"2749",2009-05-06,NA,NA,NA,6265136,NA,NA
"2750",2009-05-07,NA,NA,NA,6265136,NA,NA
"2751",2009-05-08,NA,NA,NA,6265136,NA,NA
"2752",2009-05-09,NA,NA,NA,6265136,NA,NA
"2753",2009-05-10,NA,NA,NA,6265136,NA,NA
"2754",2009-05-11,NA,NA,NA,6265136,NA,NA
"2755",2009-05-12,NA,NA,NA,6265136,NA,NA
"2756",2009-05-13,NA,NA,NA,6265136,NA,NA
"2757",2009-05-14,NA,NA,NA,6265136,NA,NA
"2758",2009-05-15,NA,NA,NA,6265136,NA,NA
"2759",2009-05-16,NA,NA,NA,6265136,NA,NA
"2760",2009-05-17,NA,NA,NA,6265136,NA,NA
"2761",2009-05-18,NA,NA,NA,6265136,NA,NA
"2762",2009-05-19,NA,NA,NA,6265136,NA,NA
"2763",2009-05-20,NA,NA,NA,6265136,NA,NA
"2764",2009-05-21,NA,NA,NA,6265136,NA,NA
"2765",2009-05-22,NA,NA,NA,6265136,NA,NA
"2766",2009-05-23,NA,NA,NA,6265136,NA,NA
"2767",2009-05-24,NA,NA,NA,6265136,NA,NA
"2768",2009-05-25,NA,NA,NA,6265136,NA,NA
"2769",2009-05-26,NA,NA,NA,6265136,NA,NA
"2770",2009-05-27,NA,NA,NA,6265136,NA,NA
"2771",2009-05-28,NA,NA,NA,6265136,NA,NA
"2772",2009-05-29,NA,NA,NA,6265136,NA,NA
"2773",2009-05-30,NA,NA,NA,6265136,NA,NA
"2774",2009-05-31,NA,NA,NA,6265136,NA,NA
"2775",2009-06-01,NA,NA,NA,6265136,NA,NA
"2776",2009-06-02,NA,NA,NA,6265136,NA,NA
"2777",2009-06-03,NA,NA,NA,6265136,NA,NA
"2778",2009-06-04,NA,NA,NA,6265136,NA,NA
"2779",2009-06-05,NA,NA,NA,6265136,NA,NA
"2780",2009-06-06,NA,NA,NA,6265136,NA,NA
"2781",2009-06-07,NA,NA,NA,6265136,NA,NA
"2782",2009-06-08,NA,NA,NA,6265136,NA,NA
"2783",2009-06-09,NA,NA,NA,6265136,NA,NA
"2784",2009-06-10,NA,NA,NA,6265136,NA,NA
"2785",2009-06-11,NA,NA,NA,6265136,NA,NA
"2786",2009-06-12,NA,NA,NA,6265136,NA,NA
"2787",2009-06-13,NA,NA,NA,6265136,NA,NA
"2788",2009-06-14,NA,NA,NA,6265136,NA,NA
"2789",2009-06-15,NA,NA,NA,6265136,NA,NA
"2790",2009-06-16,NA,NA,NA,6265136,NA,NA
"2791",2009-06-17,NA,NA,NA,6265136,NA,NA
"2792",2009-06-18,NA,NA,NA,6265136,NA,NA
"2793",2009-06-19,NA,NA,NA,6265136,NA,NA
"2794",2009-06-20,NA,NA,NA,6265136,NA,NA
"2795",2009-06-21,NA,NA,NA,6265136,NA,NA
"2796",2009-06-22,NA,NA,NA,6265136,NA,NA
"2797",2009-06-23,NA,NA,NA,6265136,NA,NA
"2798",2009-06-24,NA,NA,NA,6265136,NA,NA
"2799",2009-06-25,NA,NA,NA,6265136,NA,NA
"2800",2009-06-26,NA,NA,NA,6265136,NA,NA
"2801",2009-06-27,NA,NA,NA,6265136,NA,NA
"2802",2009-06-28,NA,NA,NA,6265136,NA,NA
"2803",2009-06-29,NA,NA,NA,6265136,NA,NA
"2804",2009-06-30,NA,NA,NA,6265136,NA,NA
"2805",2009-07-01,NA,NA,NA,6265136,NA,NA
"2806",2009-07-02,NA,NA,NA,6265136,NA,NA
"2807",2009-07-03,NA,NA,NA,6265136,NA,NA
"2808",2009-07-04,NA,NA,NA,6265136,NA,NA
"2809",2009-07-05,NA,NA,NA,6265136,NA,NA
"2810",2009-07-06,NA,NA,NA,6265136,NA,NA
"2811",2009-07-07,NA,NA,NA,6265136,NA,NA
"2812",2009-07-08,NA,NA,NA,6265136,NA,NA
"2813",2009-07-09,NA,NA,NA,6265136,NA,NA
"2814",2009-07-10,NA,NA,NA,6265136,NA,NA
"2815",2009-07-11,NA,NA,NA,6265136,NA,NA
"2816",2009-07-12,NA,NA,NA,6265136,NA,NA
"2817",2009-07-13,NA,NA,NA,6265136,NA,NA
"2818",2009-07-14,NA,NA,NA,6265136,NA,NA
"2819",2009-07-15,NA,NA,NA,6265136,NA,NA
"2820",2009-07-16,NA,NA,NA,6265136,NA,NA
"2821",2009-07-17,NA,NA,NA,6265136,NA,NA
"2822",2009-07-18,NA,NA,NA,6265136,NA,NA
"2823",2009-07-19,NA,NA,NA,6265136,NA,NA
"2824",2009-07-20,NA,NA,NA,6265136,NA,NA
"2825",2009-07-21,NA,NA,NA,6265136,NA,NA
"2826",2009-07-22,NA,NA,NA,6265136,NA,NA
"2827",2009-07-23,NA,NA,NA,6265136,NA,NA
"2828",2009-07-24,NA,NA,NA,6265136,NA,NA
"2829",2009-07-25,NA,NA,NA,6265136,NA,NA
"2830",2009-07-26,NA,NA,NA,6265136,NA,NA
"2831",2009-07-27,NA,NA,NA,6265136,NA,NA
"2832",2009-07-28,NA,NA,NA,6265136,NA,NA
"2833",2009-07-29,NA,NA,NA,6265136,NA,NA
"2834",2009-07-30,NA,NA,NA,6265136,NA,NA
"2835",2009-07-31,NA,NA,NA,6265136,NA,NA
"2836",2009-08-01,NA,NA,NA,6265136,NA,NA
"2837",2009-08-02,NA,NA,NA,6265136,NA,NA
"2838",2009-08-03,NA,NA,NA,6265136,NA,NA
"2839",2009-08-04,NA,NA,NA,6265136,NA,NA
"2840",2009-08-05,NA,NA,NA,6265136,NA,NA
"2841",2009-08-06,NA,NA,NA,6265136,NA,NA
"2842",2009-08-07,NA,NA,NA,6265136,NA,NA
"2843",2009-08-08,NA,NA,NA,6265136,NA,NA
"2844",2009-08-09,NA,NA,NA,6265136,NA,NA
"2845",2009-08-10,NA,NA,NA,6265136,NA,NA
"2846",2009-08-11,NA,NA,NA,6265136,NA,NA
"2847",2009-08-12,NA,NA,NA,6265136,NA,NA
"2848",2009-08-13,NA,NA,NA,6265136,NA,NA
"2849",2009-08-14,NA,NA,NA,6265136,NA,NA
"2850",2009-08-15,NA,NA,NA,6265136,NA,NA
"2851",2009-08-16,NA,NA,NA,6265136,NA,NA
"2852",2009-08-17,NA,NA,NA,6265136,NA,NA
"2853",2009-08-18,NA,NA,NA,6265136,NA,NA
"2854",2009-08-19,NA,NA,NA,6265136,NA,NA
"2855",2009-08-20,NA,NA,NA,6265136,NA,NA
"2856",2009-08-21,NA,NA,NA,6265136,NA,NA
"2857",2009-08-22,NA,NA,NA,6265136,NA,NA
"2858",2009-08-23,NA,NA,NA,6265136,NA,NA
"2859",2009-08-24,NA,NA,NA,6265136,NA,NA
"2860",2009-08-25,NA,NA,NA,6265136,NA,NA
"2861",2009-08-26,NA,NA,NA,6265136,NA,NA
"2862",2009-08-27,NA,NA,NA,6265136,NA,NA
"2863",2009-08-28,NA,NA,NA,6265136,NA,NA
"2864",2009-08-29,NA,NA,NA,6265136,NA,NA
"2865",2009-08-30,NA,NA,NA,6265136,NA,NA
"2866",2009-08-31,NA,NA,NA,6265136,NA,NA
"2867",2009-09-01,NA,NA,NA,6265136,NA,NA
"2868",2009-09-02,NA,NA,NA,6265136,NA,NA
"2869",2009-09-03,NA,NA,NA,6265136,NA,NA
"2870",2009-09-04,NA,NA,NA,6265136,NA,NA
"2871",2009-09-05,NA,NA,NA,6265136,NA,NA
"2872",2009-09-06,NA,NA,NA,6265136,NA,NA
"2873",2009-09-07,NA,NA,NA,6265136,NA,NA
"2874",2009-09-08,NA,NA,NA,6265136,NA,NA
"2875",2009-09-09,NA,NA,NA,6265136,NA,NA
"2876",2009-09-10,NA,NA,NA,6265136,NA,NA
"2877",2009-09-11,NA,NA,NA,6265136,NA,NA
"2878",2009-09-12,NA,NA,NA,6265136,NA,NA
"2879",2009-09-13,NA,NA,NA,6265136,NA,NA
"2880",2009-09-14,NA,NA,NA,6265136,NA,NA
"2881",2009-09-15,NA,NA,NA,6265136,NA,NA
"2882",2009-09-16,NA,NA,NA,6265136,NA,NA
"2883",2009-09-17,NA,NA,NA,6265136,NA,NA
"2884",2009-09-18,NA,NA,NA,6265136,NA,NA
"2885",2009-09-19,NA,NA,NA,6265136,NA,NA
"2886",2009-09-20,NA,NA,NA,6265136,NA,NA
"2887",2009-09-21,NA,NA,NA,6265136,NA,NA
"2888",2009-09-22,NA,NA,NA,6265136,NA,NA
"2889",2009-09-23,NA,NA,NA,6265136,NA,NA
"2890",2009-09-24,NA,NA,NA,6265136,NA,NA
"2891",2009-09-25,NA,NA,NA,6265136,NA,NA
"2892",2009-09-26,NA,NA,NA,6265136,NA,NA
"2893",2009-09-27,NA,NA,NA,6265136,NA,NA
"2894",2009-09-28,NA,NA,NA,6265136,NA,NA
"2895",2009-09-29,NA,NA,NA,6265136,NA,NA
"2896",2009-09-30,NA,NA,NA,6265136,NA,NA
"2897",2009-10-01,NA,NA,NA,6265136,NA,NA
"2898",2009-10-02,NA,NA,NA,6265136,NA,NA
"2899",2009-10-03,NA,NA,NA,6265136,NA,NA
"2900",2009-10-04,NA,NA,NA,6265136,NA,NA
"2901",2009-10-05,NA,NA,NA,6265136,NA,NA
"2902",2009-10-06,NA,NA,NA,6265136,NA,NA
"2903",2009-10-07,NA,NA,NA,6265136,NA,NA
"2904",2009-10-08,NA,NA,NA,6265136,NA,NA
"2905",2009-10-09,NA,NA,NA,6265136,NA,NA
"2906",2009-10-10,NA,NA,NA,6265136,NA,NA
"2907",2009-10-11,NA,NA,NA,6265136,NA,NA
"2908",2009-10-12,NA,NA,NA,6265136,NA,NA
"2909",2009-10-13,NA,NA,NA,6265136,NA,NA
"2910",2009-10-14,NA,NA,NA,6265136,NA,NA
"2911",2009-10-15,NA,NA,NA,6265136,NA,NA
"2912",2009-10-16,NA,NA,NA,6265136,NA,NA
"2913",2009-10-17,NA,NA,NA,6265136,NA,NA
"2914",2009-10-18,NA,NA,NA,6265136,NA,NA
"2915",2009-10-19,NA,NA,NA,6265136,NA,NA
"2916",2009-10-20,NA,NA,NA,6265136,NA,NA
"2917",2009-10-21,NA,NA,NA,6265136,NA,NA
"2918",2009-10-22,NA,NA,NA,6265136,NA,NA
"2919",2009-10-23,NA,NA,NA,6265136,NA,NA
"2920",2009-10-24,NA,NA,NA,6265136,NA,NA
"2921",2009-10-25,NA,NA,NA,6265136,NA,NA
"2922",2009-10-26,NA,NA,NA,6265136,NA,NA
"2923",2009-10-27,NA,NA,NA,6265136,NA,NA
"2924",2009-10-28,NA,NA,NA,6265136,NA,NA
"2925",2009-10-29,NA,NA,NA,6265136,NA,NA
"2926",2009-10-30,NA,NA,NA,6265136,NA,NA
"2927",2009-10-31,NA,NA,NA,6265136,NA,NA
"2928",2009-11-01,NA,NA,NA,6265136,NA,NA
"2929",2009-11-02,NA,NA,NA,6265136,NA,NA
"2930",2009-11-03,NA,NA,NA,6265136,NA,NA
"2931",2009-11-04,NA,NA,NA,6265136,NA,NA
"2932",2009-11-05,NA,NA,NA,6265136,NA,NA
"2933",2009-11-06,NA,NA,NA,6265136,NA,NA
"2934",2009-11-07,NA,NA,NA,6265136,NA,NA
"2935",2009-11-08,NA,NA,NA,6265136,NA,NA
"2936",2009-11-09,NA,NA,NA,6265136,NA,NA
"2937",2009-11-10,NA,NA,NA,6265136,NA,NA
"2938",2009-11-11,NA,NA,NA,6265136,NA,NA
"2939",2009-11-12,NA,NA,NA,6265136,NA,NA
"2940",2009-11-13,NA,NA,NA,6265136,NA,NA
"2941",2009-11-14,NA,NA,NA,6265136,NA,NA
"2942",2009-11-15,NA,NA,NA,6265136,NA,NA
"2943",2009-11-16,NA,NA,NA,6265136,NA,NA
"2944",2009-11-17,NA,NA,NA,6265136,NA,NA
"2945",2009-11-18,NA,NA,NA,6265136,NA,NA
"2946",2009-11-19,NA,NA,NA,6265136,NA,NA
"2947",2009-11-20,NA,NA,NA,6265136,NA,NA
"2948",2009-11-21,NA,NA,NA,6265136,NA,NA
"2949",2009-11-22,NA,NA,NA,6265136,NA,NA
"2950",2009-11-23,NA,NA,NA,6265136,NA,NA
"2951",2009-11-24,NA,NA,NA,6265136,NA,NA
"2952",2009-11-25,NA,NA,NA,6265136,NA,NA
"2953",2009-11-26,NA,NA,NA,6265136,NA,NA
"2954",2010-01-15,NA,NA,NA,6265136,NA,NA
"2955",2010-01-17,NA,NA,NA,6265136,NA,NA
"2956",2010-01-18,NA,NA,NA,6265136,NA,NA
"2957",2010-01-19,NA,NA,NA,6265136,NA,NA
"2958",2010-01-20,NA,NA,NA,6265136,NA,NA
"2959",2010-01-21,NA,NA,NA,6265136,NA,NA
"2960",2010-01-22,NA,NA,NA,6265136,NA,NA
"2961",2010-01-23,NA,NA,NA,6265136,NA,NA
"2962",2010-01-24,NA,NA,NA,6265136,NA,NA
"2963",2010-01-25,NA,NA,NA,6265136,NA,NA
"2964",2010-01-26,NA,NA,NA,6265136,NA,NA
"2965",2010-01-27,NA,NA,NA,6265136,NA,NA
"2966",2010-01-28,NA,NA,NA,6265136,NA,NA
"2967",2010-01-29,NA,NA,NA,6265136,NA,NA
"2968",2010-01-30,NA,NA,NA,6265136,NA,NA
"2969",2010-01-31,NA,NA,NA,6265136,NA,NA
"2970",2010-02-01,NA,NA,NA,6265136,NA,NA
"2971",2010-02-02,NA,NA,NA,6265136,NA,NA
"2972",2010-02-03,NA,NA,NA,6265136,NA,NA
"2973",2010-02-04,NA,NA,NA,6265136,NA,NA
"2974",2010-02-05,NA,NA,NA,6265136,NA,NA
"2975",2010-02-06,NA,NA,NA,6265136,NA,NA
"2976",2010-02-07,NA,NA,NA,6265136,NA,NA
"2977",2010-02-08,NA,NA,NA,6265136,NA,NA
"2978",2010-02-09,NA,NA,NA,6265136,NA,NA
"2979",2010-02-10,NA,NA,NA,6265136,NA,NA
"2980",2010-02-11,NA,NA,NA,6265136,NA,NA
"2981",2010-02-12,NA,NA,NA,6265136,NA,NA
"2982",2010-02-13,NA,NA,NA,6265136,NA,NA
"2983",2010-02-14,NA,NA,NA,6265136,NA,NA
"2984",2010-02-15,NA,NA,NA,6265136,NA,NA
"2985",2010-02-16,NA,NA,NA,6265136,NA,NA
"2986",2010-02-17,NA,NA,NA,6265136,NA,NA
"2987",2010-02-18,NA,NA,NA,6265136,NA,NA
"2988",2010-02-19,NA,NA,NA,6265136,NA,NA
"2989",2010-02-20,NA,NA,NA,6265136,NA,NA
"2990",2010-02-21,NA,NA,NA,6265136,NA,NA
"2991",2010-02-22,NA,NA,NA,6265136,NA,NA
"2992",2010-02-23,NA,NA,NA,6265136,NA,NA
"2993",2010-02-24,NA,NA,NA,6265136,NA,NA
"2994",2010-02-25,NA,NA,NA,6265136,NA,NA
"2995",2010-02-26,NA,NA,NA,6265136,NA,NA
"2996",2010-02-27,NA,NA,NA,6265136,NA,NA
"2997",2010-02-28,NA,NA,NA,6265136,NA,NA
"2998",2010-03-01,NA,NA,NA,6265136,NA,NA
"2999",2010-03-02,NA,NA,NA,6265136,NA,NA
"3000",2010-03-03,NA,NA,NA,6265136,NA,NA
"3001",2010-03-04,NA,NA,NA,6265136,NA,NA
"3002",2010-03-05,NA,NA,NA,6265136,NA,NA
"3003",2010-03-06,NA,NA,NA,6265136,NA,NA
"3004",2010-03-07,NA,NA,NA,6265136,NA,NA
"3005",2010-03-08,NA,NA,NA,6265136,NA,NA
"3006",2010-03-09,NA,NA,NA,6265136,NA,NA
"3007",2010-03-10,NA,NA,NA,6265136,NA,NA
"3008",2010-03-11,NA,NA,NA,6265136,NA,NA
"3009",2010-03-12,NA,NA,NA,6265136,NA,NA
"3010",2010-03-13,NA,NA,NA,6265136,NA,NA
"3011",2010-03-14,NA,NA,NA,6265136,NA,NA
"3012",2010-03-15,NA,NA,NA,6265136,NA,NA
"3013",2010-03-16,NA,NA,NA,6265136,NA,NA
"3014",2010-03-17,NA,NA,NA,6265136,NA,NA
"3015",2010-03-18,NA,NA,NA,6265136,NA,NA
"3016",2010-03-19,NA,NA,NA,6265136,NA,NA
"3017",2010-03-20,NA,NA,NA,6265136,NA,NA
"3018",2010-03-21,NA,NA,NA,6265136,NA,NA
"3019",2010-03-22,NA,NA,NA,6265136,NA,NA
"3020",2010-03-23,NA,NA,NA,6265136,NA,NA
"3021",2010-03-24,NA,NA,NA,6265136,NA,NA
"3022",2010-03-25,NA,NA,NA,6265136,NA,NA
"3023",2010-03-26,NA,NA,NA,6265136,NA,NA
"3024",2010-03-27,NA,NA,NA,6265136,NA,NA
"3025",2010-03-28,NA,NA,NA,6265136,NA,NA
"3026",2010-03-29,NA,NA,NA,6265136,NA,NA
"3027",2010-03-30,NA,NA,NA,6265136,NA,NA
"3028",2010-03-31,NA,NA,NA,6265136,NA,NA
"3029",2010-04-01,NA,NA,NA,6265136,NA,NA
"3030",2010-04-02,NA,NA,NA,6265136,NA,NA
"3031",2010-04-03,NA,NA,NA,6265136,NA,NA
"3032",2010-04-04,NA,NA,NA,6265136,NA,NA
"3033",2010-04-05,NA,NA,NA,6265136,NA,NA
"3034",2010-04-06,NA,NA,NA,6265136,NA,NA
"3035",2010-04-07,NA,NA,NA,6265136,NA,NA
"3036",2010-04-08,NA,NA,NA,6265136,NA,NA
"3037",2010-04-09,NA,NA,NA,6265136,NA,NA
"3038",2010-04-10,NA,NA,NA,6265136,NA,NA
"3039",2010-04-11,NA,NA,NA,6265136,NA,NA
"3040",2010-04-12,NA,NA,NA,6265136,NA,NA
"3041",2010-04-13,NA,NA,NA,6265136,NA,NA
"3042",2010-04-14,NA,NA,NA,6265136,NA,NA
"3043",2010-04-15,NA,NA,NA,6265136,NA,NA
"3044",2010-04-16,NA,NA,NA,6265136,NA,NA
"3045",2010-04-17,NA,NA,NA,6265136,NA,NA
"3046",2010-04-18,NA,NA,NA,6265136,NA,NA
"3047",2010-04-19,NA,NA,NA,6265136,NA,NA
"3048",2010-04-20,NA,NA,NA,6265136,NA,NA
"3049",2010-04-21,NA,NA,NA,6265136,NA,NA
"3050",2010-04-22,NA,NA,NA,6265136,NA,NA
"3051",2010-04-23,NA,NA,NA,6265136,NA,NA
"3052",2010-04-24,NA,NA,NA,6265136,NA,NA
"3053",2010-04-25,NA,NA,NA,6265136,NA,NA
"3054",2010-04-26,NA,NA,NA,6265136,NA,NA
"3055",2010-04-27,NA,NA,NA,6265136,NA,NA
"3056",2010-04-28,NA,NA,NA,6265136,NA,NA
"3057",2010-04-29,NA,NA,NA,6265136,NA,NA
"3058",2010-04-30,NA,NA,NA,6265136,NA,NA
"3059",2010-05-01,NA,NA,NA,6265136,NA,NA
"3060",2010-05-02,NA,NA,NA,6265136,NA,NA
"3061",2010-05-03,NA,NA,NA,6265136,NA,NA
"3062",2010-05-04,NA,NA,NA,6265136,NA,NA
"3063",2010-05-05,NA,NA,NA,6265136,NA,NA
"3064",2010-05-06,NA,NA,NA,6265136,NA,NA
"3065",2010-05-07,NA,NA,NA,6265136,NA,NA
"3066",2010-05-08,NA,NA,NA,6265136,NA,NA
"3067",2010-05-09,NA,NA,NA,6265136,NA,NA
"3068",2010-05-10,NA,NA,NA,6265136,NA,NA
"3069",2010-05-11,NA,NA,NA,6265136,NA,NA
"3070",2010-05-12,NA,NA,NA,6265136,NA,NA
"3071",2010-05-13,NA,NA,NA,6265136,NA,NA
"3072",2010-05-14,NA,NA,NA,6265136,NA,NA
"3073",2010-05-15,NA,NA,NA,6265136,NA,NA
"3074",2010-05-16,NA,NA,NA,6265136,NA,NA
"3075",2010-05-17,NA,NA,NA,6265136,NA,NA
"3076",2010-05-18,NA,NA,NA,6265136,NA,NA
"3077",2010-05-19,NA,NA,NA,6265136,NA,NA
"3078",2010-05-20,NA,NA,NA,6265136,NA,NA
"3079",2010-05-21,NA,NA,NA,6265136,NA,NA
"3080",2010-05-22,NA,NA,NA,6265136,NA,NA
"3081",2010-05-23,NA,NA,NA,6265136,NA,NA
"3082",2010-05-24,NA,NA,NA,6265136,NA,NA
"3083",2010-05-25,NA,NA,NA,6265136,NA,NA
"3084",2010-05-26,NA,NA,NA,6265136,NA,NA
"3085",2010-05-27,NA,NA,NA,6265136,NA,NA
"3086",2010-05-28,NA,NA,NA,6265136,NA,NA
"3087",2010-05-29,NA,NA,NA,6265136,NA,NA
"3088",2010-05-30,NA,NA,NA,6265136,NA,NA
"3089",2010-05-31,NA,NA,NA,6265136,NA,NA
"3090",2010-06-01,NA,NA,NA,6265136,NA,NA
"3091",2010-06-02,NA,NA,NA,6265136,NA,NA
"3092",2010-06-03,NA,NA,NA,6265136,NA,NA
"3093",2010-06-04,NA,NA,NA,6265136,NA,NA
"3094",2010-06-05,NA,NA,NA,6265136,NA,NA
"3095",2010-06-06,NA,NA,NA,6265136,NA,NA
"3096",2010-06-07,NA,NA,NA,6265136,NA,NA
"3097",2010-06-08,NA,NA,NA,6265136,NA,NA
"3098",2010-06-09,NA,NA,NA,6265136,NA,NA
"3099",2010-06-10,NA,NA,NA,6265136,NA,NA
"3100",2010-06-11,NA,NA,NA,6265136,NA,NA
"3101",2010-06-12,NA,NA,NA,6265136,NA,NA
"3102",2010-06-13,NA,NA,NA,6265136,NA,NA
"3103",2010-06-14,NA,NA,NA,6265136,NA,NA
"3104",2010-06-15,NA,NA,NA,6265136,NA,NA
"3105",2010-06-16,NA,NA,NA,6265136,NA,NA
"3106",2010-06-17,NA,NA,NA,6265136,NA,NA
"3107",2010-06-18,NA,NA,NA,6265136,NA,NA
"3108",2010-06-19,NA,NA,NA,6265136,NA,NA
"3109",2010-06-20,NA,NA,NA,6265136,NA,NA
"3110",2010-06-21,NA,NA,NA,6265136,NA,NA
"3111",2010-06-22,NA,NA,NA,6265136,NA,NA
"3112",2010-06-23,NA,NA,NA,6265136,NA,NA
"3113",2010-06-24,NA,NA,NA,6265136,NA,NA
"3114",2010-06-25,NA,NA,NA,6265136,NA,NA
"3115",2010-06-26,NA,NA,NA,6265136,NA,NA
"3116",2010-06-27,NA,NA,NA,6265136,NA,NA
"3117",2010-06-28,NA,NA,NA,6265136,NA,NA
"3118",2010-06-29,NA,NA,NA,6265136,NA,NA
"3119",2010-06-30,NA,NA,NA,6265136,NA,NA
"3120",2010-07-01,NA,NA,NA,6265136,NA,NA
"3121",2010-07-02,NA,NA,NA,6265136,NA,NA
"3122",2010-07-03,NA,NA,NA,6265136,NA,NA
"3123",2010-07-04,NA,NA,NA,6265136,NA,NA
"3124",2010-07-05,NA,NA,NA,6265136,NA,NA
"3125",2010-07-06,NA,NA,NA,6265136,NA,NA
"3126",2010-07-07,NA,NA,NA,6265136,NA,NA
"3127",2010-07-08,NA,NA,NA,6265136,NA,NA
"3128",2010-07-09,NA,NA,NA,6265136,NA,NA
"3129",2010-07-10,NA,NA,NA,6265136,NA,NA
"3130",2010-07-11,NA,NA,NA,6265136,NA,NA
"3131",2010-07-12,NA,NA,NA,6265136,NA,NA
"3132",2010-07-13,NA,NA,NA,6265136,NA,NA
"3133",2010-07-14,NA,NA,NA,6265136,NA,NA
"3134",2010-07-15,NA,NA,NA,6265136,NA,NA
"3135",2010-07-16,NA,NA,NA,6265136,NA,NA
"3136",2010-07-17,NA,NA,NA,6265136,NA,NA
"3137",2010-07-18,NA,NA,NA,6265136,NA,NA
"3138",2010-07-19,NA,NA,NA,6265136,NA,NA
"3139",2010-07-20,NA,NA,NA,6265136,NA,NA
"3140",2010-07-21,NA,NA,NA,6265136,NA,NA
"3141",2010-07-22,NA,NA,NA,6265136,NA,NA
"3142",2010-07-23,NA,NA,NA,6265136,NA,NA
"3143",2010-07-24,NA,NA,NA,6265136,NA,NA
"3144",2010-07-25,NA,NA,NA,6265136,NA,NA
"3145",2010-07-26,NA,NA,NA,6265136,NA,NA
"3146",2010-07-27,NA,NA,NA,6265136,NA,NA
"3147",2010-07-28,NA,NA,NA,6265136,NA,NA
"3148",2010-07-29,NA,NA,NA,6265136,NA,NA
"3149",2010-07-30,NA,NA,NA,6265136,NA,NA
"3150",2010-07-31,NA,NA,NA,6265136,NA,NA
"3151",2010-08-01,NA,NA,NA,6265136,NA,NA
"3152",2010-08-02,NA,NA,NA,6265136,NA,NA
"3153",2010-08-03,NA,NA,NA,6265136,NA,NA
"3154",2010-08-04,NA,NA,NA,6265136,NA,NA
"3155",2010-08-05,NA,NA,NA,6265136,NA,NA
"3156",2010-08-06,NA,NA,NA,6265136,NA,NA
"3157",2010-08-07,NA,NA,NA,6265136,NA,NA
"3158",2010-08-08,NA,NA,NA,6265136,NA,NA
"3159",2010-08-09,NA,NA,NA,6265136,NA,NA
"3160",2010-08-10,NA,NA,NA,6265136,NA,NA
"3161",2010-08-11,NA,NA,NA,6265136,NA,NA
"3162",2010-08-12,NA,NA,NA,6265136,NA,NA
"3163",2010-08-13,NA,NA,NA,6265136,NA,NA
"3164",2010-08-14,NA,NA,NA,6265136,NA,NA
"3165",2010-08-15,NA,NA,NA,6265136,NA,NA
"3166",2010-08-16,NA,NA,NA,6265136,NA,NA
"3167",2010-08-17,NA,NA,NA,6265136,NA,NA
"3168",2010-08-18,NA,NA,NA,6265136,NA,NA
"3169",2010-08-19,NA,NA,NA,6265136,NA,NA
"3170",2010-08-20,NA,NA,NA,6265136,NA,NA
"3171",2010-08-21,NA,NA,NA,6265136,NA,NA
"3172",2010-08-22,NA,NA,NA,6265136,NA,NA
"3173",2010-08-23,NA,NA,NA,6265136,NA,NA
"3174",2010-08-24,NA,NA,NA,6265136,NA,NA
"3175",2010-08-25,NA,NA,NA,6265136,NA,NA
"3176",2010-08-26,NA,NA,NA,6265136,NA,NA
"3177",2010-08-27,NA,NA,NA,6265136,NA,NA
"3178",2010-08-28,NA,NA,NA,6265136,NA,NA
"3179",2010-08-29,NA,NA,NA,6265136,NA,NA
"3180",2010-08-30,NA,NA,NA,6265136,NA,NA
"3181",2010-08-31,NA,NA,NA,6265136,NA,NA
"3182",2010-09-01,NA,NA,NA,6265136,NA,NA
"3183",2010-09-02,NA,NA,NA,6265136,NA,NA
"3184",2010-09-03,NA,NA,NA,6265136,NA,NA
"3185",2010-09-04,NA,NA,NA,6265136,NA,NA
"3186",2010-09-05,NA,NA,NA,6265136,NA,NA
"3187",2010-09-06,NA,NA,NA,6265136,NA,NA
"3188",2010-09-07,NA,NA,NA,6265136,NA,NA
"3189",2010-09-08,NA,NA,NA,6265136,NA,NA
"3190",2010-09-09,NA,NA,NA,6265136,NA,NA
"3191",2010-09-10,NA,NA,NA,6265136,NA,NA
"3192",2010-09-11,NA,NA,NA,6265136,NA,NA
"3193",2010-09-12,NA,NA,NA,6265136,NA,NA
"3194",2010-09-13,NA,NA,NA,6265136,NA,NA
"3195",2010-09-14,NA,NA,NA,6265136,NA,NA
"3196",2010-09-15,NA,NA,NA,6265136,NA,NA
"3197",2010-09-16,NA,NA,NA,6265136,NA,NA
"3198",2010-09-17,NA,NA,NA,6265136,NA,NA
"3199",2010-09-18,NA,NA,NA,6265136,NA,NA
"3200",2010-09-19,NA,NA,NA,6265136,NA,NA
"3201",2010-09-20,NA,NA,NA,6265136,NA,NA
"3202",2010-09-21,NA,NA,NA,6265136,NA,NA
"3203",2010-09-22,NA,NA,NA,6265136,NA,NA
"3204",2010-09-23,NA,NA,NA,6265136,NA,NA
"3205",2010-09-24,NA,NA,NA,6265136,NA,NA
"3206",2010-09-25,NA,NA,NA,6265136,NA,NA
"3207",2010-09-26,NA,NA,NA,6265136,NA,NA
"3208",2010-09-27,NA,NA,NA,6265136,NA,NA
"3209",2010-09-28,NA,NA,NA,6265136,NA,NA
"3210",2010-09-29,NA,NA,NA,6265136,NA,NA
"3211",2010-09-30,NA,NA,NA,6265136,NA,NA
"3212",2010-10-01,NA,NA,NA,6265136,NA,NA
"3213",2010-10-02,NA,NA,NA,6265136,NA,NA
"3214",2010-10-03,NA,NA,NA,6265136,NA,NA
"3215",2010-10-04,NA,NA,NA,6265136,NA,NA
"3216",2010-10-05,NA,NA,NA,6265136,NA,NA
"3217",2010-10-06,NA,NA,NA,6265136,NA,NA
"3218",2010-10-07,NA,NA,NA,6265136,NA,NA
"3219",2010-10-08,NA,NA,NA,6265136,NA,NA
"3220",2010-10-09,NA,NA,NA,6265136,NA,NA
"3221",2010-10-10,NA,NA,NA,6265136,NA,NA
"3222",2010-10-11,NA,NA,NA,6265136,NA,NA
"3223",2010-10-12,NA,NA,NA,6265136,NA,NA
"3224",2010-10-13,NA,NA,NA,6265136,NA,NA
"3225",2010-10-14,NA,NA,NA,6265136,NA,NA
"3226",2010-10-15,NA,NA,NA,6265136,NA,NA
"3227",2010-10-16,NA,NA,NA,6265136,NA,NA
"3228",2010-10-17,NA,NA,NA,6265136,NA,NA
"3229",2010-10-18,NA,NA,NA,6265136,NA,NA
"3230",2010-10-19,NA,NA,NA,6265136,NA,NA
"3231",2010-10-20,NA,NA,NA,6265136,NA,NA
"3232",2010-10-21,NA,NA,NA,6265136,NA,NA
"3233",2010-10-22,NA,NA,NA,6265136,NA,NA
"3234",2010-10-23,NA,NA,NA,6265136,NA,NA
"3235",2010-10-24,NA,NA,NA,6265136,NA,NA
"3236",2010-10-25,NA,NA,NA,6265136,NA,NA
"3237",2010-10-26,NA,NA,NA,6265136,NA,NA
"3238",2010-10-27,NA,NA,NA,6265136,NA,NA
"3239",2010-10-28,NA,NA,NA,6265136,NA,NA
"3240",2010-10-29,NA,NA,NA,6265136,NA,NA
"3241",2010-10-30,NA,NA,NA,6265136,NA,NA
"3242",2010-10-31,NA,NA,NA,6265136,NA,NA
"3243",2010-11-01,NA,NA,NA,6265136,NA,NA
"3244",2010-11-02,NA,NA,NA,6265136,NA,NA
"3245",2010-11-03,NA,NA,NA,6265136,NA,NA
"3246",2010-11-04,NA,NA,NA,6265136,NA,NA
"3247",2010-11-05,NA,NA,NA,6265136,NA,NA
"3248",2010-11-06,NA,NA,NA,6265136,NA,NA
"3249",2010-11-07,NA,NA,NA,6265136,NA,NA
"3250",2010-11-08,NA,NA,NA,6265136,NA,NA
"3251",2010-11-09,NA,NA,NA,6265136,NA,NA
"3252",2010-11-10,NA,NA,NA,6265136,NA,NA
"3253",2010-11-11,NA,NA,NA,6265136,NA,NA
"3254",2010-11-12,NA,NA,NA,6265136,NA,NA
"3255",2010-11-13,NA,NA,NA,6265136,NA,NA
"3256",2010-11-14,NA,NA,NA,6265136,NA,NA
"3257",2010-11-15,NA,NA,NA,6265136,NA,NA
"3258",2010-11-16,NA,NA,NA,6265136,NA,NA
"3259",2010-11-17,NA,NA,NA,6265136,NA,NA
"3260",2010-11-18,NA,NA,NA,6265136,NA,NA
"3261",2010-11-19,NA,NA,NA,6265136,NA,NA
"3262",2010-11-20,NA,NA,NA,6265136,NA,NA
"3263",2010-11-21,NA,NA,NA,6265136,NA,NA
"3264",2010-11-22,NA,NA,NA,6265136,NA,NA
"3265",2010-11-23,NA,NA,NA,6265136,NA,NA
"3266",2010-11-24,NA,NA,NA,6265136,NA,NA
"3267",2010-11-25,NA,NA,NA,6265136,NA,NA
"3268",2010-11-26,NA,NA,NA,6265136,NA,NA
"3269",2011-01-16,NA,NA,NA,6265136,NA,NA
"3270",2011-01-18,NA,NA,NA,6265136,NA,NA
"3271",2011-01-19,NA,NA,NA,6265136,NA,NA
"3272",2011-01-20,NA,NA,NA,6265136,NA,NA
"3273",2011-01-21,NA,NA,NA,6265136,NA,NA
"3274",2011-01-22,NA,NA,NA,6265136,NA,NA
"3275",2011-01-23,NA,NA,NA,6265136,NA,NA
"3276",2011-01-24,NA,NA,NA,6265136,NA,NA
"3277",2011-01-25,NA,NA,NA,6265136,NA,NA
"3278",2011-01-26,NA,NA,NA,6265136,NA,NA
"3279",2011-01-27,NA,NA,NA,6265136,NA,NA
"3280",2011-01-28,NA,NA,NA,6265136,NA,NA
"3281",2011-01-29,NA,NA,NA,6265136,NA,NA
"3282",2011-01-30,NA,NA,NA,6265136,NA,NA
"3283",2011-01-31,NA,NA,NA,6265136,NA,NA
"3284",2011-02-01,NA,NA,NA,6265136,NA,NA
"3285",2011-02-02,NA,NA,NA,6265136,NA,NA
"3286",2011-02-03,NA,NA,NA,6265136,NA,NA
"3287",2011-02-04,NA,NA,NA,6265136,NA,NA
"3288",2011-02-05,NA,NA,NA,6265136,NA,NA
"3289",2011-02-06,NA,NA,NA,6265136,NA,NA
"3290",2011-02-07,NA,NA,NA,6265136,NA,NA
"3291",2011-02-08,NA,NA,NA,6265136,NA,NA
"3292",2011-02-09,NA,NA,NA,6265136,NA,NA
"3293",2011-02-10,NA,NA,NA,6265136,NA,NA
"3294",2011-02-11,NA,NA,NA,6265136,NA,NA
"3295",2011-02-12,NA,NA,NA,6265136,NA,NA
"3296",2011-02-13,NA,NA,NA,6265136,NA,NA
"3297",2011-02-14,NA,NA,NA,6265136,NA,NA
"3298",2011-02-15,NA,NA,NA,6265136,NA,NA
"3299",2011-02-16,NA,NA,NA,6265136,NA,NA
"3300",2011-02-17,NA,NA,NA,6265136,NA,NA
"3301",2011-02-18,NA,NA,NA,6265136,NA,NA
"3302",2011-02-19,NA,NA,NA,6265136,NA,NA
"3303",2011-02-20,NA,NA,NA,6265136,NA,NA
"3304",2011-02-21,NA,NA,NA,6265136,NA,NA
"3305",2011-02-22,NA,NA,NA,6265136,NA,NA
"3306",2011-02-23,NA,NA,NA,6265136,NA,NA
"3307",2011-02-24,NA,NA,NA,6265136,NA,NA
"3308",2011-02-25,NA,NA,NA,6265136,NA,NA
"3309",2011-02-26,NA,NA,NA,6265136,NA,NA
"3310",2011-02-27,NA,NA,NA,6265136,NA,NA
"3311",2011-02-28,NA,NA,NA,6265136,NA,NA
"3312",2011-03-01,NA,NA,NA,6265136,NA,NA
"3313",2011-03-02,NA,NA,NA,6265136,NA,NA
"3314",2011-03-03,NA,NA,NA,6265136,NA,NA
"3315",2011-03-04,NA,NA,NA,6265136,NA,NA
"3316",2011-03-05,NA,NA,NA,6265136,NA,NA
"3317",2011-03-06,NA,NA,NA,6265136,NA,NA
"3318",2011-03-07,NA,NA,NA,6265136,NA,NA
"3319",2011-03-08,NA,NA,NA,6265136,NA,NA
"3320",2011-03-09,NA,NA,NA,6265136,NA,NA
"3321",2011-03-10,NA,NA,NA,6265136,NA,NA
"3322",2011-03-11,NA,NA,NA,6265136,NA,NA
"3323",2011-03-12,NA,NA,NA,6265136,NA,NA
"3324",2011-03-13,NA,NA,NA,6265136,NA,NA
"3325",2011-03-14,NA,NA,NA,6265136,NA,NA
"3326",2011-03-15,NA,NA,NA,6265136,NA,NA
"3327",2011-03-16,NA,NA,NA,6265136,NA,NA
"3328",2011-03-17,NA,NA,NA,6265136,NA,NA
"3329",2011-03-18,NA,NA,NA,6265136,NA,NA
"3330",2011-03-19,NA,NA,NA,6265136,NA,NA
"3331",2011-03-20,NA,NA,NA,6265136,NA,NA
"3332",2011-03-21,NA,NA,NA,6265136,NA,NA
"3333",2011-03-22,NA,NA,NA,6265136,NA,NA
"3334",2011-03-23,NA,NA,NA,6265136,NA,NA
"3335",2011-03-24,NA,NA,NA,6265136,NA,NA
"3336",2011-03-25,NA,NA,NA,6265136,NA,NA
"3337",2011-03-26,NA,NA,NA,6265136,NA,NA
"3338",2011-03-27,NA,NA,NA,6265136,NA,NA
"3339",2011-03-28,NA,NA,NA,6265136,NA,NA
"3340",2011-03-29,NA,NA,NA,6265136,NA,NA
"3341",2011-03-30,NA,NA,NA,6265136,NA,NA
"3342",2011-03-31,NA,NA,NA,6265136,NA,NA
"3343",2011-04-01,NA,NA,NA,6265136,NA,NA
"3344",2011-04-02,NA,NA,NA,6265136,NA,NA
"3345",2011-04-03,NA,NA,NA,6265136,NA,NA
"3346",2011-04-04,NA,NA,NA,6265136,NA,NA
"3347",2011-04-05,NA,NA,NA,6265136,NA,NA
"3348",2011-04-06,NA,NA,NA,6265136,NA,NA
"3349",2011-04-07,NA,NA,NA,6265136,NA,NA
"3350",2011-04-08,NA,NA,NA,6265136,NA,NA
"3351",2011-04-09,NA,NA,NA,6265136,NA,NA
"3352",2011-04-10,NA,NA,NA,6265136,NA,NA
"3353",2011-04-11,NA,NA,NA,6265136,NA,NA
"3354",2011-04-12,NA,NA,NA,6265136,NA,NA
"3355",2011-04-13,NA,NA,NA,6265136,NA,NA
"3356",2011-04-14,NA,NA,NA,6265136,NA,NA
"3357",2011-04-15,NA,NA,NA,6265136,NA,NA
"3358",2011-04-16,NA,NA,NA,6265136,NA,NA
"3359",2011-04-17,NA,NA,NA,6265136,NA,NA
"3360",2011-04-18,NA,NA,NA,6265136,NA,NA
"3361",2011-04-19,NA,NA,NA,6265136,NA,NA
"3362",2011-04-20,NA,NA,NA,6265136,NA,NA
"3363",2011-04-21,NA,NA,NA,6265136,NA,NA
"3364",2011-04-22,NA,NA,NA,6265136,NA,NA
"3365",2011-04-23,NA,NA,NA,6265136,NA,NA
"3366",2011-04-24,NA,NA,NA,6265136,NA,NA
"3367",2011-04-25,NA,NA,NA,6265136,NA,NA
"3368",2011-04-26,NA,NA,NA,6265136,NA,NA
"3369",2011-04-27,NA,NA,NA,6265136,NA,NA
"3370",2011-04-28,NA,NA,NA,6265136,NA,NA
"3371",2011-04-29,NA,NA,NA,6265136,NA,NA
"3372",2011-04-30,NA,NA,NA,6265136,NA,NA
"3373",2011-05-01,NA,NA,NA,6265136,NA,NA
"3374",2011-05-02,NA,NA,NA,6265136,NA,NA
"3375",2011-05-03,NA,NA,NA,6265136,NA,NA
"3376",2011-05-04,NA,NA,NA,6265136,NA,NA
"3377",2011-05-05,NA,NA,NA,6265136,NA,NA
"3378",2011-05-06,NA,NA,NA,6265136,NA,NA
"3379",2011-05-07,NA,NA,NA,6265136,NA,NA
"3380",2011-05-08,NA,NA,NA,6265136,NA,NA
"3381",2011-05-09,NA,NA,NA,6265136,NA,NA
"3382",2011-05-10,NA,NA,NA,6265136,NA,NA
"3383",2011-05-11,NA,NA,NA,6265136,NA,NA
"3384",2011-05-12,NA,NA,NA,6265136,NA,NA
"3385",2011-05-13,NA,NA,NA,6265136,NA,NA
"3386",2011-05-14,NA,NA,NA,6265136,NA,NA
"3387",2011-05-15,NA,NA,NA,6265136,NA,NA
"3388",2011-05-16,NA,NA,NA,6265136,NA,NA
"3389",2011-05-17,NA,NA,NA,6265136,NA,NA
"3390",2011-05-18,NA,NA,NA,6265136,NA,NA
"3391",2011-05-19,NA,NA,NA,6265136,NA,NA
"3392",2011-05-20,NA,NA,NA,6265136,NA,NA
"3393",2011-05-21,NA,NA,NA,6265136,NA,NA
"3394",2011-05-22,NA,NA,NA,6265136,NA,NA
"3395",2011-05-23,NA,NA,NA,6265136,NA,NA
"3396",2011-05-24,NA,NA,NA,6265136,NA,NA
"3397",2011-05-25,NA,NA,NA,6265136,NA,NA
"3398",2011-05-26,NA,NA,NA,6265136,NA,NA
"3399",2011-05-27,NA,NA,NA,6265136,NA,NA
"3400",2011-05-28,NA,NA,NA,6265136,NA,NA
"3401",2011-05-29,NA,NA,NA,6265136,NA,NA
"3402",2011-05-30,NA,NA,NA,6265136,NA,NA
"3403",2011-05-31,NA,NA,NA,6265136,NA,NA
"3404",2011-06-01,NA,NA,NA,6265136,NA,NA
"3405",2011-06-02,NA,NA,NA,6265136,NA,NA
"3406",2011-06-03,NA,NA,NA,6265136,NA,NA
"3407",2011-06-04,NA,NA,NA,6265136,NA,NA
"3408",2011-06-05,NA,NA,NA,6265136,NA,NA
"3409",2011-06-06,NA,NA,NA,6265136,NA,NA
"3410",2011-06-07,NA,NA,NA,6265136,NA,NA
"3411",2011-06-08,NA,NA,NA,6265136,NA,NA
"3412",2011-06-09,NA,NA,NA,6265136,NA,NA
"3413",2011-06-10,NA,NA,NA,6265136,NA,NA
"3414",2011-06-11,NA,NA,NA,6265136,NA,NA
"3415",2011-06-12,NA,NA,NA,6265136,NA,NA
"3416",2011-06-13,NA,NA,NA,6265136,NA,NA
"3417",2011-06-14,NA,NA,NA,6265136,NA,NA
"3418",2011-06-15,NA,NA,NA,6265136,NA,NA
"3419",2011-06-16,NA,NA,NA,6265136,NA,NA
"3420",2011-06-17,NA,NA,NA,6265136,NA,NA
"3421",2011-06-18,NA,NA,NA,6265136,NA,NA
"3422",2011-06-19,NA,NA,NA,6265136,NA,NA
"3423",2011-06-20,NA,NA,NA,6265136,NA,NA
"3424",2011-06-21,NA,NA,NA,6265136,NA,NA
"3425",2011-06-22,NA,NA,NA,6265136,NA,NA
"3426",2011-06-23,NA,NA,NA,6265136,NA,NA
"3427",2011-06-24,NA,NA,NA,6265136,NA,NA
"3428",2011-06-25,NA,NA,NA,6265136,NA,NA
"3429",2011-06-26,NA,NA,NA,6265136,NA,NA
"3430",2011-06-27,NA,NA,NA,6265136,NA,NA
"3431",2011-06-28,NA,NA,NA,6265136,NA,NA
"3432",2011-06-29,NA,NA,NA,6265136,NA,NA
"3433",2011-06-30,NA,NA,NA,6265136,NA,NA
"3434",2011-07-01,NA,NA,NA,6265136,NA,NA
"3435",2011-07-02,NA,NA,NA,6265136,NA,NA
"3436",2011-07-03,NA,NA,NA,6265136,NA,NA
"3437",2011-07-04,NA,NA,NA,6265136,NA,NA
"3438",2011-07-05,NA,NA,NA,6265136,NA,NA
"3439",2011-07-06,NA,NA,NA,6265136,NA,NA
"3440",2011-07-07,NA,NA,NA,6265136,NA,NA
"3441",2011-07-08,NA,NA,NA,6265136,NA,NA
"3442",2011-07-09,NA,NA,NA,6265136,NA,NA
"3443",2011-07-10,NA,NA,NA,6265136,NA,NA
"3444",2011-07-11,NA,NA,NA,6265136,NA,NA
"3445",2011-07-12,NA,NA,NA,6265136,NA,NA
"3446",2011-07-13,NA,NA,NA,6265136,NA,NA
"3447",2011-07-14,NA,NA,NA,6265136,NA,NA
"3448",2011-07-15,NA,NA,NA,6265136,NA,NA
"3449",2011-07-16,NA,NA,NA,6265136,NA,NA
"3450",2011-07-17,NA,NA,NA,6265136,NA,NA
"3451",2011-07-18,NA,NA,NA,6265136,NA,NA
"3452",2011-07-19,NA,NA,NA,6265136,NA,NA
"3453",2011-07-20,NA,NA,NA,6265136,NA,NA
"3454",2011-07-21,NA,NA,NA,6265136,NA,NA
"3455",2011-07-22,NA,NA,NA,6265136,NA,NA
"3456",2011-07-23,NA,NA,NA,6265136,NA,NA
"3457",2011-07-24,NA,NA,NA,6265136,NA,NA
"3458",2011-07-25,NA,NA,NA,6265136,NA,NA
"3459",2011-07-26,NA,NA,NA,6265136,NA,NA
"3460",2011-07-27,NA,NA,NA,6265136,NA,NA
"3461",2011-07-28,NA,NA,NA,6265136,NA,NA
"3462",2011-07-29,NA,NA,NA,6265136,NA,NA
"3463",2011-07-30,NA,NA,NA,6265136,NA,NA
"3464",2011-07-31,NA,NA,NA,6265136,NA,NA
"3465",2011-08-01,NA,NA,NA,6265136,NA,NA
"3466",2011-08-02,NA,NA,NA,6265136,NA,NA
"3467",2011-08-03,NA,NA,NA,6265136,NA,NA
"3468",2011-08-04,NA,NA,NA,6265136,NA,NA
"3469",2011-08-05,NA,NA,NA,6265136,NA,NA
"3470",2011-08-06,NA,NA,NA,6265136,NA,NA
"3471",2011-08-07,NA,NA,NA,6265136,NA,NA
"3472",2011-08-08,NA,NA,NA,6265136,NA,NA
"3473",2011-08-09,NA,NA,NA,6265136,NA,NA
"3474",2011-08-10,NA,NA,NA,6265136,NA,NA
"3475",2011-08-11,NA,NA,NA,6265136,NA,NA
"3476",2011-08-12,NA,NA,NA,6265136,NA,NA
"3477",2011-08-13,NA,NA,NA,6265136,NA,NA
"3478",2011-08-14,NA,NA,NA,6265136,NA,NA
"3479",2011-08-15,NA,NA,NA,6265136,NA,NA
"3480",2011-08-16,NA,NA,NA,6265136,NA,NA
"3481",2011-08-17,NA,NA,NA,6265136,NA,NA
"3482",2011-08-18,NA,NA,NA,6265136,NA,NA
"3483",2011-08-19,NA,NA,NA,6265136,NA,NA
"3484",2011-08-20,NA,NA,NA,6265136,NA,NA
"3485",2011-08-21,NA,NA,NA,6265136,NA,NA
"3486",2011-08-22,NA,NA,NA,6265136,NA,NA
"3487",2011-08-23,NA,NA,NA,6265136,NA,NA
"3488",2011-08-24,NA,NA,NA,6265136,NA,NA
"3489",2011-08-25,NA,NA,NA,6265136,NA,NA
"3490",2011-08-26,NA,NA,NA,6265136,NA,NA
"3491",2011-08-27,NA,NA,NA,6265136,NA,NA
"3492",2011-08-28,NA,NA,NA,6265136,NA,NA
"3493",2011-08-29,NA,NA,NA,6265136,NA,NA
"3494",2011-08-30,NA,NA,NA,6265136,NA,NA
"3495",2011-08-31,NA,NA,NA,6265136,NA,NA
"3496",2011-09-01,NA,NA,NA,6265136,NA,NA
"3497",2011-09-02,NA,NA,NA,6265136,NA,NA
"3498",2011-09-03,NA,NA,NA,6265136,NA,NA
"3499",2011-09-04,NA,NA,NA,6265136,NA,NA
"3500",2011-09-05,NA,NA,NA,6265136,NA,NA
"3501",2011-09-06,NA,NA,NA,6265136,NA,NA
"3502",2011-09-07,NA,NA,NA,6265136,NA,NA
"3503",2011-09-08,NA,NA,NA,6265136,NA,NA
"3504",2011-09-09,NA,NA,NA,6265136,NA,NA
"3505",2011-09-10,NA,NA,NA,6265136,NA,NA
"3506",2011-09-11,NA,NA,NA,6265136,NA,NA
"3507",2011-09-12,NA,NA,NA,6265136,NA,NA
"3508",2011-09-13,NA,NA,NA,6265136,NA,NA
"3509",2011-09-14,NA,NA,NA,6265136,NA,NA
"3510",2011-09-15,NA,NA,NA,6265136,NA,NA
"3511",2011-09-16,NA,NA,NA,6265136,NA,NA
"3512",2011-09-17,NA,NA,NA,6265136,NA,NA
"3513",2011-09-18,NA,NA,NA,6265136,NA,NA
"3514",2011-09-19,NA,NA,NA,6265136,NA,NA
"3515",2011-09-20,NA,NA,NA,6265136,NA,NA
"3516",2011-09-21,NA,NA,NA,6265136,NA,NA
"3517",2011-09-22,NA,NA,NA,6265136,NA,NA
"3518",2011-09-23,NA,NA,NA,6265136,NA,NA
"3519",2011-09-24,NA,NA,NA,6265136,NA,NA
"3520",2011-09-25,NA,NA,NA,6265136,NA,NA
"3521",2011-09-26,NA,NA,NA,6265136,NA,NA
"3522",2011-09-27,NA,NA,NA,6265136,NA,NA
"3523",2011-09-28,NA,NA,NA,6265136,NA,NA
"3524",2011-09-29,NA,NA,NA,6265136,NA,NA
"3525",2011-09-30,NA,NA,NA,6265136,NA,NA
"3526",2011-10-01,NA,NA,NA,6265136,NA,NA
"3527",2011-10-02,NA,NA,NA,6265136,NA,NA
"3528",2011-10-03,NA,NA,NA,6265136,NA,NA
"3529",2011-10-04,NA,NA,NA,6265136,NA,NA
"3530",2011-10-05,NA,NA,NA,6265136,NA,NA
"3531",2011-10-06,NA,NA,NA,6265136,NA,NA
"3532",2011-10-07,NA,NA,NA,6265136,NA,NA
"3533",2011-10-08,NA,NA,NA,6265136,NA,NA
"3534",2011-10-09,NA,NA,NA,6265136,NA,NA
"3535",2011-10-10,NA,NA,NA,6265136,NA,NA
"3536",2011-10-11,NA,NA,NA,6265136,NA,NA
"3537",2011-10-12,NA,NA,NA,6265136,NA,NA
"3538",2011-10-13,NA,NA,NA,6265136,NA,NA
"3539",2011-10-14,NA,NA,NA,6265136,NA,NA
"3540",2011-10-15,NA,NA,NA,6265136,NA,NA
"3541",2011-10-16,NA,NA,NA,6265136,NA,NA
"3542",2011-10-17,NA,NA,NA,6265136,NA,NA
"3543",2011-10-18,NA,NA,NA,6265136,NA,NA
"3544",2011-10-19,NA,NA,NA,6265136,NA,NA
"3545",2011-10-20,NA,NA,NA,6265136,NA,NA
"3546",2011-10-21,NA,NA,NA,6265136,NA,NA
"3547",2011-10-22,NA,NA,NA,6265136,NA,NA
"3548",2011-10-23,NA,NA,NA,6265136,NA,NA
"3549",2011-10-24,NA,NA,NA,6265136,NA,NA
"3550",2011-10-25,NA,NA,NA,6265136,NA,NA
"3551",2011-10-26,NA,NA,NA,6265136,NA,NA
"3552",2011-10-27,NA,NA,NA,6265136,NA,NA
"3553",2011-10-28,NA,NA,NA,6265136,NA,NA
"3554",2011-10-29,NA,NA,NA,6265136,NA,NA
"3555",2011-10-30,NA,NA,NA,6265136,NA,NA
"3556",2011-10-31,NA,NA,NA,6265136,NA,NA
"3557",2011-11-01,NA,NA,NA,6265136,NA,NA
"3558",2011-11-02,NA,NA,NA,6265136,NA,NA
"3559",2011-11-03,NA,NA,NA,6265136,NA,NA
"3560",2011-11-04,NA,NA,NA,6265136,NA,NA
"3561",2011-11-05,NA,NA,NA,6265136,NA,NA
"3562",2011-11-06,NA,NA,NA,6265136,NA,NA
"3563",2011-11-07,NA,NA,NA,6265136,NA,NA
"3564",2011-11-08,NA,NA,NA,6265136,NA,NA
"3565",2011-11-09,NA,NA,NA,6265136,NA,NA
"3566",2011-11-10,NA,NA,NA,6265136,NA,NA
"3567",2011-11-11,NA,NA,NA,6265136,NA,NA
"3568",2011-11-12,NA,NA,NA,6265136,NA,NA
"3569",2011-11-13,NA,NA,NA,6265136,NA,NA
"3570",2011-11-14,NA,NA,NA,6265136,NA,NA
"3571",2011-11-15,NA,NA,NA,6265136,NA,NA
"3572",2011-11-16,NA,NA,NA,6265136,NA,NA
"3573",2011-11-17,NA,NA,NA,6265136,NA,NA
"3574",2011-11-18,NA,NA,NA,6265136,NA,NA
"3575",2011-11-19,NA,NA,NA,6265136,NA,NA
"3576",2011-11-20,NA,NA,NA,6265136,NA,NA
"3577",2011-11-21,NA,NA,NA,6265136,NA,NA
"3578",2011-11-22,NA,NA,NA,6265136,NA,NA
"3579",2011-11-23,NA,NA,NA,6265136,NA,NA
"3580",2011-11-25,NA,NA,NA,6265136,NA,NA
"3581",2012-01-16,NA,NA,NA,6265136,NA,NA
"3582",2012-01-17,NA,NA,NA,6265136,NA,NA
"3583",2012-01-18,NA,NA,NA,6265136,NA,NA
"3584",2012-01-19,NA,NA,NA,6265136,NA,NA
"3585",2012-01-20,NA,NA,NA,6265136,NA,NA
"3586",2012-01-21,NA,NA,NA,6265136,NA,NA
"3587",2012-01-22,NA,NA,NA,6265136,NA,NA
"3588",2012-01-23,NA,NA,NA,6265136,NA,NA
"3589",2012-01-24,NA,NA,NA,6265136,NA,NA
"3590",2012-01-25,NA,NA,NA,6265136,NA,NA
"3591",2012-01-26,NA,NA,NA,6265136,NA,NA
"3592",2012-01-27,NA,NA,NA,6265136,NA,NA
"3593",2012-01-28,NA,NA,NA,6265136,NA,NA
"3594",2012-01-29,NA,NA,NA,6265136,NA,NA
"3595",2012-01-30,NA,NA,NA,6265136,NA,NA
"3596",2012-01-31,NA,NA,NA,6265136,NA,NA
"3597",2012-02-01,NA,NA,NA,6265136,NA,NA
"3598",2012-02-02,NA,NA,NA,6265136,NA,NA
"3599",2012-02-03,NA,NA,NA,6265136,NA,NA
"3600",2012-02-04,NA,NA,NA,6265136,NA,NA
"3601",2012-02-05,NA,NA,NA,6265136,NA,NA
"3602",2012-02-06,NA,NA,NA,6265136,NA,NA
"3603",2012-02-07,NA,NA,NA,6265136,NA,NA
"3604",2012-02-08,NA,NA,NA,6265136,NA,NA
"3605",2012-02-09,NA,NA,NA,6265136,NA,NA
"3606",2012-02-10,NA,NA,NA,6265136,NA,NA
"3607",2012-02-11,NA,NA,NA,6265136,NA,NA
"3608",2012-02-12,NA,NA,NA,6265136,NA,NA
"3609",2012-02-13,NA,NA,NA,6265136,NA,NA
"3610",2012-02-14,NA,NA,NA,6265136,NA,NA
"3611",2012-02-15,NA,NA,NA,6265136,NA,NA
"3612",2012-02-16,NA,NA,NA,6265136,NA,NA
"3613",2012-02-17,NA,NA,NA,6265136,NA,NA
"3614",2012-02-18,NA,NA,NA,6265136,NA,NA
"3615",2012-02-19,NA,NA,NA,6265136,NA,NA
"3616",2012-02-20,NA,NA,NA,6265136,NA,NA
"3617",2012-02-21,NA,NA,NA,6265136,NA,NA
"3618",2012-02-22,NA,NA,NA,6265136,NA,NA
"3619",2012-02-23,NA,NA,NA,6265136,NA,NA
"3620",2012-02-24,NA,NA,NA,6265136,NA,NA
"3621",2012-02-25,NA,NA,NA,6265136,NA,NA
"3622",2012-02-26,NA,NA,NA,6265136,NA,NA
"3623",2012-02-27,NA,NA,NA,6265136,NA,NA
"3624",2012-02-28,NA,NA,NA,6265136,NA,NA
"3625",2012-02-29,NA,NA,NA,6265136,NA,NA
"3626",2012-03-01,NA,NA,NA,6265136,NA,NA
"3627",2012-03-02,NA,NA,NA,6265136,NA,NA
"3628",2012-03-03,NA,NA,NA,6265136,NA,NA
"3629",2012-03-04,NA,NA,NA,6265136,NA,NA
"3630",2012-03-05,NA,NA,NA,6265136,NA,NA
"3631",2012-03-06,NA,NA,NA,6265136,NA,NA
"3632",2012-03-07,NA,NA,NA,6265136,NA,NA
"3633",2012-03-08,NA,NA,NA,6265136,NA,NA
"3634",2012-03-09,NA,NA,NA,6265136,NA,NA
"3635",2012-03-10,NA,NA,NA,6265136,NA,NA
"3636",2012-03-11,NA,NA,NA,6265136,NA,NA
"3637",2012-03-12,NA,NA,NA,6265136,NA,NA
"3638",2012-03-13,NA,NA,NA,6265136,NA,NA
"3639",2012-03-14,NA,NA,NA,6265136,NA,NA
"3640",2012-03-15,NA,NA,NA,6265136,NA,NA
"3641",2012-03-16,NA,NA,NA,6265136,NA,NA
"3642",2012-03-17,NA,NA,NA,6265136,NA,NA
"3643",2012-03-18,NA,NA,NA,6265136,NA,NA
"3644",2012-03-19,NA,NA,NA,6265136,NA,NA
"3645",2012-03-20,NA,NA,NA,6265136,NA,NA
"3646",2012-03-21,NA,NA,NA,6265136,NA,NA
"3647",2012-03-22,NA,NA,NA,6265136,NA,NA
"3648",2012-03-23,NA,NA,NA,6265136,NA,NA
"3649",2012-03-24,NA,NA,NA,6265136,NA,NA
"3650",2012-03-25,NA,NA,NA,6265136,NA,NA
"3651",2012-03-26,NA,NA,NA,6265136,NA,NA
"3652",2012-03-27,NA,NA,NA,6265136,NA,NA
"3653",2012-03-28,NA,NA,NA,6265136,NA,NA
"3654",2012-03-29,NA,NA,NA,6265136,NA,NA
"3655",2012-03-30,NA,NA,NA,6265136,NA,NA
"3656",2012-03-31,NA,NA,NA,6265136,NA,NA
"3657",2012-04-01,NA,NA,NA,6265136,NA,NA
"3658",2012-04-02,NA,NA,NA,6265136,NA,NA
"3659",2012-04-03,NA,NA,NA,6265136,NA,NA
"3660",2012-04-04,NA,NA,NA,6265136,NA,NA
"3661",2012-04-05,NA,NA,NA,6265136,NA,NA
"3662",2012-04-06,NA,NA,NA,6265136,NA,NA
"3663",2012-04-07,NA,NA,NA,6265136,NA,NA
"3664",2012-04-08,NA,NA,NA,6265136,NA,NA
"3665",2012-04-09,NA,NA,NA,6265136,NA,NA
"3666",2012-04-10,NA,NA,NA,6265136,NA,NA
"3667",2012-04-11,NA,NA,NA,6265136,NA,NA
"3668",2012-04-12,NA,NA,NA,6265136,NA,NA
"3669",2012-04-13,NA,NA,NA,6265136,NA,NA
"3670",2012-04-14,NA,NA,NA,6265136,NA,NA
"3671",2012-04-15,NA,NA,NA,6265136,NA,NA
"3672",2012-04-16,NA,NA,NA,6265136,NA,NA
"3673",2012-04-17,NA,NA,NA,6265136,NA,NA
"3674",2012-04-18,NA,NA,NA,6265136,NA,NA
"3675",2012-04-19,NA,NA,NA,6265136,NA,NA
"3676",2012-04-20,NA,NA,NA,6265136,NA,NA
"3677",2012-04-21,NA,NA,NA,6265136,NA,NA
"3678",2012-04-22,NA,NA,NA,6265136,NA,NA
"3679",2012-04-23,NA,NA,NA,6265136,NA,NA
"3680",2012-04-24,NA,NA,NA,6265136,NA,NA
"3681",2012-04-25,NA,NA,NA,6265136,NA,NA
"3682",2012-04-26,NA,NA,NA,6265136,NA,NA
"3683",2012-04-27,NA,NA,NA,6265136,NA,NA
"3684",2012-04-28,NA,NA,NA,6265136,NA,NA
"3685",2012-04-29,NA,NA,NA,6265136,NA,NA
"3686",2012-04-30,NA,NA,NA,6265136,NA,NA
"3687",2012-05-01,NA,NA,NA,6265136,NA,NA
"3688",2012-05-02,NA,NA,NA,6265136,NA,NA
"3689",2012-05-03,NA,NA,NA,6265136,NA,NA
"3690",2012-05-04,NA,NA,NA,6265136,NA,NA
"3691",2012-05-05,NA,NA,NA,6265136,NA,NA
"3692",2012-05-06,NA,NA,NA,6265136,NA,NA
"3693",2012-05-07,NA,NA,NA,6265136,NA,NA
"3694",2012-05-08,NA,NA,NA,6265136,NA,NA
"3695",2012-05-09,NA,NA,NA,6265136,NA,NA
"3696",2012-05-10,NA,NA,NA,6265136,NA,NA
"3697",2012-05-11,NA,NA,NA,6265136,NA,NA
"3698",2012-05-12,NA,NA,NA,6265136,NA,NA
"3699",2012-05-13,NA,NA,NA,6265136,NA,NA
"3700",2012-05-14,NA,NA,NA,6265136,NA,NA
"3701",2012-05-15,NA,NA,NA,6265136,NA,NA
"3702",2012-05-16,NA,NA,NA,6265136,NA,NA
"3703",2012-05-17,NA,NA,NA,6265136,NA,NA
"3704",2012-05-18,NA,NA,NA,6265136,NA,NA
"3705",2012-05-19,NA,NA,NA,6265136,NA,NA
"3706",2012-05-20,NA,NA,NA,6265136,NA,NA
"3707",2012-05-21,NA,NA,NA,6265136,NA,NA
"3708",2012-05-22,NA,NA,NA,6265136,NA,NA
"3709",2012-05-23,NA,NA,NA,6265136,NA,NA
"3710",2012-05-24,NA,NA,NA,6265136,NA,NA
"3711",2012-05-25,NA,NA,NA,6265136,NA,NA
"3712",2012-05-26,NA,NA,NA,6265136,NA,NA
"3713",2012-05-27,NA,NA,NA,6265136,NA,NA
"3714",2012-05-28,NA,NA,NA,6265136,NA,NA
"3715",2012-05-29,NA,NA,NA,6265136,NA,NA
"3716",2012-05-30,NA,NA,NA,6265136,NA,NA
"3717",2012-05-31,NA,NA,NA,6265136,NA,NA
"3718",2012-06-01,NA,NA,NA,6265136,NA,NA
"3719",2012-06-02,NA,NA,NA,6265136,NA,NA
"3720",2012-06-03,NA,NA,NA,6265136,NA,NA
"3721",2012-06-04,NA,NA,NA,6265136,NA,NA
"3722",2012-06-05,NA,NA,NA,6265136,NA,NA
"3723",2012-06-06,NA,NA,NA,6265136,NA,NA
"3724",2012-06-07,NA,NA,NA,6265136,NA,NA
"3725",2012-06-08,NA,NA,NA,6265136,NA,NA
"3726",2012-06-09,NA,NA,NA,6265136,NA,NA
"3727",2012-06-10,NA,NA,NA,6265136,NA,NA
"3728",2012-06-11,NA,NA,NA,6265136,NA,NA
"3729",2012-06-12,NA,NA,NA,6265136,NA,NA
"3730",2012-06-13,NA,NA,NA,6265136,NA,NA
"3731",2012-06-14,NA,NA,NA,6265136,NA,NA
"3732",2012-06-15,NA,NA,NA,6265136,NA,NA
"3733",2012-06-16,NA,NA,NA,6265136,NA,NA
"3734",2012-06-17,NA,NA,NA,6265136,NA,NA
"3735",2012-06-18,NA,NA,NA,6265136,NA,NA
"3736",2012-06-19,NA,NA,NA,6265136,NA,NA
"3737",2012-06-20,NA,NA,NA,6265136,NA,NA
"3738",2012-06-21,NA,NA,NA,6265136,NA,NA
"3739",2012-06-22,NA,NA,NA,6265136,NA,NA
"3740",2012-06-23,NA,NA,NA,6265136,NA,NA
"3741",2012-06-24,NA,NA,NA,6265136,NA,NA
"3742",2012-06-25,NA,NA,NA,6265136,NA,NA
"3743",2012-06-26,NA,NA,NA,6265136,NA,NA
"3744",2012-06-27,NA,NA,NA,6265136,NA,NA
"3745",2012-06-28,NA,NA,NA,6265136,NA,NA
"3746",2012-06-29,NA,NA,NA,6265136,NA,NA
"3747",2012-06-30,NA,NA,NA,6265136,NA,NA
"3748",2012-07-01,NA,NA,NA,6265136,NA,NA
"3749",2012-07-02,NA,NA,NA,6265136,NA,NA
"3750",2012-07-03,NA,NA,NA,6265136,NA,NA
"3751",2012-07-04,NA,NA,NA,6265136,NA,NA
"3752",2012-07-05,NA,NA,NA,6265136,NA,NA
"3753",2012-07-06,NA,NA,NA,6265136,NA,NA
"3754",2012-07-07,NA,NA,NA,6265136,NA,NA
"3755",2012-07-08,NA,NA,NA,6265136,NA,NA
"3756",2012-07-09,NA,NA,NA,6265136,NA,NA
"3757",2012-07-10,NA,NA,NA,6265136,NA,NA
"3758",2012-07-11,NA,NA,NA,6265136,NA,NA
"3759",2012-07-12,NA,NA,NA,6265136,NA,NA
"3760",2012-07-13,NA,NA,NA,6265136,NA,NA
"3761",2012-07-14,NA,NA,NA,6265136,NA,NA
"3762",2012-07-15,NA,NA,NA,6265136,NA,NA
"3763",2012-07-16,NA,NA,NA,6265136,NA,NA
"3764",2012-07-17,NA,NA,NA,6265136,NA,NA
"3765",2012-07-18,NA,NA,NA,6265136,NA,NA
"3766",2012-07-19,NA,NA,NA,6265136,NA,NA
"3767",2012-07-20,NA,NA,NA,6265136,NA,NA
"3768",2012-07-21,NA,NA,NA,6265136,NA,NA
"3769",2012-07-22,NA,NA,NA,6265136,NA,NA
"3770",2012-07-23,NA,NA,NA,6265136,NA,NA
"3771",2012-07-24,NA,NA,NA,6265136,NA,NA
"3772",2012-07-25,NA,NA,NA,6265136,NA,NA
"3773",2012-07-26,NA,NA,NA,6265136,NA,NA
"3774",2012-07-27,NA,NA,NA,6265136,NA,NA
"3775",2012-07-28,NA,NA,NA,6265136,NA,NA
"3776",2012-07-29,NA,NA,NA,6265136,NA,NA
"3777",2012-07-30,NA,NA,NA,6265136,NA,NA
"3778",2012-07-31,NA,NA,NA,6265136,NA,NA
"3779",2012-08-01,NA,NA,NA,6265136,NA,NA
"3780",2012-08-02,NA,NA,NA,6265136,NA,NA
"3781",2012-08-03,NA,NA,NA,6265136,NA,NA
"3782",2012-08-04,NA,NA,NA,6265136,NA,NA
"3783",2012-08-05,NA,NA,NA,6265136,NA,NA
"3784",2012-08-06,NA,NA,NA,6265136,NA,NA
"3785",2012-08-07,NA,NA,NA,6265136,NA,NA
"3786",2012-08-08,NA,NA,NA,6265136,NA,NA
"3787",2012-08-09,NA,NA,NA,6265136,NA,NA
"3788",2012-08-10,NA,NA,NA,6265136,NA,NA
"3789",2012-08-11,NA,NA,NA,6265136,NA,NA
"3790",2012-08-12,NA,NA,NA,6265136,NA,NA
"3791",2012-08-13,NA,NA,NA,6265136,NA,NA
"3792",2012-08-14,NA,NA,NA,6265136,NA,NA
"3793",2012-08-15,NA,NA,NA,6265136,NA,NA
"3794",2012-08-16,NA,NA,NA,6265136,NA,NA
"3795",2012-08-17,NA,NA,NA,6265136,NA,NA
"3796",2012-08-18,NA,NA,NA,6265136,NA,NA
"3797",2012-08-19,NA,NA,NA,6265136,NA,NA
"3798",2012-08-20,NA,NA,NA,6265136,NA,NA
"3799",2012-08-21,NA,NA,NA,6265136,NA,NA
"3800",2012-08-22,NA,NA,NA,6265136,NA,NA
"3801",2012-08-23,NA,NA,NA,6265136,NA,NA
"3802",2012-08-24,NA,NA,NA,6265136,NA,NA
"3803",2012-08-25,NA,NA,NA,6265136,NA,NA
"3804",2012-08-26,NA,NA,NA,6265136,NA,NA
"3805",2012-08-27,NA,NA,NA,6265136,NA,NA
"3806",2012-08-28,NA,NA,NA,6265136,NA,NA
"3807",2012-08-29,NA,NA,NA,6265136,NA,NA
"3808",2012-08-30,NA,NA,NA,6265136,NA,NA
"3809",2012-08-31,NA,NA,NA,6265136,NA,NA
"3810",2012-09-01,NA,NA,NA,6265136,NA,NA
"3811",2012-09-02,NA,NA,NA,6265136,NA,NA
"3812",2012-09-03,NA,NA,NA,6265136,NA,NA
"3813",2012-09-04,NA,NA,NA,6265136,NA,NA
"3814",2012-09-05,NA,NA,NA,6265136,NA,NA
"3815",2012-09-06,NA,NA,NA,6265136,NA,NA
"3816",2012-09-07,NA,NA,NA,6265136,NA,NA
"3817",2012-09-08,NA,NA,NA,6265136,NA,NA
"3818",2012-09-09,NA,NA,NA,6265136,NA,NA
"3819",2012-09-10,NA,NA,NA,6265136,NA,NA
"3820",2012-09-11,NA,NA,NA,6265136,NA,NA
"3821",2012-09-12,NA,NA,NA,6265136,NA,NA
"3822",2012-09-13,NA,NA,NA,6265136,NA,NA
"3823",2012-09-14,NA,NA,NA,6265136,NA,NA
"3824",2012-09-15,NA,NA,NA,6265136,NA,NA
"3825",2012-09-16,NA,NA,NA,6265136,NA,NA
"3826",2012-09-17,NA,NA,NA,6265136,NA,NA
"3827",2012-09-18,NA,NA,NA,6265136,NA,NA
"3828",2012-09-19,NA,NA,NA,6265136,NA,NA
"3829",2012-09-20,NA,NA,NA,6265136,NA,NA
"3830",2012-09-21,NA,NA,NA,6265136,NA,NA
"3831",2012-09-22,NA,NA,NA,6265136,NA,NA
"3832",2012-09-23,NA,NA,NA,6265136,NA,NA
"3833",2012-09-24,NA,NA,NA,6265136,NA,NA
"3834",2012-09-25,NA,NA,NA,6265136,NA,NA
"3835",2012-09-26,NA,NA,NA,6265136,NA,NA
"3836",2012-09-27,NA,NA,NA,6265136,NA,NA
"3837",2012-09-28,NA,NA,NA,6265136,NA,NA
"3838",2012-09-29,NA,NA,NA,6265136,NA,NA
"3839",2012-09-30,NA,NA,NA,6265136,NA,NA
"3840",2012-10-01,NA,NA,NA,6265136,NA,NA
"3841",2012-10-02,NA,NA,NA,6265136,NA,NA
"3842",2012-10-03,NA,NA,NA,6265136,NA,NA
"3843",2012-10-04,NA,NA,NA,6265136,NA,NA
"3844",2012-10-05,NA,NA,NA,6265136,NA,NA
"3845",2012-10-06,NA,NA,NA,6265136,NA,NA
"3846",2012-10-07,NA,NA,NA,6265136,NA,NA
"3847",2012-10-08,NA,NA,NA,6265136,NA,NA
"3848",2012-10-09,NA,NA,NA,6265136,NA,NA
"3849",2012-10-10,NA,NA,NA,6265136,NA,NA
"3850",2012-10-11,NA,NA,NA,6265136,NA,NA
"3851",2012-10-12,NA,NA,NA,6265136,NA,NA
"3852",2012-10-13,NA,NA,NA,6265136,NA,NA
"3853",2012-10-14,NA,NA,NA,6265136,NA,NA
"3854",2012-10-15,NA,NA,NA,6265136,NA,NA
"3855",2012-10-16,NA,NA,NA,6265136,NA,NA
"3856",2012-10-17,NA,NA,NA,6265136,NA,NA
"3857",2012-10-18,NA,NA,NA,6265136,NA,NA
"3858",2012-10-19,NA,NA,NA,6265136,NA,NA
"3859",2012-10-20,NA,NA,NA,6265136,NA,NA
"3860",2012-10-21,NA,NA,NA,6265136,NA,NA
"3861",2012-10-22,NA,NA,NA,6265136,NA,NA
"3862",2012-10-23,NA,NA,NA,6265136,NA,NA
"3863",2012-10-24,NA,NA,NA,6265136,NA,NA
"3864",2012-10-25,NA,NA,NA,6265136,NA,NA
"3865",2012-10-26,NA,NA,NA,6265136,NA,NA
"3866",2012-10-27,NA,NA,NA,6265136,NA,NA
"3867",2012-10-28,NA,NA,NA,6265136,NA,NA
"3868",2012-10-29,NA,NA,NA,6265136,NA,NA
"3869",2012-10-30,NA,NA,NA,6265136,NA,NA
"3870",2012-10-31,NA,NA,NA,6265136,NA,NA
"3871",2012-11-01,NA,NA,NA,6265136,NA,NA
"3872",2012-11-02,NA,NA,NA,6265136,NA,NA
"3873",2012-11-03,NA,NA,NA,6265136,NA,NA
"3874",2012-11-04,NA,NA,NA,6265136,NA,NA
"3875",2012-11-05,NA,NA,NA,6265136,NA,NA
"3876",2012-11-06,NA,NA,NA,6265136,NA,NA
"3877",2012-11-07,NA,NA,NA,6265136,NA,NA
"3878",2012-11-08,NA,NA,NA,6265136,NA,NA
"3879",2012-11-09,NA,NA,NA,6265136,NA,NA
"3880",2012-11-10,NA,NA,NA,6265136,NA,NA
"3881",2012-11-11,NA,NA,NA,6265136,NA,NA
"3882",2012-11-12,NA,NA,NA,6265136,NA,NA
"3883",2012-11-13,NA,NA,NA,6265136,NA,NA
"3884",2012-11-14,NA,NA,NA,6265136,NA,NA
"3885",2012-11-15,NA,NA,NA,6265136,NA,NA
"3886",2012-11-16,NA,NA,NA,6265136,NA,NA
"3887",2012-11-17,NA,NA,NA,6265136,NA,NA
"3888",2012-11-18,NA,NA,NA,6265136,NA,NA
"3889",2012-11-19,NA,NA,NA,6265136,NA,NA
"3890",2012-11-20,NA,NA,NA,6265136,NA,NA
"3891",2012-11-21,NA,NA,NA,6265136,NA,NA
"3892",2012-11-22,NA,NA,NA,6265136,NA,NA
"3893",2012-11-23,NA,NA,NA,6265136,NA,NA
"3894",2012-11-24,NA,NA,NA,6265136,NA,NA
"3895",2012-11-25,NA,NA,NA,6265136,NA,NA
"3896",2013-01-16,NA,NA,NA,6265136,NA,NA
"3897",2013-01-17,NA,NA,NA,6265136,NA,NA
"3898",2013-01-18,NA,NA,NA,6265136,NA,NA
"3899",2013-01-19,NA,NA,NA,6265136,NA,NA
"3900",2013-01-20,NA,NA,NA,6265136,NA,NA
"3901",2013-01-21,NA,NA,NA,6265136,NA,NA
"3902",2013-01-22,NA,NA,NA,6265136,NA,NA
"3903",2013-01-23,NA,NA,NA,6265136,NA,NA
"3904",2013-01-24,NA,NA,NA,6265136,NA,NA
"3905",2013-01-25,NA,NA,NA,6265136,NA,NA
"3906",2013-01-26,NA,NA,NA,6265136,NA,NA
"3907",2013-01-27,NA,NA,NA,6265136,NA,NA
"3908",2013-01-28,NA,NA,NA,6265136,NA,NA
"3909",2013-01-29,NA,NA,NA,6265136,NA,NA
"3910",2013-01-30,NA,NA,NA,6265136,NA,NA
"3911",2013-01-31,NA,NA,NA,6265136,NA,NA
"3912",2013-02-01,NA,NA,NA,6265136,NA,NA
"3913",2013-02-02,NA,NA,NA,6265136,NA,NA
"3914",2013-02-03,NA,NA,NA,6265136,NA,NA
"3915",2013-02-04,NA,NA,NA,6265136,NA,NA
"3916",2013-02-05,NA,NA,NA,6265136,NA,NA
"3917",2013-02-06,NA,NA,NA,6265136,NA,NA
"3918",2013-02-07,NA,NA,NA,6265136,NA,NA
"3919",2013-02-08,NA,NA,NA,6265136,NA,NA
"3920",2013-02-09,NA,NA,NA,6265136,NA,NA
"3921",2013-02-10,NA,NA,NA,6265136,NA,NA
"3922",2013-02-11,NA,NA,NA,6265136,NA,NA
"3923",2013-02-12,NA,NA,NA,6265136,NA,NA
"3924",2013-02-13,NA,NA,NA,6265136,NA,NA
"3925",2013-02-14,NA,NA,NA,6265136,NA,NA
"3926",2013-02-15,NA,NA,NA,6265136,NA,NA
"3927",2013-02-16,NA,NA,NA,6265136,NA,NA
"3928",2013-02-17,NA,NA,NA,6265136,NA,NA
"3929",2013-02-18,NA,NA,NA,6265136,NA,NA
"3930",2013-02-19,NA,NA,NA,6265136,NA,NA
"3931",2013-02-20,NA,NA,NA,6265136,NA,NA
"3932",2013-02-21,NA,NA,NA,6265136,NA,NA
"3933",2013-02-22,NA,NA,NA,6265136,NA,NA
"3934",2013-02-23,NA,NA,NA,6265136,NA,NA
"3935",2013-02-24,NA,NA,NA,6265136,NA,NA
"3936",2013-02-25,NA,NA,NA,6265136,NA,NA
"3937",2013-02-26,NA,NA,NA,6265136,NA,NA
"3938",2013-02-27,NA,NA,NA,6265136,NA,NA
"3939",2013-02-28,NA,NA,NA,6265136,NA,NA
"3940",2013-03-01,NA,NA,NA,6265136,NA,NA
"3941",2013-03-02,NA,NA,NA,6265136,NA,NA
"3942",2013-03-03,NA,NA,NA,6265136,NA,NA
"3943",2013-03-04,NA,NA,NA,6265136,NA,NA
"3944",2013-03-05,NA,NA,NA,6265136,NA,NA
"3945",2013-03-06,NA,NA,NA,6265136,NA,NA
"3946",2013-03-07,NA,NA,NA,6265136,NA,NA
"3947",2013-03-08,NA,NA,NA,6265136,NA,NA
"3948",2013-03-09,NA,NA,NA,6265136,NA,NA
"3949",2013-03-10,NA,NA,NA,6265136,NA,NA
"3950",2013-03-11,NA,NA,NA,6265136,NA,NA
"3951",2013-03-12,NA,NA,NA,6265136,NA,NA
"3952",2013-03-13,NA,NA,NA,6265136,NA,NA
"3953",2013-03-14,NA,NA,NA,6265136,NA,NA
"3954",2013-03-15,NA,NA,NA,6265136,NA,NA
"3955",2013-03-16,NA,NA,NA,6265136,NA,NA
"3956",2013-03-17,NA,NA,NA,6265136,NA,NA
"3957",2013-03-18,NA,NA,NA,6265136,NA,NA
"3958",2013-03-19,NA,NA,NA,6265136,NA,NA
"3959",2013-03-20,NA,NA,NA,6265136,NA,NA
"3960",2013-03-21,NA,NA,NA,6265136,NA,NA
"3961",2013-03-22,NA,NA,NA,6265136,NA,NA
"3962",2013-03-23,NA,NA,NA,6265136,NA,NA
"3963",2013-03-24,NA,NA,NA,6265136,NA,NA
"3964",2013-03-25,NA,NA,NA,6265136,NA,NA
"3965",2013-03-26,NA,NA,NA,6265136,NA,NA
"3966",2013-03-27,NA,NA,NA,6265136,NA,NA
"3967",2013-03-28,NA,NA,NA,6265136,NA,NA
"3968",2013-03-29,NA,NA,NA,6265136,NA,NA
"3969",2013-03-30,NA,NA,NA,6265136,NA,NA
"3970",2013-03-31,NA,NA,NA,6265136,NA,NA
"3971",2013-04-01,NA,NA,NA,6265136,NA,NA
"3972",2013-04-02,NA,NA,NA,6265136,NA,NA
"3973",2013-04-03,NA,NA,NA,6265136,NA,NA
"3974",2013-04-04,NA,NA,NA,6265136,NA,NA
"3975",2013-04-05,NA,NA,NA,6265136,NA,NA
"3976",2013-04-06,NA,NA,NA,6265136,NA,NA
"3977",2013-04-07,NA,NA,NA,6265136,NA,NA
"3978",2013-04-08,NA,NA,NA,6265136,NA,NA
"3979",2013-04-09,NA,NA,NA,6265136,NA,NA
"3980",2013-04-10,NA,NA,NA,6265136,NA,NA
"3981",2013-04-11,NA,NA,NA,6265136,NA,NA
"3982",2013-04-12,NA,NA,NA,6265136,NA,NA
"3983",2013-04-13,NA,NA,NA,6265136,NA,NA
"3984",2013-04-14,NA,NA,NA,6265136,NA,NA
"3985",2013-04-15,NA,NA,NA,6265136,NA,NA
"3986",2013-04-16,NA,NA,NA,6265136,NA,NA
"3987",2013-04-17,NA,NA,NA,6265136,NA,NA
"3988",2013-04-18,NA,NA,NA,6265136,NA,NA
"3989",2013-04-19,NA,NA,NA,6265136,NA,NA
"3990",2013-04-20,NA,NA,NA,6265136,NA,NA
"3991",2013-04-21,NA,NA,NA,6265136,NA,NA
"3992",2013-04-22,NA,NA,NA,6265136,NA,NA
"3993",2013-04-23,NA,NA,NA,6265136,NA,NA
"3994",2013-04-24,NA,NA,NA,6265136,NA,NA
"3995",2013-04-25,NA,NA,NA,6265136,NA,NA
"3996",2013-04-26,NA,NA,NA,6265136,NA,NA
"3997",2013-04-27,NA,NA,NA,6265136,NA,NA
"3998",2013-04-28,NA,NA,NA,6265136,NA,NA
"3999",2013-04-29,NA,NA,NA,6265136,NA,NA
"4000",2013-04-30,NA,NA,NA,6265136,NA,NA
"4001",2013-05-01,NA,NA,NA,6265136,NA,NA
"4002",2013-05-02,NA,NA,NA,6265136,NA,NA
"4003",2013-05-03,NA,NA,NA,6265136,NA,NA
"4004",2013-05-04,NA,NA,NA,6265136,NA,NA
"4005",2013-05-05,NA,NA,NA,6265136,NA,NA
"4006",2013-05-06,NA,NA,NA,6265136,NA,NA
"4007",2013-05-07,NA,NA,NA,6265136,NA,NA
"4008",2013-05-08,NA,NA,NA,6265136,NA,NA
"4009",2013-05-09,NA,NA,NA,6265136,NA,NA
"4010",2013-05-10,NA,NA,NA,6265136,NA,NA
"4011",2013-05-11,NA,NA,NA,6265136,NA,NA
"4012",2013-05-12,NA,NA,NA,6265136,NA,NA
"4013",2013-05-13,NA,NA,NA,6265136,NA,NA
"4014",2013-05-14,NA,NA,NA,6265136,NA,NA
"4015",2013-05-15,NA,NA,NA,6265136,NA,NA
"4016",2013-05-16,NA,NA,NA,6265136,NA,NA
"4017",2013-05-17,NA,NA,NA,6265136,NA,NA
"4018",2013-05-18,NA,NA,NA,6265136,NA,NA
"4019",2013-05-19,NA,NA,NA,6265136,NA,NA
"4020",2013-05-20,NA,NA,NA,6265136,NA,NA
"4021",2013-05-21,NA,NA,NA,6265136,NA,NA
"4022",2013-05-22,NA,NA,NA,6265136,NA,NA
"4023",2013-05-23,NA,NA,NA,6265136,NA,NA
"4024",2013-05-24,NA,NA,NA,6265136,NA,NA
"4025",2013-05-25,NA,NA,NA,6265136,NA,NA
"4026",2013-05-26,NA,NA,NA,6265136,NA,NA
"4027",2013-05-27,NA,NA,NA,6265136,NA,NA
"4028",2013-05-28,NA,NA,NA,6265136,NA,NA
"4029",2013-05-29,NA,NA,NA,6265136,NA,NA
"4030",2013-05-30,NA,NA,NA,6265136,NA,NA
"4031",2013-05-31,NA,NA,NA,6265136,NA,NA
"4032",2013-06-01,NA,NA,NA,6265136,NA,NA
"4033",2013-06-02,NA,NA,NA,6265136,NA,NA
"4034",2013-06-03,NA,NA,NA,6265136,NA,NA
"4035",2013-06-04,NA,NA,NA,6265136,NA,NA
"4036",2013-06-05,NA,NA,NA,6265136,NA,NA
"4037",2013-06-06,NA,NA,NA,6265136,NA,NA
"4038",2013-06-07,NA,NA,NA,6265136,NA,NA
"4039",2013-06-08,NA,NA,NA,6265136,NA,NA
"4040",2013-06-09,NA,NA,NA,6265136,NA,NA
"4041",2013-06-10,NA,NA,NA,6265136,NA,NA
"4042",2013-06-11,NA,NA,NA,6265136,NA,NA
"4043",2013-06-12,NA,NA,NA,6265136,NA,NA
"4044",2013-06-13,NA,NA,NA,6265136,NA,NA
"4045",2013-06-14,NA,NA,NA,6265136,NA,NA
"4046",2013-06-15,NA,NA,NA,6265136,NA,NA
"4047",2013-06-16,NA,NA,NA,6265136,NA,NA
"4048",2013-06-17,NA,NA,NA,6265136,NA,NA
"4049",2013-06-18,NA,NA,NA,6265136,NA,NA
"4050",2013-06-19,NA,NA,NA,6265136,NA,NA
"4051",2013-06-20,NA,NA,NA,6265136,NA,NA
"4052",2013-06-21,NA,NA,NA,6265136,NA,NA
"4053",2013-06-22,NA,NA,NA,6265136,NA,NA
"4054",2013-06-23,NA,NA,NA,6265136,NA,NA
"4055",2013-06-24,NA,NA,NA,6265136,NA,NA
"4056",2013-06-25,NA,NA,NA,6265136,NA,NA
"4057",2013-06-26,NA,NA,NA,6265136,NA,NA
"4058",2013-06-27,NA,NA,NA,6265136,NA,NA
"4059",2013-06-28,NA,NA,NA,6265136,NA,NA
"4060",2013-06-29,NA,NA,NA,6265136,NA,NA
"4061",2013-06-30,NA,NA,NA,6265136,NA,NA
"4062",2013-07-01,NA,NA,NA,6265136,NA,NA
"4063",2013-07-02,NA,NA,NA,6265136,NA,NA
"4064",2013-07-03,NA,NA,NA,6265136,NA,NA
"4065",2013-07-04,NA,NA,NA,6265136,NA,NA
"4066",2013-07-05,NA,NA,NA,6265136,NA,NA
"4067",2013-07-06,NA,NA,NA,6265136,NA,NA
"4068",2013-07-07,NA,NA,NA,6265136,NA,NA
"4069",2013-07-08,NA,NA,NA,6265136,NA,NA
"4070",2013-07-09,NA,NA,NA,6265136,NA,NA
"4071",2013-07-10,NA,NA,NA,6265136,NA,NA
"4072",2013-07-11,NA,NA,NA,6265136,NA,NA
"4073",2013-07-12,NA,NA,NA,6265136,NA,NA
"4074",2013-07-13,NA,NA,NA,6265136,NA,NA
"4075",2013-07-14,NA,NA,NA,6265136,NA,NA
"4076",2013-07-15,NA,NA,NA,6265136,NA,NA
"4077",2013-07-16,NA,NA,NA,6265136,NA,NA
"4078",2013-07-17,NA,NA,NA,6265136,NA,NA
"4079",2013-07-18,NA,NA,NA,6265136,NA,NA
"4080",2013-07-19,NA,NA,NA,6265136,NA,NA
"4081",2013-07-20,NA,NA,NA,6265136,NA,NA
"4082",2013-07-21,NA,NA,NA,6265136,NA,NA
"4083",2013-07-22,NA,NA,NA,6265136,NA,NA
"4084",2013-07-23,NA,NA,NA,6265136,NA,NA
"4085",2013-07-24,NA,NA,NA,6265136,NA,NA
"4086",2013-07-25,NA,NA,NA,6265136,NA,NA
"4087",2013-07-26,NA,NA,NA,6265136,NA,NA
"4088",2013-07-27,NA,NA,NA,6265136,NA,NA
"4089",2013-07-28,NA,NA,NA,6265136,NA,NA
"4090",2013-07-29,NA,NA,NA,6265136,NA,NA
"4091",2013-07-30,NA,NA,NA,6265136,NA,NA
"4092",2013-07-31,NA,NA,NA,6265136,NA,NA
"4093",2013-08-01,NA,NA,NA,6265136,NA,NA
"4094",2013-08-02,NA,NA,NA,6265136,NA,NA
"4095",2013-08-03,NA,NA,NA,6265136,NA,NA
"4096",2013-08-04,NA,NA,NA,6265136,NA,NA
"4097",2013-08-05,NA,NA,NA,6265136,NA,NA
"4098",2013-08-06,NA,NA,NA,6265136,NA,NA
"4099",2013-08-07,NA,NA,NA,6265136,NA,NA
"4100",2013-08-08,NA,NA,NA,6265136,NA,NA
"4101",2013-08-09,NA,NA,NA,6265136,NA,NA
"4102",2013-08-10,NA,NA,NA,6265136,NA,NA
"4103",2013-08-11,NA,NA,NA,6265136,NA,NA
"4104",2013-08-12,NA,NA,NA,6265136,NA,NA
"4105",2013-08-13,NA,NA,NA,6265136,NA,NA
"4106",2013-08-14,NA,NA,NA,6265136,NA,NA
"4107",2013-08-15,NA,NA,NA,6265136,NA,NA
"4108",2013-08-16,NA,NA,NA,6265136,NA,NA
"4109",2013-08-17,NA,NA,NA,6265136,NA,NA
"4110",2013-08-18,NA,NA,NA,6265136,NA,NA
"4111",2013-08-19,NA,NA,NA,6265136,NA,NA
"4112",2013-08-20,NA,NA,NA,6265136,NA,NA
"4113",2013-08-21,NA,NA,NA,6265136,NA,NA
"4114",2013-08-22,NA,NA,NA,6265136,NA,NA
"4115",2013-08-23,NA,NA,NA,6265136,NA,NA
"4116",2013-08-24,NA,NA,NA,6265136,NA,NA
"4117",2013-08-25,NA,NA,NA,6265136,NA,NA
"4118",2013-08-26,NA,NA,NA,6265136,NA,NA
"4119",2013-08-27,NA,NA,NA,6265136,NA,NA
"4120",2013-08-28,NA,NA,NA,6265136,NA,NA
"4121",2013-08-29,NA,NA,NA,6265136,NA,NA
"4122",2013-08-30,NA,NA,NA,6265136,NA,NA
"4123",2013-08-31,NA,NA,NA,6265136,NA,NA
"4124",2013-09-01,NA,NA,NA,6265136,NA,NA
"4125",2013-09-02,NA,NA,NA,6265136,NA,NA
"4126",2013-09-03,NA,NA,NA,6265136,NA,NA
"4127",2013-09-04,NA,NA,NA,6265136,NA,NA
"4128",2013-09-05,NA,NA,NA,6265136,NA,NA
"4129",2013-09-06,NA,NA,NA,6265136,NA,NA
"4130",2013-09-07,NA,NA,NA,6265136,NA,NA
"4131",2013-09-08,NA,NA,NA,6265136,NA,NA
"4132",2013-09-09,NA,NA,NA,6265136,NA,NA
"4133",2013-09-10,NA,NA,NA,6265136,NA,NA
"4134",2013-09-11,NA,NA,NA,6265136,NA,NA
"4135",2013-09-12,NA,NA,NA,6265136,NA,NA
"4136",2013-09-13,NA,NA,NA,6265136,NA,NA
"4137",2013-09-14,NA,NA,NA,6265136,NA,NA
"4138",2013-09-15,NA,NA,NA,6265136,NA,NA
"4139",2013-09-16,NA,NA,NA,6265136,NA,NA
"4140",2013-09-17,NA,NA,NA,6265136,NA,NA
"4141",2013-09-18,NA,NA,NA,6265136,NA,NA
"4142",2013-09-19,NA,NA,NA,6265136,NA,NA
"4143",2013-09-20,NA,NA,NA,6265136,NA,NA
"4144",2013-09-21,NA,NA,NA,6265136,NA,NA
"4145",2013-09-22,NA,NA,NA,6265136,NA,NA
"4146",2013-09-23,NA,NA,NA,6265136,NA,NA
"4147",2013-09-24,NA,NA,NA,6265136,NA,NA
"4148",2013-09-25,NA,NA,NA,6265136,NA,NA
"4149",2013-09-26,NA,NA,NA,6265136,NA,NA
"4150",2013-09-27,NA,NA,NA,6265136,NA,NA
"4151",2013-09-28,NA,NA,NA,6265136,NA,NA
"4152",2013-09-29,NA,NA,NA,6265136,NA,NA
"4153",2013-09-30,NA,NA,NA,6265136,NA,NA
"4154",2013-10-01,NA,NA,NA,6265136,NA,NA
"4155",2013-10-02,NA,NA,NA,6265136,NA,NA
"4156",2013-10-03,NA,NA,NA,6265136,NA,NA
"4157",2013-10-04,NA,NA,NA,6265136,NA,NA
"4158",2013-10-05,NA,NA,NA,6265136,NA,NA
"4159",2013-10-06,NA,NA,NA,6265136,NA,NA
"4160",2013-10-07,NA,NA,NA,6265136,NA,NA
"4161",2013-10-08,NA,NA,NA,6265136,NA,NA
"4162",2013-10-09,NA,NA,NA,6265136,NA,NA
"4163",2013-10-10,NA,NA,NA,6265136,NA,NA
"4164",2013-10-11,NA,NA,NA,6265136,NA,NA
"4165",2013-10-12,NA,NA,NA,6265136,NA,NA
"4166",2013-10-13,NA,NA,NA,6265136,NA,NA
"4167",2013-10-14,NA,NA,NA,6265136,NA,NA
"4168",2013-10-15,NA,NA,NA,6265136,NA,NA
"4169",2013-10-16,NA,NA,NA,6265136,NA,NA
"4170",2013-10-17,NA,NA,NA,6265136,NA,NA
"4171",2013-10-18,NA,NA,NA,6265136,NA,NA
"4172",2013-10-19,NA,NA,NA,6265136,NA,NA
"4173",2013-10-20,NA,NA,NA,6265136,NA,NA
"4174",2013-10-21,NA,NA,NA,6265136,NA,NA
"4175",2013-10-22,NA,NA,NA,6265136,NA,NA
"4176",2013-10-23,NA,NA,NA,6265136,NA,NA
"4177",2013-10-24,NA,NA,NA,6265136,NA,NA
"4178",2013-10-25,NA,NA,NA,6265136,NA,NA
"4179",2013-10-26,NA,NA,NA,6265136,NA,NA
"4180",2013-10-27,NA,NA,NA,6265136,NA,NA
"4181",2013-10-28,NA,NA,NA,6265136,NA,NA
"4182",2013-10-29,NA,NA,NA,6265136,NA,NA
"4183",2013-10-30,NA,NA,NA,6265136,NA,NA
"4184",2013-10-31,NA,NA,NA,6265136,NA,NA
"4185",2013-11-01,NA,NA,NA,6265136,NA,NA
"4186",2013-11-02,NA,NA,NA,6265136,NA,NA
"4187",2013-11-03,NA,NA,NA,6265136,NA,NA
"4188",2013-11-04,NA,NA,NA,6265136,NA,NA
"4189",2013-11-05,NA,NA,NA,6265136,NA,NA
"4190",2013-11-06,NA,NA,NA,6265136,NA,NA
"4191",2013-11-07,NA,NA,NA,6265136,NA,NA
"4192",2013-11-08,NA,NA,NA,6265136,NA,NA
"4193",2013-11-09,NA,NA,NA,6265136,NA,NA
"4194",2013-11-10,NA,NA,NA,6265136,NA,NA
"4195",2013-11-11,NA,NA,NA,6265136,NA,NA
"4196",2013-11-12,NA,NA,NA,6265136,NA,NA
"4197",2013-11-13,NA,NA,NA,6265136,NA,NA
"4198",2013-11-14,NA,NA,NA,6265136,NA,NA
"4199",2013-11-15,NA,NA,NA,6265136,NA,NA
"4200",2013-11-16,NA,NA,NA,6265136,NA,NA
"4201",2013-11-17,NA,NA,NA,6265136,NA,NA
"4202",2013-11-18,NA,NA,NA,6265136,NA,NA
"4203",2013-11-19,NA,NA,NA,6265136,NA,NA
"4204",2013-11-20,NA,NA,NA,6265136,NA,NA
"4205",2013-11-21,NA,NA,NA,6265136,NA,NA
"4206",2013-11-22,NA,NA,NA,6265136,NA,NA
"4207",2013-11-23,NA,NA,NA,6265136,NA,NA
"4208",2013-11-24,NA,NA,NA,6265136,NA,NA
"4209",2013-11-25,NA,NA,NA,6265136,NA,NA
"4210",2014-01-17,NA,NA,NA,6265136,NA,NA
"4211",2014-01-18,NA,NA,NA,6265136,NA,NA
"4212",2014-01-19,NA,NA,NA,6265136,NA,NA
"4213",2014-01-20,NA,NA,NA,6265136,NA,NA
"4214",2014-01-21,NA,NA,NA,6265136,NA,NA
"4215",2014-01-22,NA,NA,NA,6265136,NA,NA
"4216",2014-01-23,NA,NA,NA,6265136,NA,NA
"4217",2014-01-24,NA,NA,NA,6265136,NA,NA
"4218",2014-01-25,NA,NA,NA,6265136,NA,NA
"4219",2014-01-26,NA,NA,NA,6265136,NA,NA
"4220",2014-01-27,NA,NA,NA,6265136,NA,NA
"4221",2014-01-28,NA,NA,NA,6265136,NA,NA
"4222",2014-01-29,NA,NA,NA,6265136,NA,NA
"4223",2014-01-30,NA,NA,NA,6265136,NA,NA
"4224",2014-01-31,NA,NA,NA,6265136,NA,NA
"4225",2014-02-01,NA,NA,NA,6265136,NA,NA
"4226",2014-02-02,NA,NA,NA,6265136,NA,NA
"4227",2014-02-03,NA,NA,NA,6265136,NA,NA
"4228",2014-02-04,NA,NA,NA,6265136,NA,NA
"4229",2014-02-05,NA,NA,NA,6265136,NA,NA
"4230",2014-02-06,NA,NA,NA,6265136,NA,NA
"4231",2014-02-07,NA,NA,NA,6265136,NA,NA
"4232",2014-02-08,NA,NA,NA,6265136,NA,NA
"4233",2014-02-09,NA,NA,NA,6265136,NA,NA
"4234",2014-02-10,NA,NA,NA,6265136,NA,NA
"4235",2014-02-11,NA,NA,NA,6265136,NA,NA
"4236",2014-02-12,NA,NA,NA,6265136,NA,NA
"4237",2014-02-13,NA,NA,NA,6265136,NA,NA
"4238",2014-02-14,NA,NA,NA,6265136,NA,NA
"4239",2014-02-15,NA,NA,NA,6265136,NA,NA
"4240",2014-02-16,NA,NA,NA,6265136,NA,NA
"4241",2014-02-17,NA,NA,NA,6265136,NA,NA
"4242",2014-02-18,NA,NA,NA,6265136,NA,NA
"4243",2014-02-19,NA,NA,NA,6265136,NA,NA
"4244",2014-02-20,NA,NA,NA,6265136,NA,NA
"4245",2014-02-21,NA,NA,NA,6265136,NA,NA
"4246",2014-02-22,NA,NA,NA,6265136,NA,NA
"4247",2014-02-23,NA,NA,NA,6265136,NA,NA
"4248",2014-02-24,NA,NA,NA,6265136,NA,NA
"4249",2014-02-25,NA,NA,NA,6265136,NA,NA
"4250",2014-02-26,NA,NA,NA,6265136,NA,NA
"4251",2014-02-27,NA,NA,NA,6265136,NA,NA
"4252",2014-02-28,NA,NA,NA,6265136,NA,NA
"4253",2014-03-01,NA,NA,NA,6265136,NA,NA
"4254",2014-03-02,NA,NA,NA,6265136,NA,NA
"4255",2014-03-03,NA,NA,NA,6265136,NA,NA
"4256",2014-03-04,NA,NA,NA,6265136,NA,NA
"4257",2014-03-05,NA,NA,NA,6265136,NA,NA
"4258",2014-03-06,NA,NA,NA,6265136,NA,NA
"4259",2014-03-07,NA,NA,NA,6265136,NA,NA
"4260",2014-03-08,NA,NA,NA,6265136,NA,NA
"4261",2014-03-09,NA,NA,NA,6265136,NA,NA
"4262",2014-03-10,NA,NA,NA,6265136,NA,NA
"4263",2014-03-11,NA,NA,NA,6265136,NA,NA
"4264",2014-03-12,NA,NA,NA,6265136,NA,NA
"4265",2014-03-13,NA,NA,NA,6265136,NA,NA
"4266",2014-03-14,NA,NA,NA,6265136,NA,NA
"4267",2014-03-15,NA,NA,NA,6265136,NA,NA
"4268",2014-03-16,NA,NA,NA,6265136,NA,NA
"4269",2014-03-17,NA,NA,NA,6265136,NA,NA
"4270",2014-03-18,NA,NA,NA,6265136,NA,NA
"4271",2014-03-19,NA,NA,NA,6265136,NA,NA
"4272",2014-03-20,NA,NA,NA,6265136,NA,NA
"4273",2014-03-21,NA,NA,NA,6265136,NA,NA
"4274",2014-03-22,NA,NA,NA,6265136,NA,NA
"4275",2014-03-23,NA,NA,NA,6265136,NA,NA
"4276",2014-03-24,NA,NA,NA,6265136,NA,NA
"4277",2014-03-25,NA,NA,NA,6265136,NA,NA
"4278",2014-03-26,NA,NA,NA,6265136,NA,NA
"4279",2014-03-27,NA,NA,NA,6265136,NA,NA
"4280",2014-03-28,NA,NA,NA,6265136,NA,NA
"4281",2014-03-29,NA,NA,NA,6265136,NA,NA
"4282",2014-03-30,NA,NA,NA,6265136,NA,NA
"4283",2014-03-31,NA,NA,NA,6265136,NA,NA
"4284",2014-04-01,NA,NA,NA,6265136,NA,NA
"4285",2014-04-02,NA,NA,NA,6265136,NA,NA
"4286",2014-04-03,NA,NA,NA,6265136,NA,NA
"4287",2014-04-04,NA,NA,NA,6265136,NA,NA
"4288",2014-04-05,NA,NA,NA,6265136,NA,NA
"4289",2014-04-06,NA,NA,NA,6265136,NA,NA
"4290",2014-04-07,NA,NA,NA,6265136,NA,NA
"4291",2014-04-08,NA,NA,NA,6265136,NA,NA
"4292",2014-04-09,NA,NA,NA,6265136,NA,NA
"4293",2014-04-10,NA,NA,NA,6265136,NA,NA
"4294",2014-04-11,NA,NA,NA,6265136,NA,NA
"4295",2014-04-12,NA,NA,NA,6265136,NA,NA
"4296",2014-04-13,NA,NA,NA,6265136,NA,NA
"4297",2014-04-14,NA,NA,NA,6265136,NA,NA
"4298",2014-04-15,NA,NA,NA,6265136,NA,NA
"4299",2014-04-16,NA,NA,NA,6265136,NA,NA
"4300",2014-04-17,NA,NA,NA,6265136,NA,NA
"4301",2014-04-18,NA,NA,NA,6265136,NA,NA
"4302",2014-04-19,NA,NA,NA,6265136,NA,NA
"4303",2014-04-20,NA,NA,NA,6265136,NA,NA
"4304",2014-04-21,NA,NA,NA,6265136,NA,NA
"4305",2014-04-22,NA,NA,NA,6265136,NA,NA
"4306",2014-04-23,NA,NA,NA,6265136,NA,NA
"4307",2014-04-24,NA,NA,NA,6265136,NA,NA
"4308",2014-04-25,NA,NA,NA,6265136,NA,NA
"4309",2014-04-26,NA,NA,NA,6265136,NA,NA
"4310",2014-04-27,NA,NA,NA,6265136,NA,NA
"4311",2014-04-28,NA,NA,NA,6265136,NA,NA
"4312",2014-04-29,NA,NA,NA,6265136,NA,NA
"4313",2014-04-30,NA,NA,NA,6265136,NA,NA
"4314",2014-05-01,NA,NA,NA,6265136,NA,NA
"4315",2014-05-02,NA,NA,NA,6265136,NA,NA
"4316",2014-05-03,NA,NA,NA,6265136,NA,NA
"4317",2014-05-04,NA,NA,NA,6265136,NA,NA
"4318",2014-05-05,NA,NA,NA,6265136,NA,NA
"4319",2014-05-06,NA,NA,NA,6265136,NA,NA
"4320",2014-05-07,NA,NA,NA,6265136,NA,NA
"4321",2014-05-08,NA,NA,NA,6265136,NA,NA
"4322",2014-05-09,NA,NA,NA,6265136,NA,NA
"4323",2014-05-10,NA,NA,NA,6265136,NA,NA
"4324",2014-05-11,NA,NA,NA,6265136,NA,NA
"4325",2014-05-12,NA,NA,NA,6265136,NA,NA
"4326",2014-05-13,NA,NA,NA,6265136,NA,NA
"4327",2014-05-14,NA,NA,NA,6265136,NA,NA
"4328",2014-05-15,NA,NA,NA,6265136,NA,NA
"4329",2014-05-16,NA,NA,NA,6265136,NA,NA
"4330",2014-05-17,NA,NA,NA,6265136,NA,NA
"4331",2014-05-18,NA,NA,NA,6265136,NA,NA
"4332",2014-05-19,NA,NA,NA,6265136,NA,NA
"4333",2014-05-20,NA,NA,NA,6265136,NA,NA
"4334",2014-05-21,NA,NA,NA,6265136,NA,NA
"4335",2014-05-22,NA,NA,NA,6265136,NA,NA
"4336",2014-05-23,NA,NA,NA,6265136,NA,NA
"4337",2014-05-24,NA,NA,NA,6265136,NA,NA
"4338",2014-05-25,NA,NA,NA,6265136,NA,NA
"4339",2014-05-26,NA,NA,NA,6265136,NA,NA
"4340",2014-05-27,NA,NA,NA,6265136,NA,NA
"4341",2014-05-28,NA,NA,NA,6265136,NA,NA
"4342",2014-05-29,NA,NA,NA,6265136,NA,NA
"4343",2014-05-30,NA,NA,NA,6265136,NA,NA
"4344",2014-05-31,NA,NA,NA,6265136,NA,NA
"4345",2014-06-01,NA,NA,NA,6265136,NA,NA
"4346",2014-06-02,NA,NA,NA,6265136,NA,NA
"4347",2014-06-03,NA,NA,NA,6265136,NA,NA
"4348",2014-06-04,NA,NA,NA,6265136,NA,NA
"4349",2014-06-05,NA,NA,NA,6265136,NA,NA
"4350",2014-06-06,NA,NA,NA,6265136,NA,NA
"4351",2014-06-07,NA,NA,NA,6265136,NA,NA
"4352",2014-06-08,NA,NA,NA,6265136,NA,NA
"4353",2014-06-09,NA,NA,NA,6265136,NA,NA
"4354",2014-06-10,NA,NA,NA,6265136,NA,NA
"4355",2014-06-11,NA,NA,NA,6265136,NA,NA
"4356",2014-06-12,NA,NA,NA,6265136,NA,NA
"4357",2014-06-13,NA,NA,NA,6265136,NA,NA
"4358",2014-06-14,NA,NA,NA,6265136,NA,NA
"4359",2014-06-15,NA,NA,NA,6265136,NA,NA
"4360",2014-06-16,NA,NA,NA,6265136,NA,NA
"4361",2014-06-17,NA,NA,NA,6265136,NA,NA
"4362",2014-06-18,NA,NA,NA,6265136,NA,NA
"4363",2014-06-19,NA,NA,NA,6265136,NA,NA
"4364",2014-06-20,NA,NA,NA,6265136,NA,NA
"4365",2014-06-21,NA,NA,NA,6265136,NA,NA
"4366",2014-06-22,NA,NA,NA,6265136,NA,NA
"4367",2014-06-23,NA,NA,NA,6265136,NA,NA
"4368",2014-06-24,NA,NA,NA,6265136,NA,NA
"4369",2014-06-25,NA,NA,NA,6265136,NA,NA
"4370",2014-06-26,NA,NA,NA,6265136,NA,NA
"4371",2014-06-27,NA,NA,NA,6265136,NA,NA
"4372",2014-06-28,NA,NA,NA,6265136,NA,NA
"4373",2014-06-29,NA,NA,NA,6265136,NA,NA
"4374",2014-06-30,NA,NA,NA,6265136,NA,NA
"4375",2014-07-01,NA,NA,NA,6265136,NA,NA
"4376",2014-07-02,NA,NA,NA,6265136,NA,NA
"4377",2014-07-03,NA,NA,NA,6265136,NA,NA
"4378",2014-07-04,NA,NA,NA,6265136,NA,NA
"4379",2014-07-05,NA,NA,NA,6265136,NA,NA
"4380",2014-07-06,NA,NA,NA,6265136,NA,NA
"4381",2014-07-07,NA,NA,NA,6265136,NA,NA
"4382",2014-07-08,NA,NA,NA,6265136,NA,NA
"4383",2014-07-09,NA,NA,NA,6265136,NA,NA
"4384",2014-07-10,NA,NA,NA,6265136,NA,NA
"4385",2014-07-11,NA,NA,NA,6265136,NA,NA
"4386",2014-07-12,NA,NA,NA,6265136,NA,NA
"4387",2014-07-13,NA,NA,NA,6265136,NA,NA
"4388",2014-07-14,NA,NA,NA,6265136,NA,NA
"4389",2014-07-15,NA,NA,NA,6265136,NA,NA
"4390",2014-07-16,NA,NA,NA,6265136,NA,NA
"4391",2014-07-17,NA,NA,NA,6265136,NA,NA
"4392",2014-07-18,NA,NA,NA,6265136,NA,NA
"4393",2014-07-19,NA,NA,NA,6265136,NA,NA
"4394",2014-07-20,NA,NA,NA,6265136,NA,NA
"4395",2014-07-21,NA,NA,NA,6265136,NA,NA
"4396",2014-07-22,NA,NA,NA,6265136,NA,NA
"4397",2014-07-23,NA,NA,NA,6265136,NA,NA
"4398",2014-07-24,NA,NA,NA,6265136,NA,NA
"4399",2014-07-25,NA,NA,NA,6265136,NA,NA
"4400",2014-07-26,NA,NA,NA,6265136,NA,NA
"4401",2014-07-27,NA,NA,NA,6265136,NA,NA
"4402",2014-07-28,NA,NA,NA,6265136,NA,NA
"4403",2014-07-29,NA,NA,NA,6265136,NA,NA
"4404",2014-07-30,NA,NA,NA,6265136,NA,NA
"4405",2014-07-31,NA,NA,NA,6265136,NA,NA
"4406",2014-08-01,NA,NA,NA,6265136,NA,NA
"4407",2014-08-02,NA,NA,NA,6265136,NA,NA
"4408",2014-08-03,NA,NA,NA,6265136,NA,NA
"4409",2014-08-04,NA,NA,NA,6265136,NA,NA
"4410",2014-08-05,NA,NA,NA,6265136,NA,NA
"4411",2014-08-06,NA,NA,NA,6265136,NA,NA
"4412",2014-08-07,NA,NA,NA,6265136,NA,NA
"4413",2014-08-08,NA,NA,NA,6265136,NA,NA
"4414",2014-08-09,NA,NA,NA,6265136,NA,NA
"4415",2014-08-10,NA,NA,NA,6265136,NA,NA
"4416",2014-08-11,NA,NA,NA,6265136,NA,NA
"4417",2014-08-12,NA,NA,NA,6265136,NA,NA
"4418",2014-08-13,NA,NA,NA,6265136,NA,NA
"4419",2014-08-14,NA,NA,NA,6265136,NA,NA
"4420",2014-08-15,NA,NA,NA,6265136,NA,NA
"4421",2014-08-16,NA,NA,NA,6265136,NA,NA
"4422",2014-08-17,NA,NA,NA,6265136,NA,NA
"4423",2014-08-18,NA,NA,NA,6265136,NA,NA
"4424",2014-08-19,NA,NA,NA,6265136,NA,NA
"4425",2014-08-20,NA,NA,NA,6265136,NA,NA
"4426",2014-08-21,NA,NA,NA,6265136,NA,NA
"4427",2014-08-22,NA,NA,NA,6265136,NA,NA
"4428",2014-08-23,NA,NA,NA,6265136,NA,NA
"4429",2014-08-24,NA,NA,NA,6265136,NA,NA
"4430",2014-08-25,NA,NA,NA,6265136,NA,NA
"4431",2014-08-26,NA,NA,NA,6265136,NA,NA
"4432",2014-08-27,NA,NA,NA,6265136,NA,NA
"4433",2014-08-28,NA,NA,NA,6265136,NA,NA
"4434",2014-08-29,NA,NA,NA,6265136,NA,NA
"4435",2014-08-30,NA,NA,NA,6265136,NA,NA
"4436",2014-08-31,NA,NA,NA,6265136,NA,NA
"4437",2014-09-01,NA,NA,NA,6265136,NA,NA
"4438",2014-09-02,NA,NA,NA,6265136,NA,NA
"4439",2014-09-03,NA,NA,NA,6265136,NA,NA
"4440",2014-09-04,NA,NA,NA,6265136,NA,NA
"4441",2014-09-05,NA,NA,NA,6265136,NA,NA
"4442",2014-09-06,NA,NA,NA,6265136,NA,NA
"4443",2014-09-07,NA,NA,NA,6265136,NA,NA
"4444",2014-09-08,NA,NA,NA,6265136,NA,NA
"4445",2014-09-09,NA,NA,NA,6265136,NA,NA
"4446",2014-09-10,NA,NA,NA,6265136,NA,NA
"4447",2014-09-11,NA,NA,NA,6265136,NA,NA
"4448",2014-09-12,NA,NA,NA,6265136,NA,NA
"4449",2014-09-13,NA,NA,NA,6265136,NA,NA
"4450",2014-09-14,NA,NA,NA,6265136,NA,NA
"4451",2014-09-15,NA,NA,NA,6265136,NA,NA
"4452",2014-09-16,NA,NA,NA,6265136,NA,NA
"4453",2014-09-17,NA,NA,NA,6265136,NA,NA
"4454",2014-09-18,NA,NA,NA,6265136,NA,NA
"4455",2014-09-19,NA,NA,NA,6265136,NA,NA
"4456",2014-09-20,NA,NA,NA,6265136,NA,NA
"4457",2014-09-21,NA,NA,NA,6265136,NA,NA
"4458",2014-09-22,NA,NA,NA,6265136,NA,NA
"4459",2014-09-23,NA,NA,NA,6265136,NA,NA
"4460",2014-09-24,NA,NA,NA,6265136,NA,NA
"4461",2014-09-25,NA,NA,NA,6265136,NA,NA
"4462",2014-09-26,NA,NA,NA,6265136,NA,NA
"4463",2014-09-27,NA,NA,NA,6265136,NA,NA
"4464",2014-09-28,NA,NA,NA,6265136,NA,NA
"4465",2014-09-29,NA,NA,NA,6265136,NA,NA
"4466",2014-09-30,NA,NA,NA,6265136,NA,NA
"4467",2014-10-01,NA,NA,NA,6265136,NA,NA
"4468",2014-10-02,NA,NA,NA,6265136,NA,NA
"4469",2014-10-03,NA,NA,NA,6265136,NA,NA
"4470",2014-10-04,NA,NA,NA,6265136,NA,NA
"4471",2014-10-05,NA,NA,NA,6265136,NA,NA
"4472",2014-10-06,NA,NA,NA,6265136,NA,NA
"4473",2014-10-07,NA,NA,NA,6265136,NA,NA
"4474",2014-10-08,NA,NA,NA,6265136,NA,NA
"4475",2014-10-09,NA,NA,NA,6265136,NA,NA
"4476",2014-10-10,NA,NA,NA,6265136,NA,NA
"4477",2014-10-11,NA,NA,NA,6265136,NA,NA
"4478",2014-10-12,NA,NA,NA,6265136,NA,NA
"4479",2014-10-13,NA,NA,NA,6265136,NA,NA
"4480",2014-10-14,NA,NA,NA,6265136,NA,NA
"4481",2014-10-15,NA,NA,NA,6265136,NA,NA
"4482",2014-10-16,NA,NA,NA,6265136,NA,NA
"4483",2014-10-17,NA,NA,NA,6265136,NA,NA
"4484",2014-10-18,NA,NA,NA,6265136,NA,NA
"4485",2014-10-19,NA,NA,NA,6265136,NA,NA
"4486",2014-10-20,NA,NA,NA,6265136,NA,NA
"4487",2014-10-21,NA,NA,NA,6265136,NA,NA
"4488",2014-10-22,NA,NA,NA,6265136,NA,NA
"4489",2014-10-23,NA,NA,NA,6265136,NA,NA
"4490",2014-10-24,NA,NA,NA,6265136,NA,NA
"4491",2014-10-25,NA,NA,NA,6265136,NA,NA
"4492",2014-10-27,NA,NA,NA,6265136,NA,NA
"4493",2014-10-28,NA,NA,NA,6265136,NA,NA
"4494",2014-10-29,NA,NA,NA,6265136,NA,NA
"4495",2014-10-30,NA,NA,NA,6265136,NA,NA
"4496",2014-10-31,NA,NA,NA,6265136,NA,NA
"4497",2014-11-01,NA,NA,NA,6265136,NA,NA
"4498",2014-11-02,NA,NA,NA,6265136,NA,NA
"4499",2014-11-03,NA,NA,NA,6265136,NA,NA
"4500",2014-11-04,NA,NA,NA,6265136,NA,NA
"4501",2014-11-05,NA,NA,NA,6265136,NA,NA
"4502",2014-11-06,NA,NA,NA,6265136,NA,NA
"4503",2014-11-07,NA,NA,NA,6265136,NA,NA
"4504",2014-11-08,NA,NA,NA,6265136,NA,NA
"4505",2014-11-09,NA,NA,NA,6265136,NA,NA
"4506",2014-11-10,NA,NA,NA,6265136,NA,NA
"4507",2014-11-11,NA,NA,NA,6265136,NA,NA
"4508",2014-11-12,NA,NA,NA,6265136,NA,NA
"4509",2014-11-13,NA,NA,NA,6265136,NA,NA
"4510",2014-11-14,NA,NA,NA,6265136,NA,NA
"4511",2014-11-15,NA,NA,NA,6265136,NA,NA
"4512",2014-11-16,NA,NA,NA,6265136,NA,NA
"4513",2014-11-17,NA,NA,NA,6265136,NA,NA
"4514",2014-11-18,NA,NA,NA,6265136,NA,NA
"4515",2014-11-19,NA,NA,NA,6265136,NA,NA
"4516",2014-11-20,NA,NA,NA,6265136,NA,NA
"4517",2014-11-21,NA,NA,NA,6265136,NA,NA
"4518",2014-11-22,NA,NA,NA,6265136,NA,NA
"4519",2014-11-23,NA,NA,NA,6265136,NA,NA
"4520",2014-11-24,NA,NA,NA,6265136,NA,NA
"4521",2014-11-26,NA,NA,NA,6265136,NA,NA
"4522",2015-01-17,NA,NA,NA,6265136,NA,NA
"4523",2015-01-18,NA,NA,NA,6265136,NA,NA
"4524",2015-01-20,NA,NA,NA,6265136,NA,NA
"4525",2015-01-21,NA,NA,NA,6265136,NA,NA
"4526",2015-01-22,NA,NA,NA,6265136,NA,NA
"4527",2015-01-23,NA,NA,NA,6265136,NA,NA
"4528",2015-01-24,NA,NA,NA,6265136,NA,NA
"4529",2015-01-25,NA,NA,NA,6265136,NA,NA
"4530",2015-01-26,NA,NA,NA,6265136,NA,NA
"4531",2015-01-27,NA,NA,NA,6265136,NA,NA
"4532",2015-01-28,NA,NA,NA,6265136,NA,NA
"4533",2015-01-29,NA,NA,NA,6265136,NA,NA
"4534",2015-01-30,NA,NA,NA,6265136,NA,NA
"4535",2015-01-31,NA,NA,NA,6265136,NA,NA
"4536",2015-02-01,NA,NA,NA,6265136,NA,NA
"4537",2015-02-02,NA,NA,NA,6265136,NA,NA
"4538",2015-02-03,NA,NA,NA,6265136,NA,NA
"4539",2015-02-04,NA,NA,NA,6265136,NA,NA
"4540",2015-02-05,NA,NA,NA,6265136,NA,NA
"4541",2015-02-06,NA,NA,NA,6265136,NA,NA
"4542",2015-02-07,NA,NA,NA,6265136,NA,NA
"4543",2015-02-08,NA,NA,NA,6265136,NA,NA
"4544",2015-02-09,NA,NA,NA,6265136,NA,NA
"4545",2015-02-10,NA,NA,NA,6265136,NA,NA
"4546",2015-02-11,NA,NA,NA,6265136,NA,NA
"4547",2015-02-12,NA,NA,NA,6265136,NA,NA
"4548",2015-02-13,NA,NA,NA,6265136,NA,NA
"4549",2015-02-14,NA,NA,NA,6265136,NA,NA
"4550",2015-02-15,NA,NA,NA,6265136,NA,NA
"4551",2015-02-16,NA,NA,NA,6265136,NA,NA
"4552",2015-02-17,NA,NA,NA,6265136,NA,NA
"4553",2015-02-18,NA,NA,NA,6265136,NA,NA
"4554",2015-02-19,NA,NA,NA,6265136,NA,NA
"4555",2015-02-20,NA,NA,NA,6265136,NA,NA
"4556",2015-02-21,NA,NA,NA,6265136,NA,NA
"4557",2015-02-22,NA,NA,NA,6265136,NA,NA
"4558",2015-02-23,NA,NA,NA,6265136,NA,NA
"4559",2015-02-24,NA,NA,NA,6265136,NA,NA
"4560",2015-02-25,NA,NA,NA,6265136,NA,NA
"4561",2015-02-26,NA,NA,NA,6265136,NA,NA
"4562",2015-02-27,NA,NA,NA,6265136,NA,NA
"4563",2015-02-28,NA,NA,NA,6265136,NA,NA
"4564",2015-03-01,NA,NA,NA,6265136,NA,NA
"4565",2015-03-02,NA,NA,NA,6265136,NA,NA
"4566",2015-03-03,NA,NA,NA,6265136,NA,NA
"4567",2015-03-04,NA,NA,NA,6265136,NA,NA
"4568",2015-03-05,NA,NA,NA,6265136,NA,NA
"4569",2015-03-06,NA,NA,NA,6265136,NA,NA
"4570",2015-03-07,NA,NA,NA,6265136,NA,NA
"4571",2015-03-08,NA,NA,NA,6265136,NA,NA
"4572",2015-03-09,NA,NA,NA,6265136,NA,NA
"4573",2015-03-10,NA,NA,NA,6265136,NA,NA
"4574",2015-03-11,NA,NA,NA,6265136,NA,NA
"4575",2015-03-12,NA,NA,NA,6265136,NA,NA
"4576",2015-03-13,NA,NA,NA,6265136,NA,NA
"4577",2015-03-14,NA,NA,NA,6265136,NA,NA
"4578",2015-03-15,NA,NA,NA,6265136,NA,NA
"4579",2015-03-16,NA,NA,NA,6265136,NA,NA
"4580",2015-03-17,NA,NA,NA,6265136,NA,NA
"4581",2015-03-18,NA,NA,NA,6265136,NA,NA
"4582",2015-03-19,NA,NA,NA,6265136,NA,NA
"4583",2015-03-20,NA,NA,NA,6265136,NA,NA
"4584",2015-03-21,NA,NA,NA,6265136,NA,NA
"4585",2015-03-22,NA,NA,NA,6265136,NA,NA
"4586",2015-03-23,NA,NA,NA,6265136,NA,NA
"4587",2015-03-24,NA,NA,NA,6265136,NA,NA
"4588",2015-03-25,NA,NA,NA,6265136,NA,NA
"4589",2015-03-26,NA,NA,NA,6265136,NA,NA
"4590",2015-03-27,NA,NA,NA,6265136,NA,NA
"4591",2015-03-28,NA,NA,NA,6265136,NA,NA
"4592",2015-03-29,NA,NA,NA,6265136,NA,NA
"4593",2015-03-30,NA,NA,NA,6265136,NA,NA
"4594",2015-03-31,NA,NA,NA,6265136,NA,NA
"4595",2015-04-01,NA,NA,NA,6265136,NA,NA
"4596",2015-04-02,NA,NA,NA,6265136,NA,NA
"4597",2015-04-03,NA,NA,NA,6265136,NA,NA
"4598",2015-04-04,NA,NA,NA,6265136,NA,NA
"4599",2015-04-05,NA,NA,NA,6265136,NA,NA
"4600",2015-04-06,NA,NA,NA,6265136,NA,NA
"4601",2015-04-07,NA,NA,NA,6265136,NA,NA
"4602",2015-04-08,NA,NA,NA,6265136,NA,NA
"4603",2015-04-09,NA,NA,NA,6265136,NA,NA
"4604",2015-04-10,NA,NA,NA,6265136,NA,NA
"4605",2015-04-11,NA,NA,NA,6265136,NA,NA
"4606",2015-04-12,NA,NA,NA,6265136,NA,NA
"4607",2015-04-13,NA,NA,NA,6265136,NA,NA
"4608",2015-04-14,NA,NA,NA,6265136,NA,NA
"4609",2015-04-15,NA,NA,NA,6265136,NA,NA
"4610",2015-04-16,NA,NA,NA,6265136,NA,NA
"4611",2015-04-17,NA,NA,NA,6265136,NA,NA
"4612",2015-04-18,NA,NA,NA,6265136,NA,NA
"4613",2015-04-19,NA,NA,NA,6265136,NA,NA
"4614",2015-04-20,NA,NA,NA,6265136,NA,NA
"4615",2015-04-21,NA,NA,NA,6265136,NA,NA
"4616",2015-04-22,NA,NA,NA,6265136,NA,NA
"4617",2015-04-23,NA,NA,NA,6265136,NA,NA
"4618",2015-04-24,NA,NA,NA,6265136,NA,NA
"4619",2015-04-25,NA,NA,NA,6265136,NA,NA
"4620",2015-04-26,NA,NA,NA,6265136,NA,NA
"4621",2015-04-27,NA,NA,NA,6265136,NA,NA
"4622",2015-04-28,NA,NA,NA,6265136,NA,NA
"4623",2015-04-29,NA,NA,NA,6265136,NA,NA
"4624",2015-04-30,NA,NA,NA,6265136,NA,NA
"4625",2015-05-01,NA,NA,NA,6265136,NA,NA
"4626",2015-05-02,NA,NA,NA,6265136,NA,NA
"4627",2015-05-03,NA,NA,NA,6265136,NA,NA
"4628",2015-05-04,NA,NA,NA,6265136,NA,NA
"4629",2015-05-05,NA,NA,NA,6265136,NA,NA
"4630",2015-05-06,NA,NA,NA,6265136,NA,NA
"4631",2015-05-07,NA,NA,NA,6265136,NA,NA
"4632",2015-05-08,NA,NA,NA,6265136,NA,NA
"4633",2015-05-09,NA,NA,NA,6265136,NA,NA
"4634",2015-05-10,NA,NA,NA,6265136,NA,NA
"4635",2015-05-11,NA,NA,NA,6265136,NA,NA
"4636",2015-05-12,NA,NA,NA,6265136,NA,NA
"4637",2015-05-13,NA,NA,NA,6265136,NA,NA
"4638",2015-05-14,NA,NA,NA,6265136,NA,NA
"4639",2015-05-15,NA,NA,NA,6265136,NA,NA
"4640",2015-05-16,NA,NA,NA,6265136,NA,NA
"4641",2015-05-17,NA,NA,NA,6265136,NA,NA
"4642",2015-05-18,NA,NA,NA,6265136,NA,NA
"4643",2015-05-19,NA,NA,NA,6265136,NA,NA
"4644",2015-05-20,NA,NA,NA,6265136,NA,NA
"4645",2015-05-21,NA,NA,NA,6265136,NA,NA
"4646",2015-05-22,NA,NA,NA,6265136,NA,NA
"4647",2015-05-23,NA,NA,NA,6265136,NA,NA
"4648",2015-05-24,NA,NA,NA,6265136,NA,NA
"4649",2015-05-25,NA,NA,NA,6265136,NA,NA
"4650",2015-05-26,NA,NA,NA,6265136,NA,NA
"4651",2015-05-27,NA,NA,NA,6265136,NA,NA
"4652",2015-05-28,NA,NA,NA,6265136,NA,NA
"4653",2015-05-29,NA,NA,NA,6265136,NA,NA
"4654",2015-05-30,NA,NA,NA,6265136,NA,NA
"4655",2015-05-31,NA,NA,NA,6265136,NA,NA
"4656",2015-06-01,NA,NA,NA,6265136,NA,NA
"4657",2015-06-02,NA,NA,NA,6265136,NA,NA
"4658",2015-06-03,NA,NA,NA,6265136,NA,NA
"4659",2015-06-04,NA,NA,NA,6265136,NA,NA
"4660",2015-06-05,NA,NA,NA,6265136,NA,NA
"4661",2015-06-06,NA,NA,NA,6265136,NA,NA
"4662",2015-06-07,NA,NA,NA,6265136,NA,NA
"4663",2015-06-08,NA,NA,NA,6265136,NA,NA
"4664",2015-06-09,NA,NA,NA,6265136,NA,NA
"4665",2015-06-10,NA,NA,NA,6265136,NA,NA
"4666",2015-06-11,NA,NA,NA,6265136,NA,NA
"4667",2015-06-12,NA,NA,NA,6265136,NA,NA
"4668",2015-06-13,NA,NA,NA,6265136,NA,NA
"4669",2015-06-14,NA,NA,NA,6265136,NA,NA
"4670",2015-06-15,NA,NA,NA,6265136,NA,NA
"4671",2015-06-16,NA,NA,NA,6265136,NA,NA
"4672",2015-06-17,NA,NA,NA,6265136,NA,NA
"4673",2015-06-18,NA,NA,NA,6265136,NA,NA
"4674",2015-06-19,NA,NA,NA,6265136,NA,NA
"4675",2015-06-20,NA,NA,NA,6265136,NA,NA
"4676",2015-06-21,NA,NA,NA,6265136,NA,NA
"4677",2015-06-22,NA,NA,NA,6265136,NA,NA
"4678",2015-06-23,NA,NA,NA,6265136,NA,NA
"4679",2015-06-24,NA,NA,NA,6265136,NA,NA
"4680",2015-06-25,NA,NA,NA,6265136,NA,NA
"4681",2015-06-26,NA,NA,NA,6265136,NA,NA
"4682",2015-06-27,NA,NA,NA,6265136,NA,NA
"4683",2015-06-28,NA,NA,NA,6265136,NA,NA
"4684",2015-06-29,NA,NA,NA,6265136,NA,NA
"4685",2015-06-30,NA,NA,NA,6265136,NA,NA
"4686",2015-07-01,NA,NA,NA,6265136,NA,NA
"4687",2015-07-02,NA,NA,NA,6265136,NA,NA
"4688",2015-07-03,NA,NA,NA,6265136,NA,NA
"4689",2015-07-04,NA,NA,NA,6265136,NA,NA
"4690",2015-07-05,NA,NA,NA,6265136,NA,NA
"4691",2015-07-06,NA,NA,NA,6265136,NA,NA
"4692",2015-07-07,NA,NA,NA,6265136,NA,NA
"4693",2015-07-08,NA,NA,NA,6265136,NA,NA
"4694",2015-07-09,NA,NA,NA,6265136,NA,NA
"4695",2015-07-10,NA,NA,NA,6265136,NA,NA
"4696",2015-07-11,NA,NA,NA,6265136,NA,NA
"4697",2015-07-12,NA,NA,NA,6265136,NA,NA
"4698",2015-07-13,NA,NA,NA,6265136,NA,NA
"4699",2015-07-14,NA,NA,NA,6265136,NA,NA
"4700",2015-07-15,NA,NA,NA,6265136,NA,NA
"4701",2015-07-16,NA,NA,NA,6265136,NA,NA
"4702",2015-07-17,NA,NA,NA,6265136,NA,NA
"4703",2015-07-18,NA,NA,NA,6265136,NA,NA
"4704",2015-07-19,NA,NA,NA,6265136,NA,NA
"4705",2015-07-20,NA,NA,NA,6265136,NA,NA
"4706",2015-07-21,NA,NA,NA,6265136,NA,NA
"4707",2015-07-22,NA,NA,NA,6265136,NA,NA
"4708",2015-07-23,NA,NA,NA,6265136,NA,NA
"4709",2015-07-24,NA,NA,NA,6265136,NA,NA
"4710",2015-07-25,NA,NA,NA,6265136,NA,NA
"4711",2015-07-26,NA,NA,NA,6265136,NA,NA
"4712",2015-07-27,NA,NA,NA,6265136,NA,NA
"4713",2015-07-28,NA,NA,NA,6265136,NA,NA
"4714",2015-07-29,NA,NA,NA,6265136,NA,NA
"4715",2015-07-30,NA,NA,NA,6265136,NA,NA
"4716",2015-07-31,NA,NA,NA,6265136,NA,NA
"4717",2015-08-01,NA,NA,NA,6265136,NA,NA
"4718",2015-08-02,NA,NA,NA,6265136,NA,NA
"4719",2015-08-03,NA,NA,NA,6265136,NA,NA
"4720",2015-08-04,NA,NA,NA,6265136,NA,NA
"4721",2015-08-05,NA,NA,NA,6265136,NA,NA
"4722",2015-08-06,NA,NA,NA,6265136,NA,NA
"4723",2015-08-07,NA,NA,NA,6265136,NA,NA
"4724",2015-08-08,NA,NA,NA,6265136,NA,NA
"4725",2015-08-09,NA,NA,NA,6265136,NA,NA
"4726",2015-08-10,NA,NA,NA,6265136,NA,NA
"4727",2015-08-11,NA,NA,NA,6265136,NA,NA
"4728",2015-08-12,NA,NA,NA,6265136,NA,NA
"4729",2015-08-13,NA,NA,NA,6265136,NA,NA
"4730",2015-08-14,NA,NA,NA,6265136,NA,NA
"4731",2015-08-15,NA,NA,NA,6265136,NA,NA
"4732",2015-08-16,NA,NA,NA,6265136,NA,NA
"4733",2015-08-17,NA,NA,NA,6265136,NA,NA
"4734",2015-08-18,NA,NA,NA,6265136,NA,NA
"4735",2015-08-19,NA,NA,NA,6265136,NA,NA
"4736",2015-08-20,NA,NA,NA,6265136,NA,NA
"4737",2015-08-21,NA,NA,NA,6265136,NA,NA
"4738",2015-08-22,NA,NA,NA,6265136,NA,NA
"4739",2015-08-23,NA,NA,NA,6265136,NA,NA
"4740",2015-08-24,NA,NA,NA,6265136,NA,NA
"4741",2015-08-25,NA,NA,NA,6265136,NA,NA
"4742",2015-08-26,NA,NA,NA,6265136,NA,NA
"4743",2015-08-27,NA,NA,NA,6265136,NA,NA
"4744",2015-08-28,NA,NA,NA,6265136,NA,NA
"4745",2015-08-29,NA,NA,NA,6265136,NA,NA
"4746",2015-08-30,NA,NA,NA,6265136,NA,NA
"4747",2015-08-31,NA,NA,NA,6265136,NA,NA
"4748",2015-09-01,NA,NA,NA,6265136,NA,NA
"4749",2015-09-02,NA,NA,NA,6265136,NA,NA
"4750",2015-09-03,NA,NA,NA,6265136,NA,NA
"4751",2015-09-04,NA,NA,NA,6265136,NA,NA
"4752",2015-09-05,NA,NA,NA,6265136,NA,NA
"4753",2015-09-06,NA,NA,NA,6265136,NA,NA
"4754",2015-09-07,NA,NA,NA,6265136,NA,NA
"4755",2015-09-08,NA,NA,NA,6265136,NA,NA
"4756",2015-09-09,NA,NA,NA,6265136,NA,NA
"4757",2015-09-10,NA,NA,NA,6265136,NA,NA
"4758",2015-09-11,NA,NA,NA,6265136,NA,NA
"4759",2015-09-12,NA,NA,NA,6265136,NA,NA
"4760",2015-09-13,NA,NA,NA,6265136,NA,NA
"4761",2015-09-14,NA,NA,NA,6265136,NA,NA
"4762",2015-09-15,NA,NA,NA,6265136,NA,NA
"4763",2015-09-16,NA,NA,NA,6265136,NA,NA
"4764",2015-09-17,NA,NA,NA,6265136,NA,NA
"4765",2015-09-18,NA,NA,NA,6265136,NA,NA
"4766",2015-09-19,NA,NA,NA,6265136,NA,NA
"4767",2015-09-20,NA,NA,NA,6265136,NA,NA
"4768",2015-09-21,NA,NA,NA,6265136,NA,NA
"4769",2015-09-22,NA,NA,NA,6265136,NA,NA
"4770",2015-09-23,NA,NA,NA,6265136,NA,NA
"4771",2015-09-24,NA,NA,NA,6265136,NA,NA
"4772",2015-09-25,NA,NA,NA,6265136,NA,NA
"4773",2015-09-26,NA,NA,NA,6265136,NA,NA
"4774",2015-09-27,NA,NA,NA,6265136,NA,NA
"4775",2015-09-28,NA,NA,NA,6265136,NA,NA
"4776",2015-09-29,NA,NA,NA,6265136,NA,NA
"4777",2015-09-30,NA,NA,NA,6265136,NA,NA
"4778",2015-10-01,NA,NA,NA,6265136,NA,NA
"4779",2015-10-02,NA,NA,NA,6265136,NA,NA
"4780",2015-10-03,NA,NA,NA,6265136,NA,NA
"4781",2015-10-04,NA,NA,NA,6265136,NA,NA
"4782",2015-10-05,NA,NA,NA,6265136,NA,NA
"4783",2015-10-06,NA,NA,NA,6265136,NA,NA
"4784",2015-10-07,NA,NA,NA,6265136,NA,NA
"4785",2015-10-08,NA,NA,NA,6265136,NA,NA
"4786",2015-10-09,NA,NA,NA,6265136,NA,NA
"4787",2015-10-10,NA,NA,NA,6265136,NA,NA
"4788",2015-10-11,NA,NA,NA,6265136,NA,NA
"4789",2015-10-12,NA,NA,NA,6265136,NA,NA
"4790",2015-10-13,NA,NA,NA,6265136,NA,NA
"4791",2015-10-14,NA,NA,NA,6265136,NA,NA
"4792",2015-10-15,NA,NA,NA,6265136,NA,NA
"4793",2015-10-16,NA,NA,NA,6265136,NA,NA
"4794",2015-10-17,NA,NA,NA,6265136,NA,NA
"4795",2015-10-18,NA,NA,NA,6265136,NA,NA
"4796",2015-10-19,NA,NA,NA,6265136,NA,NA
"4797",2015-10-20,NA,NA,NA,6265136,NA,NA
"4798",2015-10-21,NA,NA,NA,6265136,NA,NA
"4799",2015-10-22,NA,NA,NA,6265136,NA,NA
"4800",2015-10-23,NA,NA,NA,6265136,NA,NA
"4801",2015-10-24,NA,NA,NA,6265136,NA,NA
"4802",2015-10-25,NA,NA,NA,6265136,NA,NA
"4803",2015-10-26,NA,NA,NA,6265136,NA,NA
"4804",2015-10-27,NA,NA,NA,6265136,NA,NA
"4805",2015-10-28,NA,NA,NA,6265136,NA,NA
"4806",2015-10-29,NA,NA,NA,6265136,NA,NA
"4807",2015-10-30,NA,NA,NA,6265136,NA,NA
"4808",2015-10-31,NA,NA,NA,6265136,NA,NA
"4809",2015-11-01,NA,NA,NA,6265136,NA,NA
"4810",2015-11-02,NA,NA,NA,6265136,NA,NA
"4811",2015-11-03,NA,NA,NA,6265136,NA,NA
"4812",2015-11-04,NA,NA,NA,6265136,NA,NA
"4813",2015-11-05,NA,NA,NA,6265136,NA,NA
"4814",2015-11-06,NA,NA,NA,6265136,NA,NA
"4815",2015-11-07,NA,NA,NA,6265136,NA,NA
"4816",2015-11-08,NA,NA,NA,6265136,NA,NA
"4817",2015-11-09,NA,NA,NA,6265136,NA,NA
"4818",2015-11-10,NA,NA,NA,6265136,NA,NA
"4819",2015-11-11,NA,NA,NA,6265136,NA,NA
"4820",2015-11-12,NA,NA,NA,6265136,NA,NA
"4821",2015-11-13,NA,NA,NA,6265136,NA,NA
"4822",2015-11-14,NA,NA,NA,6265136,NA,NA
"4823",2015-11-15,NA,NA,NA,6265136,NA,NA
"4824",2015-11-16,NA,NA,NA,6265136,NA,NA
"4825",2015-11-17,NA,NA,NA,6265136,NA,NA
"4826",2015-11-18,NA,NA,NA,6265136,NA,NA
"4827",2015-11-19,NA,NA,NA,6265136,NA,NA
"4828",2015-11-20,NA,NA,NA,6265136,NA,NA
"4829",2015-11-21,NA,NA,NA,6265136,NA,NA
"4830",2015-11-22,NA,NA,NA,6265136,NA,NA
"4831",2015-11-23,NA,NA,NA,6265136,NA,NA
"4832",2015-11-24,NA,NA,NA,6265136,NA,NA
"4833",2015-11-25,NA,NA,NA,6265136,NA,NA
"4834",2016-01-16,NA,NA,NA,6265136,NA,NA
"4835",2016-01-18,NA,NA,NA,6265136,NA,NA
"4836",2016-01-19,NA,NA,NA,6265136,NA,NA
"4837",2016-01-20,NA,NA,NA,6265136,NA,NA
"4838",2016-01-21,NA,NA,NA,6265136,NA,NA
"4839",2016-01-22,NA,NA,NA,6265136,NA,NA
"4840",2016-01-23,NA,NA,NA,6265136,NA,NA
"4841",2016-01-24,NA,NA,NA,6265136,NA,NA
"4842",2016-01-25,NA,NA,NA,6265136,NA,NA
"4843",2016-01-26,NA,NA,NA,6265136,NA,NA
"4844",2016-01-27,NA,NA,NA,6265136,NA,NA
"4845",2016-01-28,NA,NA,NA,6265136,NA,NA
"4846",2016-01-29,NA,NA,NA,6265136,NA,NA
"4847",2016-01-30,NA,NA,NA,6265136,NA,NA
"4848",2016-01-31,NA,NA,NA,6265136,NA,NA
"4849",2016-02-01,NA,NA,NA,6265136,NA,NA
"4850",2016-02-02,NA,NA,NA,6265136,NA,NA
"4851",2016-02-03,NA,NA,NA,6265136,NA,NA
"4852",2016-02-04,NA,NA,NA,6265136,NA,NA
"4853",2016-02-05,NA,NA,NA,6265136,NA,NA
"4854",2016-02-06,NA,NA,NA,6265136,NA,NA
"4855",2016-02-07,NA,NA,NA,6265136,NA,NA
"4856",2016-02-08,NA,NA,NA,6265136,NA,NA
"4857",2016-02-09,NA,NA,NA,6265136,NA,NA
"4858",2016-02-10,NA,NA,NA,6265136,NA,NA
"4859",2016-02-11,NA,NA,NA,6265136,NA,NA
"4860",2016-02-12,NA,NA,NA,6265136,NA,NA
"4861",2016-02-13,NA,NA,NA,6265136,NA,NA
"4862",2016-02-14,NA,NA,NA,6265136,NA,NA
"4863",2016-02-15,NA,NA,NA,6265136,NA,NA
"4864",2016-02-16,NA,NA,NA,6265136,NA,NA
"4865",2016-02-17,NA,NA,NA,6265136,NA,NA
"4866",2016-02-18,NA,NA,NA,6265136,NA,NA
"4867",2016-02-28,NA,NA,NA,6265136,NA,NA
"4868",2016-02-29,NA,NA,NA,6265136,NA,NA
"4869",2016-03-01,NA,NA,NA,6265136,NA,NA
"4870",2016-03-02,NA,NA,NA,6265136,NA,NA
"4871",2016-03-03,NA,NA,NA,6265136,NA,NA
"4872",2016-03-04,NA,NA,NA,6265136,NA,NA
"4873",2016-03-05,NA,NA,NA,6265136,NA,NA
"4874",2016-03-06,NA,NA,NA,6265136,NA,NA
"4875",2016-03-07,NA,NA,NA,6265136,NA,NA
"4876",2016-03-08,NA,NA,NA,6265136,NA,NA
"4877",2016-03-09,NA,NA,NA,6265136,NA,NA
"4878",2016-03-10,NA,NA,NA,6265136,NA,NA
"4879",2016-03-11,NA,NA,NA,6265136,NA,NA
"4880",2016-03-12,NA,NA,NA,6265136,NA,NA
"4881",2016-03-13,NA,NA,NA,6265136,NA,NA
"4882",2016-03-14,NA,NA,NA,6265136,NA,NA
"4883",2016-03-15,NA,NA,NA,6265136,NA,NA
"4884",2016-03-16,NA,NA,NA,6265136,NA,NA
"4885",2016-03-17,NA,NA,NA,6265136,NA,NA
"4886",2016-03-18,NA,NA,NA,6265136,NA,NA
"4887",2016-03-19,NA,NA,NA,6265136,NA,NA
"4888",2016-03-20,NA,NA,NA,6265136,NA,NA
"4889",2016-03-21,NA,NA,NA,6265136,NA,NA
"4890",2016-03-22,NA,NA,NA,6265136,NA,NA
"4891",2016-03-23,NA,NA,NA,6265136,NA,NA
"4892",2016-03-24,NA,NA,NA,6265136,NA,NA
"4893",2016-03-25,NA,NA,NA,6265136,NA,NA
"4894",2016-03-26,NA,NA,NA,6265136,NA,NA
"4895",2016-03-27,NA,NA,NA,6265136,NA,NA
"4896",2016-03-28,NA,NA,NA,6265136,NA,NA
"4897",2016-03-29,NA,NA,NA,6265136,NA,NA
"4898",2016-03-30,NA,NA,NA,6265136,NA,NA
"4899",2016-03-31,NA,NA,NA,6265136,NA,NA
"4900",2016-04-01,NA,NA,NA,6265136,NA,NA
"4901",2016-04-02,NA,NA,NA,6265136,NA,NA
"4902",2016-04-03,NA,NA,NA,6265136,NA,NA
"4903",2016-04-04,NA,NA,NA,6265136,NA,NA
"4904",2016-04-05,NA,NA,NA,6265136,NA,NA
"4905",2016-04-06,NA,NA,NA,6265136,NA,NA
"4906",2016-04-07,NA,NA,NA,6265136,NA,NA
"4907",2016-04-08,NA,NA,NA,6265136,NA,NA
"4908",2016-04-09,NA,NA,NA,6265136,NA,NA
"4909",2016-04-10,NA,NA,NA,6265136,NA,NA
"4910",2016-04-11,NA,NA,NA,6265136,NA,NA
"4911",2016-04-12,NA,NA,NA,6265136,NA,NA
"4912",2016-04-13,NA,NA,NA,6265136,NA,NA
"4913",2016-04-14,NA,NA,NA,6265136,NA,NA
"4914",2016-04-15,NA,NA,NA,6265136,NA,NA
"4915",2016-04-16,NA,NA,NA,6265136,NA,NA
"4916",2016-04-17,NA,NA,NA,6265136,NA,NA
"4917",2016-04-18,NA,NA,NA,6265136,NA,NA
"4918",2016-04-19,NA,NA,NA,6265136,NA,NA
"4919",2016-04-20,NA,NA,NA,6265136,NA,NA
"4920",2016-04-21,NA,NA,NA,6265136,NA,NA
"4921",2016-04-22,NA,NA,NA,6265136,NA,NA
"4922",2016-04-23,NA,NA,NA,6265136,NA,NA
"4923",2016-04-24,NA,NA,NA,6265136,NA,NA
"4924",2016-04-25,NA,NA,NA,6265136,NA,NA
"4925",2016-04-26,NA,NA,NA,6265136,NA,NA
"4926",2016-04-27,NA,NA,NA,6265136,NA,NA
"4927",2016-04-28,NA,NA,NA,6265136,NA,NA
"4928",2016-04-29,NA,NA,NA,6265136,NA,NA
"4929",2016-04-30,NA,NA,NA,6265136,NA,NA
"4930",2016-05-01,NA,NA,NA,6265136,NA,NA
"4931",2016-05-02,NA,NA,NA,6265136,NA,NA
"4932",2016-05-03,NA,NA,NA,6265136,NA,NA
"4933",2016-05-04,NA,NA,NA,6265136,NA,NA
"4934",2016-05-05,NA,NA,NA,6265136,NA,NA
"4935",2016-05-06,NA,NA,NA,6265136,NA,NA
"4936",2016-05-07,NA,NA,NA,6265136,NA,NA
"4937",2016-05-08,NA,NA,NA,6265136,NA,NA
"4938",2016-05-09,NA,NA,NA,6265136,NA,NA
"4939",2016-05-10,NA,NA,NA,6265136,NA,NA
"4940",2016-05-11,NA,NA,NA,6265136,NA,NA
"4941",2016-05-12,NA,NA,NA,6265136,NA,NA
"4942",2016-05-13,NA,NA,NA,6265136,NA,NA
"4943",2016-05-14,NA,NA,NA,6265136,NA,NA
"4944",2016-05-15,NA,NA,NA,6265136,NA,NA
"4945",2016-05-16,NA,NA,NA,6265136,NA,NA
"4946",2016-05-17,NA,NA,NA,6265136,NA,NA
"4947",2016-05-18,NA,NA,NA,6265136,NA,NA
"4948",2016-05-19,NA,NA,NA,6265136,NA,NA
"4949",2016-05-20,NA,NA,NA,6265136,NA,NA
"4950",2016-05-21,NA,NA,NA,6265136,NA,NA
"4951",2016-05-22,NA,NA,NA,6265136,NA,NA
"4952",2016-05-23,NA,NA,NA,6265136,NA,NA
"4953",2016-05-24,NA,NA,NA,6265136,NA,NA
"4954",2016-05-25,NA,NA,NA,6265136,NA,NA
"4955",2016-05-26,NA,NA,NA,6265136,NA,NA
"4956",2016-05-27,NA,NA,NA,6265136,NA,NA
"4957",2016-05-28,NA,NA,NA,6265136,NA,NA
"4958",2016-05-29,NA,NA,NA,6265136,NA,NA
"4959",2016-05-30,NA,NA,NA,6265136,NA,NA
"4960",2016-05-31,NA,NA,NA,6265136,NA,NA
"4961",2016-06-01,NA,NA,NA,6265136,NA,NA
"4962",2016-06-02,NA,NA,NA,6265136,NA,NA
"4963",2016-06-03,NA,NA,NA,6265136,NA,NA
"4964",2016-06-04,NA,NA,NA,6265136,NA,NA
"4965",2016-06-05,NA,NA,NA,6265136,NA,NA
"4966",2016-06-06,NA,NA,NA,6265136,NA,NA
"4967",2016-06-07,NA,NA,NA,6265136,NA,NA
"4968",2016-06-08,NA,NA,NA,6265136,NA,NA
"4969",2016-06-09,NA,NA,NA,6265136,NA,NA
"4970",2016-06-10,NA,NA,NA,6265136,NA,NA
"4971",2016-06-11,NA,NA,NA,6265136,NA,NA
"4972",2016-06-12,NA,NA,NA,6265136,NA,NA
"4973",2016-06-13,NA,NA,NA,6265136,NA,NA
"4974",2016-06-14,NA,NA,NA,6265136,NA,NA
"4975",2016-06-15,NA,NA,NA,6265136,NA,NA
"4976",2016-06-16,NA,NA,NA,6265136,NA,NA
"4977",2016-06-17,NA,NA,NA,6265136,NA,NA
"4978",2016-06-18,NA,NA,NA,6265136,NA,NA
"4979",2016-06-19,NA,NA,NA,6265136,NA,NA
"4980",2016-06-20,NA,NA,NA,6265136,NA,NA
"4981",2016-06-21,NA,NA,NA,6265136,NA,NA
"4982",2016-06-22,NA,NA,NA,6265136,NA,NA
"4983",2016-06-23,NA,NA,NA,6265136,NA,NA
"4984",2016-06-24,NA,NA,NA,6265136,NA,NA
"4985",2016-06-25,NA,NA,NA,6265136,NA,NA
"4986",2016-06-26,NA,NA,NA,6265136,NA,NA
"4987",2016-06-27,NA,NA,NA,6265136,NA,NA
"4988",2016-06-28,NA,NA,NA,6265136,NA,NA
"4989",2016-06-29,NA,NA,NA,6265136,NA,NA
"4990",2016-06-30,NA,NA,NA,6265136,NA,NA
"4991",2016-07-01,NA,NA,NA,6265136,NA,NA
"4992",2016-07-02,NA,NA,NA,6265136,NA,NA
"4993",2016-07-03,NA,NA,NA,6265136,NA,NA
"4994",2016-07-04,NA,NA,NA,6265136,NA,NA
"4995",2016-07-05,NA,NA,NA,6265136,NA,NA
"4996",2016-07-06,NA,NA,NA,6265136,NA,NA
"4997",2016-07-07,NA,NA,NA,6265136,NA,NA
"4998",2016-07-08,NA,NA,NA,6265136,NA,NA
"4999",2016-07-09,NA,NA,NA,6265136,NA,NA
"5000",2016-07-10,NA,NA,NA,6265136,NA,NA
"5001",2016-07-11,NA,NA,NA,6265136,NA,NA
"5002",2016-07-12,NA,NA,NA,6265136,NA,NA
"5003",2016-07-13,NA,NA,NA,6265136,NA,NA
"5004",2016-07-14,NA,NA,NA,6265136,NA,NA
"5005",2016-07-15,NA,NA,NA,6265136,NA,NA
"5006",2016-07-16,NA,NA,NA,6265136,NA,NA
"5007",2016-07-17,NA,NA,NA,6265136,NA,NA
"5008",2016-07-18,NA,NA,NA,6265136,NA,NA
"5009",2016-07-19,NA,NA,NA,6265136,NA,NA
"5010",2016-07-20,NA,NA,NA,6265136,NA,NA
"5011",2016-07-21,NA,NA,NA,6265136,NA,NA
"5012",2016-07-22,NA,NA,NA,6265136,NA,NA
"5013",2016-07-23,NA,NA,NA,6265136,NA,NA
"5014",2016-07-24,NA,NA,NA,6265136,NA,NA
"5015",2016-07-25,NA,NA,NA,6265136,NA,NA
"5016",2016-07-26,NA,NA,NA,6265136,NA,NA
"5017",2016-07-27,NA,NA,NA,6265136,NA,NA
"5018",2016-07-28,NA,NA,NA,6265136,NA,NA
"5019",2016-07-29,NA,NA,NA,6265136,NA,NA
"5020",2016-07-30,NA,NA,NA,6265136,NA,NA
"5021",2016-07-31,NA,NA,NA,6265136,NA,NA
"5022",2016-08-01,NA,NA,NA,6265136,NA,NA
"5023",2016-08-02,NA,NA,NA,6265136,NA,NA
"5024",2016-08-03,NA,NA,NA,6265136,NA,NA
"5025",2016-08-04,NA,NA,NA,6265136,NA,NA
"5026",2016-08-05,NA,NA,NA,6265136,NA,NA
"5027",2016-08-06,NA,NA,NA,6265136,NA,NA
"5028",2016-08-07,NA,NA,NA,6265136,NA,NA
"5029",2016-08-08,NA,NA,NA,6265136,NA,NA
"5030",2016-08-09,NA,NA,NA,6265136,NA,NA
"5031",2016-08-10,NA,NA,NA,6265136,NA,NA
"5032",2016-08-11,NA,NA,NA,6265136,NA,NA
"5033",2016-08-12,NA,NA,NA,6265136,NA,NA
"5034",2016-08-13,NA,NA,NA,6265136,NA,NA
"5035",2016-08-14,NA,NA,NA,6265136,NA,NA
"5036",2016-08-15,NA,NA,NA,6265136,NA,NA
"5037",2016-08-16,NA,NA,NA,6265136,NA,NA
"5038",2016-08-17,NA,NA,NA,6265136,NA,NA
"5039",2016-08-18,NA,NA,NA,6265136,NA,NA
"5040",2016-08-19,NA,NA,NA,6265136,NA,NA
"5041",2016-08-20,NA,NA,NA,6265136,NA,NA
"5042",2016-08-21,NA,NA,NA,6265136,NA,NA
"5043",2016-08-22,NA,NA,NA,6265136,NA,NA
"5044",2016-08-23,NA,NA,NA,6265136,NA,NA
"5045",2016-08-24,NA,NA,NA,6265136,NA,NA
"5046",2016-08-25,NA,NA,NA,6265136,NA,NA
"5047",2016-08-26,NA,NA,NA,6265136,NA,NA
"5048",2016-08-27,NA,NA,NA,6265136,NA,NA
"5049",2016-08-28,NA,NA,NA,6265136,NA,NA
"5050",2016-08-29,NA,NA,NA,6265136,NA,NA
"5051",2016-08-30,NA,NA,NA,6265136,NA,NA
"5052",2016-08-31,NA,NA,NA,6265136,NA,NA
"5053",2016-09-01,NA,NA,NA,6265136,NA,NA
"5054",2016-09-02,NA,NA,NA,6265136,NA,NA
"5055",2016-09-03,NA,NA,NA,6265136,NA,NA
"5056",2016-09-04,NA,NA,NA,6265136,NA,NA
"5057",2016-09-05,NA,NA,NA,6265136,NA,NA
"5058",2016-09-06,NA,NA,NA,6265136,NA,NA
"5059",2016-09-07,NA,NA,NA,6265136,NA,NA
"5060",2016-09-08,NA,NA,NA,6265136,NA,NA
"5061",2016-09-09,NA,NA,NA,6265136,NA,NA
"5062",2016-09-10,NA,NA,NA,6265136,NA,NA
"5063",2016-09-11,NA,NA,NA,6265136,NA,NA
"5064",2016-09-12,NA,NA,NA,6265136,NA,NA
"5065",2016-09-13,NA,NA,NA,6265136,NA,NA
"5066",2016-09-14,NA,NA,NA,6265136,NA,NA
"5067",2016-09-15,NA,NA,NA,6265136,NA,NA
"5068",2016-09-16,NA,NA,NA,6265136,NA,NA
"5069",2016-09-17,NA,NA,NA,6265136,NA,NA
"5070",2016-09-18,NA,NA,NA,6265136,NA,NA
"5071",2016-09-19,NA,NA,NA,6265136,NA,NA
"5072",2016-09-20,NA,NA,NA,6265136,NA,NA
"5073",2016-09-21,NA,NA,NA,6265136,NA,NA
"5074",2016-09-22,NA,NA,NA,6265136,NA,NA
"5075",2016-09-23,NA,NA,NA,6265136,NA,NA
"5076",2016-09-24,NA,NA,NA,6265136,NA,NA
"5077",2016-09-25,NA,NA,NA,6265136,NA,NA
"5078",2016-09-26,NA,NA,NA,6265136,NA,NA
"5079",2016-09-27,NA,NA,NA,6265136,NA,NA
"5080",2016-09-28,NA,NA,NA,6265136,NA,NA
"5081",2016-09-29,NA,NA,NA,6265136,NA,NA
"5082",2016-09-30,NA,NA,NA,6265136,NA,NA
"5083",2016-10-01,NA,NA,NA,6265136,NA,NA
"5084",2016-10-02,NA,NA,NA,6265136,NA,NA
"5085",2016-10-03,NA,NA,NA,6265136,NA,NA
"5086",2016-10-04,NA,NA,NA,6265136,NA,NA
"5087",2016-10-05,NA,NA,NA,6265136,NA,NA
"5088",2016-10-06,NA,NA,NA,6265136,NA,NA
"5089",2016-10-07,NA,NA,NA,6265136,NA,NA
"5090",2016-10-08,NA,NA,NA,6265136,NA,NA
"5091",2016-10-09,NA,NA,NA,6265136,NA,NA
"5092",2016-10-10,NA,NA,NA,6265136,NA,NA
"5093",2016-10-11,NA,NA,NA,6265136,NA,NA
"5094",2016-10-12,NA,NA,NA,6265136,NA,NA
"5095",2016-10-13,NA,NA,NA,6265136,NA,NA
"5096",2016-10-14,NA,NA,NA,6265136,NA,NA
"5097",2016-10-15,NA,NA,NA,6265136,NA,NA
"5098",2016-10-16,NA,NA,NA,6265136,NA,NA
"5099",2016-10-17,NA,NA,NA,6265136,NA,NA
"5100",2016-10-18,NA,NA,NA,6265136,NA,NA
"5101",2016-10-19,NA,NA,NA,6265136,NA,NA
"5102",2016-10-20,NA,NA,NA,6265136,NA,NA
"5103",2016-10-21,NA,NA,NA,6265136,NA,NA
"5104",2016-10-22,NA,NA,NA,6265136,NA,NA
"5105",2016-10-23,NA,NA,NA,6265136,NA,NA
"5106",2016-10-24,NA,NA,NA,6265136,NA,NA
"5107",2016-10-25,NA,NA,NA,6265136,NA,NA
"5108",2016-10-26,NA,NA,NA,6265136,NA,NA
"5109",2016-10-27,NA,NA,NA,6265136,NA,NA
"5110",2016-10-28,NA,NA,NA,6265136,NA,NA
"5111",2016-10-29,NA,NA,NA,6265136,NA,NA
"5112",2016-10-30,NA,NA,NA,6265136,NA,NA
"5113",2016-10-31,NA,NA,NA,6265136,NA,NA
"5114",2016-11-01,NA,NA,NA,6265136,NA,NA
"5115",2016-11-02,NA,NA,NA,6265136,NA,NA
"5116",2016-11-03,NA,NA,NA,6265136,NA,NA
"5117",2016-11-04,NA,NA,NA,6265136,NA,NA
"5118",2016-11-05,NA,NA,NA,6265136,NA,NA
"5119",2016-11-06,NA,NA,NA,6265136,NA,NA
"5120",2016-11-07,NA,NA,NA,6265136,NA,NA
"5121",2016-11-08,NA,NA,NA,6265136,NA,NA
"5122",2016-11-09,NA,NA,NA,6265136,NA,NA
"5123",2016-11-10,NA,NA,NA,6265136,NA,NA
"5124",2016-11-11,NA,NA,NA,6265136,NA,NA
"5125",2016-11-12,NA,NA,NA,6265136,NA,NA
"5126",2016-11-13,NA,NA,NA,6265136,NA,NA
"5127",2016-11-14,NA,NA,NA,6265136,NA,NA
"5128",2016-11-15,NA,NA,NA,6265136,NA,NA
"5129",2016-11-16,NA,NA,NA,6265136,NA,NA
"5130",2016-11-17,NA,NA,NA,6265136,NA,NA
"5131",2016-11-18,NA,NA,NA,6265136,NA,NA
"5132",2016-11-19,NA,NA,NA,6265136,NA,NA
"5133",2016-11-20,NA,NA,NA,6265136,NA,NA
"5134",2016-11-21,NA,NA,NA,6265136,NA,NA
"5135",2016-11-22,NA,NA,NA,6265136,NA,NA
"5136",2016-11-23,NA,NA,NA,6265136,NA,NA
"5137",2016-11-24,NA,NA,NA,6265136,NA,NA
"5138",2017-01-16,NA,NA,NA,6265136,NA,NA
"5139",2017-01-18,NA,NA,NA,6265136,NA,NA
"5140",2017-01-19,NA,NA,NA,6265136,NA,NA
"5141",2017-01-20,NA,NA,NA,6265136,NA,NA
"5142",2017-01-21,NA,NA,NA,6265136,NA,NA
"5143",2017-01-22,NA,NA,NA,6265136,NA,NA
"5144",2017-01-23,NA,NA,NA,6265136,NA,NA
"5145",2017-01-24,NA,NA,NA,6265136,NA,NA
"5146",2017-01-25,NA,NA,NA,6265136,NA,NA
"5147",2017-01-26,NA,NA,NA,6265136,NA,NA
"5148",2017-01-27,NA,NA,NA,6265136,NA,NA
"5149",2017-01-28,NA,NA,NA,6265136,NA,NA
"5150",2017-01-29,NA,NA,NA,6265136,NA,NA
"5151",2017-01-30,NA,NA,NA,6265136,NA,NA
"5152",2017-01-31,NA,NA,NA,6265136,NA,NA
"5153",2017-02-01,NA,NA,NA,6265136,NA,NA
"5154",2017-02-02,NA,NA,NA,6265136,NA,NA
"5155",2017-02-03,NA,NA,NA,6265136,NA,NA
"5156",2017-02-04,NA,NA,NA,6265136,NA,NA
"5157",2017-02-05,NA,NA,NA,6265136,NA,NA
"5158",2017-02-06,NA,NA,NA,6265136,NA,NA
"5159",2017-02-07,NA,NA,NA,6265136,NA,NA
"5160",2017-02-08,NA,NA,NA,6265136,NA,NA
"5161",2017-02-09,NA,NA,NA,6265136,NA,NA
"5162",2017-02-10,NA,NA,NA,6265136,NA,NA
"5163",2017-02-11,NA,NA,NA,6265136,NA,NA
"5164",2017-02-12,NA,NA,NA,6265136,NA,NA
"5165",2017-02-13,NA,NA,NA,6265136,NA,NA
"5166",2017-02-14,NA,NA,NA,6265136,NA,NA
"5167",2017-02-15,NA,NA,NA,6265136,NA,NA
"5168",2017-02-16,NA,NA,NA,6265136,NA,NA
"5169",2017-02-17,NA,NA,NA,6265136,NA,NA
"5170",2017-02-18,NA,NA,NA,6265136,NA,NA
"5171",2017-02-19,NA,NA,NA,6265136,NA,NA
"5172",2017-02-20,NA,NA,NA,6265136,NA,NA
"5173",2017-02-21,NA,NA,NA,6265136,NA,NA
"5174",2017-02-22,NA,NA,NA,6265136,NA,NA
"5175",2017-02-23,NA,NA,NA,6265136,NA,NA
"5176",2017-02-24,NA,NA,NA,6265136,NA,NA
"5177",2017-02-25,NA,NA,NA,6265136,NA,NA
"5178",2017-02-26,NA,NA,NA,6265136,NA,NA
"5179",2017-02-27,NA,NA,NA,6265136,NA,NA
"5180",2017-02-28,NA,NA,NA,6265136,NA,NA
"5181",2017-03-01,NA,NA,NA,6265136,NA,NA
"5182",2017-03-02,NA,NA,NA,6265136,NA,NA
"5183",2017-03-03,NA,NA,NA,6265136,NA,NA
"5184",2017-03-04,NA,NA,NA,6265136,NA,NA
"5185",2017-03-05,NA,NA,NA,6265136,NA,NA
"5186",2017-03-06,NA,NA,NA,6265136,NA,NA
"5187",2017-03-07,NA,NA,NA,6265136,NA,NA
"5188",2017-03-08,NA,NA,NA,6265136,NA,NA
"5189",2017-03-09,NA,NA,NA,6265136,NA,NA
"5190",2017-03-10,NA,NA,NA,6265136,NA,NA
"5191",2017-03-11,NA,NA,NA,6265136,NA,NA
"5192",2017-03-12,NA,NA,NA,6265136,NA,NA
"5193",2017-03-13,NA,NA,NA,6265136,NA,NA
"5194",2017-03-14,NA,NA,NA,6265136,NA,NA
"5195",2017-03-15,NA,NA,NA,6265136,NA,NA
"5196",2017-03-16,NA,NA,NA,6265136,NA,NA
"5197",2017-03-17,NA,NA,NA,6265136,NA,NA
"5198",2017-03-18,NA,NA,NA,6265136,NA,NA
"5199",2017-03-19,NA,NA,NA,6265136,NA,NA
"5200",2017-03-20,NA,NA,NA,6265136,NA,NA
"5201",2017-03-21,NA,NA,NA,6265136,NA,NA
"5202",2017-03-22,NA,NA,NA,6265136,NA,NA
"5203",2017-03-23,NA,NA,NA,6265136,NA,NA
"5204",2017-03-24,NA,NA,NA,6265136,NA,NA
"5205",2017-03-25,NA,NA,NA,6265136,NA,NA
"5206",2017-03-26,NA,NA,NA,6265136,NA,NA
"5207",2017-03-27,NA,NA,NA,6265136,NA,NA
"5208",2017-03-28,NA,NA,NA,6265136,NA,NA
"5209",2017-03-29,NA,NA,NA,6265136,NA,NA
"5210",2017-03-30,NA,NA,NA,6265136,NA,NA
"5211",2017-03-31,NA,NA,NA,6265136,NA,NA
"5212",2017-04-01,NA,NA,NA,6265136,NA,NA
"5213",2017-04-02,NA,NA,NA,6265136,NA,NA
"5214",2017-04-03,NA,NA,NA,6265136,NA,NA
"5215",2017-04-04,NA,NA,NA,6265136,NA,NA
"5216",2017-04-05,NA,NA,NA,6265136,NA,NA
"5217",2017-04-06,NA,NA,NA,6265136,NA,NA
"5218",2017-04-07,NA,NA,NA,6265136,NA,NA
"5219",2017-04-08,NA,NA,NA,6265136,NA,NA
"5220",2017-04-09,NA,NA,NA,6265136,NA,NA
"5221",2017-04-10,NA,NA,NA,6265136,NA,NA
"5222",2017-04-11,NA,NA,NA,6265136,NA,NA
"5223",2017-04-12,NA,NA,NA,6265136,NA,NA
"5224",2017-04-13,NA,NA,NA,6265136,NA,NA
"5225",2017-04-14,NA,NA,NA,6265136,NA,NA
"5226",2017-04-15,NA,NA,NA,6265136,NA,NA
"5227",2017-04-16,NA,NA,NA,6265136,NA,NA
"5228",2017-04-17,NA,NA,NA,6265136,NA,NA
"5229",2017-04-18,NA,NA,NA,6265136,NA,NA
"5230",2017-04-19,NA,NA,NA,6265136,NA,NA
"5231",2017-04-20,NA,NA,NA,6265136,NA,NA
"5232",2017-04-21,NA,NA,NA,6265136,NA,NA
"5233",2017-04-22,NA,NA,NA,6265136,NA,NA
"5234",2017-04-23,NA,NA,NA,6265136,NA,NA
"5235",2017-04-24,NA,NA,NA,6265136,NA,NA
"5236",2017-04-25,NA,NA,NA,6265136,NA,NA
"5237",2017-04-26,NA,NA,NA,6265136,NA,NA
"5238",2017-04-27,NA,NA,NA,6265136,NA,NA
"5239",2017-04-28,NA,NA,NA,6265136,NA,NA
"5240",2017-04-29,NA,NA,NA,6265136,NA,NA
"5241",2017-04-30,NA,NA,NA,6265136,NA,NA
"5242",2017-05-01,NA,NA,NA,6265136,NA,NA
"5243",2017-05-02,NA,NA,NA,6265136,NA,NA
"5244",2017-05-03,NA,NA,NA,6265136,NA,NA
"5245",2017-05-04,NA,NA,NA,6265136,NA,NA
"5246",2017-05-05,NA,NA,NA,6265136,NA,NA
"5247",2017-05-06,NA,NA,NA,6265136,NA,NA
"5248",2017-05-07,NA,NA,NA,6265136,NA,NA
"5249",2017-05-08,NA,NA,NA,6265136,NA,NA
"5250",2017-05-09,NA,NA,NA,6265136,NA,NA
"5251",2017-05-10,NA,NA,NA,6265136,NA,NA
"5252",2017-05-11,NA,NA,NA,6265136,NA,NA
"5253",2017-05-12,NA,NA,NA,6265136,NA,NA
"5254",2017-05-13,NA,NA,NA,6265136,NA,NA
"5255",2017-05-14,NA,NA,NA,6265136,NA,NA
"5256",2017-05-15,NA,NA,NA,6265136,NA,NA
"5257",2017-05-16,NA,NA,NA,6265136,NA,NA
"5258",2017-05-17,NA,NA,NA,6265136,NA,NA
"5259",2017-05-18,NA,NA,NA,6265136,NA,NA
"5260",2017-05-19,NA,NA,NA,6265136,NA,NA
"5261",2017-05-20,NA,NA,NA,6265136,NA,NA
"5262",2017-05-21,NA,NA,NA,6265136,NA,NA
"5263",2017-05-22,NA,NA,NA,6265136,NA,NA
"5264",2017-05-23,NA,NA,NA,6265136,NA,NA
"5265",2017-05-24,NA,NA,NA,6265136,NA,NA
"5266",2017-05-25,NA,NA,NA,6265136,NA,NA
"5267",2017-05-26,NA,NA,NA,6265136,NA,NA
"5268",2017-05-27,NA,NA,NA,6265136,NA,NA
"5269",2017-05-28,NA,NA,NA,6265136,NA,NA
"5270",2017-05-29,NA,NA,NA,6265136,NA,NA
"5271",2017-05-30,NA,NA,NA,6265136,NA,NA
"5272",2017-05-31,NA,NA,NA,6265136,NA,NA
"5273",2017-06-01,NA,NA,NA,6265136,NA,NA
"5274",2017-06-02,NA,NA,NA,6265136,NA,NA
"5275",2017-06-03,NA,NA,NA,6265136,NA,NA
"5276",2017-06-04,NA,NA,NA,6265136,NA,NA
"5277",2017-06-05,NA,NA,NA,6265136,NA,NA
"5278",2017-06-06,NA,NA,NA,6265136,NA,NA
"5279",2017-06-07,NA,NA,NA,6265136,NA,NA
"5280",2017-06-08,NA,NA,NA,6265136,NA,NA
"5281",2017-06-09,NA,NA,NA,6265136,NA,NA
"5282",2017-06-10,NA,NA,NA,6265136,NA,NA
"5283",2017-06-11,NA,NA,NA,6265136,NA,NA
"5284",2017-06-12,NA,NA,NA,6265136,NA,NA
"5285",2017-06-13,NA,NA,NA,6265136,NA,NA
"5286",2017-06-14,NA,NA,NA,6265136,NA,NA
"5287",2017-06-15,NA,NA,NA,6265136,NA,NA
"5288",2017-06-16,NA,NA,NA,6265136,NA,NA
"5289",2017-06-17,NA,NA,NA,6265136,NA,NA
"5290",2017-06-18,NA,NA,NA,6265136,NA,NA
"5291",2017-06-19,NA,NA,NA,6265136,NA,NA
"5292",2017-06-20,NA,NA,NA,6265136,NA,NA
"5293",2017-06-21,NA,NA,NA,6265136,NA,NA
"5294",2017-06-22,NA,NA,NA,6265136,NA,NA
"5295",2017-06-23,NA,NA,NA,6265136,NA,NA
"5296",2017-06-24,NA,NA,NA,6265136,NA,NA
"5297",2017-06-25,NA,NA,NA,6265136,NA,NA
"5298",2017-06-26,NA,NA,NA,6265136,NA,NA
"5299",2017-06-27,NA,NA,NA,6265136,NA,NA
"5300",2017-06-28,NA,NA,NA,6265136,NA,NA
"5301",2017-06-29,NA,NA,NA,6265136,NA,NA
"5302",2017-06-30,NA,NA,NA,6265136,NA,NA
"5303",2017-07-01,NA,NA,NA,6265136,NA,NA
"5304",2017-07-02,NA,NA,NA,6265136,NA,NA
"5305",2017-07-03,NA,NA,NA,6265136,NA,NA
"5306",2017-07-04,NA,NA,NA,6265136,NA,NA
"5307",2017-07-05,NA,NA,NA,6265136,NA,NA
"5308",2017-07-06,NA,NA,NA,6265136,NA,NA
"5309",2017-07-07,NA,NA,NA,6265136,NA,NA
"5310",2017-07-08,NA,NA,NA,6265136,NA,NA
"5311",2017-07-09,NA,NA,NA,6265136,NA,NA
"5312",2017-07-10,NA,NA,NA,6265136,NA,NA
"5313",2017-07-11,NA,NA,NA,6265136,NA,NA
"5314",2017-07-12,NA,NA,NA,6265136,NA,NA
"5315",2017-07-13,NA,NA,NA,6265136,NA,NA
"5316",2017-07-14,NA,NA,NA,6265136,NA,NA
"5317",2017-07-15,NA,NA,NA,6265136,NA,NA
"5318",2017-07-16,NA,NA,NA,6265136,NA,NA
"5319",2017-07-17,NA,NA,NA,6265136,NA,NA
"5320",2017-07-18,NA,NA,NA,6265136,NA,NA
"5321",2017-07-19,NA,NA,NA,6265136,NA,NA
"5322",2017-07-20,NA,NA,NA,6265136,NA,NA
"5323",2017-07-21,NA,NA,NA,6265136,NA,NA
"5324",2017-07-22,NA,NA,NA,6265136,NA,NA
"5325",2017-07-23,NA,NA,NA,6265136,NA,NA
"5326",2017-07-24,NA,NA,NA,6265136,NA,NA
"5327",2017-07-25,NA,NA,NA,6265136,NA,NA
"5328",2017-07-26,NA,NA,NA,6265136,NA,NA
"5329",2017-07-27,NA,NA,NA,6265136,NA,NA
"5330",2017-07-28,NA,NA,NA,6265136,NA,NA
"5331",2017-07-29,NA,NA,NA,6265136,NA,NA
"5332",2017-07-30,NA,NA,NA,6265136,NA,NA
"5333",2017-07-31,NA,NA,NA,6265136,NA,NA
"5334",2017-08-01,NA,NA,NA,6265136,NA,NA
"5335",2017-08-02,NA,NA,NA,6265136,NA,NA
"5336",2017-08-03,NA,NA,NA,6265136,NA,NA
"5337",2017-08-04,NA,NA,NA,6265136,NA,NA
"5338",2017-08-05,NA,NA,NA,6265136,NA,NA
"5339",2017-08-06,NA,NA,NA,6265136,NA,NA
"5340",2017-08-07,NA,NA,NA,6265136,NA,NA
"5341",2017-08-08,NA,NA,NA,6265136,NA,NA
"5342",2017-08-09,NA,NA,NA,6265136,NA,NA
"5343",2017-08-10,NA,NA,NA,6265136,NA,NA
"5344",2017-08-11,NA,NA,NA,6265136,NA,NA
"5345",2017-08-12,NA,NA,NA,6265136,NA,NA
"5346",2017-08-13,NA,NA,NA,6265136,NA,NA
"5347",2017-08-14,NA,NA,NA,6265136,NA,NA
"5348",2017-08-15,NA,NA,NA,6265136,NA,NA
"5349",2017-08-16,NA,NA,NA,6265136,NA,NA
"5350",2017-08-17,NA,NA,NA,6265136,NA,NA
"5351",2017-08-18,NA,NA,NA,6265136,NA,NA
"5352",2017-08-19,NA,NA,NA,6265136,NA,NA
"5353",2017-08-20,NA,NA,NA,6265136,NA,NA
"5354",2017-08-21,NA,NA,NA,6265136,NA,NA
"5355",2017-08-22,NA,NA,NA,6265136,NA,NA
"5356",2017-08-23,NA,NA,NA,6265136,NA,NA
"5357",2017-08-24,NA,NA,NA,6265136,NA,NA
"5358",2017-08-25,NA,NA,NA,6265136,NA,NA
"5359",2017-08-26,NA,NA,NA,6265136,NA,NA
"5360",2017-08-27,NA,NA,NA,6265136,NA,NA
"5361",2017-08-28,NA,NA,NA,6265136,NA,NA
"5362",2017-08-29,NA,NA,NA,6265136,NA,NA
"5363",2017-08-30,NA,NA,NA,6265136,NA,NA
"5364",2017-08-31,NA,NA,NA,6265136,NA,NA
"5365",2017-09-01,NA,NA,NA,6265136,NA,NA
"5366",2017-09-02,NA,NA,NA,6265136,NA,NA
"5367",2017-09-03,NA,NA,NA,6265136,NA,NA
"5368",2017-09-04,NA,NA,NA,6265136,NA,NA
"5369",2017-09-05,NA,NA,NA,6265136,NA,NA
"5370",2017-09-06,NA,NA,NA,6265136,NA,NA
"5371",2017-09-07,NA,NA,NA,6265136,NA,NA
"5372",2017-09-08,NA,NA,NA,6265136,NA,NA
"5373",2017-09-09,NA,NA,NA,6265136,NA,NA
"5374",2017-09-10,NA,NA,NA,6265136,NA,NA
"5375",2017-09-11,NA,NA,NA,6265136,NA,NA
"5376",2017-09-12,NA,NA,NA,6265136,NA,NA
"5377",2017-09-13,NA,NA,NA,6265136,NA,NA
"5378",2017-09-14,NA,NA,NA,6265136,NA,NA
"5379",2017-09-15,NA,NA,NA,6265136,NA,NA
"5380",2017-09-16,NA,NA,NA,6265136,NA,NA
"5381",2017-09-17,NA,NA,NA,6265136,NA,NA
"5382",2017-09-18,NA,NA,NA,6265136,NA,NA
"5383",2017-09-19,NA,NA,NA,6265136,NA,NA
"5384",2017-09-20,NA,NA,NA,6265136,NA,NA
"5385",2017-09-21,NA,NA,NA,6265136,NA,NA
"5386",2017-09-22,NA,NA,NA,6265136,NA,NA
"5387",2017-09-23,NA,NA,NA,6265136,NA,NA
"5388",2017-09-24,NA,NA,NA,6265136,NA,NA
"5389",2017-09-25,NA,NA,NA,6265136,NA,NA
"5390",2017-09-26,NA,NA,NA,6265136,NA,NA
"5391",2017-09-27,NA,NA,NA,6265136,NA,NA
"5392",2017-09-28,NA,NA,NA,6265136,NA,NA
"5393",2017-09-29,NA,NA,NA,6265136,NA,NA
"5394",2017-09-30,NA,NA,NA,6265136,NA,NA
"5395",2017-10-01,NA,NA,NA,6265136,NA,NA
"5396",2017-10-02,NA,NA,NA,6265136,NA,NA
"5397",2017-10-03,NA,NA,NA,6265136,NA,NA
"5398",2017-10-04,NA,NA,NA,6265136,NA,NA
"5399",2017-10-05,NA,NA,NA,6265136,NA,NA
"5400",2017-10-06,NA,NA,NA,6265136,NA,NA
"5401",2017-10-07,NA,NA,NA,6265136,NA,NA
"5402",2017-10-08,NA,NA,NA,6265136,NA,NA
"5403",2017-10-09,NA,NA,NA,6265136,NA,NA
"5404",2017-10-10,NA,NA,NA,6265136,NA,NA
"5405",2017-10-11,NA,NA,NA,6265136,NA,NA
"5406",2017-10-12,NA,NA,NA,6265136,NA,NA
"5407",2017-10-13,NA,NA,NA,6265136,NA,NA
"5408",2017-10-14,NA,NA,NA,6265136,NA,NA
"5409",2017-10-15,NA,NA,NA,6265136,NA,NA
"5410",2017-10-16,NA,NA,NA,6265136,NA,NA
"5411",2017-10-17,NA,NA,NA,6265136,NA,NA
"5412",2017-10-18,NA,NA,NA,6265136,NA,NA
"5413",2017-10-19,NA,NA,NA,6265136,NA,NA
"5414",2017-10-20,NA,NA,NA,6265136,NA,NA
"5415",2017-10-21,NA,NA,NA,6265136,NA,NA
"5416",2017-10-22,NA,NA,NA,6265136,NA,NA
"5417",2017-10-23,NA,NA,NA,6265136,NA,NA
"5418",2017-10-24,NA,NA,NA,6265136,NA,NA
"5419",2017-10-25,NA,NA,NA,6265136,NA,NA
"5420",2017-10-26,NA,NA,NA,6265136,NA,NA
"5421",2017-10-27,NA,NA,NA,6265136,NA,NA
"5422",2017-10-28,NA,NA,NA,6265136,NA,NA
"5423",2017-10-29,NA,NA,NA,6265136,NA,NA
"5424",2017-10-30,NA,NA,NA,6265136,NA,NA
"5425",2017-10-31,NA,NA,NA,6265136,NA,NA
"5426",2017-11-01,NA,NA,NA,6265136,NA,NA
"5427",2017-11-02,NA,NA,NA,6265136,NA,NA
"5428",2017-11-03,NA,NA,NA,6265136,NA,NA
"5429",2017-11-04,NA,NA,NA,6265136,NA,NA
"5430",2017-11-05,NA,NA,NA,6265136,NA,NA
"5431",2017-11-06,NA,NA,NA,6265136,NA,NA
"5432",2017-11-07,NA,NA,NA,6265136,NA,NA
"5433",2017-11-08,NA,NA,NA,6265136,NA,NA
"5434",2017-11-09,NA,NA,NA,6265136,NA,NA
"5435",2017-11-10,NA,NA,NA,6265136,NA,NA
"5436",2017-11-11,NA,NA,NA,6265136,NA,NA
"5437",2017-11-12,NA,NA,NA,6265136,NA,NA
"5438",2017-11-13,NA,NA,NA,6265136,NA,NA
"5439",2017-11-14,NA,NA,NA,6265136,NA,NA
"5440",2017-11-15,NA,NA,NA,6265136,NA,NA
"5441",2017-11-16,NA,NA,NA,6265136,NA,NA
"5442",2017-11-17,NA,NA,NA,6265136,NA,NA
"5443",2017-11-18,NA,NA,NA,6265136,NA,NA
"5444",2017-11-19,NA,NA,NA,6265136,NA,NA
"5445",2017-11-20,NA,NA,NA,6265136,NA,NA
"5446",2017-11-21,NA,NA,NA,6265136,NA,NA
"5447",2017-11-22,NA,NA,NA,6265136,NA,NA
"5448",2017-11-23,NA,NA,NA,6265136,NA,NA
"5449",2017-11-25,NA,NA,NA,6265136,NA,NA
"5450",2018-01-16,NA,NA,NA,6265136,NA,NA
"5451",2018-01-17,NA,NA,NA,6265136,NA,NA
"5452",2018-01-18,NA,NA,NA,6265136,NA,NA
"5453",2018-01-19,NA,NA,NA,6265136,NA,NA
"5454",2018-01-20,NA,NA,NA,6265136,NA,NA
"5455",2018-01-21,NA,NA,NA,6265136,NA,NA
"5456",2018-01-22,NA,NA,NA,6265136,NA,NA
"5457",2018-01-23,NA,NA,NA,6265136,NA,NA
"5458",2018-01-24,NA,NA,NA,6265136,NA,NA
"5459",2018-01-25,NA,NA,NA,6265136,NA,NA
"5460",2018-01-26,NA,NA,NA,6265136,NA,NA
"5461",2018-01-27,NA,NA,NA,6265136,NA,NA
"5462",2018-01-28,NA,NA,NA,6265136,NA,NA
"5463",2018-01-29,NA,NA,NA,6265136,NA,NA
"5464",2018-01-30,NA,NA,NA,6265136,NA,NA
"5465",2018-01-31,NA,NA,NA,6265136,NA,NA
"5466",2018-02-01,NA,NA,NA,6265136,NA,NA
"5467",2018-02-02,NA,NA,NA,6265136,NA,NA
"5468",2018-02-03,NA,NA,NA,6265136,NA,NA
"5469",2018-02-04,NA,NA,NA,6265136,NA,NA
"5470",2018-02-05,NA,NA,NA,6265136,NA,NA
"5471",2018-02-06,NA,NA,NA,6265136,NA,NA
"5472",2018-02-07,NA,NA,NA,6265136,NA,NA
"5473",2018-02-08,NA,NA,NA,6265136,NA,NA
"5474",2018-02-09,NA,NA,NA,6265136,NA,NA
"5475",2018-02-10,NA,NA,NA,6265136,NA,NA
"5476",2018-02-11,NA,NA,NA,6265136,NA,NA
"5477",2018-02-12,NA,NA,NA,6265136,NA,NA
"5478",2018-02-13,NA,NA,NA,6265136,NA,NA
"5479",2018-02-14,NA,NA,NA,6265136,NA,NA
"5480",2018-02-15,NA,NA,NA,6265136,NA,NA
"5481",2018-02-16,NA,NA,NA,6265136,NA,NA
"5482",2018-02-17,NA,NA,NA,6265136,NA,NA
"5483",2018-02-18,NA,NA,NA,6265136,NA,NA
"5484",2018-02-19,NA,NA,NA,6265136,NA,NA
"5485",2018-02-20,NA,NA,NA,6265136,NA,NA
"5486",2018-02-21,NA,NA,NA,6265136,NA,NA
"5487",2018-02-22,NA,NA,NA,6265136,NA,NA
"5488",2018-02-23,NA,NA,NA,6265136,NA,NA
"5489",2018-02-24,NA,NA,NA,6265136,NA,NA
"5490",2018-02-25,NA,NA,NA,6265136,NA,NA
"5491",2018-02-26,NA,NA,NA,6265136,NA,NA
"5492",2018-02-27,NA,NA,NA,6265136,NA,NA
"5493",2018-02-28,NA,NA,NA,6265136,NA,NA
"5494",2018-03-01,NA,NA,NA,6265136,NA,NA
"5495",2018-03-02,NA,NA,NA,6265136,NA,NA
"5496",2018-03-03,NA,NA,NA,6265136,NA,NA
"5497",2018-03-04,NA,NA,NA,6265136,NA,NA
"5498",2018-03-05,NA,NA,NA,6265136,NA,NA
"5499",2018-03-06,NA,NA,NA,6265136,NA,NA
"5500",2018-03-07,NA,NA,NA,6265136,NA,NA
"5501",2018-03-08,NA,NA,NA,6265136,NA,NA
"5502",2018-03-09,NA,NA,NA,6265136,NA,NA
"5503",2018-03-10,NA,NA,NA,6265136,NA,NA
"5504",2018-03-11,NA,NA,NA,6265136,NA,NA
"5505",2018-03-12,NA,NA,NA,6265136,NA,NA
"5506",2018-03-13,NA,NA,NA,6265136,NA,NA
"5507",2018-03-14,NA,NA,NA,6265136,NA,NA
"5508",2018-03-15,NA,NA,NA,6265136,NA,NA
"5509",2018-03-16,NA,NA,NA,6265136,NA,NA
"5510",2018-03-17,NA,NA,NA,6265136,NA,NA
"5511",2018-03-18,NA,NA,NA,6265136,NA,NA
"5512",2018-03-19,NA,NA,NA,6265136,NA,NA
"5513",2018-03-20,NA,NA,NA,6265136,NA,NA
"5514",2018-03-21,NA,NA,NA,6265136,NA,NA
"5515",2018-03-22,NA,NA,NA,6265136,NA,NA
"5516",2018-03-23,NA,NA,NA,6265136,NA,NA
"5517",2018-03-24,NA,NA,NA,6265136,NA,NA
"5518",2018-03-25,NA,NA,NA,6265136,NA,NA
"5519",2018-03-26,NA,NA,NA,6265136,NA,NA
"5520",2018-03-27,NA,NA,NA,6265136,NA,NA
"5521",2018-03-28,NA,NA,NA,6265136,NA,NA
"5522",2018-03-29,NA,NA,NA,6265136,NA,NA
"5523",2018-03-30,NA,NA,NA,6265136,NA,NA
"5524",2018-03-31,NA,NA,NA,6265136,NA,NA
"5525",2018-04-01,NA,NA,NA,6265136,NA,NA
"5526",2018-04-02,NA,NA,NA,6265136,NA,NA
"5527",2018-04-03,NA,NA,NA,6265136,NA,NA
"5528",2018-04-04,NA,NA,NA,6265136,NA,NA
"5529",2018-04-05,NA,NA,NA,6265136,NA,NA
"5530",2018-04-06,NA,NA,NA,6265136,NA,NA
"5531",2018-04-07,NA,NA,NA,6265136,NA,NA
"5532",2018-04-08,NA,NA,NA,6265136,NA,NA
"5533",2018-04-09,NA,NA,NA,6265136,NA,NA
"5534",2018-04-10,NA,NA,NA,6265136,NA,NA
"5535",2018-04-11,NA,NA,NA,6265136,NA,NA
"5536",2018-04-12,NA,NA,NA,6265136,NA,NA
"5537",2018-04-13,NA,NA,NA,6265136,NA,NA
"5538",2018-04-14,NA,NA,NA,6265136,NA,NA
"5539",2018-04-15,NA,NA,NA,6265136,NA,NA
"5540",2018-04-16,NA,NA,NA,6265136,NA,NA
"5541",2018-04-17,NA,NA,NA,6265136,NA,NA
"5542",2018-04-18,NA,NA,NA,6265136,NA,NA
"5543",2018-04-19,NA,NA,NA,6265136,NA,NA
"5544",2018-04-20,NA,NA,NA,6265136,NA,NA
"5545",2018-04-21,NA,NA,NA,6265136,NA,NA
"5546",2018-04-22,NA,NA,NA,6265136,NA,NA
"5547",2018-04-23,NA,NA,NA,6265136,NA,NA
"5548",2018-04-24,NA,NA,NA,6265136,NA,NA
"5549",2018-04-25,NA,NA,NA,6265136,NA,NA
"5550",2018-04-26,NA,NA,NA,6265136,NA,NA
"5551",2018-04-27,NA,NA,NA,6265136,NA,NA
"5552",2018-04-28,NA,NA,NA,6265136,NA,NA
"5553",2018-04-29,NA,NA,NA,6265136,NA,NA
"5554",2018-04-30,NA,NA,NA,6265136,NA,NA
"5555",2018-05-01,NA,NA,NA,6265136,NA,NA
"5556",2018-05-02,NA,NA,NA,6265136,NA,NA
"5557",2018-05-03,NA,NA,NA,6265136,NA,NA
"5558",2018-05-04,NA,NA,NA,6265136,NA,NA
"5559",2018-05-05,NA,NA,NA,6265136,NA,NA
"5560",2018-05-06,NA,NA,NA,6265136,NA,NA
"5561",2018-05-07,NA,NA,NA,6265136,NA,NA
"5562",2018-05-08,NA,NA,NA,6265136,NA,NA
"5563",2018-05-09,NA,NA,NA,6265136,NA,NA
"5564",2018-05-10,NA,NA,NA,6265136,NA,NA
"5565",2018-05-11,NA,NA,NA,6265136,NA,NA
"5566",2018-05-12,NA,NA,NA,6265136,NA,NA
"5567",2018-05-13,NA,NA,NA,6265136,NA,NA
"5568",2018-05-14,NA,NA,NA,6265136,NA,NA
"5569",2018-05-15,NA,NA,NA,6265136,NA,NA
"5570",2018-05-16,NA,NA,NA,6265136,NA,NA
"5571",2018-05-17,NA,NA,NA,6265136,NA,NA
"5572",2018-05-18,NA,NA,NA,6265136,NA,NA
"5573",2018-05-19,NA,NA,NA,6265136,NA,NA
"5574",2018-05-20,NA,NA,NA,6265136,NA,NA
"5575",2018-05-21,NA,NA,NA,6265136,NA,NA
"5576",2018-05-22,NA,NA,NA,6265136,NA,NA
"5577",2018-05-23,NA,NA,NA,6265136,NA,NA
"5578",2018-05-24,NA,NA,NA,6265136,NA,NA
"5579",2018-05-25,NA,NA,NA,6265136,NA,NA
"5580",2018-05-26,NA,NA,NA,6265136,NA,NA
"5581",2018-05-27,NA,NA,NA,6265136,NA,NA
"5582",2018-05-28,NA,NA,NA,6265136,NA,NA
"5583",2018-05-29,NA,NA,NA,6265136,NA,NA
"5584",2018-05-30,NA,NA,NA,6265136,NA,NA
"5585",2018-05-31,NA,NA,NA,6265136,NA,NA
"5586",2018-06-01,NA,NA,NA,6265136,NA,NA
"5587",2018-06-02,NA,NA,NA,6265136,NA,NA
"5588",2018-06-03,NA,NA,NA,6265136,NA,NA
"5589",2018-06-04,NA,NA,NA,6265136,NA,NA
"5590",2018-06-05,NA,NA,NA,6265136,NA,NA
"5591",2018-06-06,NA,NA,NA,6265136,NA,NA
"5592",2018-06-07,NA,NA,NA,6265136,NA,NA
"5593",2018-06-08,NA,NA,NA,6265136,NA,NA
"5594",2018-06-09,NA,NA,NA,6265136,NA,NA
"5595",2018-06-10,NA,NA,NA,6265136,NA,NA
"5596",2018-06-11,NA,NA,NA,6265136,NA,NA
"5597",2018-06-12,NA,NA,NA,6265136,NA,NA
"5598",2018-06-13,NA,NA,NA,6265136,NA,NA
"5599",2018-06-14,NA,NA,NA,6265136,NA,NA
"5600",2018-06-15,NA,NA,NA,6265136,NA,NA
"5601",2018-06-16,NA,NA,NA,6265136,NA,NA
"5602",2018-06-17,NA,NA,NA,6265136,NA,NA
"5603",2018-06-18,NA,NA,NA,6265136,NA,NA
"5604",2018-06-19,NA,NA,NA,6265136,NA,NA
"5605",2018-06-20,NA,NA,NA,6265136,NA,NA
"5606",2018-06-21,NA,NA,NA,6265136,NA,NA
"5607",2018-06-22,NA,NA,NA,6265136,NA,NA
"5608",2018-06-23,NA,NA,NA,6265136,NA,NA
"5609",2018-06-24,NA,NA,NA,6265136,NA,NA
"5610",2018-06-25,NA,NA,NA,6265136,NA,NA
"5611",2018-06-26,NA,NA,NA,6265136,NA,NA
"5612",2018-06-27,NA,NA,NA,6265136,NA,NA
"5613",2018-06-28,NA,NA,NA,6265136,NA,NA
"5614",2018-06-29,NA,NA,NA,6265136,NA,NA
"5615",2018-06-30,NA,NA,NA,6265136,NA,NA
"5616",2018-07-01,NA,NA,NA,6265136,NA,NA
"5617",2018-07-02,NA,NA,NA,6265136,NA,NA
"5618",2018-07-03,NA,NA,NA,6265136,NA,NA
"5619",2018-07-04,NA,NA,NA,6265136,NA,NA
"5620",2018-07-05,NA,NA,NA,6265136,NA,NA
"5621",2018-07-06,NA,NA,NA,6265136,NA,NA
"5622",2018-07-07,NA,NA,NA,6265136,NA,NA
"5623",2018-07-08,NA,NA,NA,6265136,NA,NA
"5624",2018-07-09,NA,NA,NA,6265136,NA,NA
"5625",2018-07-10,NA,NA,NA,6265136,NA,NA
"5626",2018-07-11,NA,NA,NA,6265136,NA,NA
"5627",2018-07-12,NA,NA,NA,6265136,NA,NA
"5628",2018-07-13,NA,NA,NA,6265136,NA,NA
"5629",2018-07-14,NA,NA,NA,6265136,NA,NA
"5630",2018-07-15,NA,NA,NA,6265136,NA,NA
"5631",2018-07-16,NA,NA,NA,6265136,NA,NA
"5632",2018-07-17,NA,NA,NA,6265136,NA,NA
"5633",2018-07-18,NA,NA,NA,6265136,NA,NA
"5634",2018-07-19,NA,NA,NA,6265136,NA,NA
"5635",2018-07-20,NA,NA,NA,6265136,NA,NA
"5636",2018-07-21,NA,NA,NA,6265136,NA,NA
"5637",2018-07-22,NA,NA,NA,6265136,NA,NA
"5638",2018-07-23,NA,NA,NA,6265136,NA,NA
"5639",2018-07-24,NA,NA,NA,6265136,NA,NA
"5640",2018-07-25,NA,NA,NA,6265136,NA,NA
"5641",2018-07-26,NA,NA,NA,6265136,NA,NA
"5642",2018-07-27,NA,NA,NA,6265136,NA,NA
"5643",2018-07-28,NA,NA,NA,6265136,NA,NA
"5644",2018-07-29,NA,NA,NA,6265136,NA,NA
"5645",2018-07-30,NA,NA,NA,6265136,NA,NA
"5646",2018-07-31,NA,NA,NA,6265136,NA,NA
"5647",2018-08-01,NA,NA,NA,6265136,NA,NA
"5648",2018-08-02,NA,NA,NA,6265136,NA,NA
"5649",2018-08-03,NA,NA,NA,6265136,NA,NA
"5650",2018-08-04,NA,NA,NA,6265136,NA,NA
"5651",2018-08-05,NA,NA,NA,6265136,NA,NA
"5652",2018-08-06,NA,NA,NA,6265136,NA,NA
"5653",2018-08-07,NA,NA,NA,6265136,NA,NA
"5654",2018-08-08,NA,NA,NA,6265136,NA,NA
"5655",2018-08-09,NA,NA,NA,6265136,NA,NA
"5656",2018-08-10,NA,NA,NA,6265136,NA,NA
"5657",2018-08-11,NA,NA,NA,6265136,NA,NA
"5658",2018-08-12,NA,NA,NA,6265136,NA,NA
"5659",2018-08-13,NA,NA,NA,6265136,NA,NA
"5660",2018-08-14,NA,NA,NA,6265136,NA,NA
"5661",2018-08-15,NA,NA,NA,6265136,NA,NA
"5662",2018-08-16,NA,NA,NA,6265136,NA,NA
"5663",2018-08-17,NA,NA,NA,6265136,NA,NA
"5664",2018-08-18,NA,NA,NA,6265136,NA,NA
"5665",2018-08-19,NA,NA,NA,6265136,NA,NA
"5666",2018-08-20,NA,NA,NA,6265136,NA,NA
"5667",2018-08-21,NA,NA,NA,6265136,NA,NA
"5668",2018-08-22,NA,NA,NA,6265136,NA,NA
"5669",2018-08-23,NA,NA,NA,6265136,NA,NA
"5670",2018-08-24,NA,NA,NA,6265136,NA,NA
"5671",2018-08-25,NA,NA,NA,6265136,NA,NA
"5672",2018-08-26,NA,NA,NA,6265136,NA,NA
"5673",2018-08-27,NA,NA,NA,6265136,NA,NA
"5674",2018-08-28,NA,NA,NA,6265136,NA,NA
"5675",2018-08-29,NA,NA,NA,6265136,NA,NA
"5676",2018-08-30,NA,NA,NA,6265136,NA,NA
"5677",2018-08-31,NA,NA,NA,6265136,NA,NA
"5678",2018-09-01,NA,NA,NA,6265136,NA,NA
"5679",2018-09-02,NA,NA,NA,6265136,NA,NA
"5680",2018-09-03,NA,NA,NA,6265136,NA,NA
"5681",2018-09-04,NA,NA,NA,6265136,NA,NA
"5682",2018-09-05,NA,NA,NA,6265136,NA,NA
"5683",2018-09-06,NA,NA,NA,6265136,NA,NA
"5684",2018-09-07,NA,NA,NA,6265136,NA,NA
"5685",2018-09-08,NA,NA,NA,6265136,NA,NA
"5686",2018-09-09,NA,NA,NA,6265136,NA,NA
"5687",2018-09-10,NA,NA,NA,6265136,NA,NA
"5688",2018-09-11,NA,NA,NA,6265136,NA,NA
"5689",2018-09-12,NA,NA,NA,6265136,NA,NA
"5690",2018-09-13,NA,NA,NA,6265136,NA,NA
"5691",2018-09-14,NA,NA,NA,6265136,NA,NA
"5692",2018-09-15,NA,NA,NA,6265136,NA,NA
"5693",2018-09-16,NA,NA,NA,6265136,NA,NA
"5694",2018-09-17,NA,NA,NA,6265136,NA,NA
"5695",2018-09-18,NA,NA,NA,6265136,NA,NA
"5696",2018-09-19,NA,NA,NA,6265136,NA,NA
"5697",2018-09-20,NA,NA,NA,6265136,NA,NA
"5698",2018-09-21,NA,NA,NA,6265136,NA,NA
"5699",2018-09-22,NA,NA,NA,6265136,NA,NA
"5700",2018-09-23,NA,NA,NA,6265136,NA,NA
"5701",2018-09-24,NA,NA,NA,6265136,NA,NA
"5702",2018-09-25,NA,NA,NA,6265136,NA,NA
"5703",2018-09-26,NA,NA,NA,6265136,NA,NA
"5704",2018-09-27,NA,NA,NA,6265136,NA,NA
"5705",2018-09-28,NA,NA,NA,6265136,NA,NA
"5706",2018-09-29,NA,NA,NA,6265136,NA,NA
"5707",2018-09-30,NA,NA,NA,6265136,NA,NA
"5708",2018-10-01,NA,NA,NA,6265136,NA,NA
"5709",2018-10-02,NA,NA,NA,6265136,NA,NA
"5710",2018-10-03,NA,NA,NA,6265136,NA,NA
"5711",2018-10-04,NA,NA,NA,6265136,NA,NA
"5712",2018-10-05,NA,NA,NA,6265136,NA,NA
"5713",2018-10-06,NA,NA,NA,6265136,NA,NA
"5714",2018-10-07,NA,NA,NA,6265136,NA,NA
"5715",2018-10-08,NA,NA,NA,6265136,NA,NA
"5716",2018-10-09,NA,NA,NA,6265136,NA,NA
"5717",2018-10-10,NA,NA,NA,6265136,NA,NA
"5718",2018-10-11,NA,NA,NA,6265136,NA,NA
"5719",2018-10-12,NA,NA,NA,6265136,NA,NA
"5720",2018-10-13,NA,NA,NA,6265136,NA,NA
"5721",2018-10-14,NA,NA,NA,6265136,NA,NA
"5722",2018-10-15,NA,NA,NA,6265136,NA,NA
"5723",2018-10-16,NA,NA,NA,6265136,NA,NA
"5724",2018-10-17,NA,NA,NA,6265136,NA,NA
"5725",2018-10-18,NA,NA,NA,6265136,NA,NA
"5726",2018-10-19,NA,NA,NA,6265136,NA,NA
"5727",2018-10-20,NA,NA,NA,6265136,NA,NA
"5728",2018-10-21,NA,NA,NA,6265136,NA,NA
"5729",2018-10-22,NA,NA,NA,6265136,NA,NA
"5730",2018-10-23,NA,NA,NA,6265136,NA,NA
"5731",2018-10-24,NA,NA,NA,6265136,NA,NA
"5732",2018-10-25,NA,NA,NA,6265136,NA,NA
"5733",2018-10-26,NA,NA,NA,6265136,NA,NA
"5734",2018-10-27,NA,NA,NA,6265136,NA,NA
"5735",2018-10-28,NA,NA,NA,6265136,NA,NA
"5736",2018-10-29,NA,NA,NA,6265136,NA,NA
"5737",2018-10-30,NA,NA,NA,6265136,NA,NA
"5738",2018-10-31,NA,NA,NA,6265136,NA,NA
"5739",2018-11-01,NA,NA,NA,6265136,NA,NA
"5740",2018-11-02,NA,NA,NA,6265136,NA,NA
"5741",2018-11-03,NA,NA,NA,6265136,NA,NA
"5742",2018-11-04,NA,NA,NA,6265136,NA,NA
"5743",2018-11-05,NA,NA,NA,6265136,NA,NA
"5744",2018-11-06,NA,NA,NA,6265136,NA,NA
"5745",2018-11-07,NA,NA,NA,6265136,NA,NA
"5746",2018-11-08,NA,NA,NA,6265136,NA,NA
"5747",2018-11-09,NA,NA,NA,6265136,NA,NA
"5748",2018-11-10,NA,NA,NA,6265136,NA,NA
"5749",2018-11-11,NA,NA,NA,6265136,NA,NA
"5750",2018-11-12,NA,NA,NA,6265136,NA,NA
"5751",2018-11-13,NA,NA,NA,6265136,NA,NA
"5752",2018-11-14,NA,NA,NA,6265136,NA,NA
"5753",2018-11-15,NA,NA,NA,6265136,NA,NA
"5754",2018-11-16,NA,NA,NA,6265136,NA,NA
"5755",2018-11-17,NA,NA,NA,6265136,NA,NA
"5756",2018-11-18,NA,NA,NA,6265136,NA,NA
"5757",2018-11-19,NA,NA,NA,6265136,NA,NA
"5758",2018-11-20,NA,NA,NA,6265136,NA,NA
"5759",2018-11-21,NA,NA,NA,6265136,NA,NA
"5760",2018-11-22,NA,NA,NA,6265136,NA,NA
"5761",2018-11-23,NA,NA,NA,6265136,NA,NA
"5762",2018-11-24,NA,NA,NA,6265136,NA,NA
"5763",2018-11-25,NA,NA,NA,6265136,NA,NA
"5764",2018-11-26,NA,NA,NA,6265136,NA,NA
"5765",2019-01-17,NA,NA,NA,6265136,NA,NA
"5766",2019-01-18,NA,NA,NA,6265136,NA,NA
"5767",2019-01-19,NA,NA,NA,6265136,NA,NA
"5768",2019-01-20,NA,NA,NA,6265136,NA,NA
"5769",2019-01-21,NA,NA,NA,6265136,NA,NA
"5770",2019-01-22,NA,NA,NA,6265136,NA,NA
"5771",2019-01-23,NA,NA,NA,6265136,NA,NA
"5772",2019-01-24,NA,NA,NA,6265136,NA,NA
"5773",2019-01-25,NA,NA,NA,6265136,NA,NA
"5774",2019-01-26,NA,NA,NA,6265136,NA,NA
"5775",2019-01-27,NA,NA,NA,6265136,NA,NA
"5776",2019-01-28,NA,NA,NA,6265136,NA,NA
"5777",2019-01-29,NA,NA,NA,6265136,NA,NA
"5778",2019-01-30,NA,NA,NA,6265136,NA,NA
"5779",2019-01-31,NA,NA,NA,6265136,NA,NA
"5780",2019-02-01,NA,NA,NA,6265136,NA,NA
"5781",2019-02-02,NA,NA,NA,6265136,NA,NA
"5782",2019-02-03,NA,NA,NA,6265136,NA,NA
"5783",2019-02-04,NA,NA,NA,6265136,NA,NA
"5784",2019-02-05,NA,NA,NA,6265136,NA,NA
"5785",2019-02-06,NA,NA,NA,6265136,NA,NA
"5786",2019-02-07,NA,NA,NA,6265136,NA,NA
"5787",2019-02-08,NA,NA,NA,6265136,NA,NA
"5788",2019-02-09,NA,NA,NA,6265136,NA,NA
"5789",2019-02-10,NA,NA,NA,6265136,NA,NA
"5790",2019-02-11,NA,NA,NA,6265136,NA,NA
"5791",2019-02-12,NA,NA,NA,6265136,NA,NA
"5792",2019-02-13,NA,NA,NA,6265136,NA,NA
"5793",2019-02-14,NA,NA,NA,6265136,NA,NA
"5794",2019-02-15,NA,NA,NA,6265136,NA,NA
"5795",2019-02-16,NA,NA,NA,6265136,NA,NA
"5796",2019-02-17,NA,NA,NA,6265136,NA,NA
"5797",2019-02-18,NA,NA,NA,6265136,NA,NA
"5798",2019-02-19,NA,NA,NA,6265136,NA,NA
"5799",2019-02-20,NA,NA,NA,6265136,NA,NA
"5800",2019-02-21,NA,NA,NA,6265136,NA,NA
"5801",2019-02-22,NA,NA,NA,6265136,NA,NA
"5802",2019-02-23,NA,NA,NA,6265136,NA,NA
"5803",2019-02-24,NA,NA,NA,6265136,NA,NA
"5804",2019-02-25,NA,NA,NA,6265136,NA,NA
"5805",2019-02-26,NA,NA,NA,6265136,NA,NA
"5806",2019-02-27,NA,NA,NA,6265136,NA,NA
"5807",2019-02-28,NA,NA,NA,6265136,NA,NA
"5808",2019-03-01,NA,NA,NA,6265136,NA,NA
"5809",2019-03-02,NA,NA,NA,6265136,NA,NA
"5810",2019-03-03,NA,NA,NA,6265136,NA,NA
"5811",2019-03-04,NA,NA,NA,6265136,NA,NA
"5812",2019-03-05,NA,NA,NA,6265136,NA,NA
"5813",2019-03-06,NA,NA,NA,6265136,NA,NA
"5814",2019-03-07,NA,NA,NA,6265136,NA,NA
"5815",2019-03-08,NA,NA,NA,6265136,NA,NA
"5816",2019-03-09,NA,NA,NA,6265136,NA,NA
"5817",2019-03-10,NA,NA,NA,6265136,NA,NA
"5818",2019-03-11,NA,NA,NA,6265136,NA,NA
"5819",2019-03-12,NA,NA,NA,6265136,NA,NA
"5820",2019-03-13,NA,NA,NA,6265136,NA,NA
"5821",2019-03-14,NA,NA,NA,6265136,NA,NA
"5822",2019-03-15,NA,NA,NA,6265136,NA,NA
"5823",2019-03-16,NA,NA,NA,6265136,NA,NA
"5824",2019-03-17,NA,NA,NA,6265136,NA,NA
"5825",2019-03-18,NA,NA,NA,6265136,NA,NA
"5826",2019-03-19,NA,NA,NA,6265136,NA,NA
"5827",2019-03-20,NA,NA,NA,6265136,NA,NA
"5828",2019-03-21,NA,NA,NA,6265136,NA,NA
"5829",2019-03-22,NA,NA,NA,6265136,NA,NA
"5830",2019-03-23,NA,NA,NA,6265136,NA,NA
"5831",2019-03-24,NA,NA,NA,6265136,NA,NA
"5832",2019-03-25,NA,NA,NA,6265136,NA,NA
"5833",2019-03-26,NA,NA,NA,6265136,NA,NA
"5834",2019-03-27,NA,NA,NA,6265136,NA,NA
"5835",2019-03-28,NA,NA,NA,6265136,NA,NA
"5836",2019-03-29,NA,NA,NA,6265136,NA,NA
"5837",2019-03-30,NA,NA,NA,6265136,NA,NA
"5838",2019-03-31,NA,NA,NA,6265136,NA,NA
"5839",2019-04-01,NA,NA,NA,6265136,NA,NA
"5840",2019-04-02,NA,NA,NA,6265136,NA,NA
"5841",2019-04-03,NA,NA,NA,6265136,NA,NA
"5842",2019-04-04,NA,NA,NA,6265136,NA,NA
"5843",2019-04-05,NA,NA,NA,6265136,NA,NA
"5844",2019-04-06,NA,NA,NA,6265136,NA,NA
"5845",2019-04-07,NA,NA,NA,6265136,NA,NA
"5846",2019-04-08,NA,NA,NA,6265136,NA,NA
"5847",2019-04-09,NA,NA,NA,6265136,NA,NA
"5848",2019-04-10,NA,NA,NA,6265136,NA,NA
"5849",2019-04-11,NA,NA,NA,6265136,NA,NA
"5850",2019-04-12,NA,NA,NA,6265136,NA,NA
"5851",2019-04-13,NA,NA,NA,6265136,NA,NA
"5852",2019-04-14,NA,NA,NA,6265136,NA,NA
"5853",2019-04-15,NA,NA,NA,6265136,NA,NA
"5854",2019-04-16,NA,NA,NA,6265136,NA,NA
"5855",2019-04-17,NA,NA,NA,6265136,NA,NA
"5856",2019-04-18,NA,NA,NA,6265136,NA,NA
"5857",2019-04-19,NA,NA,NA,6265136,NA,NA
"5858",2019-04-20,NA,NA,NA,6265136,NA,NA
"5859",2019-04-21,NA,NA,NA,6265136,NA,NA
"5860",2019-04-22,NA,NA,NA,6265136,NA,NA
"5861",2019-04-23,NA,NA,NA,6265136,NA,NA
"5862",2019-04-24,NA,NA,NA,6265136,NA,NA
"5863",2019-04-25,NA,NA,NA,6265136,NA,NA
"5864",2019-04-26,NA,NA,NA,6265136,NA,NA
"5865",2019-04-27,NA,NA,NA,6265136,NA,NA
"5866",2019-04-28,NA,NA,NA,6265136,NA,NA
"5867",2019-04-29,NA,NA,NA,6265136,NA,NA
"5868",2019-04-30,NA,NA,NA,6265136,NA,NA
"5869",2019-05-01,NA,NA,NA,6265136,NA,NA
"5870",2019-05-02,NA,NA,NA,6265136,NA,NA
"5871",2019-05-03,NA,NA,NA,6265136,NA,NA
"5872",2019-05-04,NA,NA,NA,6265136,NA,NA
"5873",2019-05-05,NA,NA,NA,6265136,NA,NA
"5874",2019-05-06,NA,NA,NA,6265136,NA,NA
"5875",2019-05-07,NA,NA,NA,6265136,NA,NA
"5876",2019-05-08,NA,NA,NA,6265136,NA,NA
"5877",2019-05-09,NA,NA,NA,6265136,NA,NA
"5878",2019-05-10,NA,NA,NA,6265136,NA,NA
"5879",2019-05-11,NA,NA,NA,6265136,NA,NA
"5880",2019-05-12,NA,NA,NA,6265136,NA,NA
"5881",2019-05-13,NA,NA,NA,6265136,NA,NA
"5882",2019-05-14,NA,NA,NA,6265136,NA,NA
"5883",2019-05-15,NA,NA,NA,6265136,NA,NA
"5884",2019-05-16,NA,NA,NA,6265136,NA,NA
"5885",2019-05-17,NA,NA,NA,6265136,NA,NA
"5886",2019-05-18,NA,NA,NA,6265136,NA,NA
"5887",2019-05-19,NA,NA,NA,6265136,NA,NA
"5888",2019-05-20,NA,NA,NA,6265136,NA,NA
"5889",2019-05-21,NA,NA,NA,6265136,NA,NA
"5890",2019-05-22,NA,NA,NA,6265136,NA,NA
"5891",2019-05-23,NA,NA,NA,6265136,NA,NA
"5892",2019-05-24,NA,NA,NA,6265136,NA,NA
"5893",2019-05-25,NA,NA,NA,6265136,NA,NA
"5894",2019-05-26,NA,NA,NA,6265136,NA,NA
"5895",2019-05-27,NA,NA,NA,6265136,NA,NA
"5896",2019-05-28,NA,NA,NA,6265136,NA,NA
"5897",2019-05-29,NA,NA,NA,6265136,NA,NA
"5898",2019-05-30,NA,NA,NA,6265136,NA,NA
"5899",2019-05-31,NA,NA,NA,6265136,NA,NA
"5900",2019-06-01,NA,NA,NA,6265136,NA,NA
"5901",2019-06-02,NA,NA,NA,6265136,NA,NA
"5902",2019-06-03,NA,NA,NA,6265136,NA,NA
"5903",2019-06-04,NA,NA,NA,6265136,NA,NA
"5904",2019-06-05,NA,NA,NA,6265136,NA,NA
"5905",2019-06-06,NA,NA,NA,6265136,NA,NA
"5906",2019-06-07,NA,NA,NA,6265136,NA,NA
"5907",2019-06-08,NA,NA,NA,6265136,NA,NA
"5908",2019-06-09,NA,NA,NA,6265136,NA,NA
"5909",2019-06-10,NA,NA,NA,6265136,NA,NA
"5910",2019-06-11,NA,NA,NA,6265136,NA,NA
"5911",2019-06-12,NA,NA,NA,6265136,NA,NA
"5912",2019-06-13,NA,NA,NA,6265136,NA,NA
"5913",2019-06-14,NA,NA,NA,6265136,NA,NA
"5914",2019-06-15,NA,NA,NA,6265136,NA,NA
"5915",2019-06-16,NA,NA,NA,6265136,NA,NA
"5916",2019-06-17,NA,NA,NA,6265136,NA,NA
"5917",2019-06-18,NA,NA,NA,6265136,NA,NA
"5918",2019-06-19,NA,NA,NA,6265136,NA,NA
"5919",2019-06-20,NA,NA,NA,6265136,NA,NA
"5920",2019-06-21,NA,NA,NA,6265136,NA,NA
"5921",2019-06-22,NA,NA,NA,6265136,NA,NA
"5922",2019-06-23,NA,NA,NA,6265136,NA,NA
"5923",2019-06-24,NA,NA,NA,6265136,NA,NA
"5924",2019-06-25,NA,NA,NA,6265136,NA,NA
"5925",2019-06-26,NA,NA,NA,6265136,NA,NA
"5926",2019-06-27,NA,NA,NA,6265136,NA,NA
"5927",2019-06-28,NA,NA,NA,6265136,NA,NA
"5928",2019-06-29,NA,NA,NA,6265136,NA,NA
"5929",2019-06-30,NA,NA,NA,6265136,NA,NA
"5930",2019-07-01,NA,NA,NA,6265136,NA,NA
"5931",2019-07-02,NA,NA,NA,6265136,NA,NA
"5932",2019-07-03,NA,NA,NA,6265136,NA,NA
"5933",2019-07-04,NA,NA,NA,6265136,NA,NA
"5934",2019-07-05,NA,NA,NA,6265136,NA,NA
"5935",2019-07-06,NA,NA,NA,6265136,NA,NA
"5936",2019-07-07,NA,NA,NA,6265136,NA,NA
"5937",2019-07-08,NA,NA,NA,6265136,NA,NA
"5938",2019-07-09,NA,NA,NA,6265136,NA,NA
"5939",2019-07-10,NA,NA,NA,6265136,NA,NA
"5940",2019-07-11,NA,NA,NA,6265136,NA,NA
"5941",2019-07-12,NA,NA,NA,6265136,NA,NA
"5942",2019-07-13,NA,NA,NA,6265136,NA,NA
"5943",2019-07-14,NA,NA,NA,6265136,NA,NA
"5944",2019-07-15,NA,NA,NA,6265136,NA,NA
"5945",2019-07-16,NA,NA,NA,6265136,NA,NA
"5946",2019-07-17,NA,NA,NA,6265136,NA,NA
"5947",2019-07-18,NA,NA,NA,6265136,NA,NA
"5948",2019-07-19,NA,NA,NA,6265136,NA,NA
"5949",2019-07-20,NA,NA,NA,6265136,NA,NA
"5950",2019-07-21,NA,NA,NA,6265136,NA,NA
"5951",2019-07-22,NA,NA,NA,6265136,NA,NA
"5952",2019-07-23,NA,NA,NA,6265136,NA,NA
"5953",2019-07-24,NA,NA,NA,6265136,NA,NA
"5954",2019-07-25,NA,NA,NA,6265136,NA,NA
"5955",2019-07-26,NA,NA,NA,6265136,NA,NA
"5956",2019-07-27,NA,NA,NA,6265136,NA,NA
"5957",2019-07-28,NA,NA,NA,6265136,NA,NA
"5958",2019-07-29,NA,NA,NA,6265136,NA,NA
"5959",2019-07-30,NA,NA,NA,6265136,NA,NA
"5960",2019-07-31,NA,NA,NA,6265136,NA,NA
"5961",2019-08-01,NA,NA,NA,6265136,NA,NA
"5962",2019-08-02,NA,NA,NA,6265136,NA,NA
"5963",2019-08-03,NA,NA,NA,6265136,NA,NA
"5964",2019-08-04,NA,NA,NA,6265136,NA,NA
"5965",2019-08-05,NA,NA,NA,6265136,NA,NA
"5966",2019-08-06,NA,NA,NA,6265136,NA,NA
"5967",2019-08-07,NA,NA,NA,6265136,NA,NA
"5968",2019-08-08,NA,NA,NA,6265136,NA,NA
"5969",2019-08-09,NA,NA,NA,6265136,NA,NA
"5970",2019-08-10,NA,NA,NA,6265136,NA,NA
"5971",2019-08-11,NA,NA,NA,6265136,NA,NA
"5972",2019-08-12,NA,NA,NA,6265136,NA,NA
"5973",2019-08-13,NA,NA,NA,6265136,NA,NA
"5974",2019-08-14,NA,NA,NA,6265136,NA,NA
"5975",2019-08-15,NA,NA,NA,6265136,NA,NA
"5976",2019-08-16,NA,NA,NA,6265136,NA,NA
"5977",2019-08-17,NA,NA,NA,6265136,NA,NA
"5978",2019-08-18,NA,NA,NA,6265136,NA,NA
"5979",2019-08-19,NA,NA,NA,6265136,NA,NA
"5980",2019-08-20,NA,NA,NA,6265136,NA,NA
"5981",2019-08-21,NA,NA,NA,6265136,NA,NA
"5982",2019-08-22,NA,NA,NA,6265136,NA,NA
"5983",2019-08-23,NA,NA,NA,6265136,NA,NA
"5984",2019-08-24,NA,NA,NA,6265136,NA,NA
"5985",2019-08-25,NA,NA,NA,6265136,NA,NA
"5986",2019-08-26,NA,NA,NA,6265136,NA,NA
"5987",2019-08-27,NA,NA,NA,6265136,NA,NA
"5988",2019-08-28,NA,NA,NA,6265136,NA,NA
"5989",2019-08-29,NA,NA,NA,6265136,NA,NA
"5990",2019-08-30,NA,NA,NA,6265136,NA,NA
"5991",2019-08-31,NA,NA,NA,6265136,NA,NA
"5992",2019-09-01,NA,NA,NA,6265136,NA,NA
"5993",2019-09-02,NA,NA,NA,6265136,NA,NA
"5994",2019-09-03,NA,NA,NA,6265136,NA,NA
"5995",2019-09-04,NA,NA,NA,6265136,NA,NA
"5996",2019-09-05,NA,NA,NA,6265136,NA,NA
"5997",2019-09-06,NA,NA,NA,6265136,NA,NA
"5998",2019-09-07,NA,NA,NA,6265136,NA,NA
"5999",2019-09-08,NA,NA,NA,6265136,NA,NA
"6000",2019-09-09,NA,NA,NA,6265136,NA,NA
"6001",2019-09-10,NA,NA,NA,6265136,NA,NA
"6002",2019-09-11,NA,NA,NA,6265136,NA,NA
"6003",2019-09-12,NA,NA,NA,6265136,NA,NA
"6004",2019-09-13,NA,NA,NA,6265136,NA,NA
"6005",2019-09-14,NA,NA,NA,6265136,NA,NA
"6006",2019-09-15,NA,NA,NA,6265136,NA,NA
"6007",2019-09-16,NA,NA,NA,6265136,NA,NA
"6008",2019-09-17,NA,NA,NA,6265136,NA,NA
"6009",2019-09-18,NA,NA,NA,6265136,NA,NA
"6010",2019-09-19,NA,NA,NA,6265136,NA,NA
"6011",2019-09-20,NA,NA,NA,6265136,NA,NA
"6012",2019-09-21,NA,NA,NA,6265136,NA,NA
"6013",2019-09-22,NA,NA,NA,6265136,NA,NA
"6014",2019-09-23,NA,NA,NA,6265136,NA,NA
"6015",2019-09-24,NA,NA,NA,6265136,NA,NA
"6016",2019-09-25,NA,NA,NA,6265136,NA,NA
"6017",2019-09-26,NA,NA,NA,6265136,NA,NA
"6018",2019-09-27,NA,NA,NA,6265136,NA,NA
"6019",2019-09-28,NA,NA,NA,6265136,NA,NA
"6020",2019-09-29,NA,NA,NA,6265136,NA,NA
"6021",2019-09-30,NA,NA,NA,6265136,NA,NA
"6022",2019-10-01,NA,NA,NA,6265136,NA,NA
"6023",2019-10-02,NA,NA,NA,6265136,NA,NA
"6024",2019-10-03,NA,NA,NA,6265136,NA,NA
"6025",2019-10-04,NA,NA,NA,6265136,NA,NA
"6026",2019-10-05,NA,NA,NA,6265136,NA,NA
"6027",2019-10-06,NA,NA,NA,6265136,NA,NA
"6028",2019-10-07,NA,NA,NA,6265136,NA,NA
"6029",2019-10-08,NA,NA,NA,6265136,NA,NA
"6030",2019-10-09,NA,NA,NA,6265136,NA,NA
"6031",2019-10-10,NA,NA,NA,6265136,NA,NA
"6032",2019-10-11,NA,NA,NA,6265136,NA,NA
"6033",2019-10-12,NA,NA,NA,6265136,NA,NA
"6034",2019-10-13,NA,NA,NA,6265136,NA,NA
"6035",2019-10-14,NA,NA,NA,6265136,NA,NA
"6036",2019-10-15,NA,NA,NA,6265136,NA,NA
"6037",2019-10-16,NA,NA,NA,6265136,NA,NA
"6038",2019-10-17,NA,NA,NA,6265136,NA,NA
"6039",2019-10-18,NA,NA,NA,6265136,NA,NA
"6040",2019-10-19,NA,NA,NA,6265136,NA,NA
"6041",2019-10-20,NA,NA,NA,6265136,NA,NA
"6042",2019-10-21,NA,NA,NA,6265136,NA,NA
"6043",2019-10-22,NA,NA,NA,6265136,NA,NA
"6044",2019-10-23,NA,NA,NA,6265136,NA,NA
"6045",2019-10-24,NA,NA,NA,6265136,NA,NA
"6046",2019-10-25,NA,NA,NA,6265136,NA,NA
"6047",2019-10-26,NA,NA,NA,6265136,NA,NA
"6048",2019-10-27,NA,NA,NA,6265136,NA,NA
"6049",2019-10-28,NA,NA,NA,6265136,NA,NA
"6050",2019-10-29,NA,NA,NA,6265136,NA,NA
"6051",2019-10-30,NA,NA,NA,6265136,NA,NA
"6052",2019-10-31,NA,NA,NA,6265136,NA,NA
"6053",2019-11-01,NA,NA,NA,6265136,NA,NA
"6054",2019-11-02,NA,NA,NA,6265136,NA,NA
"6055",2019-11-03,NA,NA,NA,6265136,NA,NA
"6056",2019-11-04,NA,NA,NA,6265136,NA,NA
"6057",2019-11-05,NA,NA,NA,6265136,NA,NA
"6058",2019-11-06,NA,NA,NA,6265136,NA,NA
"6059",2019-11-07,NA,NA,NA,6265136,NA,NA
"6060",2019-11-08,NA,NA,NA,6265136,NA,NA
"6061",2019-11-09,NA,NA,NA,6265136,NA,NA
"6062",2019-11-10,NA,NA,NA,6265136,NA,NA
"6063",2019-11-11,NA,NA,NA,6265136,NA,NA
"6064",2019-11-12,NA,NA,NA,6265136,NA,NA
"6065",2019-11-13,NA,NA,NA,6265136,NA,NA
"6066",2019-11-14,NA,NA,NA,6265136,NA,NA
"6067",2019-11-15,NA,NA,NA,6265136,NA,NA
"6068",2019-11-16,NA,NA,NA,6265136,NA,NA
"6069",2019-11-17,NA,NA,NA,6265136,NA,NA
"6070",2019-11-18,NA,NA,NA,6265136,NA,NA
"6071",2019-11-19,NA,NA,NA,6265136,NA,NA
"6072",2019-11-20,NA,NA,NA,6265136,NA,NA
"6073",2019-11-21,NA,NA,NA,6265136,NA,NA
"6074",2019-11-22,NA,NA,NA,6265136,NA,NA
"6075",2019-11-23,NA,NA,NA,6265136,NA,NA
"6076",2019-11-24,NA,NA,NA,6265136,NA,NA
"6077",2019-11-26,NA,NA,NA,6265136,NA,NA
"6078",2020-01-18,NA,NA,NA,6265136,NA,NA
"6079",2020-01-19,NA,NA,NA,6265136,NA,NA
"6080",2020-01-20,NA,NA,NA,6265136,NA,NA
"6081",2020-01-21,NA,NA,NA,6265136,NA,NA
"6082",2020-01-22,NA,NA,NA,6265136,NA,NA
"6083",2020-01-23,NA,NA,NA,6265136,NA,NA
"6084",2020-01-24,NA,NA,NA,6265136,NA,NA
"6085",2020-01-25,NA,NA,NA,6265136,NA,NA
"6086",2020-01-26,NA,NA,NA,6265136,NA,NA
"6087",2020-01-27,NA,NA,NA,6265136,NA,NA
"6088",2020-01-28,NA,NA,NA,6265136,NA,NA
"6089",2020-01-29,NA,NA,NA,6265136,NA,NA
"6090",2020-01-30,NA,NA,NA,6265136,NA,NA
"6091",2020-01-31,NA,NA,NA,6265136,NA,NA
"6092",2020-02-01,NA,NA,NA,6265136,NA,NA
"6093",2020-02-02,NA,NA,NA,6265136,NA,NA
"6094",2020-02-03,NA,NA,NA,6265136,NA,NA
"6095",2020-02-04,NA,NA,NA,6265136,NA,NA
"6096",2020-02-05,NA,NA,NA,6265136,NA,NA
"6097",2020-02-06,NA,NA,NA,6265136,NA,NA
"6098",2020-02-07,NA,NA,NA,6265136,NA,NA
"6099",2020-02-08,NA,NA,NA,6265136,NA,NA
"6100",2020-02-09,NA,NA,NA,6265136,NA,NA
"6101",2020-02-10,NA,NA,NA,6265136,NA,NA
"6102",2020-02-11,NA,NA,NA,6265136,NA,NA
"6103",2020-02-12,NA,NA,NA,6265136,NA,NA
"6104",2020-02-13,NA,NA,NA,6265136,NA,NA
"6105",2020-02-14,NA,NA,NA,6265136,NA,NA
"6106",2020-02-15,NA,NA,NA,6265136,NA,NA
"6107",2020-02-16,NA,NA,NA,6265136,NA,NA
"6108",2020-02-17,NA,NA,NA,6265136,NA,NA
"6109",2020-02-18,NA,NA,NA,6265136,NA,NA
"6110",2020-02-19,NA,NA,NA,6265136,NA,NA
"6111",2020-02-20,NA,NA,NA,6265136,NA,NA
"6112",2020-02-21,NA,NA,NA,6265136,NA,NA
"6113",2020-02-22,NA,NA,NA,6265136,NA,NA
"6114",2020-02-23,NA,NA,NA,6265136,NA,NA
"6115",2020-02-24,NA,NA,NA,6265136,NA,NA
"6116",2020-02-25,NA,NA,NA,6265136,NA,NA
"6117",2020-02-26,NA,NA,NA,6265136,NA,NA
"6118",2020-02-27,NA,NA,NA,6265136,NA,NA
"6119",2020-02-28,NA,NA,NA,6265136,NA,NA
"6120",2020-02-29,NA,NA,NA,6265136,NA,NA
"6121",2020-03-01,NA,NA,NA,6265136,NA,NA
"6122",2020-03-02,NA,NA,NA,6265136,NA,NA
"6123",2020-03-03,NA,NA,NA,6265136,NA,NA
"6124",2020-03-04,NA,NA,NA,6265136,NA,NA
"6125",2020-03-05,NA,NA,NA,6265136,NA,NA
"6126",2020-03-06,NA,NA,NA,6265136,NA,NA
"6127",2020-03-07,NA,NA,NA,6265136,NA,NA
"6128",2020-03-08,NA,NA,NA,6265136,NA,NA
"6129",2020-03-09,NA,NA,NA,6265136,NA,NA
"6130",2020-03-10,NA,NA,NA,6265136,NA,NA
"6131",2020-03-11,NA,NA,NA,6265136,NA,NA
"6132",2020-03-12,NA,NA,NA,6265136,NA,NA
"6133",2020-03-13,NA,NA,NA,6265136,NA,NA
"6134",2020-03-14,NA,NA,NA,6265136,NA,NA
"6135",2020-03-15,NA,NA,NA,6265136,NA,NA
"6136",2020-03-16,NA,NA,NA,6265136,NA,NA
"6137",2020-03-17,NA,NA,NA,6265136,NA,NA
"6138",2020-03-18,NA,NA,NA,6265136,NA,NA
"6139",2020-03-19,NA,NA,NA,6265136,NA,NA
"6140",2020-03-20,NA,NA,NA,6265136,NA,NA
"6141",2020-03-21,NA,NA,NA,6265136,NA,NA
"6142",2020-03-22,NA,NA,NA,6265136,NA,NA
"6143",2020-03-23,NA,NA,NA,6265136,NA,NA
"6144",2020-03-24,NA,NA,NA,6265136,NA,NA
"6145",2020-03-25,NA,NA,NA,6265136,NA,NA
"6146",2020-03-26,NA,NA,NA,6265136,NA,NA
"6147",2020-03-27,NA,NA,NA,6265136,NA,NA
"6148",2020-03-28,NA,NA,NA,6265136,NA,NA
"6149",2020-03-29,NA,NA,NA,6265136,NA,NA
"6150",2020-03-30,NA,NA,NA,6265136,NA,NA
"6151",2020-03-31,NA,NA,NA,6265136,NA,NA
"6152",2020-04-01,NA,NA,NA,6265136,NA,NA
"6153",2020-04-02,NA,NA,NA,6265136,NA,NA
"6154",2020-04-03,NA,NA,NA,6265136,NA,NA
"6155",2020-04-04,NA,NA,NA,6265136,NA,NA
"6156",2020-04-05,NA,NA,NA,6265136,NA,NA
"6157",2020-04-06,NA,NA,NA,6265136,NA,NA
"6158",2020-04-07,NA,NA,NA,6265136,NA,NA
"6159",2020-04-08,NA,NA,NA,6265136,NA,NA
"6160",2020-04-09,NA,NA,NA,6265136,NA,NA
"6161",2020-04-10,NA,NA,NA,6265136,NA,NA
"6162",2020-04-11,NA,NA,NA,6265136,NA,NA
"6163",2020-04-12,NA,NA,NA,6265136,NA,NA
"6164",2020-04-13,NA,NA,NA,6265136,NA,NA
"6165",2020-04-14,NA,NA,NA,6265136,NA,NA
"6166",2020-04-15,NA,NA,NA,6265136,NA,NA
"6167",2020-04-16,NA,NA,NA,6265136,NA,NA
"6168",2020-04-17,NA,NA,NA,6265136,NA,NA
"6169",2020-04-18,NA,NA,NA,6265136,NA,NA
"6170",2020-04-19,NA,NA,NA,6265136,NA,NA
"6171",2020-04-20,NA,NA,NA,6265136,NA,NA
"6172",2020-04-21,NA,NA,NA,6265136,NA,NA
"6173",2020-04-22,NA,NA,NA,6265136,NA,NA
"6174",2020-04-23,NA,NA,NA,6265136,NA,NA
"6175",2020-04-24,NA,NA,NA,6265136,NA,NA
"6176",2020-04-25,NA,NA,NA,6265136,NA,NA
"6177",2020-04-26,NA,NA,NA,6265136,NA,NA
"6178",2020-04-27,NA,NA,NA,6265136,NA,NA
"6179",2020-04-28,NA,NA,NA,6265136,NA,NA
"6180",2020-04-29,NA,NA,NA,6265136,NA,NA
"6181",2020-04-30,NA,NA,NA,6265136,NA,NA
"6182",2020-05-01,NA,NA,NA,6265136,NA,NA
"6183",2020-05-02,NA,NA,NA,6265136,NA,NA
"6184",2020-05-03,NA,NA,NA,6265136,NA,NA
"6185",2020-05-04,NA,NA,NA,6265136,NA,NA
"6186",2020-05-05,NA,NA,NA,6265136,NA,NA
"6187",2020-05-06,NA,NA,NA,6265136,NA,NA
"6188",2020-05-07,NA,NA,NA,6265136,NA,NA
"6189",2020-05-08,NA,NA,NA,6265136,NA,NA
"6190",2020-05-09,NA,NA,NA,6265136,NA,NA
"6191",2020-05-10,NA,NA,NA,6265136,NA,NA
"6192",2020-05-11,NA,NA,NA,6265136,NA,NA
"6193",2020-05-12,NA,NA,NA,6265136,NA,NA
"6194",2020-05-13,NA,NA,NA,6265136,NA,NA
"6195",2020-05-14,NA,NA,NA,6265136,NA,NA
"6196",2020-05-15,NA,NA,NA,6265136,NA,NA
"6197",2020-05-16,NA,NA,NA,6265136,NA,NA
"6198",2020-05-17,NA,NA,NA,6265136,NA,NA
"6199",2020-05-18,NA,NA,NA,6265136,NA,NA
"6200",2020-05-19,NA,NA,NA,6265136,NA,NA
"6201",2020-05-20,NA,NA,NA,6265136,NA,NA
"6202",2020-05-21,NA,NA,NA,6265136,NA,NA
"6203",2020-05-22,NA,NA,NA,6265136,NA,NA
"6204",2020-05-23,NA,NA,NA,6265136,NA,NA
"6205",2020-05-24,NA,NA,NA,6265136,NA,NA
"6206",2020-05-25,NA,NA,NA,6265136,NA,NA
"6207",2020-05-26,NA,NA,NA,6265136,NA,NA
"6208",2020-05-27,NA,NA,NA,6265136,NA,NA
"6209",2020-05-28,NA,NA,NA,6265136,NA,NA
"6210",2020-05-29,NA,NA,NA,6265136,NA,NA
"6211",2020-05-30,NA,NA,NA,6265136,NA,NA
"6212",2020-05-31,NA,NA,NA,6265136,NA,NA
"6213",2020-06-01,NA,NA,NA,6265136,NA,NA
"6214",2020-06-02,NA,NA,NA,6265136,NA,NA
"6215",2020-06-03,NA,NA,NA,6265136,NA,NA
"6216",2020-06-04,NA,NA,NA,6265136,NA,NA
"6217",2020-06-05,NA,NA,NA,6265136,NA,NA
"6218",2020-06-06,NA,NA,NA,6265136,NA,NA
"6219",2020-06-07,NA,NA,NA,6265136,NA,NA
"6220",2020-06-08,NA,NA,NA,6265136,NA,NA
"6221",2020-06-09,NA,NA,NA,6265136,NA,NA
"6222",2020-06-10,NA,NA,NA,6265136,NA,NA
"6223",2020-06-11,NA,NA,NA,6265136,NA,NA
"6224",2020-06-12,NA,NA,NA,6265136,NA,NA
"6225",2020-06-13,NA,NA,NA,6265136,NA,NA
"6226",2020-06-14,NA,NA,NA,6265136,NA,NA
"6227",2020-06-15,NA,NA,NA,6265136,NA,NA
"6228",2020-06-16,NA,NA,NA,6265136,NA,NA
"6229",2020-06-17,NA,NA,NA,6265136,NA,NA
"6230",2020-06-18,NA,NA,NA,6265136,NA,NA
"6231",2020-06-19,NA,NA,NA,6265136,NA,NA
"6232",2020-06-20,NA,NA,NA,6265136,NA,NA
"6233",2020-06-21,NA,NA,NA,6265136,NA,NA
"6234",2020-06-22,NA,NA,NA,6265136,NA,NA
"6235",2020-06-23,NA,NA,NA,6265136,NA,NA
"6236",2020-06-24,NA,NA,NA,6265136,NA,NA
"6237",2020-06-25,NA,NA,NA,6265136,NA,NA
"6238",2020-06-26,NA,NA,NA,6265136,NA,NA
"6239",2020-06-27,NA,NA,NA,6265136,NA,NA
"6240",2020-06-28,NA,NA,NA,6265136,NA,NA
"6241",2020-06-29,NA,NA,NA,6265136,NA,NA
"6242",2020-06-30,NA,NA,NA,6265136,NA,NA
"6243",2020-07-01,NA,NA,NA,6265136,NA,NA
"6244",2020-07-02,NA,NA,NA,6265136,NA,NA
"6245",2020-07-03,NA,NA,NA,6265136,NA,NA
"6246",2020-07-04,NA,NA,NA,6265136,NA,NA
"6247",2020-07-05,NA,NA,NA,6265136,NA,NA
"6248",2020-07-06,NA,NA,NA,6265136,NA,NA
"6249",2020-07-07,NA,NA,NA,6265136,NA,NA
"6250",2020-07-08,NA,NA,NA,6265136,NA,NA
"6251",2020-07-09,NA,NA,NA,6265136,NA,NA
"6252",2020-07-10,NA,NA,NA,6265136,NA,NA
"6253",2020-07-11,NA,NA,NA,6265136,NA,NA
"6254",2020-07-12,NA,NA,NA,6265136,NA,NA
"6255",2020-07-13,NA,NA,NA,6265136,NA,NA
"6256",2020-07-14,NA,NA,NA,6265136,NA,NA
"6257",2020-07-15,NA,NA,NA,6265136,NA,NA
"6258",2020-07-16,NA,NA,NA,6265136,NA,NA
"6259",2020-07-17,NA,NA,NA,6265136,NA,NA
"6260",2020-07-18,NA,NA,NA,6265136,NA,NA
"6261",2020-07-19,NA,NA,NA,6265136,NA,NA
"6262",2020-07-20,NA,NA,NA,6265136,NA,NA
"6263",2020-07-21,NA,NA,NA,6265136,NA,NA
"6264",2020-07-22,NA,NA,NA,6265136,NA,NA
"6265",2020-07-23,NA,NA,NA,6265136,NA,NA
"6266",2020-07-24,NA,NA,NA,6265136,NA,NA
"6267",2020-07-25,NA,NA,NA,6265136,NA,NA
"6268",2020-07-26,NA,NA,NA,6265136,NA,NA
"6269",2020-07-27,NA,NA,NA,6265136,NA,NA
"6270",2020-07-28,NA,NA,NA,6265136,NA,NA
"6271",2020-07-29,NA,NA,NA,6265136,NA,NA
"6272",2020-07-30,NA,NA,NA,6265136,NA,NA
"6273",2020-07-31,NA,NA,NA,6265136,NA,NA
"6274",2020-08-01,NA,NA,NA,6265136,NA,NA
"6275",2020-08-02,NA,NA,NA,6265136,NA,NA
"6276",2020-08-03,NA,NA,NA,6265136,NA,NA
"6277",2020-08-04,NA,NA,NA,6265136,NA,NA
"6278",2020-08-05,NA,NA,NA,6265136,NA,NA
"6279",2020-08-06,NA,NA,NA,6265136,NA,NA
"6280",2020-08-07,NA,NA,NA,6265136,NA,NA
"6281",2020-08-08,NA,NA,NA,6265136,NA,NA
"6282",2020-08-09,NA,NA,NA,6265136,NA,NA
"6283",2020-08-10,NA,NA,NA,6265136,NA,NA
"6284",2020-08-11,NA,NA,NA,6265136,NA,NA
"6285",2020-08-12,NA,NA,NA,6265136,NA,NA
"6286",2020-08-13,NA,NA,NA,6265136,NA,NA
"6287",2020-08-14,NA,NA,NA,6265136,NA,NA
"6288",2020-08-15,NA,NA,NA,6265136,NA,NA
"6289",2020-08-16,NA,NA,NA,6265136,NA,NA
"6290",2020-08-17,NA,NA,NA,6265136,NA,NA
"6291",2020-08-18,NA,NA,NA,6265136,NA,NA
"6292",2020-08-19,NA,NA,NA,6265136,NA,NA
"6293",2020-08-20,NA,NA,NA,6265136,NA,NA
"6294",2020-08-21,NA,NA,NA,6265136,NA,NA
"6295",2020-08-22,NA,NA,NA,6265136,NA,NA
"6296",2020-08-23,NA,NA,NA,6265136,NA,NA
"6297",2020-08-24,NA,NA,NA,6265136,NA,NA
"6298",2020-08-25,NA,NA,NA,6265136,NA,NA
"6299",2020-08-26,NA,NA,NA,6265136,NA,NA
"6300",2020-08-27,NA,NA,NA,6265136,NA,NA
"6301",2020-08-28,NA,NA,NA,6265136,NA,NA
"6302",2020-08-29,NA,NA,NA,6265136,NA,NA
"6303",2020-08-30,NA,NA,NA,6265136,NA,NA
"6304",2020-08-31,NA,NA,NA,6265136,NA,NA
"6305",2020-09-01,NA,NA,NA,6265136,NA,NA
"6306",2020-09-02,NA,NA,NA,6265136,NA,NA
"6307",2020-09-03,NA,NA,NA,6265136,NA,NA
"6308",2020-09-04,NA,NA,NA,6265136,NA,NA
"6309",2020-09-05,NA,NA,NA,6265136,NA,NA
"6310",2020-09-06,NA,NA,NA,6265136,NA,NA
"6311",2020-09-07,NA,NA,NA,6265136,NA,NA
"6312",2020-09-08,NA,NA,NA,6265136,NA,NA
"6313",2020-09-09,NA,NA,NA,6265136,NA,NA
"6314",2020-09-10,NA,NA,NA,6265136,NA,NA
"6315",2020-09-11,NA,NA,NA,6265136,NA,NA
"6316",2020-09-12,NA,NA,NA,6265136,NA,NA
"6317",2020-09-13,NA,NA,NA,6265136,NA,NA
"6318",2020-09-14,NA,NA,NA,6265136,NA,NA
"6319",2020-09-15,NA,NA,NA,6265136,NA,NA
"6320",2020-09-16,NA,NA,NA,6265136,NA,NA
"6321",2020-09-17,NA,NA,NA,6265136,NA,NA
"6322",2020-09-18,NA,NA,NA,6265136,NA,NA
"6323",2020-09-19,NA,NA,NA,6265136,NA,NA
"6324",2020-09-20,NA,NA,NA,6265136,NA,NA
"6325",2020-09-21,NA,NA,NA,6265136,NA,NA
"6326",2020-09-22,NA,NA,NA,6265136,NA,NA
"6327",2020-09-23,NA,NA,NA,6265136,NA,NA
"6328",2020-09-24,NA,NA,NA,6265136,NA,NA
"6329",2020-09-25,NA,NA,NA,6265136,NA,NA
"6330",2020-09-26,NA,NA,NA,6265136,NA,NA
"6331",2020-09-27,NA,NA,NA,6265136,NA,NA
"6332",2020-09-28,NA,NA,NA,6265136,NA,NA
"6333",2020-09-29,NA,NA,NA,6265136,NA,NA
"6334",2020-09-30,NA,NA,NA,6265136,NA,NA
"6335",2020-10-01,NA,NA,NA,6265136,NA,NA
"6336",2020-10-02,NA,NA,NA,6265136,NA,NA
"6337",2020-10-03,NA,NA,NA,6265136,NA,NA
"6338",2020-10-04,NA,NA,NA,6265136,NA,NA
"6339",2020-10-05,NA,NA,NA,6265136,NA,NA
"6340",2020-10-06,NA,NA,NA,6265136,NA,NA
"6341",2020-10-07,NA,NA,NA,6265136,NA,NA
"6342",2020-10-08,NA,NA,NA,6265136,NA,NA
"6343",2020-10-09,NA,NA,NA,6265136,NA,NA
"6344",2020-10-10,NA,NA,NA,6265136,NA,NA
"6345",2020-10-11,NA,NA,NA,6265136,NA,NA
"6346",2020-10-12,NA,NA,NA,6265136,NA,NA
"6347",2020-10-13,NA,NA,NA,6265136,NA,NA
"6348",2020-10-14,NA,NA,NA,6265136,NA,NA
"6349",2020-10-15,NA,NA,NA,6265136,NA,NA
"6350",2020-10-16,NA,NA,NA,6265136,NA,NA
"6351",2020-10-17,NA,NA,NA,6265136,NA,NA
"6352",2020-10-18,NA,NA,NA,6265136,NA,NA
"6353",2020-10-19,NA,NA,NA,6265136,NA,NA
"6354",2020-10-20,NA,NA,NA,6265136,NA,NA
"6355",2020-11-08,NA,NA,NA,6265136,NA,NA
"6356",2020-11-09,NA,NA,NA,6265136,NA,NA
"6357",2020-11-10,NA,NA,NA,6265136,NA,NA
"6358",2020-11-11,NA,NA,NA,6265136,NA,NA
"6359",2020-11-13,NA,NA,NA,6265136,NA,NA
"6360",2020-11-16,NA,NA,NA,6265136,NA,NA
"6361",2020-11-19,NA,NA,NA,6265136,NA,NA
"6362",2020-11-21,NA,NA,NA,6265136,NA,NA
"6363",2020-11-24,NA,NA,NA,6265136,NA,NA
"6364",2021-01-19,NA,NA,NA,6265136,NA,NA
"6365",2021-01-22,NA,NA,NA,6265136,NA,NA
"6366",2021-01-24,NA,NA,NA,6265136,NA,NA
"6367",2021-01-27,NA,NA,NA,6265136,NA,NA
"6368",2021-01-29,NA,NA,NA,6265136,NA,NA
"6369",2021-01-30,NA,NA,NA,6265136,NA,NA
"6370",2021-02-01,NA,NA,NA,6265136,NA,NA
"6371",2021-02-02,NA,NA,NA,6265136,NA,NA
"6372",2021-02-04,NA,NA,NA,6265136,NA,NA
"6373",2021-02-05,NA,NA,NA,6265136,NA,NA
"6374",2021-02-06,NA,NA,NA,6265136,NA,NA
"6375",2021-02-07,NA,NA,NA,6265136,NA,NA
"6376",2021-02-08,NA,NA,NA,6265136,NA,NA
"6377",2021-02-09,NA,NA,NA,6265136,NA,NA
"6378",2021-02-10,NA,NA,NA,6265136,NA,NA
"6379",2021-02-11,NA,NA,NA,6265136,NA,NA
"6380",2021-02-12,NA,NA,NA,6265136,NA,NA
"6381",2021-02-13,NA,NA,NA,6265136,NA,NA
"6382",2021-02-14,NA,NA,NA,6265136,NA,NA
"6383",2021-02-15,NA,NA,NA,6265136,NA,NA
"6384",2021-02-16,NA,NA,NA,6265136,NA,NA
"6385",2021-02-17,NA,NA,NA,6265136,NA,NA
"6386",2021-02-18,NA,NA,NA,6265136,NA,NA
"6387",2021-02-19,NA,NA,NA,6265136,NA,NA
"6388",2021-02-20,NA,NA,NA,6265136,NA,NA
"6389",2021-02-21,NA,NA,NA,6265136,NA,NA
"6390",2021-02-22,NA,NA,NA,6265136,NA,NA
"6391",2021-02-23,NA,NA,NA,6265136,NA,NA
"6392",2021-02-24,NA,NA,NA,6265136,NA,NA
"6393",2021-02-25,NA,NA,NA,6265136,NA,NA
"6394",2021-02-26,NA,NA,NA,6265136,NA,NA
"6395",2021-02-27,NA,NA,NA,6265136,NA,NA
"6396",2021-02-28,NA,NA,NA,6265136,NA,NA
"6397",2021-03-01,NA,NA,NA,6265136,NA,NA
"6398",2021-03-02,NA,NA,NA,6265136,NA,NA
"6399",2021-03-03,NA,NA,NA,6265136,NA,NA
"6400",2021-03-04,NA,NA,NA,6265136,NA,NA
"6401",2021-03-05,NA,NA,NA,6265136,NA,NA
"6402",2021-03-06,NA,NA,NA,6265136,NA,NA
"6403",2021-03-07,NA,NA,NA,6265136,NA,NA
"6404",2021-03-08,NA,NA,NA,6265136,NA,NA
"6405",2021-03-09,NA,NA,NA,6265136,NA,NA
"6406",2021-03-10,NA,NA,NA,6265136,NA,NA
"6407",2021-03-11,NA,NA,NA,6265136,NA,NA
"6408",2021-03-12,NA,NA,NA,6265136,NA,NA
"6409",2021-03-13,NA,NA,NA,6265136,NA,NA
"6410",2021-03-14,NA,NA,NA,6265136,NA,NA
"6411",2021-03-15,NA,NA,NA,6265136,NA,NA
"6412",2021-03-16,NA,NA,NA,6265136,NA,NA
"6413",2021-03-17,NA,NA,NA,6265136,NA,NA
"6414",2021-03-18,NA,NA,NA,6265136,NA,NA
"6415",2021-03-19,NA,NA,NA,6265136,NA,NA
"6416",2021-03-20,NA,NA,NA,6265136,NA,NA
"6417",2021-03-21,NA,NA,NA,6265136,NA,NA
"6418",2021-03-22,NA,NA,NA,6265136,NA,NA
"6419",2021-03-23,NA,NA,NA,6265136,NA,NA
"6420",2021-03-24,NA,NA,NA,6265136,NA,NA
"6421",2021-03-25,NA,NA,NA,6265136,NA,NA
"6422",2021-03-26,NA,NA,NA,6265136,NA,NA
"6423",2021-03-27,NA,NA,NA,6265136,NA,NA
"6424",2021-03-28,NA,NA,NA,6265136,NA,NA
"6425",2021-03-29,NA,NA,NA,6265136,NA,NA
"6426",2021-03-30,NA,NA,NA,6265136,NA,NA
"6427",2021-03-31,NA,NA,NA,6265136,NA,NA
"6428",2021-04-01,NA,NA,NA,6265136,NA,NA
"6429",2021-04-02,NA,NA,NA,6265136,NA,NA
"6430",2021-04-03,NA,NA,NA,6265136,NA,NA
"6431",2021-04-04,NA,NA,NA,6265136,NA,NA
"6432",2021-04-05,NA,NA,NA,6265136,NA,NA
"6433",2021-04-06,NA,NA,NA,6265136,NA,NA
"6434",2021-04-07,NA,NA,NA,6265136,NA,NA
"6435",2021-04-08,NA,NA,NA,6265136,NA,NA
"6436",2021-04-09,NA,NA,NA,6265136,NA,NA
"6437",2021-04-10,NA,NA,NA,6265136,NA,NA
"6438",2021-04-11,NA,NA,NA,6265136,NA,NA
"6439",2021-04-12,NA,NA,NA,6265136,NA,NA
"6440",2021-04-13,NA,NA,NA,6265136,NA,NA
"6441",2021-04-14,NA,NA,NA,6265136,NA,NA
"6442",2021-04-15,NA,NA,NA,6265136,NA,NA
"6443",2021-04-16,NA,NA,NA,6265136,NA,NA
"6444",2021-04-17,NA,NA,NA,6265136,NA,NA
"6445",2021-04-18,NA,NA,NA,6265136,NA,NA
"6446",2021-04-19,NA,NA,NA,6265136,NA,NA
"6447",2021-04-20,NA,NA,NA,6265136,NA,NA
"6448",2021-04-21,NA,NA,NA,6265136,NA,NA
"6449",2021-04-22,NA,NA,NA,6265136,NA,NA
"6450",2021-04-23,NA,NA,NA,6265136,NA,NA
"6451",2021-04-24,NA,NA,NA,6265136,NA,NA
"6452",2021-04-25,NA,NA,NA,6265136,NA,NA
"6453",2021-04-26,NA,NA,NA,6265136,NA,NA
"6454",2021-04-27,NA,NA,NA,6265136,NA,NA
"6455",2021-04-28,NA,NA,NA,6265136,NA,NA
"6456",2021-04-29,NA,NA,NA,6265136,NA,NA
"6457",2021-04-30,NA,NA,NA,6265136,NA,NA
"6458",2021-05-01,NA,NA,NA,6265136,NA,NA
"6459",2021-05-02,NA,NA,NA,6265136,NA,NA
"6460",2021-05-03,NA,NA,NA,6265136,NA,NA
"6461",2021-05-04,NA,NA,NA,6265136,NA,NA
"6462",2021-05-05,NA,NA,NA,6265136,NA,NA
"6463",2021-05-06,NA,NA,NA,6265136,NA,NA
"6464",2021-05-07,NA,NA,NA,6265136,NA,NA
"6465",2021-05-08,NA,NA,NA,6265136,NA,NA
"6466",2021-05-09,NA,NA,NA,6265136,NA,NA
"6467",2021-05-10,NA,NA,NA,6265136,NA,NA
"6468",2021-05-11,NA,NA,NA,6265136,NA,NA
"6469",2021-05-12,NA,NA,NA,6265136,NA,NA
"6470",2021-05-13,NA,NA,NA,6265136,NA,NA
"6471",2021-05-14,NA,NA,NA,6265136,NA,NA
"6472",2021-05-15,NA,NA,NA,6265136,NA,NA
"6473",2021-05-16,NA,NA,NA,6265136,NA,NA
"6474",2021-05-17,NA,NA,NA,6265136,NA,NA
"6475",2021-05-18,NA,NA,NA,6265136,NA,NA
"6476",2021-05-19,NA,NA,NA,6265136,NA,NA
"6477",2021-05-20,NA,NA,NA,6265136,NA,NA
"6478",2021-05-21,NA,NA,NA,6265136,NA,NA
"6479",2021-05-22,NA,NA,NA,6265136,NA,NA
"6480",2021-05-23,NA,NA,NA,6265136,NA,NA
"6481",2021-05-24,NA,NA,NA,6265136,NA,NA
"6482",2021-05-25,NA,NA,NA,6265136,NA,NA
"6483",2021-05-26,NA,NA,NA,6265136,NA,NA
"6484",2021-05-27,NA,NA,NA,6265136,NA,NA
"6485",2021-05-28,NA,NA,NA,6265136,NA,NA
"6486",2021-05-29,NA,NA,NA,6265136,NA,NA
"6487",2021-05-30,NA,NA,NA,6265136,NA,NA
"6488",2021-05-31,NA,NA,NA,6265136,NA,NA
"6489",2021-06-01,NA,NA,NA,6265136,NA,NA
"6490",2021-06-02,NA,NA,NA,6265136,NA,NA
"6491",2021-06-03,NA,NA,NA,6265136,NA,NA
"6492",2021-06-04,NA,NA,NA,6265136,NA,NA
"6493",2021-06-05,NA,NA,NA,6265136,NA,NA
"6494",2021-06-06,NA,NA,NA,6265136,NA,NA
"6495",2021-06-07,NA,NA,NA,6265136,NA,NA
"6496",2021-06-08,NA,NA,NA,6265136,NA,NA
"6497",2021-06-09,NA,NA,NA,6265136,NA,NA
"6498",2021-06-10,NA,NA,NA,6265136,NA,NA
"6499",2021-06-11,NA,NA,NA,6265136,NA,NA
"6500",2021-06-12,NA,NA,NA,6265136,NA,NA
"6501",2021-06-13,NA,NA,NA,6265136,NA,NA
"6502",2021-06-14,NA,NA,NA,6265136,NA,NA
"6503",2021-06-15,NA,NA,NA,6265136,NA,NA
"6504",2021-06-16,NA,NA,NA,6265136,NA,NA
"6505",2021-06-17,NA,NA,NA,6265136,NA,NA
"6506",2021-06-18,NA,NA,NA,6265136,NA,NA
"6507",2021-06-19,NA,NA,NA,6265136,NA,NA
"6508",2021-06-20,NA,NA,NA,6265136,NA,NA
"6509",2021-06-21,NA,NA,NA,6265136,NA,NA
"6510",2021-06-22,NA,NA,NA,6265136,NA,NA
"6511",2021-06-23,NA,NA,NA,6265136,NA,NA
"6512",2021-06-24,NA,NA,NA,6265136,NA,NA
"6513",2021-06-25,NA,NA,NA,6265136,NA,NA
"6514",2021-06-26,NA,NA,NA,6265136,NA,NA
"6515",2021-06-27,NA,NA,NA,6265136,NA,NA
"6516",2021-06-28,NA,NA,NA,6265136,NA,NA
"6517",2021-06-29,NA,NA,NA,6265136,NA,NA
"6518",2021-06-30,NA,NA,NA,6265136,NA,NA
"6519",2021-07-01,NA,NA,NA,6265136,NA,NA
"6520",2021-07-02,NA,NA,NA,6265136,NA,NA
"6521",2021-07-03,NA,NA,NA,6265136,NA,NA
"6522",2021-07-04,NA,NA,NA,6265136,NA,NA
"6523",2021-07-05,NA,NA,NA,6265136,NA,NA
"6524",2021-07-06,NA,NA,NA,6265136,NA,NA
"6525",2021-07-07,NA,NA,NA,6265136,NA,NA
"6526",2021-07-08,NA,NA,NA,6265136,NA,NA
"6527",2021-07-09,NA,NA,NA,6265136,NA,NA
"6528",2021-07-10,NA,NA,NA,6265136,NA,NA
"6529",2021-07-11,NA,NA,NA,6265136,NA,NA
"6530",2021-07-12,NA,NA,NA,6265136,NA,NA
"6531",2021-07-13,NA,NA,NA,6265136,NA,NA
"6532",2021-07-14,NA,NA,NA,6265136,NA,NA
"6533",2021-07-15,NA,NA,NA,6265136,NA,NA
"6534",2021-07-16,NA,NA,NA,6265136,NA,NA
"6535",2021-07-17,NA,NA,NA,6265136,NA,NA
"6536",2021-07-18,NA,NA,NA,6265136,NA,NA
"6537",2021-07-19,NA,NA,NA,6265136,NA,NA
"6538",2021-07-20,NA,NA,NA,6265136,NA,NA
"6539",2021-07-21,NA,NA,NA,6265136,NA,NA
"6540",2021-07-22,NA,NA,NA,6265136,NA,NA
"6541",2021-07-23,NA,NA,NA,6265136,NA,NA
"6542",2021-07-24,NA,NA,NA,6265136,NA,NA
"6543",2021-07-25,NA,NA,NA,6265136,NA,NA
"6544",2021-07-26,NA,NA,NA,6265136,NA,NA
"6545",2021-07-27,NA,NA,NA,6265136,NA,NA
"6546",2021-07-28,NA,NA,NA,6265136,NA,NA
"6547",2021-07-29,NA,NA,NA,6265136,NA,NA
"6548",2021-07-30,NA,NA,NA,6265136,NA,NA
"6549",2021-07-31,NA,NA,NA,6265136,NA,NA
"6550",2021-08-01,NA,NA,NA,6265136,NA,NA
"6551",2021-08-02,NA,NA,NA,6265136,NA,NA
"6552",2021-08-03,NA,NA,NA,6265136,NA,NA
"6553",2021-08-04,NA,NA,NA,6265136,NA,NA
"6554",2021-08-05,NA,NA,NA,6265136,NA,NA
"6555",2021-08-06,NA,NA,NA,6265136,NA,NA
"6556",2021-08-07,NA,NA,NA,6265136,NA,NA
"6557",2021-08-08,NA,NA,NA,6265136,NA,NA
"6558",2021-08-09,NA,NA,NA,6265136,NA,NA
"6559",2021-08-10,NA,NA,NA,6265136,NA,NA
"6560",2021-08-11,NA,NA,NA,6265136,NA,NA
"6561",2021-08-12,NA,NA,NA,6265136,NA,NA
"6562",2021-08-13,NA,NA,NA,6265136,NA,NA
"6563",2021-08-14,NA,NA,NA,6265136,NA,NA
"6564",2021-08-15,NA,NA,NA,6265136,NA,NA
"6565",2021-08-16,NA,NA,NA,6265136,NA,NA
"6566",2021-08-17,NA,NA,NA,6265136,NA,NA
"6567",2021-08-18,NA,NA,NA,6265136,NA,NA
"6568",2021-08-19,NA,NA,NA,6265136,NA,NA
"6569",2021-08-20,NA,NA,NA,6265136,NA,NA
"6570",2021-08-21,NA,NA,NA,6265136,NA,NA
"6571",2021-08-22,NA,NA,NA,6265136,NA,NA
"6572",2021-08-23,NA,NA,NA,6265136,NA,NA
"6573",2021-08-24,NA,NA,NA,6265136,NA,NA
"6574",2021-08-25,NA,NA,NA,6265136,NA,NA
"6575",2021-08-26,NA,NA,NA,6265136,NA,NA
"6576",2021-08-27,NA,NA,NA,6265136,NA,NA
"6577",2021-08-28,NA,NA,NA,6265136,NA,NA
"6578",2021-08-29,NA,NA,NA,6265136,NA,NA
"6579",2021-08-30,NA,NA,NA,6265136,NA,NA
"6580",2021-08-31,NA,NA,NA,6265136,NA,NA
"6581",2021-09-01,NA,NA,NA,6265136,NA,NA
"6582",2021-09-02,NA,NA,NA,6265136,NA,NA
"6583",2021-09-03,NA,NA,NA,6265136,NA,NA
"6584",2021-09-04,NA,NA,NA,6265136,NA,NA
"6585",2021-09-05,NA,NA,NA,6265136,NA,NA
"6586",2021-09-06,NA,NA,NA,6265136,NA,NA
"6587",2021-09-07,NA,NA,NA,6265136,NA,NA
"6588",2021-09-08,NA,NA,NA,6265136,NA,NA
"6589",2021-09-09,NA,NA,NA,6265136,NA,NA
"6590",2021-09-10,NA,NA,NA,6265136,NA,NA
"6591",2021-09-11,NA,NA,NA,6265136,NA,NA
"6592",2021-09-12,NA,NA,NA,6265136,NA,NA
"6593",2021-09-13,NA,NA,NA,6265136,NA,NA
"6594",2021-09-14,NA,NA,NA,6265136,NA,NA
"6595",2021-09-15,NA,NA,NA,6265136,NA,NA
"6596",2021-09-16,NA,NA,NA,6265136,NA,NA
"6597",2021-09-17,NA,NA,NA,6265136,NA,NA
"6598",2021-09-18,NA,NA,NA,6265136,NA,NA
"6599",2021-09-19,NA,NA,NA,6265136,NA,NA
"6600",2021-09-20,NA,NA,NA,6265136,NA,NA
"6601",2021-09-21,NA,NA,NA,6265136,NA,NA
"6602",2021-09-22,NA,NA,NA,6265136,NA,NA
"6603",2021-09-23,NA,NA,NA,6265136,NA,NA
"6604",2021-09-24,NA,NA,NA,6265136,NA,NA
"6605",2021-09-25,NA,NA,NA,6265136,NA,NA
"6606",2021-09-26,NA,NA,NA,6265136,NA,NA
"6607",2021-09-27,NA,NA,NA,6265136,NA,NA
"6608",2021-09-28,NA,NA,NA,6265136,NA,NA
"6609",2021-09-29,NA,NA,NA,6265136,NA,NA
"6610",2021-09-30,NA,NA,NA,6265136,NA,NA
"6611",2021-10-01,NA,NA,NA,6265136,NA,NA
"6612",2021-10-02,NA,NA,NA,6265136,NA,NA
"6613",2021-10-03,NA,NA,NA,6265136,NA,NA
"6614",2021-10-04,NA,NA,NA,6265136,NA,NA
"6615",2021-10-05,NA,NA,NA,6265136,NA,NA
"6616",2021-10-06,NA,NA,NA,6265136,NA,NA
"6617",2021-10-07,NA,NA,NA,6265136,NA,NA
"6618",2021-10-08,NA,NA,NA,6265136,NA,NA
"6619",2021-10-09,NA,NA,NA,6265136,NA,NA
"6620",2021-10-10,NA,NA,NA,6265136,NA,NA
"6621",2021-10-11,NA,NA,NA,6265136,NA,NA
"6622",2021-10-12,NA,NA,NA,6265136,NA,NA
"6623",2021-10-13,NA,NA,NA,6265136,NA,NA
"6624",2021-10-14,NA,NA,NA,6265136,NA,NA
"6625",2021-10-15,NA,NA,NA,6265136,NA,NA
"6626",2021-10-16,NA,NA,NA,6265136,NA,NA
"6627",2021-10-17,NA,NA,NA,6265136,NA,NA
"6628",2021-10-18,NA,NA,NA,6265136,NA,NA
"6629",2021-10-19,NA,NA,NA,6265136,NA,NA
"6630",2021-10-20,NA,NA,NA,6265136,NA,NA
"6631",2021-10-21,NA,NA,NA,6265136,NA,NA
"6632",2021-10-22,NA,NA,NA,6265136,NA,NA
"6633",2021-10-23,NA,NA,NA,6265136,NA,NA
"6634",2021-10-24,NA,NA,NA,6265136,NA,NA
"6635",2021-10-25,NA,NA,NA,6265136,NA,NA
"6636",2021-10-26,NA,NA,NA,6265136,NA,NA
"6637",2021-10-27,NA,NA,NA,6265136,NA,NA
"6638",2021-10-28,NA,NA,NA,6265136,NA,NA
"6639",2021-10-29,NA,NA,NA,6265136,NA,NA
"6640",2021-10-30,NA,NA,NA,6265136,NA,NA
"6641",2021-10-31,NA,NA,NA,6265136,NA,NA
"6642",2021-11-01,NA,NA,NA,6265136,NA,NA
"6643",2021-11-02,NA,NA,NA,6265136,NA,NA
"6644",2021-11-03,NA,NA,NA,6265136,NA,NA
"6645",2021-11-04,NA,NA,NA,6265136,NA,NA
"6646",2021-11-05,NA,NA,NA,6265136,NA,NA
"6647",2021-11-06,NA,NA,NA,6265136,NA,NA
"6648",2021-11-07,NA,NA,NA,6265136,NA,NA
"6649",2021-11-08,NA,NA,NA,6265136,NA,NA
"6650",2021-11-09,NA,NA,NA,6265136,NA,NA
"6651",2021-11-10,NA,NA,NA,6265136,NA,NA
"6652",2021-11-11,NA,NA,NA,6265136,NA,NA
"6653",2021-11-12,NA,NA,NA,6265136,NA,NA
"6654",2021-11-13,NA,NA,NA,6265136,NA,NA
"6655",2021-11-14,NA,NA,NA,6265136,NA,NA
"6656",2021-11-15,NA,NA,NA,6265136,NA,NA
"6657",2021-11-16,NA,NA,NA,6265136,NA,NA
"6658",2021-11-17,NA,NA,NA,6265136,NA,NA
"6659",2021-11-18,NA,NA,NA,6265136,NA,NA
"6660",2021-11-19,NA,NA,NA,6265136,NA,NA
"6661",2021-11-20,NA,NA,NA,6265136,NA,NA
"6662",2021-11-21,NA,NA,NA,6265136,NA,NA
"6663",2021-11-22,NA,NA,NA,6265136,NA,NA
"6664",2021-11-23,NA,NA,NA,6265136,NA,NA
"6665",2021-11-25,NA,NA,NA,6265136,NA,NA
"6666",2022-01-16,NA,NA,NA,6265136,NA,NA
"6667",2022-01-18,NA,NA,NA,6265136,NA,NA
"6668",2022-01-19,NA,NA,NA,6265136,NA,NA
"6669",2022-01-20,NA,NA,NA,6265136,NA,NA
"6670",2022-01-21,NA,NA,NA,6265136,NA,NA
"6671",2022-01-22,NA,NA,NA,6265136,NA,NA
"6672",2022-01-23,NA,NA,NA,6265136,NA,NA
"6673",2022-01-24,NA,NA,NA,6265136,NA,NA
"6674",2022-01-25,NA,NA,NA,6265136,NA,NA
"6675",2022-01-26,NA,NA,NA,6265136,NA,NA
"6676",2022-01-27,NA,NA,NA,6265136,NA,NA
"6677",2022-01-28,NA,NA,NA,6265136,NA,NA
"6678",2022-01-29,NA,NA,NA,6265136,NA,NA
"6679",2022-01-30,NA,NA,NA,6265136,NA,NA
"6680",2022-01-31,NA,NA,NA,6265136,NA,NA
"6681",2022-02-01,NA,NA,NA,6265136,NA,NA
"6682",2022-02-02,NA,NA,NA,6265136,NA,NA
"6683",2022-02-03,NA,NA,NA,6265136,NA,NA
"6684",2022-02-04,NA,NA,NA,6265136,NA,NA
"6685",2022-02-05,NA,NA,NA,6265136,NA,NA
"6686",2022-02-06,NA,NA,NA,6265136,NA,NA
"6687",2022-02-07,NA,NA,NA,6265136,NA,NA
"6688",2022-02-08,NA,NA,NA,6265136,NA,NA
"6689",2022-02-09,NA,NA,NA,6265136,NA,NA
"6690",2022-02-10,NA,NA,NA,6265136,NA,NA
"6691",2022-02-11,NA,NA,NA,6265136,NA,NA
"6692",2022-02-12,NA,NA,NA,6265136,NA,NA
"6693",2022-02-13,NA,NA,NA,6265136,NA,NA
"6694",2022-02-14,NA,NA,NA,6265136,NA,NA
"6695",2022-02-15,NA,NA,NA,6265136,NA,NA
"6696",2022-02-16,NA,NA,NA,6265136,NA,NA
"6697",2022-02-17,NA,NA,NA,6265136,NA,NA
"6698",2022-02-18,NA,NA,NA,6265136,NA,NA
"6699",2022-02-19,NA,NA,NA,6265136,NA,NA
"6700",2022-02-20,NA,NA,NA,6265136,NA,NA
"6701",2022-02-21,NA,NA,NA,6265136,NA,NA
"6702",2022-02-22,NA,NA,NA,6265136,NA,NA
"6703",2022-02-23,NA,NA,NA,6265136,NA,NA
"6704",2022-02-24,NA,NA,NA,6265136,NA,NA
"6705",2022-02-25,NA,NA,NA,6265136,NA,NA
"6706",2022-02-26,NA,NA,NA,6265136,NA,NA
"6707",2022-02-27,NA,NA,NA,6265136,NA,NA
"6708",2022-02-28,NA,NA,NA,6265136,NA,NA
"6709",2022-03-01,NA,NA,NA,6265136,NA,NA
"6710",2022-03-02,NA,NA,NA,6265136,NA,NA
"6711",2022-03-03,NA,NA,NA,6265136,NA,NA
"6712",2022-03-04,NA,NA,NA,6265136,NA,NA
"6713",2022-03-05,NA,NA,NA,6265136,NA,NA
"6714",2022-03-06,NA,NA,NA,6265136,NA,NA
"6715",2022-03-07,NA,NA,NA,6265136,NA,NA
"6716",2022-03-08,NA,NA,NA,6265136,NA,NA
"6717",2022-03-09,NA,NA,NA,6265136,NA,NA
"6718",2022-03-10,NA,NA,NA,6265136,NA,NA
"6719",2022-03-11,NA,NA,NA,6265136,NA,NA
"6720",2022-03-12,NA,NA,NA,6265136,NA,NA
"6721",2022-03-13,NA,NA,NA,6265136,NA,NA
"6722",2022-03-14,NA,NA,NA,6265136,NA,NA
"6723",2022-03-15,NA,NA,NA,6265136,NA,NA
"6724",2022-03-16,NA,NA,NA,6265136,NA,NA
"6725",2022-03-17,NA,NA,NA,6265136,NA,NA
"6726",2022-03-18,NA,NA,NA,6265136,NA,NA
"6727",2022-03-19,NA,NA,NA,6265136,NA,NA
"6728",2022-03-20,NA,NA,NA,6265136,NA,NA
"6729",2022-03-21,NA,NA,NA,6265136,NA,NA
"6730",2022-03-22,NA,NA,NA,6265136,NA,NA
"6731",2022-03-23,NA,NA,NA,6265136,NA,NA
"6732",2022-03-24,NA,NA,NA,6265136,NA,NA
"6733",2022-03-25,NA,NA,NA,6265136,NA,NA
"6734",2022-03-26,NA,NA,NA,6265136,NA,NA
"6735",2022-03-27,NA,NA,NA,6265136,NA,NA
"6736",2022-03-28,NA,NA,NA,6265136,NA,NA
"6737",2022-03-29,NA,NA,NA,6265136,NA,NA
"6738",2022-03-30,NA,NA,NA,6265136,NA,NA
"6739",2022-03-31,NA,NA,NA,6265136,NA,NA
"6740",2022-04-01,NA,NA,NA,6265136,NA,NA
"6741",2022-04-02,NA,NA,NA,6265136,NA,NA
"6742",2022-04-03,NA,NA,NA,6265136,NA,NA
"6743",2022-04-04,NA,NA,NA,6265136,NA,NA
"6744",2022-04-05,NA,NA,NA,6265136,NA,NA
"6745",2022-04-06,NA,NA,NA,6265136,NA,NA
"6746",2022-04-07,NA,NA,NA,6265136,NA,NA
"6747",2022-04-08,NA,NA,NA,6265136,NA,NA
"6748",2022-04-09,NA,NA,NA,6265136,NA,NA
"6749",2022-04-10,NA,NA,NA,6265136,NA,NA
"6750",2022-04-11,NA,NA,NA,6265136,NA,NA
"6751",2022-04-12,NA,NA,NA,6265136,NA,NA
"6752",2022-04-13,NA,NA,NA,6265136,NA,NA
"6753",2022-04-14,NA,NA,NA,6265136,NA,NA
"6754",2022-04-15,NA,NA,NA,6265136,NA,NA
"6755",2022-04-16,NA,NA,NA,6265136,NA,NA
"6756",2022-04-17,NA,NA,NA,6265136,NA,NA
"6757",2022-04-18,NA,NA,NA,6265136,NA,NA
"6758",2022-04-19,NA,NA,NA,6265136,NA,NA
"6759",2022-04-20,NA,NA,NA,6265136,NA,NA
"6760",2022-04-21,NA,NA,NA,6265136,NA,NA
"6761",2022-04-22,NA,NA,NA,6265136,NA,NA
"6762",2022-04-23,NA,NA,NA,6265136,NA,NA
"6763",2022-04-24,NA,NA,NA,6265136,NA,NA
"6764",2022-04-25,NA,NA,NA,6265136,NA,NA
"6765",2022-04-26,NA,NA,NA,6265136,NA,NA
"6766",2022-04-27,NA,NA,NA,6265136,NA,NA
"6767",2022-04-28,NA,NA,NA,6265136,NA,NA
"6768",2022-04-29,NA,NA,NA,6265136,NA,NA
"6769",2022-04-30,NA,NA,NA,6265136,NA,NA
"6770",2022-05-01,NA,NA,NA,6265136,NA,NA
"6771",2022-05-02,NA,NA,NA,6265136,NA,NA
"6772",2022-05-03,NA,NA,NA,6265136,NA,NA
"6773",2022-05-04,NA,NA,NA,6265136,NA,NA
"6774",2022-05-05,NA,NA,NA,6265136,NA,NA
"6775",2022-05-06,NA,NA,NA,6265136,NA,NA
"6776",2022-05-07,NA,NA,NA,6265136,NA,NA
"6777",2022-05-08,NA,NA,NA,6265136,NA,NA
"6778",2022-05-09,NA,NA,NA,6265136,NA,NA
"6779",2022-05-10,NA,NA,NA,6265136,NA,NA
"6780",2022-05-11,NA,NA,NA,6265136,NA,NA
"6781",2022-05-12,NA,NA,NA,6265136,NA,NA
"6782",2022-05-13,NA,NA,NA,6265136,NA,NA
"6783",2022-05-14,NA,NA,NA,6265136,NA,NA
"6784",2022-05-15,NA,NA,NA,6265136,NA,NA
"6785",2022-05-16,NA,NA,NA,6265136,NA,NA
"6786",2022-05-17,NA,NA,NA,6265136,NA,NA
"6787",2022-05-18,NA,NA,NA,6265136,NA,NA
"6788",2022-05-19,NA,NA,NA,6265136,NA,NA
"6789",2022-05-20,NA,NA,NA,6265136,NA,NA
"6790",2022-05-21,NA,NA,NA,6265136,NA,NA
"6791",2022-05-22,NA,NA,NA,6265136,NA,NA
"6792",2022-05-23,NA,NA,NA,6265136,NA,NA
"6793",2022-05-24,NA,NA,NA,6265136,NA,NA
"6794",2022-05-25,NA,NA,NA,6265136,NA,NA
"6795",2022-05-26,NA,NA,NA,6265136,NA,NA
"6796",2022-05-27,NA,NA,NA,6265136,NA,NA
"6797",2022-05-28,NA,NA,NA,6265136,NA,NA
"6798",2022-05-29,NA,NA,NA,6265136,NA,NA
"6799",2022-05-30,NA,NA,NA,6265136,NA,NA
"6800",2022-05-31,NA,NA,NA,6265136,NA,NA
"6801",2022-06-01,NA,NA,NA,6265136,NA,NA
"6802",2022-06-02,NA,NA,NA,6265136,NA,NA
"6803",2022-06-03,NA,NA,NA,6265136,NA,NA
"6804",2022-06-04,NA,NA,NA,6265136,NA,NA
"6805",2022-06-05,NA,NA,NA,6265136,NA,NA
"6806",2022-06-06,NA,NA,NA,6265136,NA,NA
"6807",2022-06-07,NA,NA,NA,6265136,NA,NA
"6808",2022-06-08,NA,NA,NA,6265136,NA,NA
"6809",2022-06-09,NA,NA,NA,6265136,NA,NA
"6810",2022-06-10,NA,NA,NA,6265136,NA,NA
"6811",2022-06-11,NA,NA,NA,6265136,NA,NA
"6812",2022-06-12,NA,NA,NA,6265136,NA,NA
"6813",2022-06-13,NA,NA,NA,6265136,NA,NA
"6814",2022-06-14,NA,NA,NA,6265136,NA,NA
"6815",2022-06-15,NA,NA,NA,6265136,NA,NA
"6816",2022-06-16,NA,NA,NA,6265136,NA,NA
"6817",2022-06-17,NA,NA,NA,6265136,NA,NA
"6818",2022-06-18,NA,NA,NA,6265136,NA,NA
"6819",2022-06-19,NA,NA,NA,6265136,NA,NA
"6820",2022-06-20,NA,NA,NA,6265136,NA,NA
"6821",2022-06-21,NA,NA,NA,6265136,NA,NA
"6822",2022-06-22,NA,NA,NA,6265136,NA,NA
"6823",2022-06-23,NA,NA,NA,6265136,NA,NA
"6824",2022-06-24,NA,NA,NA,6265136,NA,NA
"6825",2022-06-25,NA,NA,NA,6265136,NA,NA
"6826",2022-06-26,NA,NA,NA,6265136,NA,NA
"6827",2022-06-27,NA,NA,NA,6265136,NA,NA
"6828",2022-06-28,NA,NA,NA,6265136,NA,NA
"6829",2022-06-29,NA,NA,NA,6265136,NA,NA
"6830",2022-06-30,NA,NA,NA,6265136,NA,NA
"6831",2022-07-01,NA,NA,NA,6265136,NA,NA
"6832",2022-07-02,NA,NA,NA,6265136,NA,NA
"6833",2022-07-03,NA,NA,NA,6265136,NA,NA
"6834",2022-07-04,NA,NA,NA,6265136,NA,NA
"6835",2022-07-05,NA,NA,NA,6265136,NA,NA
"6836",2022-07-06,NA,NA,NA,6265136,NA,NA
"6837",2022-07-07,NA,NA,NA,6265136,NA,NA
"6838",2022-07-08,NA,NA,NA,6265136,NA,NA
"6839",2022-07-09,NA,NA,NA,6265136,NA,NA
"6840",2022-07-10,NA,NA,NA,6265136,NA,NA
"6841",2022-07-11,NA,NA,NA,6265136,NA,NA
"6842",2022-07-12,NA,NA,NA,6265136,NA,NA
"6843",2022-07-13,NA,NA,NA,6265136,NA,NA
"6844",2022-07-14,NA,NA,NA,6265136,NA,NA
"6845",2022-07-15,NA,NA,NA,6265136,NA,NA
"6846",2022-07-16,NA,NA,NA,6265136,NA,NA
"6847",2022-07-17,NA,NA,NA,6265136,NA,NA
"6848",2022-07-18,NA,NA,NA,6265136,NA,NA
"6849",2022-07-19,NA,NA,NA,6265136,NA,NA
"6850",2022-07-20,NA,NA,NA,6265136,NA,NA
"6851",2022-07-21,NA,NA,NA,6265136,NA,NA
"6852",2022-07-22,NA,NA,NA,6265136,NA,NA
"6853",2022-07-23,NA,NA,NA,6265136,NA,NA
"6854",2022-07-24,NA,NA,NA,6265136,NA,NA
"6855",2022-07-25,NA,NA,NA,6265136,NA,NA
"6856",2022-07-26,NA,NA,NA,6265136,NA,NA
"6857",2022-07-27,NA,NA,NA,6265136,NA,NA
"6858",2022-07-28,NA,NA,NA,6265136,NA,NA
"6859",2022-07-29,NA,NA,NA,6265136,NA,NA
"6860",2022-07-30,NA,NA,NA,6265136,NA,NA
"6861",2022-07-31,NA,NA,NA,6265136,NA,NA
"6862",2022-08-01,NA,NA,NA,6265136,NA,NA
"6863",2022-08-02,NA,NA,NA,6265136,NA,NA
"6864",2022-08-03,NA,NA,NA,6265136,NA,NA
"6865",2022-08-04,NA,NA,NA,6265136,NA,NA
"6866",2022-08-05,NA,NA,NA,6265136,NA,NA
"6867",2022-08-06,NA,NA,NA,6265136,NA,NA
"6868",2022-08-07,NA,NA,NA,6265136,NA,NA
"6869",2022-08-08,NA,NA,NA,6265136,NA,NA
"6870",2022-08-09,NA,NA,NA,6265136,NA,NA
"6871",2022-08-10,NA,NA,NA,6265136,NA,NA
"6872",2022-08-11,NA,NA,NA,6265136,NA,NA
"6873",2022-08-12,NA,NA,NA,6265136,NA,NA
"6874",2022-08-13,NA,NA,NA,6265136,NA,NA
"6875",2022-08-14,NA,NA,NA,6265136,NA,NA
"6876",2022-08-15,NA,NA,NA,6265136,NA,NA
"6877",2022-08-16,NA,NA,NA,6265136,NA,NA
"6878",2022-08-17,NA,NA,NA,6265136,NA,NA
"6879",2022-08-18,NA,NA,NA,6265136,NA,NA
"6880",2022-08-19,NA,NA,NA,6265136,NA,NA
"6881",2022-08-20,NA,NA,NA,6265136,NA,NA
"6882",2022-08-21,NA,NA,NA,6265136,NA,NA
"6883",2022-08-22,NA,NA,NA,6265136,NA,NA
"6884",2022-08-23,NA,NA,NA,6265136,NA,NA
"6885",2022-08-24,NA,NA,NA,6265136,NA,NA
"6886",2022-08-25,NA,NA,NA,6265136,NA,NA
"6887",2022-08-26,NA,NA,NA,6265136,NA,NA
"6888",2022-08-27,NA,NA,NA,6265136,NA,NA
"6889",2022-08-28,NA,NA,NA,6265136,NA,NA
"6890",2022-08-29,NA,NA,NA,6265136,NA,NA
"6891",2022-08-30,NA,NA,NA,6265136,NA,NA
"6892",2022-08-31,NA,NA,NA,6265136,NA,NA
"6893",2022-09-01,NA,NA,NA,6265136,NA,NA
"6894",2022-09-02,NA,NA,NA,6265136,NA,NA
"6895",2022-09-03,NA,NA,NA,6265136,NA,NA
"6896",2022-09-04,NA,NA,NA,6265136,NA,NA
"6897",2022-09-05,NA,NA,NA,6265136,NA,NA
"6898",2022-09-06,NA,NA,NA,6265136,NA,NA
"6899",2022-09-07,NA,NA,NA,6265136,NA,NA
"6900",2022-09-08,NA,NA,NA,6265136,NA,NA
"6901",2022-09-09,NA,NA,NA,6265136,NA,NA
"6902",2022-09-10,NA,NA,NA,6265136,NA,NA
"6903",2022-09-11,NA,NA,NA,6265136,NA,NA
"6904",2022-09-12,NA,NA,NA,6265136,NA,NA
"6905",2022-09-13,NA,NA,NA,6265136,NA,NA
"6906",2022-09-14,NA,NA,NA,6265136,NA,NA
"6907",2022-09-15,NA,NA,NA,6265136,NA,NA
"6908",2022-09-16,NA,NA,NA,6265136,NA,NA
"6909",2022-09-17,NA,NA,NA,6265136,NA,NA
"6910",2022-09-18,NA,NA,NA,6265136,NA,NA
"6911",2022-09-19,NA,NA,NA,6265136,NA,NA
"6912",2022-09-20,NA,NA,NA,6265136,NA,NA
"6913",2022-09-21,NA,NA,NA,6265136,NA,NA
"6914",2022-09-22,NA,NA,NA,6265136,NA,NA
"6915",2022-09-23,NA,NA,NA,6265136,NA,NA
"6916",2022-09-24,NA,NA,NA,6265136,NA,NA
"6917",2022-09-25,NA,NA,NA,6265136,NA,NA
"6918",2022-09-26,NA,NA,NA,6265136,NA,NA
"6919",2022-09-27,NA,NA,NA,6265136,NA,NA
"6920",2022-09-28,NA,NA,NA,6265136,NA,NA
"6921",2022-09-29,NA,NA,NA,6265136,NA,NA
"6922",2022-09-30,NA,NA,NA,6265136,NA,NA
"6923",2022-10-01,NA,NA,NA,6265136,NA,NA
"6924",2022-10-02,NA,NA,NA,6265136,NA,NA
"6925",2022-10-03,NA,NA,NA,6265136,NA,NA
"6926",2022-10-04,NA,NA,NA,6265136,NA,NA
"6927",2022-10-05,NA,NA,NA,6265136,NA,NA
"6928",2022-10-06,NA,NA,NA,6265136,NA,NA
"6929",2022-10-07,NA,NA,NA,6265136,NA,NA
"6930",2022-10-08,NA,NA,NA,6265136,NA,NA
"6931",2022-10-09,NA,NA,NA,6265136,NA,NA
"6932",2022-10-10,NA,NA,NA,6265136,NA,NA
"6933",2022-10-24,NA,NA,NA,6265136,NA,NA
"6934",2022-10-25,NA,NA,NA,6265136,NA,NA
"6935",2022-10-26,NA,NA,NA,6265136,NA,NA
"6936",2022-10-27,NA,NA,NA,6265136,NA,NA
"6937",2022-10-28,NA,NA,NA,6265136,NA,NA
"6938",2022-10-29,NA,NA,NA,6265136,NA,NA
"6939",2022-10-30,NA,NA,NA,6265136,NA,NA
"6940",2022-10-31,NA,NA,NA,6265136,NA,NA
"6941",2022-11-01,NA,NA,NA,6265136,NA,NA
"6942",2022-11-02,NA,NA,NA,6265136,NA,NA
"6943",2022-11-03,NA,NA,NA,6265136,NA,NA
"6944",2022-11-04,NA,NA,NA,6265136,NA,NA
"6945",2022-11-05,NA,NA,NA,6265136,NA,NA
"6946",2022-11-06,NA,NA,NA,6265136,NA,NA
"6947",2022-11-07,NA,NA,NA,6265136,NA,NA
"6948",2022-11-08,NA,NA,NA,6265136,NA,NA
"6949",2022-11-09,NA,NA,NA,6265136,NA,NA
"6950",2022-11-10,NA,NA,NA,6265136,NA,NA
"6951",2022-11-11,NA,NA,NA,6265136,NA,NA
"6952",2022-11-12,NA,NA,NA,6265136,NA,NA
"6953",2022-11-13,NA,NA,NA,6265136,NA,NA
"6954",2022-11-14,NA,NA,NA,6265136,NA,NA
"6955",2022-11-15,NA,NA,NA,6265136,NA,NA
"6956",2022-11-16,NA,NA,NA,6265136,NA,NA
"6957",2022-11-17,NA,NA,NA,6265136,NA,NA
"6958",2022-11-18,NA,NA,NA,6265136,NA,NA
"6959",2022-11-19,NA,NA,NA,6265136,NA,NA
"6960",2022-11-20,NA,NA,NA,6265136,NA,NA
"6961",2022-11-21,NA,NA,NA,6265136,NA,NA
"6962",2022-11-22,NA,NA,NA,6265136,NA,NA
"6963",2022-11-23,NA,NA,NA,6265136,NA,NA
"6964",2022-11-24,NA,NA,NA,6265136,NA,NA
"6965",2022-11-25,NA,NA,NA,6265136,NA,NA
"6966",2023-01-18,NA,NA,NA,6265136,NA,NA
"6967",2023-01-19,NA,NA,NA,6265136,NA,NA
"6968",2023-01-20,NA,NA,NA,6265136,NA,NA
"6969",2023-01-21,NA,NA,NA,6265136,NA,NA
"6970",2023-01-22,NA,NA,NA,6265136,NA,NA
"6971",2023-01-23,NA,NA,NA,6265136,NA,NA
"6972",2023-01-24,NA,NA,NA,6265136,NA,NA
"6973",2023-01-25,NA,NA,NA,6265136,NA,NA
"6974",2023-01-26,NA,NA,NA,6265136,NA,NA
"6975",2023-01-27,NA,NA,NA,6265136,NA,NA
"6976",2023-01-28,NA,NA,NA,6265136,NA,NA
"6977",2023-01-29,NA,NA,NA,6265136,NA,NA
"6978",2023-01-30,NA,NA,NA,6265136,NA,NA
"6979",2023-01-31,NA,NA,NA,6265136,NA,NA
"6980",2023-02-01,NA,NA,NA,6265136,NA,NA
"6981",2023-02-02,NA,NA,NA,6265136,NA,NA
"6982",2023-02-03,NA,NA,NA,6265136,NA,NA
"6983",2023-02-04,NA,NA,NA,6265136,NA,NA
"6984",2023-02-05,NA,NA,NA,6265136,NA,NA
"6985",2023-02-06,NA,NA,NA,6265136,NA,NA
"6986",2023-02-07,NA,NA,NA,6265136,NA,NA
"6987",2023-02-08,NA,NA,NA,6265136,NA,NA
"6988",2023-02-09,NA,NA,NA,6265136,NA,NA
"6989",2023-02-10,NA,NA,NA,6265136,NA,NA
"6990",2023-02-11,NA,NA,NA,6265136,NA,NA
"6991",2023-02-12,NA,NA,NA,6265136,NA,NA
"6992",2023-02-13,NA,NA,NA,6265136,NA,NA
"6993",2023-02-14,NA,NA,NA,6265136,NA,NA
"6994",2023-02-15,NA,NA,NA,6265136,NA,NA
"6995",2023-02-16,NA,NA,NA,6265136,NA,NA
"6996",2023-02-17,NA,NA,NA,6265136,NA,NA
"6997",2023-02-18,NA,NA,NA,6265136,NA,NA
"6998",2023-02-19,NA,NA,NA,6265136,NA,NA
"6999",2023-02-20,NA,NA,NA,6265136,NA,NA
"7000",2023-02-21,NA,NA,NA,6265136,NA,NA
"7001",2023-02-22,NA,NA,NA,6265136,NA,NA
"7002",2023-02-23,NA,NA,NA,6265136,NA,NA
"7003",2023-02-24,NA,NA,NA,6265136,NA,NA
"7004",2023-02-25,NA,NA,NA,6265136,NA,NA
"7005",2023-02-26,NA,NA,NA,6265136,NA,NA
"7006",2023-02-27,NA,NA,NA,6265136,NA,NA
"7007",2023-02-28,NA,NA,NA,6265136,NA,NA
"7008",2023-03-01,NA,NA,NA,6265136,NA,NA
"7009",2023-03-02,NA,NA,NA,6265136,NA,NA
"7010",2023-03-03,NA,NA,NA,6265136,NA,NA
"7011",2023-03-04,NA,NA,NA,6265136,NA,NA
"7012",2023-03-05,NA,NA,NA,6265136,NA,NA
"7013",2023-03-06,NA,NA,NA,6265136,NA,NA
"7014",2023-03-07,NA,NA,NA,6265136,NA,NA
"7015",2023-03-08,NA,NA,NA,6265136,NA,NA
"7016",2023-03-09,NA,NA,NA,6265136,NA,NA
"7017",2023-03-10,NA,NA,NA,6265136,NA,NA
"7018",2023-03-11,NA,NA,NA,6265136,NA,NA
"7019",2023-03-12,NA,NA,NA,6265136,NA,NA
"7020",2023-03-13,NA,NA,NA,6265136,NA,NA
"7021",2023-03-14,NA,NA,NA,6265136,NA,NA
"7022",2023-03-15,NA,NA,NA,6265136,NA,NA
"7023",2023-03-16,NA,NA,NA,6265136,NA,NA
"7024",2023-03-17,NA,NA,NA,6265136,NA,NA
"7025",2023-03-18,NA,NA,NA,6265136,NA,NA
"7026",2023-03-19,NA,NA,NA,6265136,NA,NA
"7027",2023-03-20,NA,NA,NA,6265136,NA,NA
"7028",2023-03-21,NA,NA,NA,6265136,NA,NA
"7029",2023-03-22,NA,NA,NA,6265136,NA,NA
"7030",2023-03-23,NA,NA,NA,6265136,NA,NA
"7031",2023-03-24,NA,NA,NA,6265136,NA,NA
"7032",2023-03-25,NA,NA,NA,6265136,NA,NA
"7033",2023-03-26,NA,NA,NA,6265136,NA,NA
"7034",2023-03-27,NA,NA,NA,6265136,NA,NA
"7035",2023-03-28,NA,NA,NA,6265136,NA,NA
"7036",2023-03-29,NA,NA,NA,6265136,NA,NA
"7037",2023-03-30,NA,NA,NA,6265136,NA,NA
"7038",2023-03-31,NA,NA,NA,6265136,NA,NA
"7039",2023-04-01,NA,NA,NA,6265136,NA,NA
"7040",2023-04-02,NA,NA,NA,6265136,NA,NA
"7041",2023-04-03,NA,NA,NA,6265136,NA,NA
"7042",2023-04-04,NA,NA,NA,6265136,NA,NA
"7043",2023-04-05,NA,NA,NA,6265136,NA,NA
"7044",2023-04-06,NA,NA,NA,6265136,NA,NA
"7045",2023-04-07,NA,NA,NA,6265136,NA,NA
"7046",2023-04-08,NA,NA,NA,6265136,NA,NA
"7047",2023-04-09,NA,NA,NA,6265136,NA,NA
"7048",2023-04-10,NA,NA,NA,6265136,NA,NA
"7049",2023-04-11,NA,NA,NA,6265136,NA,NA
"7050",2023-04-12,NA,NA,NA,6265136,NA,NA
"7051",2023-04-13,NA,NA,NA,6265136,NA,NA
"7052",2023-04-14,NA,NA,NA,6265136,NA,NA
"7053",2023-04-15,NA,NA,NA,6265136,NA,NA
"7054",2023-04-16,NA,NA,NA,6265136,NA,NA
"7055",2023-04-17,NA,NA,NA,6265136,NA,NA
"7056",2023-04-18,NA,NA,NA,6265136,NA,NA
"7057",2023-04-19,NA,NA,NA,6265136,NA,NA
"7058",2023-04-20,NA,NA,NA,6265136,NA,NA
"7059",2023-04-21,NA,NA,NA,6265136,NA,NA
"7060",2023-04-22,NA,NA,NA,6265136,NA,NA
"7061",2023-04-23,NA,NA,NA,6265136,NA,NA
"7062",2023-04-24,NA,NA,NA,6265136,NA,NA
"7063",2023-04-25,NA,NA,NA,6265136,NA,NA
"7064",2023-04-26,NA,NA,NA,6265136,NA,NA
"7065",2023-04-27,NA,NA,NA,6265136,NA,NA
"7066",2023-04-28,NA,NA,NA,6265136,NA,NA
"7067",2023-04-29,NA,NA,NA,6265136,NA,NA
"7068",2023-04-30,NA,NA,NA,6265136,NA,NA
"7069",2023-05-01,NA,NA,NA,6265136,NA,NA
"7070",2023-05-02,NA,NA,NA,6265136,NA,NA
"7071",2023-05-03,NA,NA,NA,6265136,NA,NA
"7072",2023-05-04,NA,NA,NA,6265136,NA,NA
"7073",2023-05-05,NA,NA,NA,6265136,NA,NA
"7074",2023-05-06,NA,NA,NA,6265136,NA,NA
"7075",2023-05-07,NA,NA,NA,6265136,NA,NA
"7076",2023-05-08,NA,NA,NA,6265136,NA,NA
"7077",2023-05-09,NA,NA,NA,6265136,NA,NA
"7078",2023-05-10,NA,NA,NA,6265136,NA,NA
"7079",2023-05-11,NA,NA,NA,6265136,NA,NA
"7080",2023-05-12,NA,NA,NA,6265136,NA,NA
"7081",2023-05-13,NA,NA,NA,6265136,NA,NA
"7082",2023-05-14,NA,NA,NA,6265136,NA,NA
"7083",2023-05-15,NA,NA,NA,6265136,NA,NA
"7084",2023-05-16,NA,NA,NA,6265136,NA,NA
"7085",2023-05-17,NA,NA,NA,6265136,NA,NA
"7086",2023-05-18,NA,NA,NA,6265136,NA,NA
"7087",2023-05-19,NA,NA,NA,6265136,NA,NA
"7088",2023-05-20,NA,NA,NA,6265136,NA,NA
"7089",2023-05-21,NA,NA,NA,6265136,NA,NA
"7090",2023-05-22,NA,NA,NA,6265136,NA,NA
"7091",2023-05-23,NA,NA,NA,6265136,NA,NA
"7092",2023-05-24,NA,NA,NA,6265136,NA,NA
"7093",2023-05-25,NA,NA,NA,6265136,NA,NA
"7094",2023-05-26,NA,NA,NA,6265136,NA,NA
"7095",2023-05-27,NA,NA,NA,6265136,NA,NA
"7096",2023-05-28,NA,NA,NA,6265136,NA,NA
"7097",2023-05-29,NA,NA,NA,6265136,NA,NA
"7098",2023-05-30,NA,NA,NA,6265136,NA,NA
"7099",2023-05-31,NA,NA,NA,6265136,NA,NA
"7100",2023-06-01,NA,NA,NA,6265136,NA,NA
"7101",2023-06-02,NA,NA,NA,6265136,NA,NA
"7102",2023-06-03,NA,NA,NA,6265136,NA,NA
"7103",2023-06-04,NA,NA,NA,6265136,NA,NA
"7104",2023-06-05,NA,NA,NA,6265136,NA,NA
"7105",2023-06-06,NA,NA,NA,6265136,NA,NA
"7106",2023-06-07,NA,NA,NA,6265136,NA,NA
"7107",2023-06-08,NA,NA,NA,6265136,NA,NA
"7108",2023-06-09,NA,NA,NA,6265136,NA,NA
"7109",2023-06-10,NA,NA,NA,6265136,NA,NA
"7110",2023-06-11,NA,NA,NA,6265136,NA,NA
"7111",2023-06-12,NA,NA,NA,6265136,NA,NA
"7112",2023-06-13,NA,NA,NA,6265136,NA,NA
"7113",2023-06-14,NA,NA,NA,6265136,NA,NA
"7114",2023-06-15,NA,NA,NA,6265136,NA,NA
"7115",2023-06-16,NA,NA,NA,6265136,NA,NA
"7116",2023-06-17,NA,NA,NA,6265136,NA,NA
"7117",2023-06-18,NA,NA,NA,6265136,NA,NA
"7118",2023-06-19,NA,NA,NA,6265136,NA,NA
"7119",2023-06-20,NA,NA,NA,6265136,NA,NA
"7120",2023-06-21,NA,NA,NA,6265136,NA,NA
"7121",2023-06-22,NA,NA,NA,6265136,NA,NA
"7122",2023-06-23,NA,NA,NA,6265136,NA,NA
"7123",2023-06-24,NA,NA,NA,6265136,NA,NA
"7124",2023-06-25,NA,NA,NA,6265136,NA,NA
"7125",2023-06-26,NA,NA,NA,6265136,NA,NA
"7126",2023-06-27,NA,NA,NA,6265136,NA,NA
"7127",2023-06-28,NA,NA,NA,6265136,NA,NA
"7128",2023-06-29,NA,NA,NA,6265136,NA,NA
"7129",2023-06-30,NA,NA,NA,6265136,NA,NA
"7130",2023-07-01,NA,NA,NA,6265136,NA,NA
"7131",2023-07-02,NA,NA,NA,6265136,NA,NA
"7132",2023-07-03,NA,NA,NA,6265136,NA,NA
"7133",2023-07-04,NA,NA,NA,6265136,NA,NA
"7134",2023-07-05,NA,NA,NA,6265136,NA,NA
"7135",2023-07-06,NA,NA,NA,6265136,NA,NA
"7136",2023-07-07,NA,NA,NA,6265136,NA,NA
"7137",2023-07-08,NA,NA,NA,6265136,NA,NA
"7138",2023-07-09,NA,NA,NA,6265136,NA,NA
"7139",2023-07-10,NA,NA,NA,6265136,NA,NA
"7140",2023-07-11,NA,NA,NA,6265136,NA,NA
"7141",2023-07-12,NA,NA,NA,6265136,NA,NA
"7142",2023-07-13,NA,NA,NA,6265136,NA,NA
"7143",2023-07-14,NA,NA,NA,6265136,NA,NA
"7144",2023-07-15,NA,NA,NA,6265136,NA,NA
"7145",2023-07-16,NA,NA,NA,6265136,NA,NA
"7146",2023-07-17,NA,NA,NA,6265136,NA,NA
"7147",2023-07-18,NA,NA,NA,6265136,NA,NA
"7148",2023-07-19,NA,NA,NA,6265136,NA,NA
"7149",2023-07-20,NA,NA,NA,6265136,NA,NA
"7150",2023-07-21,NA,NA,NA,6265136,NA,NA
"7151",2023-07-22,NA,NA,NA,6265136,NA,NA
"7152",2023-07-23,NA,NA,NA,6265136,NA,NA
"7153",2023-07-24,NA,NA,NA,6265136,NA,NA
"7154",2023-07-25,NA,NA,NA,6265136,NA,NA
"7155",2023-07-26,NA,NA,NA,6265136,NA,NA
"7156",2023-07-27,NA,NA,NA,6265136,NA,NA
"7157",2023-07-28,NA,NA,NA,6265136,NA,NA
"7158",2023-07-29,NA,NA,NA,6265136,NA,NA
"7159",2023-07-30,NA,NA,NA,6265136,NA,NA
"7160",2023-07-31,NA,NA,NA,6265136,NA,NA
"7161",2023-08-01,NA,NA,NA,6265136,NA,NA
"7162",2023-08-02,NA,NA,NA,6265136,NA,NA
"7163",2023-08-03,NA,NA,NA,6265136,NA,NA
"7164",2023-08-04,NA,NA,NA,6265136,NA,NA
"7165",2023-08-05,NA,NA,NA,6265136,NA,NA
"7166",2023-08-06,NA,NA,NA,6265136,NA,NA
"7167",2023-08-07,NA,NA,NA,6265136,NA,NA
"7168",2023-08-08,NA,NA,NA,6265136,NA,NA
"7169",2023-08-09,NA,NA,NA,6265136,NA,NA
"7170",2023-08-10,NA,NA,NA,6265136,NA,NA
"7171",2023-08-11,NA,NA,NA,6265136,NA,NA
"7172",2023-08-12,NA,NA,NA,6265136,NA,NA
"7173",2023-08-13,NA,NA,NA,6265136,NA,NA
"7174",2023-08-14,NA,NA,NA,6265136,NA,NA
"7175",2023-08-15,NA,NA,NA,6265136,NA,NA
"7176",2023-08-16,NA,NA,NA,6265136,NA,NA
"7177",2023-08-17,NA,NA,NA,6265136,NA,NA
"7178",2023-08-18,NA,NA,NA,6265136,NA,NA
"7179",2023-08-19,NA,NA,NA,6265136,NA,NA
"7180",2023-08-20,NA,NA,NA,6265136,NA,NA
"7181",2023-08-21,NA,NA,NA,6265136,NA,NA
"7182",2023-08-22,NA,NA,NA,6265136,NA,NA
"7183",2023-08-23,NA,NA,NA,6265136,NA,NA
"7184",2023-08-24,NA,NA,NA,6265136,NA,NA
"7185",2023-08-25,NA,NA,NA,6265136,NA,NA
"7186",2023-08-26,NA,NA,NA,6265136,NA,NA
"7187",2023-08-27,NA,NA,NA,6265136,NA,NA
"7188",2023-08-28,NA,NA,NA,6265136,NA,NA
"7189",2023-08-29,NA,NA,NA,6265136,NA,NA
"7190",2023-08-30,NA,NA,NA,6265136,NA,NA
"7191",2023-08-31,NA,NA,NA,6265136,NA,NA
"7192",2023-09-01,NA,NA,NA,6265136,NA,NA
"7193",2023-09-02,NA,NA,NA,6265136,NA,NA
"7194",2023-09-03,NA,NA,NA,6265136,NA,NA
"7195",2023-09-04,NA,NA,NA,6265136,NA,NA
"7196",2023-09-05,NA,NA,NA,6265136,NA,NA
"7197",2023-09-06,NA,NA,NA,6265136,NA,NA
"7198",2023-09-07,NA,NA,NA,6265136,NA,NA
"7199",2023-09-08,NA,NA,NA,6265136,NA,NA
"7200",2023-09-09,NA,NA,NA,6265136,NA,NA
"7201",2023-09-10,NA,NA,NA,6265136,NA,NA
"7202",2023-09-11,NA,NA,NA,6265136,NA,NA
"7203",2023-09-12,NA,NA,NA,6265136,NA,NA
"7204",2023-09-13,NA,NA,NA,6265136,NA,NA
"7205",2023-09-14,NA,NA,NA,6265136,NA,NA
"7206",2023-09-15,NA,NA,NA,6265136,NA,NA
"7207",2023-09-16,NA,NA,NA,6265136,NA,NA
"7208",2023-09-17,NA,NA,NA,6265136,NA,NA
"7209",2023-09-18,NA,NA,NA,6265136,NA,NA
"7210",2023-09-19,NA,NA,NA,6265136,NA,NA
"7211",2023-09-20,NA,NA,NA,6265136,NA,NA
"7212",2023-09-21,NA,NA,NA,6265136,NA,NA
"7213",2023-09-22,NA,NA,NA,6265136,NA,NA
"7214",2023-09-23,NA,NA,NA,6265136,NA,NA
"7215",2023-09-24,NA,NA,NA,6265136,NA,NA
"7216",2023-09-25,NA,NA,NA,6265136,NA,NA
"7217",2023-09-26,NA,NA,NA,6265136,NA,NA
"7218",2023-09-27,NA,NA,NA,6265136,NA,NA
"7219",2023-09-28,NA,NA,NA,6265136,NA,NA
"7220",2023-09-29,NA,NA,NA,6265136,NA,NA
"7221",2023-09-30,NA,NA,NA,6265136,NA,NA
"7222",2023-10-01,NA,NA,NA,6265136,NA,NA
"7223",2023-10-02,NA,NA,NA,6265136,NA,NA
"7224",2023-10-03,NA,NA,NA,6265136,NA,NA
"7225",2023-10-04,NA,NA,NA,6265136,NA,NA
"7226",2023-10-05,NA,NA,NA,6265136,NA,NA
"7227",2023-10-06,NA,NA,NA,6265136,NA,NA
"7228",2023-10-07,NA,NA,NA,6265136,NA,NA
"7229",2023-10-08,NA,NA,NA,6265136,NA,NA
"7230",2023-10-09,NA,NA,NA,6265136,NA,NA
"7231",2023-10-10,NA,NA,NA,6265136,NA,NA
"7232",2023-10-11,NA,NA,NA,6265136,NA,NA
"7233",2023-10-12,NA,NA,NA,6265136,NA,NA
"7234",2023-10-13,NA,NA,NA,6265136,NA,NA
"7235",2023-10-14,NA,NA,NA,6265136,NA,NA
"7236",2023-10-15,NA,NA,NA,6265136,NA,NA
"7237",2023-10-16,NA,NA,NA,6265136,NA,NA
"7238",2023-10-17,NA,NA,NA,6265136,NA,NA
"7239",2023-10-18,NA,NA,NA,6265136,NA,NA
"7240",2023-10-19,NA,NA,NA,6265136,NA,NA
"7241",2023-10-20,NA,NA,NA,6265136,NA,NA
"7242",2023-10-21,NA,NA,NA,6265136,NA,NA
"7243",2023-10-22,NA,NA,NA,6265136,NA,NA
"7244",2023-10-23,NA,NA,NA,6265136,NA,NA
"7245",2023-10-24,NA,NA,NA,6265136,NA,NA
"7246",2023-10-25,NA,NA,NA,6265136,NA,NA
"7247",2023-10-26,NA,NA,NA,6265136,NA,NA
"7248",2023-10-27,NA,NA,NA,6265136,NA,NA
"7249",2023-10-28,NA,NA,NA,6265136,NA,NA
"7250",2023-10-29,NA,NA,NA,6265136,NA,NA
"7251",2023-10-30,NA,NA,NA,6265136,NA,NA
"7252",2023-10-31,NA,NA,NA,6265136,NA,NA
"7253",2023-11-01,NA,NA,NA,6265136,NA,NA
"7254",2023-11-02,NA,NA,NA,6265136,NA,NA
"7255",2023-11-03,NA,NA,NA,6265136,NA,NA
"7256",2023-11-04,NA,NA,NA,6265136,NA,NA
"7257",2023-11-05,NA,NA,NA,6265136,NA,NA
"7258",2023-11-06,NA,NA,NA,6265136,NA,NA
"7259",2023-11-07,NA,NA,NA,6265136,NA,NA
"7260",2024-01-28,NA,NA,NA,6265136,NA,NA
"7261",2024-01-29,NA,NA,NA,6265136,NA,NA
"7262",2024-01-30,NA,NA,NA,6265136,NA,NA
"7263",2024-01-31,NA,NA,NA,6265136,NA,NA
"7264",2024-02-01,NA,NA,NA,6265136,NA,NA
"7265",2024-02-02,NA,NA,NA,6265136,NA,NA
"7266",2024-02-03,NA,NA,NA,6265136,NA,NA
"7267",2024-02-04,NA,NA,NA,6265136,NA,NA
"7268",2024-02-05,NA,NA,NA,6265136,NA,NA
"7269",2024-02-06,NA,NA,NA,6265136,NA,NA
"7270",2024-02-07,NA,NA,NA,6265136,NA,NA
"7271",2024-02-08,NA,NA,NA,6265136,NA,NA
"7272",2024-02-09,NA,NA,NA,6265136,NA,NA
"7273",2024-02-10,NA,NA,NA,6265136,NA,NA
"7274",2024-02-11,NA,NA,NA,6265136,NA,NA
"7275",2024-02-12,NA,NA,NA,6265136,NA,NA
"7276",2024-02-13,NA,NA,NA,6265136,NA,NA
"7277",2024-02-14,NA,NA,NA,6265136,NA,NA
"7278",2024-02-15,NA,NA,NA,6265136,NA,NA
"7279",2024-02-16,NA,NA,NA,6265136,NA,NA
"7280",2024-02-17,NA,NA,NA,6265136,NA,NA
"7281",2024-02-18,NA,NA,NA,6265136,NA,NA
"7282",2024-02-19,NA,NA,NA,6265136,NA,NA
"7283",2024-02-20,NA,NA,NA,6265136,NA,NA
"7284",2024-02-21,NA,NA,NA,6265136,NA,NA
"7285",2024-02-22,NA,NA,NA,6265136,NA,NA
"7286",2024-02-23,NA,NA,NA,6265136,NA,NA
"7287",2024-02-24,NA,NA,NA,6265136,NA,NA
"7288",2024-02-25,NA,NA,NA,6265136,NA,NA
"7289",2024-02-26,NA,NA,NA,6265136,NA,NA
"7290",2024-02-27,NA,NA,NA,6265136,NA,NA
"7291",2024-02-28,NA,NA,NA,6265136,NA,NA
"7292",2024-02-29,NA,NA,NA,6265136,NA,NA
"7293",2024-03-01,NA,NA,NA,6265136,NA,NA
"7294",2024-03-02,NA,NA,NA,6265136,NA,NA
"7295",2024-03-03,NA,NA,NA,6265136,NA,NA
"7296",2024-03-04,NA,NA,NA,6265136,NA,NA
"7297",2024-03-05,NA,NA,NA,6265136,NA,NA
"7298",2024-03-06,NA,NA,NA,6265136,NA,NA
"7299",2024-03-07,NA,NA,NA,6265136,NA,NA
"7300",2024-03-08,NA,NA,NA,6265136,NA,NA
"7301",2024-03-09,NA,NA,NA,6265136,NA,NA
"7302",2024-03-10,NA,NA,NA,6265136,NA,NA
"7303",2024-03-11,NA,NA,NA,6265136,NA,NA
"7304",2024-03-12,NA,NA,NA,6265136,NA,NA
"7305",2024-03-13,NA,NA,NA,6265136,NA,NA
"7306",2024-03-14,NA,NA,NA,6265136,NA,NA
"7307",2024-03-15,NA,NA,NA,6265136,NA,NA
"7308",2024-03-16,NA,NA,NA,6265136,NA,NA
"7309",2024-03-17,NA,NA,NA,6265136,NA,NA
"7310",2024-03-18,NA,NA,NA,6265136,NA,NA
"7311",2024-03-19,NA,NA,NA,6265136,NA,NA
"7312",2024-03-20,NA,NA,NA,6265136,NA,NA
"7313",2024-03-21,NA,NA,NA,6265136,NA,NA
"7314",2024-03-22,NA,NA,NA,6265136,NA,NA
"7315",2024-03-23,NA,NA,NA,6265136,NA,NA
"7316",2024-03-24,NA,NA,NA,6265136,NA,NA
"7317",2024-03-25,NA,NA,NA,6265136,NA,NA
"7318",2024-03-26,NA,NA,NA,6265136,NA,NA
"7319",2024-03-27,NA,NA,NA,6265136,NA,NA
"7320",2024-03-28,NA,NA,NA,6265136,NA,NA
"7321",2024-03-29,NA,NA,NA,6265136,NA,NA
"7322",2024-03-30,NA,NA,NA,6265136,NA,NA
"7323",2024-03-31,NA,NA,NA,6265136,NA,NA
"7324",2024-04-01,NA,NA,NA,6265136,NA,NA
"7325",2024-04-02,NA,NA,NA,6265136,NA,NA
"7326",2024-04-03,NA,NA,NA,6265136,NA,NA
"7327",2024-04-04,NA,NA,NA,6265136,NA,NA
"7328",2024-04-05,NA,NA,NA,6265136,NA,NA
"7329",2024-04-06,NA,NA,NA,6265136,NA,NA
"7330",2024-04-07,NA,NA,NA,6265136,NA,NA
"7331",2024-04-08,NA,NA,NA,6265136,NA,NA
"7332",2024-04-09,NA,NA,NA,6265136,NA,NA
"7333",2024-04-10,NA,NA,NA,6265136,NA,NA
"7334",2024-04-11,NA,NA,NA,6265136,NA,NA
"7335",2024-04-12,NA,NA,NA,6265136,NA,NA
"7336",2024-04-13,NA,NA,NA,6265136,NA,NA
"7337",2024-04-14,NA,NA,NA,6265136,NA,NA
"7338",2024-04-15,NA,NA,NA,6265136,NA,NA
"7339",2024-04-16,NA,NA,NA,6265136,NA,NA
"7340",2024-04-17,NA,NA,NA,6265136,NA,NA
"7341",2024-04-18,NA,NA,NA,6265136,NA,NA
"7342",2024-04-19,NA,NA,NA,6265136,NA,NA
"7343",2024-04-20,NA,NA,NA,6265136,NA,NA
"7344",2024-04-21,NA,NA,NA,6265136,NA,NA
"7345",2024-04-22,NA,NA,NA,6265136,NA,NA
"7346",2024-04-23,NA,NA,NA,6265136,NA,NA
"7347",2024-04-24,NA,NA,NA,6265136,NA,NA
"7348",2024-04-25,NA,NA,NA,6265136,NA,NA
"7349",2024-04-26,NA,NA,NA,6265136,NA,NA
"7350",2024-04-27,NA,NA,NA,6265136,NA,NA
"7351",2024-04-28,NA,NA,NA,6265136,NA,NA
"7352",2024-04-29,NA,NA,NA,6265136,NA,NA
"7353",2024-04-30,NA,NA,NA,6265136,NA,NA
"7354",2024-05-01,NA,NA,NA,6265136,NA,NA
"7355",2024-05-02,NA,NA,NA,6265136,NA,NA
"7356",2024-05-03,NA,NA,NA,6265136,NA,NA
"7357",2024-05-04,NA,NA,NA,6265136,NA,NA
"7358",2024-05-05,NA,NA,NA,6265136,NA,NA
"7359",2024-05-06,NA,NA,NA,6265136,NA,NA
"7360",2024-05-07,NA,NA,NA,6265136,NA,NA
"7361",2024-05-08,NA,NA,NA,6265136,NA,NA
"7362",2024-05-09,NA,NA,NA,6265136,NA,NA
"7363",2024-05-10,NA,NA,NA,6265136,NA,NA
"7364",2024-05-11,NA,NA,NA,6265136,NA,NA
"7365",2024-05-12,NA,NA,NA,6265136,NA,NA
"7366",2024-05-13,NA,NA,NA,6265136,NA,NA
"7367",2024-05-14,NA,NA,NA,6265136,NA,NA
"7368",2024-05-15,NA,NA,NA,6265136,NA,NA
"7369",2024-05-16,NA,NA,NA,6265136,NA,NA
"7370",2024-05-17,NA,NA,NA,6265136,NA,NA
"7371",2024-05-18,NA,NA,NA,6265136,NA,NA
"7372",2024-05-19,NA,NA,NA,6265136,NA,NA
"7373",2024-05-20,NA,NA,NA,6265136,NA,NA
"7374",2024-05-21,NA,NA,NA,6265136,NA,NA
"7375",2024-05-22,NA,NA,NA,6265136,NA,NA
"7376",2024-05-23,NA,NA,NA,6265136,NA,NA
"7377",2024-05-24,NA,NA,NA,6265136,NA,NA
"7378",2024-05-25,NA,NA,NA,6265136,NA,NA
"7379",2024-05-26,NA,NA,NA,6265136,NA,NA
"7380",2024-05-27,NA,NA,NA,6265136,NA,NA
"7381",2024-05-28,NA,NA,NA,6265136,NA,NA
"7382",2024-05-29,NA,NA,NA,6265136,NA,NA
"7383",2024-05-30,NA,NA,NA,6265136,NA,NA
"7384",2024-05-31,NA,NA,NA,6265136,NA,NA
"7385",2024-06-01,NA,NA,NA,6265136,NA,NA
"7386",2024-06-02,NA,NA,NA,6265136,NA,NA
"7387",2024-06-03,NA,NA,NA,6265136,NA,NA
"7388",2024-06-04,NA,NA,NA,6265136,NA,NA
"7389",2024-06-05,NA,NA,NA,6265136,NA,NA
"7390",2024-06-06,NA,NA,NA,6265136,NA,NA
"7391",2024-06-07,NA,NA,NA,6265136,NA,NA
"7392",2024-06-08,NA,NA,NA,6265136,NA,NA
"7393",2024-06-09,NA,NA,NA,6265136,NA,NA
"7394",2024-06-10,NA,NA,NA,6265136,NA,NA
"7395",2024-06-11,NA,NA,NA,6265136,NA,NA
"7396",2024-06-12,NA,NA,NA,6265136,NA,NA
"7397",2024-06-13,NA,NA,NA,6265136,NA,NA
"7398",2024-06-14,NA,NA,NA,6265136,NA,NA
"7399",2024-06-15,NA,NA,NA,6265136,NA,NA
"7400",2024-06-16,NA,NA,NA,6265136,NA,NA
"7401",2024-06-17,NA,NA,NA,6265136,NA,NA
"7402",2024-06-18,NA,NA,NA,6265136,NA,NA
"7403",2024-06-19,NA,NA,NA,6265136,NA,NA
"7404",2024-06-20,NA,NA,NA,6265136,NA,NA
"7405",2024-06-21,NA,NA,NA,6265136,NA,NA
"7406",2024-06-22,NA,NA,NA,6265136,NA,NA
"7407",2024-06-23,NA,NA,NA,6265136,NA,NA
"7408",2024-06-24,NA,NA,NA,6265136,NA,NA
"7409",2024-06-25,NA,NA,NA,6265136,NA,NA
"7410",2024-06-26,NA,NA,NA,6265136,NA,NA
"7411",2024-06-27,NA,NA,NA,6265136,NA,NA
"7412",2024-06-28,NA,NA,NA,6265136,NA,NA
"7413",2024-06-29,NA,NA,NA,6265136,NA,NA
"7414",2024-06-30,NA,NA,NA,6265136,NA,NA
"7415",2024-07-01,NA,NA,NA,6265136,NA,NA
"7416",2024-07-02,NA,NA,NA,6265136,NA,NA
"7417",2024-07-03,NA,NA,NA,6265136,NA,NA
"7418",2024-07-04,NA,NA,NA,6265136,NA,NA
"7419",2024-07-05,NA,NA,NA,6265136,NA,NA
"7420",2024-07-06,NA,NA,NA,6265136,NA,NA
"7421",2024-07-07,NA,NA,NA,6265136,NA,NA
"7422",2024-07-08,NA,NA,NA,6265136,NA,NA
"7423",2024-07-09,NA,NA,NA,6265136,NA,NA
"7424",2024-07-10,NA,NA,NA,6265136,NA,NA
"7425",2024-07-11,NA,NA,NA,6265136,NA,NA
"7426",2024-07-12,NA,NA,NA,6265136,NA,NA
"7427",2024-07-13,NA,NA,NA,6265136,NA,NA
"7428",2024-07-14,NA,NA,NA,6265136,NA,NA
"7429",2024-07-15,NA,NA,NA,6265136,NA,NA
"7430",2024-07-16,NA,NA,NA,6265136,NA,NA
"7431",2024-07-17,NA,NA,NA,6265136,NA,NA
"7432",2024-07-18,NA,NA,NA,6265136,NA,NA
"7433",2024-07-19,NA,NA,NA,6265136,NA,NA
"7434",2024-07-20,NA,NA,NA,6265136,NA,NA
"7435",2024-07-21,NA,NA,NA,6265136,NA,NA
"7436",2024-07-22,NA,NA,NA,6265136,NA,NA
"7437",2024-07-23,NA,NA,NA,6265136,NA,NA
"7438",2024-07-24,NA,NA,NA,6265136,NA,NA
"7439",2024-07-25,NA,NA,NA,6265136,NA,NA
"7440",2024-07-26,NA,NA,NA,6265136,NA,NA
"7441",2024-07-27,NA,NA,NA,6265136,NA,NA
"7442",2024-07-28,NA,NA,NA,6265136,NA,NA
"7443",2024-07-29,NA,NA,NA,6265136,NA,NA
"7444",2024-07-30,NA,NA,NA,6265136,NA,NA
"7445",2024-07-31,NA,NA,NA,6265136,NA,NA
"7446",2024-08-01,NA,NA,NA,6265136,NA,NA
"7447",2024-08-02,NA,NA,NA,6265136,NA,NA
"7448",2024-08-03,NA,NA,NA,6265136,NA,NA
"7449",2024-08-04,NA,NA,NA,6265136,NA,NA
"7450",2024-08-05,NA,NA,NA,6265136,NA,NA
"7451",2024-08-06,NA,NA,NA,6265136,NA,NA
"7452",2024-08-07,NA,NA,NA,6265136,NA,NA
"7453",2024-08-08,NA,NA,NA,6265136,NA,NA
"7454",2024-08-09,NA,NA,NA,6265136,NA,NA
"7455",2024-08-10,NA,NA,NA,6265136,NA,NA
"7456",2024-08-11,NA,NA,NA,6265136,NA,NA
"7457",2024-08-12,NA,NA,NA,6265136,NA,NA
"7458",2024-08-13,NA,NA,NA,6265136,NA,NA
"7459",2024-08-14,NA,NA,NA,6265136,NA,NA
"7460",2024-08-15,NA,NA,NA,6265136,NA,NA
"7461",2024-08-16,NA,NA,NA,6265136,NA,NA
"7462",2024-08-17,NA,NA,NA,6265136,NA,NA
"7463",2024-08-18,NA,NA,NA,6265136,NA,NA
"7464",2024-08-19,NA,NA,NA,6265136,NA,NA
"7465",2024-08-20,NA,NA,NA,6265136,NA,NA
"7466",2024-08-21,NA,NA,NA,6265136,NA,NA
"7467",2024-08-22,NA,NA,NA,6265136,NA,NA
"7468",2024-08-23,NA,NA,NA,6265136,NA,NA
"7469",2024-08-24,NA,NA,NA,6265136,NA,NA
"7470",2024-08-25,NA,NA,NA,6265136,NA,NA
"7471",2024-08-26,NA,NA,NA,6265136,NA,NA
"7472",2024-08-27,NA,NA,NA,6265136,NA,NA
"7473",2024-08-28,NA,NA,NA,6265136,NA,NA
"7474",2024-08-29,NA,NA,NA,6265136,NA,NA
"7475",2024-08-30,NA,NA,NA,6265136,NA,NA
"7476",2024-08-31,NA,NA,NA,6265136,NA,NA
"7477",2024-09-01,NA,NA,NA,6265136,NA,NA
"7478",2024-09-02,NA,NA,NA,6265136,NA,NA
"7479",2024-09-03,NA,NA,NA,6265136,NA,NA
"7480",2024-09-04,NA,NA,NA,6265136,NA,NA
"7481",2024-09-05,NA,NA,NA,6265136,NA,NA
"7482",2024-09-06,NA,NA,NA,6265136,NA,NA
"7483",2024-09-07,NA,NA,NA,6265136,NA,NA
"7484",2024-09-08,NA,NA,NA,6265136,NA,NA
"7485",2024-09-09,NA,NA,NA,6265136,NA,NA
"7486",2024-09-10,NA,NA,NA,6265136,NA,NA
"7487",2024-09-11,NA,NA,NA,6265136,NA,NA
"7488",2024-09-12,NA,NA,NA,6265136,NA,NA
"7489",2024-09-13,NA,NA,NA,6265136,NA,NA
"7490",2024-09-14,NA,NA,NA,6265136,NA,NA
"7491",2024-09-15,NA,NA,NA,6265136,NA,NA
"7492",2024-09-16,NA,NA,NA,6265136,NA,NA
"7493",2024-09-17,NA,NA,NA,6265136,NA,NA
"7494",2024-09-18,NA,NA,NA,6265136,NA,NA
"7495",2024-09-19,NA,NA,NA,6265136,NA,NA
"7496",2024-09-20,NA,NA,NA,6265136,NA,NA
"7497",2024-09-21,NA,NA,NA,6265136,NA,NA
"7498",2024-09-22,NA,NA,NA,6265136,NA,NA
"7499",2024-09-23,NA,NA,NA,6265136,NA,NA
"7500",2024-09-24,NA,NA,NA,6265136,NA,NA
"7501",2024-09-25,NA,NA,NA,6265136,NA,NA
"7502",2024-09-26,NA,NA,NA,6265136,NA,NA
"7503",2024-09-27,NA,NA,NA,6265136,NA,NA
"7504",2024-09-28,NA,NA,NA,6265136,NA,NA
"7505",2024-09-29,NA,NA,NA,6265136,NA,NA
"7506",2024-09-30,NA,NA,NA,6265136,NA,NA
"7507",2024-10-01,NA,NA,NA,6265136,NA,NA
"7508",2024-10-02,NA,NA,NA,6265136,NA,NA
"7509",2024-10-03,NA,NA,NA,6265136,NA,NA
"7510",2024-10-04,NA,NA,NA,6265136,NA,NA
"7511",2024-10-05,NA,NA,NA,6265136,NA,NA
"7512",2024-10-06,NA,NA,NA,6265136,NA,NA
"7513",2024-10-07,NA,NA,NA,6265136,NA,NA
"7514",2024-10-08,NA,NA,NA,6265136,NA,NA
"7515",2024-10-09,NA,NA,NA,6265136,NA,NA
"7516",2024-10-10,NA,NA,NA,6265136,NA,NA
"7517",2024-10-11,NA,NA,NA,6265136,NA,NA
"7518",2024-10-12,NA,NA,NA,6265136,NA,NA
"7519",2024-10-13,NA,NA,NA,6265136,NA,NA
"7520",2024-10-14,NA,NA,NA,6265136,NA,NA
"7521",2024-10-15,NA,NA,NA,6265136,NA,NA
"7522",2024-10-16,NA,NA,NA,6265136,NA,NA
"7523",2024-10-17,NA,NA,NA,6265136,NA,NA
"7524",2024-10-18,NA,NA,NA,6265136,NA,NA
"7525",2024-10-19,NA,NA,NA,6265136,NA,NA
"7526",2024-10-20,NA,NA,NA,6265136,NA,NA
"7527",2024-10-21,NA,NA,NA,6265136,NA,NA
"7528",2024-10-22,NA,NA,NA,6265136,NA,NA
"7529",2024-10-23,NA,NA,NA,6265136,NA,NA
"7530",2024-10-24,NA,NA,NA,6265136,NA,NA
"7531",2024-10-25,NA,NA,NA,6265136,NA,NA
"7532",2024-10-26,NA,NA,NA,6265136,NA,NA
"7533",2024-10-27,NA,NA,NA,6265136,NA,NA
"7534",2024-10-28,NA,NA,NA,6265136,NA,NA
"7535",2024-10-29,NA,NA,NA,6265136,NA,NA
"7536",2024-10-30,NA,NA,NA,6265136,NA,NA
"7537",2024-10-31,NA,NA,NA,6265136,NA,NA
"7538",2024-11-01,NA,NA,NA,6265136,NA,NA
"7539",2024-11-02,NA,NA,NA,6265136,NA,NA
"7540",2024-11-03,NA,NA,NA,6265136,NA,NA
"7541",2024-11-04,NA,NA,NA,6265136,NA,NA
"7542",2024-11-05,NA,NA,NA,6265136,NA,NA
"7543",2024-11-06,NA,NA,NA,6265136,NA,NA
"7544",2024-11-07,NA,NA,NA,6265136,NA,NA
"7545",2024-11-08,NA,NA,NA,6265136,NA,NA
"7546",2024-11-09,NA,NA,NA,6265136,NA,NA
"7547",2024-11-10,NA,NA,NA,6265136,NA,NA
"7548",2024-11-11,NA,NA,NA,6265136,NA,NA
"7549",2024-11-12,NA,NA,NA,6265136,NA,NA
"7550",2024-11-13,NA,NA,NA,6265136,NA,NA
"7551",2024-11-14,NA,NA,NA,6265136,NA,NA
"7552",2024-11-15,NA,NA,NA,6265136,NA,NA
"7553",2024-11-16,NA,NA,NA,6265136,NA,NA
"7554",2024-11-17,NA,NA,NA,6265136,NA,NA
"7555",2024-11-18,NA,NA,NA,6265136,NA,NA
"7556",2024-11-19,NA,NA,NA,6265136,NA,NA
"7557",2024-11-20,NA,NA,NA,6265136,NA,NA
"7558",2024-11-21,NA,NA,NA,6265136,NA,NA
"7559",2024-11-22,NA,NA,NA,6265136,NA,NA
"7560",2024-11-23,NA,NA,NA,6265136,NA,NA
"7561",2025-01-20,NA,NA,NA,6265136,NA,NA
"7562",2025-01-21,NA,NA,NA,6265136,NA,NA
"7563",2025-01-23,NA,NA,NA,6265136,NA,NA
"7564",2025-01-24,NA,NA,NA,6265136,NA,NA
"7565",2025-01-25,NA,NA,NA,6265136,NA,NA
"7566",2025-01-26,NA,NA,NA,6265136,NA,NA
"7567",2025-01-27,NA,NA,NA,6265136,NA,NA
"7568",2025-01-28,NA,NA,NA,6265136,NA,NA
"7569",2025-01-29,NA,NA,NA,6265136,NA,NA
"7570",2025-01-30,NA,NA,NA,6265136,NA,NA
"7571",2025-01-31,NA,NA,NA,6265136,NA,NA
"7572",2025-02-01,NA,NA,NA,6265136,NA,NA
"7573",2025-02-02,NA,NA,NA,6265136,NA,NA
"7574",2025-02-03,NA,NA,NA,6265136,NA,NA
"7575",2025-02-04,NA,NA,NA,6265136,NA,NA
"7576",2025-02-05,NA,NA,NA,6265136,NA,NA
"7577",2025-02-06,NA,NA,NA,6265136,NA,NA
"7578",2025-02-07,NA,NA,NA,6265136,NA,NA
"7579",2025-02-08,NA,NA,NA,6265136,NA,NA
"7580",2025-02-09,NA,NA,NA,6265136,NA,NA
"7581",2025-02-10,NA,NA,NA,6265136,NA,NA
"7582",2025-02-11,NA,NA,NA,6265136,NA,NA
"7583",2025-02-12,NA,NA,NA,6265136,NA,NA
"7584",2025-02-13,NA,NA,NA,6265136,NA,NA
"7585",2025-02-14,NA,NA,NA,6265136,NA,NA
"7586",2025-02-15,NA,NA,NA,6265136,NA,NA
"7587",2025-02-16,NA,NA,NA,6265136,NA,NA
"7588",2025-02-17,NA,NA,NA,6265136,NA,NA
"7589",2025-02-18,NA,NA,NA,6265136,NA,NA
"7590",2025-02-19,NA,NA,NA,6265136,NA,NA
"7591",2025-02-20,NA,NA,NA,6265136,NA,NA
"7592",2025-02-21,NA,NA,NA,6265136,NA,NA
"7593",2025-02-22,NA,NA,NA,6265136,NA,NA
"7594",2025-02-23,NA,NA,NA,6265136,NA,NA
"7595",2025-02-24,NA,NA,NA,6265136,NA,NA
"7596",2025-02-25,NA,NA,NA,6265136,NA,NA
"7597",2025-02-26,NA,NA,NA,6265136,NA,NA
"7598",2025-02-27,NA,NA,NA,6265136,NA,NA
"7599",2025-02-28,NA,NA,NA,6265136,NA,NA
"7600",2025-03-01,NA,NA,NA,6265136,NA,NA
"7601",2025-03-02,NA,NA,NA,6265136,NA,NA
"7602",2025-03-03,NA,NA,NA,6265136,NA,NA
"7603",2025-03-04,NA,NA,NA,6265136,NA,NA
"7604",2025-03-05,NA,NA,NA,6265136,NA,NA
"7605",2025-03-06,NA,NA,NA,6265136,NA,NA
"7606",2025-03-07,NA,NA,NA,6265136,NA,NA
"7607",2025-03-08,NA,NA,NA,6265136,NA,NA
"7608",2025-03-09,NA,NA,NA,6265136,NA,NA
"7609",2025-03-10,NA,NA,NA,6265136,NA,NA
"7610",2025-03-11,NA,NA,NA,6265136,NA,NA
"7611",2025-03-12,NA,NA,NA,6265136,NA,NA
"7612",2025-03-13,NA,NA,NA,6265136,NA,NA
"7613",2025-03-14,NA,NA,NA,6265136,NA,NA
"7614",2025-03-15,NA,NA,NA,6265136,NA,NA
"7615",2025-03-16,NA,NA,NA,6265136,NA,NA
"7616",2025-03-17,NA,NA,NA,6265136,NA,NA
"7617",2025-03-18,NA,NA,NA,6265136,NA,NA
"7618",2025-03-19,NA,NA,NA,6265136,NA,NA
"7619",2025-03-20,NA,NA,NA,6265136,NA,NA
"7620",2025-03-21,NA,NA,NA,6265136,NA,NA
"7621",2025-03-22,NA,NA,NA,6265136,NA,NA
"7622",2025-03-23,NA,NA,NA,6265136,NA,NA
"7623",2025-03-24,NA,NA,NA,6265136,NA,NA
"7624",2025-03-25,NA,NA,NA,6265136,NA,NA
"7625",2025-03-26,NA,NA,NA,6265136,NA,NA
"7626",2025-03-27,NA,NA,NA,6265136,NA,NA
"7627",2025-03-28,NA,NA,NA,6265136,NA,NA
"7628",2025-03-29,NA,NA,NA,6265136,NA,NA
"7629",2025-03-30,NA,NA,NA,6265136,NA,NA
"7630",2025-03-31,NA,NA,NA,6265136,NA,NA
"7631",2025-04-01,NA,NA,NA,6265136,NA,NA
"7632",2025-04-02,NA,NA,NA,6265136,NA,NA
"7633",2025-04-03,NA,NA,NA,6265136,NA,NA
"7634",2025-04-04,NA,NA,NA,6265136,NA,NA
"7635",2025-04-05,NA,NA,NA,6265136,NA,NA
"7636",2025-04-06,NA,NA,NA,6265136,NA,NA
"7637",2025-04-07,NA,NA,NA,6265136,NA,NA
"7638",2025-04-08,NA,NA,NA,6265136,NA,NA
"7639",2025-04-09,NA,NA,NA,6265136,NA,NA
"7640",2025-04-10,NA,NA,NA,6265136,NA,NA
"7641",2025-04-11,NA,NA,NA,6265136,NA,NA
"7642",2025-04-12,NA,NA,NA,6265136,NA,NA
"7643",2025-04-13,NA,NA,NA,6265136,NA,NA
"7644",2025-04-14,NA,NA,NA,6265136,NA,NA
"7645",2025-04-15,NA,NA,NA,6265136,NA,NA
"7646",2025-04-16,NA,NA,NA,6265136,NA,NA
"7647",2025-04-17,NA,NA,NA,6265136,NA,NA
"7648",2025-04-18,NA,NA,NA,6265136,NA,NA
"7649",2025-04-19,NA,NA,NA,6265136,NA,NA
"7650",2025-04-20,NA,NA,NA,6265136,NA,NA
"7651",2025-04-21,NA,NA,NA,6265136,NA,NA
"7652",2025-04-22,NA,NA,NA,6265136,NA,NA
"7653",2025-04-23,NA,NA,NA,6265136,NA,NA
"7654",2025-04-24,NA,NA,NA,6265136,NA,NA
"7655",2025-04-25,NA,NA,NA,6265136,NA,NA
"7656",2025-04-26,NA,NA,NA,6265136,NA,NA
"7657",2025-04-27,NA,NA,NA,6265136,NA,NA
"7658",2025-04-28,NA,NA,NA,6265136,NA,NA
"7659",2025-04-29,NA,NA,NA,6265136,NA,NA
"7660",2025-04-30,NA,NA,NA,6265136,NA,NA
"7661",2025-05-01,NA,NA,NA,6265136,NA,NA
"7662",2025-05-02,NA,NA,NA,6265136,NA,NA
"7663",2025-05-03,NA,NA,NA,6265136,NA,NA
"7664",2025-05-04,NA,NA,NA,6265136,NA,NA
"7665",2025-05-05,NA,NA,NA,6265136,NA,NA
"7666",2025-05-06,NA,NA,NA,6265136,NA,NA
"7667",2025-05-07,NA,NA,NA,6265136,NA,NA
"7668",2025-05-08,NA,NA,NA,6265136,NA,NA
"7669",2025-05-09,NA,NA,NA,6265136,NA,NA
"7670",2025-05-10,NA,NA,NA,6265136,NA,NA
"7671",2025-05-11,NA,NA,NA,6265136,NA,NA
"7672",2025-05-12,NA,NA,NA,6265136,NA,NA
"7673",2025-05-13,NA,NA,NA,6265136,NA,NA
"7674",2025-05-14,NA,NA,NA,6265136,NA,NA
"7675",2025-05-15,NA,NA,NA,6265136,NA,NA
"7676",2025-05-16,NA,NA,NA,6265136,NA,NA
"7677",2025-05-17,NA,NA,NA,6265136,NA,NA
"7678",2025-05-18,NA,NA,NA,6265136,NA,NA
"7679",2025-05-19,NA,NA,NA,6265136,NA,NA
"7680",2025-05-20,NA,NA,NA,6265136,NA,NA
"7681",2025-05-21,NA,NA,NA,6265136,NA,NA
"7682",2025-05-22,NA,NA,NA,6265136,NA,NA
"7683",2025-05-23,NA,NA,NA,6265136,NA,NA
"7684",2025-05-24,NA,NA,NA,6265136,NA,NA
"7685",2025-05-25,NA,NA,NA,6265136,NA,NA
"7686",2025-05-26,NA,NA,NA,6265136,NA,NA
"7687",2025-05-27,NA,NA,NA,6265136,NA,NA
"7688",2025-05-28,NA,NA,NA,6265136,NA,NA
"7689",2025-05-29,NA,NA,NA,6265136,NA,NA
"7690",2025-05-30,NA,NA,NA,6265136,NA,NA
"7691",2025-05-31,NA,NA,NA,6265136,NA,NA
"7692",2025-06-01,NA,NA,NA,6265136,NA,NA
"7693",2025-06-02,NA,NA,NA,6265136,NA,NA
"7694",2025-06-03,NA,NA,NA,6265136,NA,NA
"7695",2025-06-04,NA,NA,NA,6265136,NA,NA
"7696",2025-06-05,NA,NA,NA,6265136,NA,NA
"7697",2025-06-06,NA,NA,NA,6265136,NA,NA
"7698",2025-06-07,NA,NA,NA,6265136,NA,NA
"7699",2025-06-08,NA,NA,NA,6265136,NA,NA
"7700",2025-06-09,NA,NA,NA,6265136,NA,NA
"7701",2025-06-10,NA,NA,NA,6265136,NA,NA
"7702",2025-06-11,NA,NA,NA,6265136,NA,NA
"7703",2025-06-12,NA,NA,NA,6265136,NA,NA
"7704",2025-06-13,NA,NA,NA,6265136,NA,NA
"7705",2025-06-14,NA,NA,NA,6265136,NA,NA
"7706",2025-06-15,NA,NA,NA,6265136,NA,NA
"7707",2025-06-16,NA,NA,NA,6265136,NA,NA
"7708",2025-06-17,NA,NA,NA,6265136,NA,NA
"7709",2025-06-18,NA,NA,NA,6265136,NA,NA
"7710",2025-06-19,NA,NA,NA,6265136,NA,NA
"7711",2025-06-20,NA,NA,NA,6265136,NA,NA
"7712",2025-06-21,NA,NA,NA,6265136,NA,NA
"7713",2025-06-22,NA,NA,NA,6265136,NA,NA
"7714",2025-06-23,NA,NA,NA,6265136,NA,NA
"7715",2025-06-24,NA,NA,NA,6265136,NA,NA
"7716",2025-06-25,NA,NA,NA,6265136,NA,NA
"7717",2025-06-26,NA,NA,NA,6265136,NA,NA
"7718",2025-06-27,NA,NA,NA,6265136,NA,NA
"7719",2025-06-28,NA,NA,NA,6265136,NA,NA
"7720",2025-06-29,NA,NA,NA,6265136,NA,NA
"7721",2025-06-30,NA,NA,NA,6265136,NA,NA
"7722",2025-07-01,NA,NA,NA,6265136,NA,NA
"7723",2025-07-02,NA,NA,NA,6265136,NA,NA
"7724",2025-07-03,NA,NA,NA,6265136,NA,NA
"7725",2025-07-04,NA,NA,NA,6265136,NA,NA
"7726",2025-07-05,NA,NA,NA,6265136,NA,NA
"7727",2025-07-06,NA,NA,NA,6265136,NA,NA
"7728",2025-07-07,NA,NA,NA,6265136,NA,NA
"7729",2025-07-08,NA,NA,NA,6265136,NA,NA
"7730",2025-07-09,NA,NA,NA,6265136,NA,NA
"7731",2025-07-10,NA,NA,NA,6265136,NA,NA
"7732",2025-07-11,NA,NA,NA,6265136,NA,NA
"7733",2025-07-12,NA,NA,NA,6265136,NA,NA
"7734",2025-07-13,NA,NA,NA,6265136,NA,NA
"7735",2025-07-14,NA,NA,NA,6265136,NA,NA
"7736",2025-07-15,NA,NA,NA,6265136,NA,NA
"7737",2025-07-16,NA,NA,NA,6265136,NA,NA
"7738",2025-07-17,NA,NA,NA,6265136,NA,NA
"7739",2025-07-18,NA,NA,NA,6265136,NA,NA
"7740",2025-07-19,NA,NA,NA,6265136,NA,NA
"7741",2025-07-20,NA,NA,NA,6265136,NA,NA
"7742",2025-07-21,NA,NA,NA,6265136,NA,NA
"7743",2025-07-22,NA,NA,NA,6265136,NA,NA
"7744",2025-07-23,NA,NA,NA,6265136,NA,NA
"7745",2025-07-24,NA,NA,NA,6265136,NA,NA
"7746",2025-07-25,NA,NA,NA,6265136,NA,NA
"7747",2025-07-26,NA,NA,NA,6265136,NA,NA
"7748",2025-07-27,NA,NA,NA,6265136,NA,NA
"7749",2025-07-28,NA,NA,NA,6265136,NA,NA
"7750",2025-07-29,NA,NA,NA,6265136,NA,NA
"7751",2025-07-30,NA,NA,NA,6265136,NA,NA
"7752",2025-07-31,NA,NA,NA,6265136,NA,NA
"7753",2025-08-01,NA,NA,NA,6265136,NA,NA
"7754",2025-08-02,NA,NA,NA,6265136,NA,NA
"7755",2025-08-03,NA,NA,NA,6265136,NA,NA
"7756",2025-08-04,NA,NA,NA,6265136,NA,NA
"7757",2025-08-05,NA,NA,NA,6265136,NA,NA
"7758",2025-08-06,NA,NA,NA,6265136,NA,NA
"7759",2025-08-07,NA,NA,NA,6265136,NA,NA
"7760",2025-08-08,NA,NA,NA,6265136,NA,NA
"7761",2025-08-09,NA,NA,NA,6265136,NA,NA
"7762",2025-08-10,NA,NA,NA,6265136,NA,NA
"7763",2025-08-11,NA,NA,NA,6265136,NA,NA
"7764",2025-08-12,NA,NA,NA,6265136,NA,NA
"7765",2025-08-13,NA,NA,NA,6265136,NA,NA
"7766",2025-08-14,NA,NA,NA,6265136,NA,NA
"7767",2025-08-15,NA,NA,NA,6265136,NA,NA
"7768",2025-08-16,NA,NA,NA,6265136,NA,NA
"7769",2025-08-17,NA,NA,NA,6265136,NA,NA
"7770",2025-08-18,NA,NA,NA,6265136,NA,NA
"7771",2025-08-19,NA,NA,NA,6265136,NA,NA
"7772",2025-08-20,NA,NA,NA,6265136,NA,NA
"7773",2025-08-21,NA,NA,NA,6265136,NA,NA
"7774",2025-08-22,NA,NA,NA,6265136,NA,NA
"7775",2025-08-23,NA,NA,NA,6265136,NA,NA
"7776",2025-08-24,NA,NA,NA,6265136,NA,NA
"7777",2025-08-25,NA,NA,NA,6265136,NA,NA
"7778",2025-08-26,NA,NA,NA,6265136,NA,NA
"7779",2025-08-27,NA,NA,NA,6265136,NA,NA
"7780",2025-08-28,NA,NA,NA,6265136,NA,NA
"7781",2025-08-29,NA,NA,NA,6265136,NA,NA
"7782",2025-08-30,NA,NA,NA,6265136,NA,NA
"7783",2025-08-31,NA,NA,NA,6265136,NA,NA
"7784",2025-09-01,NA,NA,NA,6265136,NA,NA
"7785",2025-09-02,NA,NA,NA,6265136,NA,NA
"7786",2025-09-03,NA,NA,NA,6265136,NA,NA
"7787",2025-09-04,NA,NA,NA,6265136,NA,NA
"7788",2025-09-05,NA,NA,NA,6265136,NA,NA
"7789",2025-09-06,NA,NA,NA,6265136,NA,NA
"7790",2025-09-07,NA,NA,NA,6265136,NA,NA
"7791",2025-09-08,NA,NA,NA,6265136,NA,NA
"7792",2025-09-09,NA,NA,NA,6265136,NA,NA
"7793",2025-09-10,NA,NA,NA,6265136,NA,NA
"7794",2025-09-11,NA,NA,NA,6265136,NA,NA
"7795",2025-09-12,NA,NA,NA,6265136,NA,NA
"7796",2025-09-13,NA,NA,NA,6265136,NA,NA
"7797",2025-09-14,NA,NA,NA,6265136,NA,NA
"7798",2025-09-15,NA,NA,NA,6265136,NA,NA
"7799",2025-09-16,NA,NA,NA,6265136,NA,NA
"7800",2025-09-17,NA,NA,NA,6265136,NA,NA
"7801",2025-09-18,NA,NA,NA,6265136,NA,NA
"7802",2025-09-19,NA,NA,NA,6265136,NA,NA
"7803",2025-09-20,NA,NA,NA,6265136,NA,NA
"7804",2025-09-21,NA,NA,NA,6265136,NA,NA
"7805",2025-09-22,NA,NA,NA,6265136,NA,NA
"7806",2025-09-23,NA,NA,NA,6265136,NA,NA
"7807",2025-09-24,NA,NA,NA,6265136,NA,NA
"7808",2025-09-25,NA,NA,NA,6265136,NA,NA
"7809",2025-09-26,NA,NA,NA,6265136,NA,NA
"7810",2025-09-27,NA,NA,NA,6265136,NA,NA
"7811",2025-09-28,NA,NA,NA,6265136,NA,NA
"7812",2025-09-29,NA,NA,NA,6265136,NA,NA
"7813",2025-09-30,NA,NA,NA,6265136,NA,NA
"7814",2025-10-01,NA,NA,NA,6265136,NA,NA
"7815",2025-10-02,NA,NA,NA,6265136,NA,NA
"7816",2025-10-03,NA,NA,NA,6265136,NA,NA
"7817",2025-10-04,NA,NA,NA,6265136,NA,NA
"7818",2025-10-05,NA,NA,NA,6265136,NA,NA
"7819",2025-10-06,NA,NA,NA,6265136,NA,NA
"7820",2025-10-07,NA,NA,NA,6265136,NA,NA
"7821",2025-10-08,NA,NA,NA,6265136,NA,NA
"7822",2025-10-09,NA,NA,NA,6265136,NA,NA
"7823",2025-10-10,NA,NA,NA,6265136,NA,NA
"7824",2025-10-11,NA,NA,NA,6265136,NA,NA
"7825",2025-10-12,NA,NA,NA,6265136,NA,NA
"7826",2025-10-13,NA,NA,NA,6265136,NA,NA
"7827",2025-10-14,NA,NA,NA,6265136,NA,NA
"7828",2025-10-15,NA,NA,NA,6265136,NA,NA
"7829",2025-10-16,NA,NA,NA,6265136,NA,NA
"7830",2025-10-17,NA,NA,NA,6265136,NA,NA
"7831",2025-10-18,NA,NA,NA,6265136,NA,NA
"7832",2025-10-19,NA,NA,NA,6265136,NA,NA
"7833",2025-10-20,NA,NA,NA,6265136,NA,NA
"7834",2025-10-21,NA,NA,NA,6265136,NA,NA
"7835",2025-10-22,NA,NA,NA,6265136,NA,NA
"7836",2025-10-23,NA,NA,NA,6265136,NA,NA
"7837",2025-10-24,NA,NA,NA,6265136,NA,NA
"7838",2025-10-25,NA,NA,NA,6265136,NA,NA
"7839",2025-10-26,NA,NA,NA,6265136,NA,NA
"7840",2025-10-27,NA,NA,NA,6265136,NA,NA
"7841",2025-10-28,NA,NA,NA,6265136,NA,NA
"7842",2025-10-29,NA,NA,NA,6265136,NA,NA
"7843",2025-10-30,NA,NA,NA,6265136,NA,NA
"7844",2025-10-31,NA,NA,NA,6265136,NA,NA
"7845",2025-11-01,NA,NA,NA,6265136,NA,NA
"7846",2025-11-02,NA,NA,NA,6265136,NA,NA
"7847",2025-11-03,NA,NA,NA,6265136,NA,NA
"7848",2025-11-04,NA,NA,NA,6265136,NA,NA
"7849",2025-11-05,NA,NA,NA,6265136,NA,NA
"7850",2025-11-06,NA,NA,NA,6265136,NA,NA
"7851",2025-11-07,NA,NA,NA,6265136,NA,NA
"7852",2025-11-08,NA,NA,NA,6265136,NA,NA
"7853",2025-11-09,NA,NA,NA,6265136,NA,NA
"7854",2025-11-10,NA,NA,NA,6265136,NA,NA
"7855",2025-11-11,NA,NA,NA,6265136,NA,NA
"7856",2025-11-12,NA,NA,NA,6265136,NA,NA
"7857",2025-11-13,NA,NA,NA,6265136,NA,NA
"7858",2025-11-14,NA,NA,NA,6265136,NA,NA
"7859",2025-11-15,NA,NA,NA,6265136,NA,NA
"7860",2025-11-16,NA,NA,NA,6265136,NA,NA
"7861",2025-11-17,NA,NA,NA,6265136,NA,NA
"7862",2025-11-18,NA,NA,NA,6265136,NA,NA
"7863",2025-11-19,NA,NA,NA,6265136,NA,NA
"7864",2025-11-20,NA,NA,NA,6265136,NA,NA
"7865",2025-12-07,NA,NA,NA,6265136,NA,NA
"7866",2026-01-26,NA,NA,NA,6265136,NA,NA
"7867",2026-01-27,NA,NA,NA,6265136,NA,NA
"7868",2026-01-28,NA,NA,NA,6265136,NA,NA
"7869",2026-01-29,NA,NA,NA,6265136,NA,NA
"7870",2026-01-30,NA,NA,NA,6265136,NA,NA
"7871",2026-01-31,NA,NA,NA,6265136,NA,NA
"7872",2026-02-01,NA,NA,NA,6265136,NA,NA
"7873",2026-02-02,NA,NA,NA,6265136,NA,NA
"7874",2026-02-03,NA,NA,NA,6265136,NA,NA
"7875",2026-02-04,NA,NA,NA,6265136,NA,NA
"7876",2026-02-05,NA,NA,NA,6265136,NA,NA
"7877",2026-02-06,NA,NA,NA,6265136,NA,NA
"7878",2026-02-07,NA,NA,NA,6265136,NA,NA
"7879",2026-02-08,NA,NA,NA,6265136,NA,NA
"7880",2026-02-09,NA,NA,NA,6265136,NA,NA
"7881",2026-02-10,NA,NA,NA,6265136,NA,NA
"7882",2026-02-11,NA,NA,NA,6265136,NA,NA
"7883",2026-02-12,NA,NA,NA,6265136,NA,NA
"7884",2026-02-13,NA,NA,NA,6265136,NA,NA
"7885",2026-02-14,NA,NA,NA,6265136,NA,NA
"7886",2026-02-15,NA,NA,NA,6265136,NA,NA
"7887",2026-02-16,NA,NA,NA,6265136,NA,NA
"7888",2026-02-17,NA,NA,NA,6265136,NA,NA
"7889",2026-02-18,NA,NA,NA,6265136,NA,NA
"7890",2026-02-19,NA,NA,NA,6265136,NA,NA
"7891",2026-02-20,NA,NA,NA,6265136,NA,NA
"7892",2026-02-21,NA,NA,NA,6265136,NA,NA
"7893",2026-02-22,NA,NA,NA,6265136,NA,NA
"7894",2026-02-23,NA,NA,NA,6265136,NA,NA
"7895",2026-02-24,NA,NA,NA,6265136,NA,NA
"7896",2026-02-25,NA,NA,NA,6265136,NA,NA
"7897",2026-02-26,NA,NA,NA,6265136,NA,NA
"7898",2026-02-27,NA,NA,NA,6265136,NA,NA
"7899",2026-02-28,NA,NA,NA,6265136,NA,NA
"7900",2026-03-01,NA,NA,NA,6265136,NA,NA
"7901",2026-03-02,NA,NA,NA,6265136,NA,NA
"7902",2026-03-03,NA,NA,NA,6265136,NA,NA
"7903",2026-03-04,NA,NA,NA,6265136,NA,NA
"7904",2026-03-05,NA,NA,NA,6265136,NA,NA
"7905",2026-03-06,NA,NA,NA,6265136,NA,NA
"7906",2026-03-07,NA,NA,NA,6265136,NA,NA
"7907",2026-03-08,NA,NA,NA,6265136,NA,NA
"7908",2026-03-09,NA,NA,NA,6265136,NA,NA
"7909",2026-03-10,NA,NA,NA,6265136,NA,NA
"7910",2026-03-11,NA,NA,NA,6265136,NA,NA
"7911",2026-03-12,NA,NA,NA,6265136,NA,NA
"7912",2026-03-13,NA,NA,NA,6265136,NA,NA
"7913",2026-03-14,NA,NA,NA,6265136,NA,NA
"7914",2026-03-15,NA,NA,NA,6265136,NA,NA
"7915",2026-03-16,NA,NA,NA,6265136,NA,NA
"7916",2026-03-17,NA,NA,NA,6265136,NA,NA
"7917",2026-03-18,NA,NA,NA,6265136,NA,NA
"7918",2026-03-19,NA,NA,NA,6265136,NA,NA
"7919",2026-03-20,NA,NA,NA,6265136,NA,NA
"7920",2026-03-21,NA,NA,NA,6265136,NA,NA
"7921",2026-03-22,NA,NA,NA,6265136,NA,NA
"7922",2026-03-23,NA,NA,NA,6265136,NA,NA
"7923",2026-03-24,NA,NA,NA,6265136,NA,NA
"7924",2026-03-25,NA,NA,NA,6265136,NA,NA
"7925",2026-03-26,NA,NA,NA,6265136,NA,NA
"7926",2026-03-27,NA,NA,NA,6265136,NA,NA
"7927",2026-03-28,NA,NA,NA,6265136,NA,NA
"7928",2026-03-29,NA,NA,NA,6265136,NA,NA
"7929",2026-03-30,NA,NA,NA,6265136,NA,NA
"7930",2026-03-31,NA,NA,NA,6265136,NA,NA
"7931",2026-04-01,NA,NA,NA,6265136,NA,NA
"7932",2026-04-02,NA,NA,NA,6265136,NA,NA
"7933",2026-04-03,NA,NA,NA,6265136,NA,NA
"7934",2026-04-04,NA,NA,NA,6265136,NA,NA
"7935",2026-04-05,NA,NA,NA,6265136,NA,NA
"7936",2026-04-06,NA,NA,NA,6265136,NA,NA
"7937",2026-04-07,NA,NA,NA,6265136,NA,NA
"7938",2026-04-08,NA,NA,NA,6265136,NA,NA
"7939",2026-04-09,NA,NA,NA,6265136,NA,NA
"7940",2026-04-10,NA,NA,NA,6265136,NA,NA
"7941",2026-04-11,NA,NA,NA,6265136,NA,NA
"7942",2026-04-12,NA,NA,NA,6265136,NA,NA
"7943",2026-04-13,NA,NA,NA,6265136,NA,NA
"7944",2026-04-14,NA,NA,NA,6265136,NA,NA
"7945",2026-04-15,NA,NA,NA,6265136,NA,NA
"7946",2026-04-16,NA,NA,NA,6265136,NA,NA
"7947",2026-04-17,NA,NA,NA,6265136,NA,NA
"7948",2026-04-18,NA,NA,NA,6265136,NA,NA
"7949",2026-04-19,NA,NA,NA,6265136,NA,NA
"7950",2026-04-20,NA,NA,NA,6265136,NA,NA
"7951",2026-04-21,NA,NA,NA,6265136,NA,NA
"7952",2026-04-22,NA,NA,NA,6265136,NA,NA
"7953",2026-04-23,NA,NA,NA,6265136,NA,NA
"7954",2026-04-24,NA,NA,NA,6265136,NA,NA
"7955",2026-04-25,NA,NA,NA,6265136,NA,NA
"7956",2026-04-26,NA,NA,NA,6265136,NA,NA
"7957",2026-04-27,NA,NA,NA,6265136,NA,NA
"7958",2026-04-28,NA,NA,NA,6265136,NA,NA
"7959",2026-04-29,NA,NA,NA,6265136,NA,NA
"7960",2026-04-30,NA,NA,NA,6265136,NA,NA
"7961",2026-05-01,NA,NA,NA,6265136,NA,NA
"7962",2026-05-02,NA,NA,NA,6265136,NA,NA
"7963",2026-05-03,NA,NA,NA,6265136,NA,NA
"7964",2026-05-04,NA,NA,NA,6265136,NA,NA
"7965",2026-05-05,NA,NA,NA,6265136,NA,NA
"7966",2026-05-06,NA,NA,NA,6265136,NA,NA
"7967",2026-05-07,NA,NA,NA,6265136,NA,NA
"7968",2026-05-08,NA,NA,NA,6265136,NA,NA
"7969",2026-05-09,NA,NA,NA,6265136,NA,NA
"7970",2026-05-10,NA,NA,NA,6265136,NA,NA
"7971",2026-05-11,NA,NA,NA,6265136,NA,NA
"7972",2026-05-12,NA,NA,NA,6265136,NA,NA
"7973",2026-05-13,NA,NA,NA,6265136,NA,NA
"7974",2026-05-14,NA,NA,NA,6265136,NA,NA
"7975",2026-05-15,NA,NA,NA,6265136,NA,NA
"7976",2026-05-16,NA,NA,NA,6265136,NA,NA
"7977",2026-05-17,NA,NA,NA,6265136,NA,NA
"7978",2026-05-18,NA,NA,NA,6265136,NA,NA
"7979",2026-05-19,NA,NA,NA,6265136,NA,NA
"7980",2026-05-20,NA,NA,NA,6265136,NA,NA
"7981",2026-05-21,NA,NA,NA,6265136,NA,NA
"7982",2026-05-22,NA,NA,NA,6265136,NA,NA
"7983",2026-05-23,NA,NA,NA,6265136,NA,NA
"7984",2026-05-24,NA,NA,NA,6265136,NA,NA
"7985",2026-05-25,NA,NA,NA,6265136,NA,NA
"7986",2026-05-26,NA,NA,NA,6265136,NA,NA
"7987",2026-05-27,NA,NA,NA,6265136,NA,NA
"7988",2026-05-28,NA,NA,NA,6265136,NA,NA
"7989",2026-05-29,NA,NA,NA,6265136,NA,NA
"7990",2026-05-30,NA,NA,NA,6265136,NA,NA
"7991",2026-05-31,NA,NA,NA,6265136,NA,NA
