"","X","date","mean_snow","snow_pixels","available_pixels","total_pixels","land_pixels","available_percent","snow_cover_percent","month","month_name","year"
"164",164,2001-01-17,NA,NA,0,6265136,276899,0,NA,1,"Jan",2001
"165",165,2001-01-18,NA,NA,0,6265136,276899,0,NA,1,"Jan",2001
"166",166,2001-01-19,NA,NA,0,6265136,276899,0,NA,1,"Jan",2001
"167",167,2001-01-20,NA,NA,0,6265136,276899,0,NA,1,"Jan",2001
"168",168,2001-01-21,NA,NA,0,6265136,276899,0,NA,1,"Jan",2001
"169",169,2001-01-22,NA,NA,0,6265136,276899,0,NA,1,"Jan",2001
"170",170,2001-01-23,NA,NA,0,6265136,276899,0,NA,1,"Jan",2001
"171",171,2001-01-24,NA,NA,0,6265136,276899,0,NA,1,"Jan",2001
"172",172,2001-01-25,NA,NA,0,6265136,276899,0,NA,1,"Jan",2001
"173",173,2001-01-26,NA,NA,0,6265136,276899,0,NA,1,"Jan",2001
"174",174,2001-01-27,NA,NA,0,6265136,276899,0,NA,1,"Jan",2001
"175",175,2001-01-28,NA,NA,0,6265136,276899,0,NA,1,"Jan",2001
"176",176,2001-01-29,NA,NA,0,6265136,276899,0,NA,1,"Jan",2001
"177",177,2001-01-30,NA,NA,0,6265136,276899,0,NA,1,"Jan",2001
"178",178,2001-01-31,NA,NA,0,6265136,276899,0,NA,1,"Jan",2001
"179",179,2001-02-01,NA,NA,0,6265136,276899,0,NA,2,"Feb",2001
"180",180,2001-02-02,NA,NA,0,6265136,276899,0,NA,2,"Feb",2001
"181",181,2001-02-03,NA,NA,0,6265136,276899,0,NA,2,"Feb",2001
"182",182,2001-02-04,NA,NA,0,6265136,276899,0,NA,2,"Feb",2001
"183",183,2001-02-05,NA,NA,0,6265136,276899,0,NA,2,"Feb",2001
"184",184,2001-02-06,NA,NA,0,6265136,276899,0,NA,2,"Feb",2001
"185",185,2001-02-07,NA,NA,0,6265136,276899,0,NA,2,"Feb",2001
"186",186,2001-02-08,NA,NA,0,6265136,276899,0,NA,2,"Feb",2001
"187",187,2001-02-09,NA,NA,0,6265136,276899,0,NA,2,"Feb",2001
"188",188,2001-02-10,NA,NA,0,6265136,276899,0,NA,2,"Feb",2001
"189",189,2001-02-11,NA,NA,0,6265136,276899,0,NA,2,"Feb",2001
"190",190,2001-02-12,57.6525423728814,170,236,6265136,276899,0.0852296324652671,72.0338983050847,2,"Feb",2001
"191",191,2001-02-13,70.8778280542986,580,663,6265136,276899,0.239437484425729,87.4811463046757,2,"Feb",2001
"192",192,2001-02-14,51.1139705882353,161,272,6265136,276899,0.0982307628413248,59.1911764705882,2,"Feb",2001
"193",193,2001-02-15,46.6239130434783,244,460,6265136,276899,0.166125554805182,53.0434782608696,2,"Feb",2001
"194",194,2001-02-16,NA,NA,0,6265136,276899,0,NA,2,"Feb",2001
"195",195,2001-02-17,NA,NA,0,6265136,276899,0,NA,2,"Feb",2001
"196",196,2001-02-18,72.3147751605996,864,934,6265136,276899,0.337307104756608,92.5053533190578,2,"Feb",2001
"197",197,2001-02-19,55.2542857142857,244,350,6265136,276899,0.126399878656116,69.7142857142857,2,"Feb",2001
"198",198,2001-02-20,59.1495016611296,405,602,6265136,276899,0.21740779128852,67.2757475083057,2,"Feb",2001
"199",199,2001-02-21,57.859793814433,346,485,6265136,276899,0.175154117566333,71.340206185567,2,"Feb",2001
"200",200,2001-02-22,49.8513513513514,82,148,6265136,276899,0.053449091546015,55.4054054054054,2,"Feb",2001
"201",201,2001-02-23,61.6690476190476,355,420,6265136,276899,0.15167985438734,84.5238095238095,2,"Feb",2001
"202",202,2001-02-24,NA,NA,0,6265136,276899,0,NA,2,"Feb",2001
"203",203,2001-02-25,48.8360655737705,87,183,6265136,276899,0.0660890794116266,47.5409836065574,2,"Feb",2001
"204",204,2001-02-26,61.0687116564417,651,815,6265136,276899,0.294331146013528,79.8773006134969,2,"Feb",2001
"205",205,2001-02-27,59.139599170698,1153,1447,6265136,276899,0.52257321261543,79.6821008984105,2,"Feb",2001
"206",206,2001-02-28,59.0429509853461,2920,3958,6265136,276899,1.42940205634545,73.7746336533603,2,"Feb",2001
"207",207,2001-03-01,50.5786471067645,1331,2454,6265136,276899,0.8862437206346,54.2379788101059,3,"Mar",2001
"208",208,2001-03-02,66.9701999775306,33769,35604,6265136,276899,12.8581179419211,94.8460847095832,3,"Mar",2001
"209",209,2001-03-03,66.8471534102709,31782,33707,6265136,276899,12.1730305996049,94.2890200848488,3,"Mar",2001
"210",210,2001-03-04,70.4205973680319,51676,54104,6265136,276899,19.5392543851729,95.5123465917492,3,"Mar",2001
"211",211,2001-03-05,60.5122070930969,56975,63160,6265136,276899,22.8097609597723,90.2074097530082,3,"Mar",2001
"212",212,2001-03-06,65.5476906451158,74942,85132,6265136,276899,30.7447841992929,88.030352863788,3,"Mar",2001
"213",213,2001-03-07,59.610292606044,51914,58372,6265136,276899,21.0806106197567,88.9364763927911,3,"Mar",2001
"214",214,2001-03-08,66.0269364211064,89591,93962,6265136,276899,33.9336725665315,95.3481194525446,3,"Mar",2001
"215",215,2001-03-09,57.6270378263186,29833,37540,6265136,276899,13.5572898421446,79.4698987746404,3,"Mar",2001
"216",216,2001-03-10,63.4573785973458,54620,60357,6265136,276899,21.7974785029921,90.4948887452988,3,"Mar",2001
"217",217,2001-03-11,64.3603498871332,82088,88600,6265136,276899,31.9972264255198,92.6501128668172,3,"Mar",2001
"218",218,2001-03-12,66.2639569140122,103885,108620,6265136,276899,39.2272994846496,95.6407659731173,3,"Mar",2001
"219",219,2001-03-13,67.744979064366,120029,124429,6265136,276899,44.9366014322912,96.4638468524219,3,"Mar",2001
"220",220,2001-03-14,68.8035847297083,168193,170501,6265136,276899,61.5751591735615,98.6463422501921,3,"Mar",2001
"221",221,2001-03-15,65.0881244861144,161377,162974,6265136,276899,58.8568394974341,99.0200890939659,3,"Mar",2001
"222",222,2001-03-16,56.3854023051894,29491,36266,6265136,276899,13.0971942838363,81.318590415265,3,"Mar",2001
"223",223,2001-03-17,64.0676822551572,74418,79888,6265136,276899,28.8509528745138,93.1529140797116,3,"Mar",2001
"224",224,2001-03-18,66.1978551491112,134409,136140,6265136,276899,49.1659413721249,98.7285147642133,3,"Mar",2001
"225",225,2001-03-19,68.0750421706723,136915,138722,6265136,276899,50.0984113340965,98.6973947895792,3,"Mar",2001
"226",226,2001-03-20,70.2185729763195,160704,161525,6265136,276899,58.3335439997978,99.4917195480576,3,"Mar",2001
"227",227,2001-03-21,70.1153302541582,157543,158484,6265136,276899,57.2353096255313,99.4062492112769,3,"Mar",2001
"228",228,2001-03-22,71.7109794940331,169230,169853,6265136,276899,61.3411388267924,99.6332122482382,3,"Mar",2001
"229",229,2001-03-23,69.8439871413377,166854,167358,6265136,276899,60.4400882632296,99.6988491736278,3,"Mar",2001
"230",230,2001-03-24,71.4002266378538,189568,189730,6265136,276899,68.5195685069285,99.9146155062457,3,"Mar",2001
"231",231,2001-03-25,67.6136213647763,90269,90916,6265136,276899,32.8336324797128,99.2883540850895,3,"Mar",2001
"232",232,2001-03-26,68.419058160366,87313,87637,6265136,276899,31.6494461879602,99.6302931410249,3,"Mar",2001
"233",233,2001-03-27,64.1569768857929,41048,41057,6265136,276899,14.8274280513834,99.9780792556689,3,"Mar",2001
"234",234,2001-03-28,70.1823359201072,173619,173833,6265136,276899,62.7784860183677,99.8768933401598,3,"Mar",2001
"235",235,2001-03-29,70.5034498757249,150675,150875,6265136,276899,54.4873762635474,99.86743993372,3,"Mar",2001
"236",236,2001-03-30,67.7047962116965,82337,83837,6265136,276899,30.2771046482653,98.2108138411441,3,"Mar",2001
"237",237,2001-03-31,67.4929746021896,89587,90244,6265136,276899,32.5909447126931,99.2719737600284,3,"Mar",2001
"238",238,2001-04-01,68.5014847483131,124537,124937,6265136,276899,45.1200618275978,99.6798386386739,4,"Apr",2001
"239",239,2001-04-02,68.7901244588745,73478,73920,6265136,276899,26.6956543721718,99.4020562770563,4,"Apr",2001
"240",240,2001-04-03,68.3219334631338,58777,59065,6265136,276899,21.3308823794958,99.512401591467,4,"Apr",2001
"241",241,2001-04-04,71.6648085967768,166265,166481,6265136,276899,60.1233662815684,99.8702554645876,4,"Apr",2001
"242",242,2001-04-05,73.2861601260242,201705,201866,6265136,276899,72.9023940137017,99.9202441223386,4,"Apr",2001
"243",243,2001-04-06,74.5308814215419,225696,225783,6265136,276899,81.5398394360399,99.9614674266885,4,"Apr",2001
"244",244,2001-04-07,64.3159803593349,35688,35844,6265136,276899,12.9447921444281,99.5647807164379,4,"Apr",2001
"245",245,2001-04-08,68.6074983299933,119610,119760,6265136,276899,43.2504270510186,99.874749498998,4,"Apr",2001
"246",246,2001-04-09,70.3687013933895,148032,148128,6265136,276899,53.4953177873521,99.9351911860013,4,"Apr",2001
"247",247,2001-04-10,70.7771381895801,129718,129771,6265136,276899,46.865824723094,99.9591588259318,4,"Apr",2001
"248",248,2001-04-11,72.7105952975353,176216,176248,6265136,276899,63.6506451810949,99.981843765603,4,"Apr",2001
"249",249,2001-04-12,73.1329051639302,212352,212377,6265136,276899,76.6983629410002,99.9882284804852,4,"Apr",2001
"250",250,2001-04-13,69.9772129143597,138747,139070,6265136,276899,50.2240889277318,99.7677428633063,4,"Apr",2001
"251",251,2001-04-14,68.9752934349964,98191,98233,6265136,276899,35.4761122286465,99.9572445105005,4,"Apr",2001
"252",252,2001-04-15,69.70900857068,53311,53438,6265136,276899,19.2987334732159,99.7623414049927,4,"Apr",2001
"253",253,2001-04-16,64.5951270951271,17783,18018,6265136,276899,6.50706575321688,98.6957486957487,4,"Apr",2001
"254",254,2001-04-17,74.4124792200387,248985,249038,6265136,276899,89.9382085164627,99.9787181072768,4,"Apr",2001
"255",255,2001-04-18,73.0277155016815,210124,210532,6265136,276899,76.0320550092272,99.8062052324587,4,"Apr",2001
"256",256,2001-04-19,70.2473033302831,144148,144252,6265136,276899,52.0955294168632,99.9279039458725,4,"Apr",2001
"257",257,2001-04-20,71.9853291214285,112636,113013,6265136,276899,40.8137985330391,99.6664100590198,4,"Apr",2001
"258",258,2001-04-21,67.725872529047,44497,44669,6265136,276899,16.1318747991145,99.6149454879223,4,"Apr",2001
"259",259,2001-04-22,72.5990839076367,143087,143217,6265136,276899,51.7217469185515,99.909228653023,4,"Apr",2001
"260",260,2001-04-23,73.8814567014796,183638,183840,6265136,276899,66.3924391204013,99.8901218450827,4,"Apr",2001
"261",261,2001-04-24,75.1430784182713,131402,131704,6265136,276899,47.5639131957862,99.7706979286886,4,"Apr",2001
"262",262,2001-04-25,74.2329815661941,43874,44158,6265136,276899,15.9473309762766,99.356854930024,4,"Apr",2001
"263",263,2001-04-26,78.3879685080502,107012,107202,6265136,276899,38.7151994048371,99.8227645006623,4,"Apr",2001
"264",264,2001-04-27,75.5902306979466,40566,41006,6265136,276899,14.8090097833506,98.9269862946886,4,"Apr",2001
"265",265,2001-04-28,74.1936643087233,61444,61777,6265136,276899,22.3103008678255,99.4609644366026,4,"Apr",2001
"266",266,2001-04-29,66.8343272537326,22786,22973,6265136,276899,8.29652689247704,99.1860009576459,4,"Apr",2001
"267",267,2001-04-30,72.8657588265645,54031,54268,6265136,276899,19.5984817568861,99.5632785435247,4,"Apr",2001
"268",268,2001-05-01,73.6245194833928,36083,36159,6265136,276899,13.0585520352186,99.789817196272,5,"May",2001
"269",269,2001-05-02,71.0716779934667,26552,26633,6265136,276899,9.61830848070957,99.695866030864,5,"May",2001
"270",270,2001-05-03,73.0306727135299,65779,66150,6265136,276899,23.889577066006,99.4391534391534,5,"May",2001
"271",271,2001-05-04,75.1182277946706,127693,127931,6265136,276899,46.2013225038733,99.813962214006,5,"May",2001
"272",272,2001-05-05,75.8891486966312,57421,57735,6265136,276899,20.8505628406025,99.4561357928466,5,"May",2001
"273",273,2001-05-06,75.5683485755683,161272,161503,6265136,276899,58.325598864568,99.8569686012025,5,"May",2001
"274",274,2001-05-07,74.8942212552727,172566,172823,6265136,276899,62.4137320828172,99.851292941333,5,"May",2001
"275",275,2001-05-08,65.8645107332032,17841,17935,6265136,276899,6.47709092484986,99.4758851407862,5,"May",2001
"276",276,2001-05-09,69.8196198574465,15812,15994,6265136,276899,5.77611331207408,98.8620732774791,5,"May",2001
"277",277,2001-05-10,72.9745005444302,168771,168984,6265136,276899,61.0273059852148,99.8739525635563,5,"May",2001
"278",278,2001-05-11,76.6470153467978,240546,240832,6265136,276899,86.9746730757424,99.8812450172735,5,"May",2001
"279",279,2001-05-12,79.3451584784863,132949,133078,6265136,276899,48.0601230051391,99.9030643682652,5,"May",2001
"280",280,2001-05-13,78.9050362316109,132417,132619,6265136,276899,47.8943585928443,99.8476839668524,5,"May",2001
"281",281,2001-05-14,77.395161973621,141282,141628,6265136,276899,51.1478914694528,99.7556980258141,5,"May",2001
"282",282,2001-05-15,78.3208164398227,100575,100877,6265136,276899,36.4309730262659,99.7006255142401,5,"May",2001
"283",283,2001-05-16,79.0357628122496,57112,57406,6265136,276899,20.7317469546658,99.4878584120127,5,"May",2001
"284",284,2001-05-17,77.1528632699257,100392,100724,6265136,276899,36.3757182221676,99.6703864024463,5,"May",2001
"285",285,2001-05-18,75.9710304385231,170409,170869,6265136,276899,61.7080596174056,99.7307879135478,5,"May",2001
"286",286,2001-05-19,71.5459361542142,29236,29258,6265136,276899,10.5663075706304,99.9248068904231,5,"May",2001
"287",287,2001-05-20,67.0511098130841,6703,6848,6265136,276899,2.47310391153453,97.8825934579439,5,"May",2001
"288",288,2001-05-21,76.0710330883048,52659,52919,6265136,276899,19.1113005102944,99.5086830816909,5,"May",2001
"289",289,2001-05-22,78.3707195119154,86719,87198,6265136,276899,31.4909046258744,99.4506754742081,5,"May",2001
"290",290,2001-05-23,78.9602979241008,172497,173467,6265136,276899,62.6463078595445,99.4408158324062,5,"May",2001
"291",291,2001-05-24,78.2890165617514,95880,96427,6265136,276899,34.823888854781,99.4327314963651,5,"May",2001
"292",292,2001-05-25,79.5127413708736,52783,53134,6265136,276899,19.1889461500403,99.3394060300373,5,"May",2001
"293",293,2001-05-26,80.7675270873168,18732,18828,6265136,276899,6.79959118667817,99.4901210962396,5,"May",2001
"294",294,2001-05-27,74.5492403689637,7346,7372,6265136,276899,2.66234258700826,99.6473141616929,5,"May",2001
"295",295,2001-05-28,74.2730904442314,6101,6258,6265136,276899,2.26002983037136,97.4912112496005,5,"May",2001
"296",296,2001-05-29,72.6931650328992,103504,104258,6265136,276899,37.651995854084,99.276794106927,5,"May",2001
"297",297,2001-05-30,72.5579076374575,17924,17951,6265136,276899,6.48286920501699,99.8495905520584,5,"May",2001
"298",298,2001-05-31,68.6955414012739,5444,5495,6265136,276899,1.98447809490103,99.0718835304823,5,"May",2001
"299",299,2001-06-01,75.2948071667173,16302,16465,6265136,276899,5.94621143449417,99.0100212572123,6,"Jun",2001
"300",300,2001-06-02,72.5843866171004,55323,56490,6265136,276899,20.4009404150972,97.9341476367499,6,"Jun",2001
"301",301,2001-06-03,73.9715368661947,41432,41949,6265136,276899,15.1495671707012,98.7675510739231,6,"Jun",2001
"302",302,2001-06-04,71.2416303084782,44789,45611,6265136,276899,16.4720710439547,98.1978031615181,6,"Jun",2001
"303",303,2001-06-05,73.4588062697861,25622,25902,6265136,276899,9.35431330557351,98.9190023936376,6,"Jun",2001
"304",304,2001-06-06,74.7559394258746,42936,43649,6265136,276899,15.7635094384595,98.3665146967857,6,"Jun",2001
"305",305,2001-06-07,75.3957071658312,136626,138044,6265136,276899,49.8535567120141,98.9727912839384,6,"Jun",2001
"306",306,2001-06-08,77.6026473233488,50171,51146,6265136,276899,18.4709948392735,98.0936925663786,6,"Jun",2001
"307",307,2001-06-09,78.5654504225933,153074,155232,6265136,276899,56.0608741815608,98.6098227169656,6,"Jun",2001
"308",308,2001-06-10,79.789773355445,17893,18090,6265136,276899,6.53306801396899,98.9110005527916,6,"Jun",2001
"309",309,2001-06-11,75.9236900679781,30856,33246,6265136,276899,12.0065439022893,92.8111652529628,6,"Jun",2001
"310",310,2001-06-12,68.9267348203222,6271,6456,6265136,276899,2.33153604743968,97.134448574969,6,"Jun",2001
"311",311,2001-06-13,79.6515568231979,28283,29451,6265136,276899,10.6360080751465,96.034090523242,6,"Jun",2001
"312",312,2001-06-14,76.3490151248681,31536,34116,6265136,276899,12.3207378863773,92.4375659514597,6,"Jun",2001
"313",313,2001-07-03,43.0235092260919,14272,33221,6265136,276899,11.9975153395281,42.9607778212576,7,"Jul",2001
"314",314,2001-07-04,55.3787390608435,29562,48107,6265136,276899,17.373482750028,61.450516556842,7,"Jul",2001
"315",315,2001-07-05,55.3976434754729,8371,12476,6265136,276899,4.50561396032488,67.096825905739,7,"Jul",2001
"316",316,2001-07-06,63.4601531089938,25998,36314,6265136,276899,13.1145291243378,71.5922233849204,7,"Jul",2001
"317",317,2001-07-07,68.7172119262911,57771,75866,6265136,276899,27.3984376974998,76.1487359291382,7,"Jul",2001
"318",318,2001-07-08,69.2651902921411,21518,28719,6265136,276899,10.3716517575,74.9260071729517,7,"Jul",2001
"319",319,2001-07-09,46.0365268995543,40440,77176,6265136,276899,27.8715343861841,52.3997097543278,7,"Jul",2001
"320",320,2001-07-10,67.7465731462926,58818,74850,6265136,276899,27.0315169068866,78.5811623246493,7,"Jul",2001
"321",321,2001-07-11,53.8063594026016,20631,31135,6265136,276899,11.2441720627377,66.2630480167015,7,"Jul",2001
"322",322,2001-07-12,51.9293122482934,38330,64311,6265136,276899,23.2254359892957,59.6010013839001,7,"Jul",2001
"323",323,2001-07-13,59.5596529284165,9201,11525,6265136,276899,4.16216743289069,79.8351409978308,7,"Jul",2001
"324",324,2001-07-14,59.0176485107783,33085,48616,6265136,276899,17.557304287845,68.0537271680105,7,"Jul",2001
"325",325,2001-07-15,51.687442279536,51585,88790,6265136,276899,32.0658435025045,58.0977587566167,7,"Jul",2001
"326",326,2001-07-16,60.9004538746415,24315,35913,6265136,276899,12.9697109776489,67.7052877787988,7,"Jul",2001
"327",327,2001-07-17,74.7244199632783,24729,29955,6265136,276899,10.8180239004113,82.5538307461192,7,"Jul",2001
"328",328,2001-07-18,67.5146351022968,47321,63785,6265136,276899,23.0354750288011,74.1882887826291,7,"Jul",2001
"329",329,2001-07-19,49.0909090909091,6030,11484,6265136,276899,4.14736058996241,52.5078369905956,7,"Jul",2001
"330",330,2001-07-20,69.597593883517,67325,88940,6265136,276899,32.1200148790714,75.6970991679784,7,"Jul",2001
"331",331,2001-07-21,77.6351765306523,43238,50926,6265136,276899,18.3915434869754,84.9035855947846,7,"Jul",2001
"332",332,2001-07-22,52.2414206803469,24045,40009,6265136,276899,14.4489507004359,60.0989777300108,7,"Jul",2001
"333",333,2001-07-23,59.4019306827644,125421,192160,6265136,276899,69.3971448073124,65.2690466278102,7,"Jul",2001
"334",334,2001-07-24,62.9774234595512,42085,51868,6265136,276899,18.7317397318156,81.1386596745585,7,"Jul",2001
"335",335,2001-07-25,60.9238856144947,76723,114525,6265136,276899,41.3598460088335,66.9923597467802,7,"Jul",2001
"336",336,2001-07-26,54.3650717602215,86100,141931,6265136,276899,51.2573176501179,60.6632800445287,7,"Jul",2001
"337",337,2001-07-27,63.366199320662,95315,138370,6265136,276899,49.9712891704195,68.8841511888415,7,"Jul",2001
"338",338,2001-07-28,63.8459366299881,52941,75430,6265136,276899,27.2409795629453,70.1856025454063,7,"Jul",2001
"339",339,2001-07-29,54.2554552294959,17951,29238,6265136,276899,10.5590847204215,61.3961283261509,7,"Jul",2001
"340",340,2001-07-30,38.1970586650865,8921,18563,6265136,276899,6.70388842140997,48.0579647686258,7,"Jul",2001
"341",341,2001-07-31,45.8005329752188,24701,47657,6265136,276899,17.2109686203273,51.8307908596848,7,"Jul",2001
"342",342,2001-08-01,51.3832160875435,8749,14073,6265136,276899,5.08235854950722,62.1686918212179,8,"Aug",2001
"343",343,2001-08-02,52.2093060612551,95552,149408,6265136,276899,53.957580200723,63.9537374170058,8,"Aug",2001
"344",344,2001-08-03,68.8861980910918,40203,47776,6265136,276899,17.2539445790703,84.1489450770261,8,"Aug",2001
"345",345,2001-08-04,47.5973342915945,16907,30611,6265136,276899,11.0549333872639,55.2317794256967,8,"Aug",2001
"346",346,2001-08-05,51.8918767737002,126461,194861,6265136,276899,70.3725907280272,64.8980555370238,8,"Aug",2001
"347",347,2001-08-06,55.3519366677788,151707,230783,6265136,276899,83.3455519882701,65.73577776526,8,"Aug",2001
"348",348,2001-08-07,55.818621138075,155589,238385,6265136,276899,86.0909573526809,65.2679489061812,8,"Aug",2001
"349",349,2001-08-08,52.1733452195231,53247,89740,6265136,276899,32.4089288874283,59.3347448183642,8,"Aug",2001
"350",350,2001-08-09,65.7890457924573,86308,117836,6265136,276899,42.5555888609204,73.2441698631997,8,"Aug",2001
"351",351,2001-08-10,46.323700992536,31798,62567,6265136,276899,22.5956034510778,50.8223184745952,8,"Aug",2001
"352",352,2001-08-11,54.571203008598,83287,139334,6265136,276899,50.3194305504895,59.7750728465414,8,"Aug",2001
"353",353,2001-08-12,44.8707409798436,21106,41823,6265136,276899,15.104063214385,50.4650551132152,8,"Aug",2001
"354",354,2001-08-13,57.3170586322748,11418,18454,6265136,276899,6.66452388777135,61.8727647122575,8,"Aug",2001
"355",355,2001-08-14,38.7911629845769,621,2399,6265136,276899,0.866380882560067,25.88578574406,8,"Aug",2001
"356",356,2001-08-15,51.9180116959064,14662,25650,6265136,276899,9.26330539294111,57.1617933723197,8,"Aug",2001
"357",357,2001-08-16,48.7153044432255,17404,29168,6265136,276899,10.5338047446903,59.6681294569391,8,"Aug",2001
"358",358,2001-08-17,42.9969123372265,17627,37245,6265136,276899,13.450752801563,47.3271580077863,8,"Aug",2001
"359",359,2001-08-18,39.7803926543817,14153,31529,6265136,276899,11.3864622118534,44.8888325034096,8,"Aug",2001
"360",360,2001-08-19,61.5787564832545,108963,157714,6265136,276899,56.9572298924879,69.0889838568548,8,"Aug",2001
"361",361,2001-08-20,59.3936854496279,93329,142718,6265136,276899,51.541536805839,65.3939937499124,8,"Aug",2001
"362",362,2001-08-21,55.1008310037146,15782,26113,6265136,276899,9.43051437527763,60.4373300654846,8,"Aug",2001
"363",363,2001-08-22,56.5013577791231,35991,57815,6265136,276899,20.8794542414382,62.2520107238606,8,"Aug",2001
"364",364,2001-08-23,57.8405209323334,68668,106271,6265136,276899,38.3789757276119,64.6159347328998,8,"Aug",2001
"365",365,2001-08-24,53.4693906810036,12598,20925,6265136,276899,7.55690703108354,60.205495818399,8,"Aug",2001
"366",366,2001-08-25,64.8027966142841,44635,61789,6265136,276899,22.3146345779508,72.2377769505899,8,"Aug",2001
"367",367,2001-08-26,59.7634707994046,111858,171315,6265136,276899,61.8691291770646,65.2937571140881,8,"Aug",2001
"368",368,2001-08-27,52.3541557366537,97965,171546,6265136,276899,61.9525530969776,57.1071316148438,8,"Aug",2001
"369",369,2001-08-28,53.7243348521216,117186,196648,6265136,276899,71.0179523941943,59.5917578617631,8,"Aug",2001
"370",370,2001-08-29,49.3841402169546,20067,39824,6265136,276899,14.3821393360034,50.3892125351547,8,"Aug",2001
"371",371,2001-08-30,45.4461545466964,10119,21961,6265136,276899,7.93105067190564,46.077136742407,8,"Aug",2001
"372",372,2001-08-31,32.1110187110187,1045,4810,6265136,276899,1.73709547524549,21.7255717255717,8,"Aug",2001
"373",373,2001-09-01,37.9515158806545,6024,16624,6265136,276899,6.00363309365509,36.2367661212705,9,"Sep",2001
"374",374,2001-09-02,53.2630099521386,9255,13163,6265136,276899,4.75371886500132,70.310719440857,9,"Sep",2001
"375",375,2001-09-03,39.1994914031958,10272,26347,6265136,276899,9.515021722722,38.987360989866,9,"Sep",2001
"376",376,2001-09-04,44.2318834905845,11732,25543,6265136,276899,9.22466314432338,45.9303918881885,9,"Sep",2001
"377",377,2001-09-05,42.2473462664714,9227,21856,6265136,276899,7.89313070830881,42.2172401171303,9,"Sep",2001
"378",378,2001-09-06,44.0363053821137,50668,103621,6265136,276899,37.4219480749299,48.8974242672817,9,"Sep",2001
"379",379,2001-09-07,45.0067702644216,51384,97042,6265136,276899,35.0459914987053,52.9502689557099,9,"Sep",2001
"380",380,2001-09-08,45.0461925681153,69031,129523,6265136,276899,46.7762613805034,53.2963257490948,9,"Sep",2001
"381",381,2001-09-09,47.5713375499231,37869,64349,6265136,276899,23.2391594046927,58.8493993690656,9,"Sep",2001
"382",382,2001-09-10,54.4832691450116,82263,123335,6265136,276899,44.5415115258632,66.6988283942109,9,"Sep",2001
"383",383,2001-09-11,58.6965899071871,68892,105481,6265136,276899,38.0936731443595,65.3122363269214,9,"Sep",2001
"384",384,2001-09-12,34.741845979615,3489,17660,6265136,276899,6.37777673447719,19.7565118912797,9,"Sep",2001
"385",385,2001-09-13,39.5732464726929,12162,29626,6265136,276899,10.6992080144746,41.0517788429083,9,"Sep",2001
"386",386,2001-09-14,32.8379921651949,3025,15061,6265136,276899,5.43916734982792,20.0849877166191,9,"Sep",2001
"387",387,2001-09-15,31.2381544614334,11345,41007,6265136,276899,14.8093709258611,27.6660082424952,9,"Sep",2001
"388",388,2001-09-16,36.9180884282934,6078,22097,6265136,276899,7.9801660533263,27.505996289089,9,"Sep",2001
"389",389,2001-09-17,44.7424326575951,33617,72020,6265136,276899,26.0094836023243,46.6773118578173,9,"Sep",2001
"390",390,2001-09-18,45.072106399579,23587,55113,6265136,276899,19.903647178213,42.7975250848257,9,"Sep",2001
"391",391,2001-09-19,50.3940148238795,42218,71911,6265136,276899,25.9701190686857,58.7086815647119,9,"Sep",2001
"392",392,2001-09-20,47.0947340539329,55615,98159,6265136,276899,35.4493876828735,56.6580751637649,9,"Sep",2001
"393",393,2001-09-21,24.6201377159932,7655,38485,6265136,276899,13.8985695145161,19.8908665713915,9,"Sep",2001
"394",394,2001-09-22,49.2805630957642,48484,79205,6265136,276899,28.6042925398792,61.2133072407045,9,"Sep",2001
"395",395,2001-09-23,43.252926585143,9136,22979,6265136,276899,8.29869374753972,39.7580399495191,9,"Sep",2001
"396",396,2001-09-24,53.87697048714,5951,8437,6265136,276899,3.0469593606333,70.5345501955671,9,"Sep",2001
"397",397,2001-09-25,58.6200695439826,57834,75348,6265136,276899,27.2113658770888,76.7558528428094,9,"Sep",2001
"398",398,2001-09-26,63.2401949241905,83046,97679,6265136,276899,35.2760392778594,85.0192979043602,9,"Sep",2001
"399",399,2001-09-27,64.6126501667403,88868,99556,6265136,276899,35.9539037699667,89.2643336413677,9,"Sep",2001
"400",400,2001-09-28,64.1225616488774,72995,84227,6265136,276899,30.4179502273392,86.664608735916,9,"Sep",2001
"401",401,2001-09-29,67.5357954433181,92391,101214,6265136,276899,36.5526780522862,91.2828264864544,9,"Sep",2001
"402",402,2001-09-30,66.1405042491463,71210,77898,6265136,276899,28.1322792787262,91.4144137205063,9,"Sep",2001
"403",403,2001-10-01,59.9322823912231,38120,45483,6265136,276899,16.4258448026176,83.8115339797287,10,"Oct",2001
"404",404,2001-10-02,69.0250977787617,130103,135510,6265136,276899,48.9384215905438,96.0098885691093,10,"Oct",2001
"405",405,2001-10-03,61.1398206302625,30842,36461,6265136,276899,13.1676170733733,84.5890129179123,10,"Oct",2001
"406",406,2001-10-04,66.0364973055281,76715,84061,6265136,276899,30.3580005706052,91.2611080049012,10,"Oct",2001
"407",407,2001-10-05,68.4416159020113,117885,122953,6265136,276899,44.4035550868728,95.8780997616976,10,"Oct",2001
"408",408,2001-10-06,68.8236916061297,126398,132013,6265136,276899,47.675506231514,95.7466310136123,10,"Oct",2001
"409",409,2001-10-07,68.3154328545127,101798,106999,6265136,276899,38.6418874752166,95.1392069084758,10,"Oct",2001
"410",410,2001-10-08,64.9099203832875,51960,56772,6265136,276899,20.502782603043,91.5239906996407,10,"Oct",2001
"411",411,2001-10-09,58.4039401783146,10970,13908,6265136,276899,5.02277003528362,78.8754673569169,10,"Oct",2001
"412",412,2001-10-10,69.9188287500405,29363,30873,6265136,276899,11.1495527250008,95.1089949146504,10,"Oct",2001
"413",413,2001-10-11,62.9995804195804,6087,7150,6265136,276899,2.58216894968924,85.1328671328671,10,"Oct",2001
"414",414,2001-10-12,61.4144349223353,5976,7468,6265136,276899,2.69701226801108,80.0214247455811,10,"Oct",2001
"415",415,2001-10-13,15.820202020202,28,495,6265136,276899,0.178765542670793,5.65656565656566,10,"Oct",2001
"416",416,2001-10-14,57.7341463414634,1668,2460,6265136,276899,0.888410575697276,67.8048780487805,10,"Oct",2001
"417",417,2001-10-15,16.9557823129252,24,588,6265136,276899,0.212351796142276,4.08163265306122,10,"Oct",2001
"418",418,2001-10-16,15.3180515759312,7,349,6265136,276899,0.12603873614567,2.00573065902579,10,"Oct",2001
"419",419,2001-10-17,52.2613185067514,668,1259,6265136,276899,0.454678420651573,53.0579825258141,10,"Oct",2001
"420",420,2001-10-18,62.5114573785518,720,1091,6265136,276899,0.394006478896637,65.9945004582951,10,"Oct",2001
"421",421,2001-10-19,18.3333333333333,0,3,6265136,276899,0.00108342753133814,0,10,"Oct",2001
"422",422,2001-10-20,39.6978335233751,572,1754,6265136,276899,0.633443963322367,32.6111744583808,10,"Oct",2001
"423",423,2001-10-21,45.3996366939146,527,1101,6265136,276899,0.397617904001098,47.8655767484105,10,"Oct",2001
"424",424,2001-10-22,44.2387096774194,105,155,6265136,276899,0.0559770891191373,67.741935483871,10,"Oct",2001
"425",425,2001-10-23,45.5,0,10,6265136,276899,0.00361142510446047,0,10,"Oct",2001
"426",426,2001-10-24,40.2189973614776,102,379,6265136,276899,0.136873011459052,26.9129287598945,10,"Oct",2001
"427",427,2001-10-25,58.102766798419,333,506,6265136,276899,0.1827381102857,65.8102766798419,10,"Oct",2001
"428",428,2001-10-26,16.6019417475728,12,103,6265136,276899,0.0371976785759429,11.6504854368932,10,"Oct",2001
"429",429,2001-10-27,62.7248322147651,129,149,6265136,276899,0.053810234056461,86.5771812080537,10,"Oct",2001
"430",430,2001-10-28,51.72,281,400,6265136,276899,0.144457004178419,70.25,10,"Oct",2001
"431",431,2001-10-29,52.2638888888889,111,144,6265136,276899,0.0520045215042308,77.0833333333333,10,"Oct",2001
"432",432,2001-10-30,47.3970588235294,54,136,6265136,276899,0.0491153814206624,39.7058823529412,10,"Oct",2001
"433",433,2001-10-31,NA,NA,0,6265136,276899,0,NA,10,"Oct",2001
"434",434,2001-11-01,NA,NA,0,6265136,276899,0,NA,11,"Nov",2001
"435",435,2001-11-02,NA,NA,0,6265136,276899,0,NA,11,"Nov",2001
"436",436,2001-11-03,NA,NA,0,6265136,276899,0,NA,11,"Nov",2001
"437",437,2001-11-04,NA,NA,0,6265136,276899,0,NA,11,"Nov",2001
"438",438,2001-11-05,NA,NA,0,6265136,276899,0,NA,11,"Nov",2001
"439",439,2001-11-06,NA,NA,0,6265136,276899,0,NA,11,"Nov",2001
"440",440,2001-11-07,NA,NA,0,6265136,276899,0,NA,11,"Nov",2001
"441",441,2001-11-08,NA,NA,0,6265136,276899,0,NA,11,"Nov",2001
"442",442,2001-11-09,NA,NA,0,6265136,276899,0,NA,11,"Nov",2001
"443",443,2001-11-10,NA,NA,0,6265136,276899,0,NA,11,"Nov",2001
"444",444,2001-11-11,NA,NA,0,6265136,276899,0,NA,11,"Nov",2001
"445",445,2001-11-12,NA,NA,0,6265136,276899,0,NA,11,"Nov",2001
"446",446,2001-11-13,NA,NA,0,6265136,276899,0,NA,11,"Nov",2001
"447",447,2001-11-14,NA,NA,0,6265136,276899,0,NA,11,"Nov",2001
"448",448,2001-11-15,NA,NA,0,6265136,276899,0,NA,11,"Nov",2001
"449",449,2001-11-16,NA,NA,0,6265136,276899,0,NA,11,"Nov",2001
"450",450,2001-11-17,NA,NA,0,6265136,276899,0,NA,11,"Nov",2001
"451",451,2001-11-18,NA,NA,0,6265136,276899,0,NA,11,"Nov",2001
"452",452,2001-11-19,NA,NA,0,6265136,276899,0,NA,11,"Nov",2001
"453",453,2001-11-20,NA,NA,0,6265136,276899,0,NA,11,"Nov",2001
"454",454,2001-11-21,NA,NA,0,6265136,276899,0,NA,11,"Nov",2001
"455",455,2001-11-22,NA,NA,0,6265136,276899,0,NA,11,"Nov",2001
"456",456,2001-11-23,NA,NA,0,6265136,276899,0,NA,11,"Nov",2001
"457",457,2001-11-24,NA,NA,0,6265136,276899,0,NA,11,"Nov",2001
"458",458,2002-01-16,NA,NA,0,6265136,276899,0,NA,1,"Jan",2002
"459",459,2002-01-18,NA,NA,0,6265136,276899,0,NA,1,"Jan",2002
"460",460,2002-01-19,NA,NA,0,6265136,276899,0,NA,1,"Jan",2002
"461",461,2002-01-20,NA,NA,0,6265136,276899,0,NA,1,"Jan",2002
"462",462,2002-01-21,NA,NA,0,6265136,276899,0,NA,1,"Jan",2002
"463",463,2002-01-22,NA,NA,0,6265136,276899,0,NA,1,"Jan",2002
"464",464,2002-01-23,NA,NA,0,6265136,276899,0,NA,1,"Jan",2002
"465",465,2002-01-24,NA,NA,0,6265136,276899,0,NA,1,"Jan",2002
"466",466,2002-01-25,NA,NA,0,6265136,276899,0,NA,1,"Jan",2002
"467",467,2002-01-26,NA,NA,0,6265136,276899,0,NA,1,"Jan",2002
"468",468,2002-01-27,NA,NA,0,6265136,276899,0,NA,1,"Jan",2002
"469",469,2002-01-28,NA,NA,0,6265136,276899,0,NA,1,"Jan",2002
"470",470,2002-01-29,NA,NA,0,6265136,276899,0,NA,1,"Jan",2002
"471",471,2002-01-30,NA,NA,0,6265136,276899,0,NA,1,"Jan",2002
"472",472,2002-01-31,NA,NA,0,6265136,276899,0,NA,1,"Jan",2002
"473",473,2002-02-01,NA,NA,0,6265136,276899,0,NA,2,"Feb",2002
"474",474,2002-02-02,NA,NA,0,6265136,276899,0,NA,2,"Feb",2002
"475",475,2002-02-03,NA,NA,0,6265136,276899,0,NA,2,"Feb",2002
"476",476,2002-02-04,NA,NA,0,6265136,276899,0,NA,2,"Feb",2002
"477",477,2002-02-05,NA,NA,0,6265136,276899,0,NA,2,"Feb",2002
"478",478,2002-02-06,NA,NA,0,6265136,276899,0,NA,2,"Feb",2002
"479",479,2002-02-07,NA,NA,0,6265136,276899,0,NA,2,"Feb",2002
"480",480,2002-02-08,NA,NA,0,6265136,276899,0,NA,2,"Feb",2002
"481",481,2002-02-09,NA,NA,0,6265136,276899,0,NA,2,"Feb",2002
"482",482,2002-02-10,NA,NA,0,6265136,276899,0,NA,2,"Feb",2002
"483",483,2002-02-11,28.8333333333333,0,12,6265136,276899,0.00433371012535257,0,2,"Feb",2002
"484",484,2002-02-12,55.9395348837209,151,215,6265136,276899,0.0776456397459001,70.2325581395349,2,"Feb",2002
"485",485,2002-02-13,NA,NA,0,6265136,276899,0,NA,2,"Feb",2002
"486",486,2002-02-14,66.5971049457177,711,829,6265136,276899,0.299387141159773,85.7659831121833,2,"Feb",2002
"487",487,2002-02-15,60.3973128598848,406,521,6265136,276899,0.188155247942391,77.9270633397313,2,"Feb",2002
"488",488,2002-02-16,37.4647887323944,22,71,6265136,276899,0.0256411182416693,30.9859154929577,2,"Feb",2002
"489",489,2002-02-17,63.2591240875912,212,274,6265136,276899,0.0989530478622169,77.3722627737226,2,"Feb",2002
"490",490,2002-02-18,47.9894736842105,51,95,6265136,276899,0.0343085384923745,53.6842105263158,2,"Feb",2002
"491",491,2002-02-19,57.2421602787456,439,574,6265136,276899,0.207295800996031,76.4808362369338,2,"Feb",2002
"492",492,2002-02-20,NA,NA,0,6265136,276899,0,NA,2,"Feb",2002
"493",493,2002-02-21,50.5893223819302,248,487,6265136,276899,0.175876402587225,50.9240246406571,2,"Feb",2002
"494",494,2002-02-22,64.4754098360656,1225,1403,6265136,276899,0.506682942155804,87.3129009265859,2,"Feb",2002
"495",495,2002-02-23,48.4,87,160,6265136,276899,0.0577828016713675,54.375,2,"Feb",2002
"496",496,2002-02-24,48.1901709401709,215,468,6265136,276899,0.16901469488875,45.9401709401709,2,"Feb",2002
"497",497,2002-02-25,52.6895223420647,789,1298,6265136,276899,0.468762978558969,60.7858243451464,2,"Feb",2002
"498",498,2002-02-26,78.3700598802395,769,835,6265136,276899,0.301553996222449,92.0958083832335,2,"Feb",2002
"499",499,2002-02-27,55.8646616541353,196,266,6265136,276899,0.0960639077786485,73.6842105263158,2,"Feb",2002
"500",500,2002-02-28,63.1369863013699,1498,1752,6265136,276899,0.632721678301475,85.5022831050228,2,"Feb",2002
"501",501,2002-03-01,60.3216885007278,4967,6183,6265136,276899,2.23294414208791,80.3331715995471,3,"Mar",2002
"502",502,2002-03-02,64.6473164516643,22830,25116,6265136,276899,9.07045529236292,90.89823220258,3,"Mar",2002
"503",503,2002-03-03,64.001705115346,38920,39880,6265136,276899,14.4023633165884,97.592778335005,3,"Mar",2002
"504",504,2002-03-04,71.4791793290541,65696,67457,6265136,276899,24.361590327159,97.3894480928592,3,"Mar",2002
"505",505,2002-03-05,70.2526724775923,44956,48644,6265136,276899,17.5674162781375,92.418386645835,3,"Mar",2002
"506",506,2002-03-06,52.0215107553777,1088,1999,6265136,276899,0.721923878381648,54.4272136068034,3,"Mar",2002
"507",507,2002-03-07,68.8301640448965,90176,94974,6265136,276899,34.2991487871029,94.9480910564997,3,"Mar",2002
"508",508,2002-03-08,57.1407958331378,34882,42622,6265136,276899,15.3926160802314,81.8403641311998,3,"Mar",2002
"509",509,2002-03-09,55.5308029551419,50767,65919,6265136,276899,23.806153146093,77.0142144146604,3,"Mar",2002
"510",510,2002-03-10,66.0154269321868,138085,143969,6265136,276899,51.993326086407,95.9130090505595,3,"Mar",2002
"511",511,2002-03-11,68.3654120067525,148311,151648,6265136,276899,54.7665394241222,97.7995093901667,3,"Mar",2002
"512",512,2002-03-12,68.4923780125846,166147,168460,6265136,276899,60.8380673097411,98.6269737623175,3,"Mar",2002
"513",513,2002-03-13,68.0723371751357,159521,162337,6265136,276899,58.6267917182799,98.2653369225746,3,"Mar",2002
"514",514,2002-03-14,66.8187522858078,48598,51951,6265136,276899,18.7617145601826,93.5458412735077,3,"Mar",2002
"515",515,2002-03-15,63.8504135012131,51490,56469,6265136,276899,20.3933564223778,91.1827728488197,3,"Mar",2002
"516",516,2002-03-16,65.6533274090212,67681,69769,6265136,276899,25.1965518113103,97.0072668377073,3,"Mar",2002
"517",517,2002-03-17,68.0399837816419,106093,108519,6265136,276899,39.1908240910946,97.7644467789051,3,"Mar",2002
"518",518,2002-03-18,68.4813068246124,104978,106028,6265136,276899,38.2912180975735,99.0096955521183,3,"Mar",2002
"519",519,2002-03-19,68.9579138037462,97823,98821,6265136,276899,35.6884640247888,98.990093198814,3,"Mar",2002
"520",520,2002-03-28,NA,NA,0,6265136,276899,0,NA,3,"Mar",2002
"521",521,2002-03-29,70.6359390637162,78345,80937,6265136,276899,29.2297913679717,96.7975091738018,3,"Mar",2002
"522",522,2002-03-30,70.2878684437057,32678,33689,6265136,276899,12.1665300344169,96.9990204517795,3,"Mar",2002
"523",523,2002-03-31,73.7950117995465,20704,21611,6265136,276899,7.80465079324953,95.8030632548239,3,"Mar",2002
"524",524,2002-04-01,73.0037975687628,99211,100854,6265136,276899,36.4226667485256,98.3709124080354,4,"Apr",2002
"525",525,2002-04-02,72.6851889587285,127281,127594,6265136,276899,46.0796174778529,99.7546906594354,4,"Apr",2002
"526",526,2002-04-03,58.1044538706257,5030,5658,6265136,276899,2.04334432410373,88.9006716154118,4,"Apr",2002
"527",527,2002-04-04,72.5804271940556,88014,89093,6265136,276899,32.1752696831697,98.7889059746557,4,"Apr",2002
"528",528,2002-04-05,55.4770642201835,4205,5232,6265136,276899,1.88949761465372,80.3707951070336,4,"Apr",2002
"529",529,2002-04-06,70.1466891938806,86086,86414,6265136,276899,31.2077688976847,99.6204318744648,4,"Apr",2002
"530",530,2002-04-07,74.6273914534177,160310,160415,6265136,276899,57.9326758132026,99.9345447744912,4,"Apr",2002
"531",531,2002-04-08,65.3844017414803,26457,26644,6265136,276899,9.62228104832448,99.2981534304159,4,"Apr",2002
"532",532,2002-04-09,60.5888830372959,20347,20887,6265136,276899,7.54318361568659,97.4146598362618,4,"Apr",2002
"533",533,2002-04-10,68.0142010309278,38472,38800,6265136,276899,14.0123294053066,99.1546391752577,4,"Apr",2002
"534",534,2002-04-11,71.0293702058942,78897,79264,6265136,276899,28.6255999479955,99.5369903108599,4,"Apr",2002
"535",535,2002-04-12,73.7099712014178,121708,121881,6265136,276899,44.0164103156747,99.8580582699518,4,"Apr",2002
"536",536,2002-04-13,73.5079845076717,201341,201390,6265136,276899,72.7304901787294,99.9756690997567,4,"Apr",2002
"537",537,2002-04-14,74.1484027366266,92683,92815,6265136,276899,33.5194421070499,99.8577816085762,4,"Apr",2002
"538",538,2002-04-16,72.2972100796062,119740,121473,6265136,276899,43.8690641714127,98.5733455171108,4,"Apr",2002
"539",539,2002-04-17,67.7429448972145,31898,32884,6265136,276899,11.8758103135078,97.0015813161416,4,"Apr",2002
"540",540,2002-04-18,74.5393822296941,39077,39853,6265136,276899,14.3926124688063,98.052844202444,4,"Apr",2002
"541",541,2002-04-19,72.9129680138854,3857,4033,6265136,276899,1.45648774462891,95.6360029754525,4,"Apr",2002
"542",542,2002-04-20,68.7941275167785,5792,5960,6265136,276899,2.15240936225844,97.1812080536913,4,"Apr",2002
"543",543,2002-04-21,71.9688156146891,93054,93348,6265136,276899,33.7119310651176,99.6850494922227,4,"Apr",2002
"544",544,2002-04-22,69.2164806269495,77543,77582,6265136,276899,28.0181582454252,99.9497306076152,4,"Apr",2002
"545",545,2002-04-23,73.5743806928247,179894,180161,6265136,276899,65.0637958244703,99.8517992240274,4,"Apr",2002
"546",546,2002-04-24,74.3584777227723,161527,161600,6265136,276899,58.3606296880812,99.9548267326733,4,"Apr",2002
"547",547,2002-04-25,73.0891953630367,140482,140523,6265136,276899,50.7488289954099,99.970823281598,4,"Apr",2002
"548",548,2002-04-26,68.9563821047128,13275,13389,6265136,276899,4.83533707236212,99.1485547837777,4,"Apr",2002
"549",549,2002-04-27,67.971247074557,2988,2991,6265136,276899,1.08017724874413,99.8996990972919,4,"Apr",2002
"550",550,2002-04-28,73.6805508007151,52448,52578,6265136,276899,18.9881509142323,99.7527482977671,4,"Apr",2002
"551",551,2002-04-29,75.1869095902254,78410,78653,6265136,276899,28.4049418741129,99.6910480210545,4,"Apr",2002
"552",552,2002-04-30,74.4969593218701,144526,144869,6265136,276899,52.3183543458084,99.7632343703622,4,"Apr",2002
"553",553,2002-05-01,71.5878450944469,31542,31658,6265136,276899,11.433049595701,99.633583928233,5,"May",2002
"554",554,2002-05-02,71.4727174378507,44107,44369,6265136,276899,16.0235320459807,99.4094976222137,5,"May",2002
"555",555,2002-05-03,73.3606645327902,109920,109972,6265136,276899,39.7155641587727,99.9527152366057,5,"May",2002
"556",556,2002-05-04,74.7754901261852,140179,140270,6265136,276899,50.657459940267,99.935125115848,5,"May",2002
"557",557,2002-05-05,75.6385931798163,158818,158940,6265136,276899,57.3999906102947,99.9232414747704,5,"May",2002
"558",558,2002-05-06,75.8623873772917,66748,66927,6265136,276899,24.1701847966226,99.7325444140631,5,"May",2002
"559",559,2002-05-07,73.4451529582694,123794,123890,6265136,276899,44.7419456191608,99.9225119057228,5,"May",2002
"560",560,2002-05-08,74.7139728405146,195739,195880,6265136,276899,70.7405949461717,99.9280171533592,5,"May",2002
"561",561,2002-05-09,78.0517993208736,109647,109847,6265136,276899,39.6704213449669,99.8179285733793,5,"May",2002
"562",562,2002-05-10,76.7571731050351,152356,152549,6265136,276899,55.091928826034,99.8734832742266,5,"May",2002
"563",563,2002-05-11,78.5385014939095,217166,217550,6265136,276899,78.5665531475375,99.8234888531372,5,"May",2002
"564",564,2002-05-12,80.5199496085665,221947,222260,6265136,276899,80.2675343717384,99.8591739404301,5,"May",2002
"565",565,2002-05-13,80.3255382440432,169588,169765,6265136,276899,61.3093582858732,99.8957382263717,5,"May",2002
"566",566,2002-05-14,79.0707515321492,153829,154032,6265136,276899,55.6275031690255,99.8682092032824,5,"May",2002
"567",567,2002-05-15,79.1033202503448,141206,141405,6265136,276899,51.0673566896233,99.8592694742053,5,"May",2002
"568",568,2002-05-16,79.8533410334577,105344,105626,6265136,276899,38.1460388083742,99.733020279098,5,"May",2002
"569",569,2002-05-17,75.6396519365296,17400,17583,6265136,276899,6.34996876117285,98.9592219757721,5,"May",2002
"570",570,2002-05-18,71.6663909701275,20374,20554,6265136,276899,7.42292315970805,99.1242580519607,5,"May",2002
"571",571,2002-05-19,72.3927769643729,20432,20490,6265136,276899,7.39981003903951,99.7169350902879,5,"May",2002
"572",572,2002-05-20,73.4534733419506,74816,75043,6265136,276899,27.1012174114027,99.6975067627893,5,"May",2002
"573",573,2002-05-21,72.4733397939916,99788,100093,6265136,276899,36.1478372980762,99.6952833864506,5,"May",2002
"574",574,2002-05-22,74.3001627656404,217685,218105,6265136,276899,78.7669872408351,99.8074322000871,5,"May",2002
"575",575,2002-05-23,79.3759376545099,211674,212365,6265136,276899,76.6940292308748,99.6746168153886,5,"May",2002
"576",576,2002-05-24,80.4199300790524,229224,229974,6265136,276899,83.0533876973192,99.673876177307,5,"May",2002
"577",577,2002-05-25,83.029496048537,266762,268002,6265136,276899,96.7869150845615,99.5373168856949,5,"May",2002
"578",578,2002-05-26,84.7939144249261,261840,263114,6265136,276899,95.0216504935012,99.5157992353125,5,"May",2002
"579",579,2002-05-27,84.1448723354081,138402,139937,6265136,276899,50.5371994842885,98.9030778135875,5,"May",2002
"580",580,2002-05-28,72.3498349834984,3418,3939,6265136,276899,1.42254034864698,86.7732927138868,5,"May",2002
"581",581,2002-05-29,81.8467044561215,23227,24169,6265136,276899,8.72845333497051,96.1024452811453,5,"May",2002
"582",582,2002-05-30,81.7237046632124,7166,7720,6265136,276899,2.78802018064348,92.8238341968912,5,"May",2002
"583",583,2002-05-31,87.2274565020618,96889,99430,6265136,276899,35.9083998136505,97.4444332696369,5,"May",2002
"584",584,2002-06-01,87.7334113012434,79782,81230,6265136,276899,29.3356061235324,98.2174073618121,6,"Jun",2002
"585",585,2002-06-02,85.8301779755284,86767,89900,6265136,276899,32.4667116890996,96.5150166852058,6,"Jun",2002
"586",586,2002-06-03,81.4464385629678,88555,94723,6265136,276899,34.2085020169809,93.4883819135796,6,"Jun",2002
"587",587,2002-06-04,73.8436018957346,6260,7174,6265136,276899,2.59083636993994,87.2595483691107,6,"Jun",2002
"588",588,2002-06-05,81.4300784167289,70641,74984,6265136,276899,27.0799100032864,94.2080977275152,6,"Jun",2002
"589",589,2002-06-06,77.6034866598885,105557,114092,6265136,276899,41.2034713018104,92.5191950355853,6,"Jun",2002
"590",590,2002-06-07,82.6601140430487,53018,58399,6265136,276899,21.0903614675387,90.7858011267316,6,"Jun",2002
"591",591,2002-06-08,74.0907971683595,11328,12996,6265136,276899,4.69340806575683,87.1652816251154,6,"Jun",2002
"592",592,2002-06-09,77.7796832011112,34007,37437,6265136,276899,13.5200921635687,90.8379410743382,6,"Jun",2002
"593",593,2002-06-10,76.2213034947704,120603,135574,6265136,276899,48.9615347112124,88.9573222004219,6,"Jun",2002
"594",594,2002-06-11,76.0072837882276,103923,121640,6265136,276899,43.9293749706572,85.4348898388688,6,"Jun",2002
"595",595,2002-06-12,72.2276429020302,127813,155946,6265136,276899,56.3187299340193,81.959780949816,6,"Jun",2002
"596",596,2002-06-13,69.5309194751178,103091,128867,6265136,276899,46.5393518936508,79.9979824159793,6,"Jun",2002
"597",597,2002-06-14,77.7773497979684,23158,26481,6265136,276899,9.56341481912177,87.4513802348854,6,"Jun",2002
"598",598,2002-06-15,62.0683767692838,44585,60971,6265136,276899,22.0192200044059,73.1249282445753,6,"Jun",2002
"599",599,2002-06-16,57.6999307921635,27915,37568,6265136,276899,13.5674018324371,74.3052597955707,6,"Jun",2002
"600",600,2002-06-17,62.1149444702504,20919,23681,6265136,276899,8.55221578987284,88.336641189139,6,"Jun",2002
"601",601,2002-06-18,66.1869591294662,29980,35013,6265136,276899,12.6446827182474,85.6253391597407,6,"Jun",2002
"602",602,2002-06-19,70.0264279624894,8266,9384,6265136,276899,3.38896131802571,88.0861040068201,6,"Jun",2002
"603",603,2002-06-20,68.9249863113707,34255,38353,6265136,276899,13.8508987031372,89.3150470628112,6,"Jun",2002
"604",604,2002-06-21,63.5095162457588,83648,106397,6265136,276899,38.4244796839281,78.6187580476893,6,"Jun",2002
"605",605,2002-06-22,68.3944954568109,176101,208664,6265136,276899,75.357440799714,84.3945290035655,6,"Jun",2002
"606",606,2002-06-23,73.9908035291115,94725,109716,6265136,276899,39.6231116760985,86.3365416165372,6,"Jun",2002
"607",607,2002-06-24,69.2310542270125,61191,77194,6265136,276899,27.8780349513722,79.2691141798585,6,"Jun",2002
"608",608,2002-06-25,64.7776800168931,21471,28414,6265136,276899,10.261503291814,75.5648623917787,6,"Jun",2002
"609",609,2002-06-26,23.8416838252116,1148,4371,6265136,276899,1.57855391315967,26.2640128117136,6,"Jun",2002
"610",610,2002-06-27,64.3662960155658,100851,127973,6265136,276899,46.216490489312,78.8064669891305,6,"Jun",2002
"611",611,2002-06-28,66.2880708187704,133362,174530,6265136,276899,63.0302023481486,76.4120781527531,6,"Jun",2002
"612",612,2002-06-29,63.5784707034657,52104,74531,6265136,276899,26.9163124460543,69.9091653137621,6,"Jun",2002
"613",613,2002-06-30,65.5041288142802,123789,169298,6265136,276899,61.1407047334949,73.1189972710841,6,"Jun",2002
"614",614,2002-07-01,71.6717069295339,150625,191326,6265136,276899,69.0959519536004,78.7268850025611,7,"Jul",2002
"615",615,2002-07-02,71.9532999623853,27871,34561,6265136,276899,12.4814463035258,80.6429212117705,7,"Jul",2002
"616",616,2002-07-03,56.2283019983446,21033,33828,6265136,276899,12.2167288433689,62.1763036537779,7,"Jul",2002
"617",617,2002-07-04,59.8463097803926,56319,85835,6265136,276899,30.9986673841365,65.6130948913613,7,"Jul",2002
"618",618,2002-07-05,67.6479364894052,62875,85655,6265136,276899,30.9336617322562,73.4049384157375,7,"Jul",2002
"619",619,2002-07-06,62.7695722567504,39954,57441,6265136,276899,20.7443869425314,69.5565884995038,7,"Jul",2002
"620",620,2002-07-07,60.370216675114,21315,31568,6265136,276899,11.4005467697608,67.5209072478459,7,"Jul",2002
"621",621,2002-07-08,53.9707232499951,31659,50757,6265136,276899,18.33051040271,62.3736627460252,7,"Jul",2002
"622",622,2002-07-09,41.7481292543139,31611,65081,6265136,276899,23.5035157223392,48.5717797821177,7,"Jul",2002
"623",623,2002-07-10,62.6273449215044,91181,130708,6265136,276899,47.2042152553819,69.7593108302476,7,"Jul",2002
"624",624,2002-07-11,58.4240565626,109831,171845,6265136,276899,62.060534707601,63.9128284209608,7,"Jul",2002
"625",625,2002-07-12,59.2403987336938,151665,235646,6265136,276899,85.1017880165692,64.3613725673256,7,"Jul",2002
"626",626,2002-07-13,57.209187258338,147290,237677,6265136,276899,85.8352684552851,61.9706576572407,7,"Jul",2002
"627",627,2002-07-14,57.3088917689282,137282,220676,6265136,276899,79.6954846351919,62.2097554786202,7,"Jul",2002
"628",628,2002-07-15,62.8681558326352,56307,81164,6265136,276899,29.311770717843,69.3743531615002,7,"Jul",2002
"629",629,2002-07-16,44.7666583400987,31994,64052,6265136,276899,23.1319000790902,49.950040592019,7,"Jul",2002
"630",630,2002-07-17,63.4569774080418,18144,24522,6265136,276899,8.85593664115797,73.9907022265721,7,"Jul",2002
"631",631,2002-07-18,61.3982784154017,7640,10804,6265136,276899,3.90178368285909,70.714550166605,7,"Jul",2002
"632",632,2002-07-19,47.5921815889029,2049,3965,6265136,276899,1.43193005391858,51.6771752837327,7,"Jul",2002
"633",633,2002-07-20,42.6235373234701,3439,7435,6265136,276899,2.68509456516636,46.2542030934768,7,"Jul",2002
"634",634,2002-07-21,47.9271778821075,6358,9585,6265136,276899,3.46155096262536,66.3328116849244,7,"Jul",2002
"635",635,2002-07-22,50.3499154188334,19226,31922,6265136,276899,11.5283912184587,60.2280558862227,7,"Jul",2002
"636",636,2002-07-23,63.9820584027602,44801,59415,6265136,276899,21.4572822581519,75.4035176302281,7,"Jul",2002
"637",637,2002-07-24,62.611978080458,51104,69527,6265136,276899,25.1091553237823,73.5023803702159,7,"Jul",2002
"638",638,2002-07-25,54.3981787036804,47806,79394,6265136,276899,28.6725484743535,60.2136181575434,7,"Jul",2002
"639",639,2002-07-26,61.2426524452779,23501,34127,6265136,276899,12.3247104539923,68.8633633193659,7,"Jul",2002
"640",640,2002-07-27,51.0846277450455,64369,115754,6265136,276899,41.8036901541717,55.6084454964839,7,"Jul",2002
"641",641,2002-07-28,59.8504189435337,24589,27450,6265136,276899,9.91336191174399,89.5774134790528,7,"Jul",2002
"642",642,2002-07-29,55.4678245873368,28346,40590,6265136,276899,14.6587744990051,69.8349347129835,7,"Jul",2002
"643",643,2002-07-30,44.0075974824029,13485,26851,6265136,276899,9.69703754798681,50.221593236751,7,"Jul",2002
"644",644,2002-07-31,33.2387810974884,2839,8401,6265136,276899,3.03395823025724,33.7935960004761,7,"Jul",2002
"645",645,2002-08-01,40.2309611344538,3495,7616,6265136,276899,2.75046135955709,45.890231092437,8,"Aug",2002
"646",646,2002-08-02,44.3932751700435,22050,41607,6265136,276899,15.0260564321287,52.9958901146442,8,"Aug",2002
"647",647,2002-08-03,51.8159412330084,17127,29132,6265136,276899,10.5208036143142,58.7910201839901,8,"Aug",2002
"648",648,2002-08-04,61.0633299284985,11416,16643,6265136,276899,6.01049480135356,68.5934026317371,8,"Aug",2002
"649",649,2002-08-05,37.2792318821518,2757,7603,6265136,276899,2.7457665069213,36.2620018413784,8,"Aug",2002
"650",650,2002-08-06,49.9291618420902,48249,87227,6265136,276899,31.5013777586774,55.3142948857579,8,"Aug",2002
"651",651,2002-08-07,63.9833238428374,51913,73758,6265136,276899,26.6371492854795,70.3828737221725,8,"Aug",2002
"652",652,2002-08-08,42.9142743076979,26208,55106,6265136,276899,19.9011191806399,47.5592494465212,8,"Aug",2002
"653",653,2002-08-09,45.5476549729662,16260,31812,6265136,276899,11.4886655423097,51.1127876273105,8,"Aug",2002
"654",654,2002-08-10,41.0195270693241,21933,49521,6265136,276899,17.8841382597987,44.2903010843884,8,"Aug",2002
"655",655,2002-08-11,56.9798543092629,49590,77287,6265136,276899,27.9116212048436,64.1634427523387,8,"Aug",2002
"656",656,2002-08-12,53.3241079476168,123601,207471,6265136,276899,74.9265977847518,59.5750731427525,8,"Aug",2002
"657",657,2002-08-13,53.4391100216055,141175,240680,6265136,276899,86.9197794141546,58.6567226192455,8,"Aug",2002
"658",658,2002-08-14,57.4340779220779,96769,154000,6265136,276899,55.6159466086913,62.837012987013,8,"Aug",2002
"659",659,2002-08-15,70.4492295535362,30599,40496,6265136,276899,14.6248271030231,75.5605491900435,8,"Aug",2002
"660",660,2002-08-16,43.7191813338491,26948,56873,6265136,276899,20.539257996598,47.3827651082236,8,"Aug",2002
"661",661,2002-08-17,51.7971475589687,4476,9115,6265136,276899,3.29181398271572,49.1058694459682,8,"Aug",2002
"662",662,2002-08-18,43.1181176965996,20048,47495,6265136,276899,17.152463533635,42.210759027266,8,"Aug",2002
"663",663,2002-08-19,42.2490331157844,46188,99288,6265136,276899,35.8571175771671,46.5192168237854,8,"Aug",2002
"664",664,2002-08-20,32.4584341183959,1981,7855,6265136,276899,2.8367744195537,25.2196053469128,8,"Aug",2002
"665",665,2002-08-21,52.2132180678625,67218,115675,6265136,276899,41.7751598958465,58.1093581154095,8,"Aug",2002
"666",666,2002-08-22,35.6133405639913,1762,5532,6265136,276899,1.99784036778753,31.8510484454085,8,"Aug",2002
"667",667,2002-08-23,46.4145569620253,10407,21172,6265136,276899,7.64610923116371,49.1545437370111,8,"Aug",2002
"668",668,2002-08-24,54.1691640957837,15646,27228,6265136,276899,9.83318827442497,57.4629058322315,8,"Aug",2002
"669",669,2002-08-25,54.6608888069334,3888,5423,6265136,276899,1.95847583414891,71.6946339664392,8,"Aug",2002
"670",670,2002-08-26,37.0815004767071,9227,30417,6265136,276899,10.9848717402374,30.3350100272874,8,"Aug",2002
"671",671,2002-08-27,45.8098667921671,24862,48871,6265136,276899,17.6493956280088,50.8727056945837,8,"Aug",2002
"672",672,2002-08-28,31.8838301030358,20999,57941,6265136,276899,20.9249581977544,36.2420393158558,8,"Aug",2002
"673",673,2002-08-29,51.1244099367562,68445,109734,6265136,276899,39.6296122412865,62.3735578763191,8,"Aug",2002
"674",674,2002-08-30,56.3805829843172,90321,130844,6265136,276899,47.2533306368026,69.0295313503103,8,"Aug",2002
"675",675,2002-08-31,53.3425870959481,109988,171822,6265136,276899,62.0522284298607,64.0127573884601,8,"Aug",2002
"676",676,2002-09-01,53.7038471743168,13069,18845,6265136,276899,6.80573060935576,69.349960201645,9,"Sep",2002
"677",677,2002-09-02,53.0988575425507,78834,115803,6265136,276899,41.8213861371836,68.0759565814357,9,"Sep",2002
"678",678,2002-09-03,44.8864202537512,19158,34522,6265136,276899,12.4673617456184,55.4950466369272,9,"Sep",2002
"679",679,2002-09-04,58.7376753846806,73976,94364,6265136,276899,34.0788518557308,78.3943029121275,9,"Sep",2002
"680",680,2002-09-05,56.3662985941146,27418,35138,6265136,276899,12.6898255320532,78.0294837497866,9,"Sep",2002
"681",681,2002-09-06,62.3570804260551,57027,67503,6265136,276899,24.3782028826395,84.4806897471224,9,"Sep",2002
"682",682,2002-09-07,64.0004029110322,71703,79422,6265136,276899,28.682660464646,90.2810304449649,9,"Sep",2002
"683",683,2002-09-08,66.5627103379627,77859,84388,6265136,276899,30.476094171521,92.2631179788596,9,"Sep",2002
"684",684,2002-09-09,69.9156666292821,148892,160494,6265136,276899,57.9612060715279,92.7710693234638,9,"Sep",2002
"685",685,2002-09-10,60.6483455542547,37115,48687,6265136,276899,17.5829454060867,76.2318483373385,9,"Sep",2002
"686",686,2002-09-11,66.6858149813549,132174,156341,6265136,276899,56.4613812256455,84.5421226677583,9,"Sep",2002
"687",687,2002-09-12,60.6668509035125,70995,88654,6265136,276899,32.0167281210839,80.0809890134681,9,"Sep",2002
"688",688,2002-09-13,61.5976467853407,89422,111847,6265136,276899,40.392706365859,79.9502892344006,9,"Sep",2002
"689",689,2002-09-14,58.5336517710701,27365,34753,6265136,276899,12.5507856655315,78.7414036198314,9,"Sep",2002
"690",690,2002-09-15,62.7703099300158,25459,31007,6265136,276899,11.1979458214006,82.107266101203,9,"Sep",2002
"691",691,2002-09-16,61.3082248887762,121067,149923,6265136,276899,54.1435685936027,80.7527864303676,9,"Sep",2002
"692",692,2002-09-17,64.2056659835427,131154,160537,6265136,276899,57.9767351994771,81.6970542616344,9,"Sep",2002
"693",693,2002-09-18,54.664800542264,26815,39833,6265136,276899,14.3853896185974,67.3185549669872,9,"Sep",2002
"694",694,2002-09-19,63.3031509201561,138552,164809,6265136,276899,59.5195360041026,84.0682244294911,9,"Sep",2002
"695",695,2002-09-20,69.6058510005158,134309,151222,6265136,276899,54.6126927146721,88.8157807726389,9,"Sep",2002
"696",696,2002-09-21,64.7052639171911,48098,55453,6265136,276899,20.0264356317646,86.736515607812,9,"Sep",2002
"697",697,2002-09-22,52.9094006963479,9118,13499,6265136,276899,4.87506274851119,67.5457441291947,9,"Sep",2002
"698",698,2002-09-23,59.2079915775041,31489,40843,6265136,276899,14.7501435541479,77.097666674828,9,"Sep",2002
"699",699,2002-09-24,55.8335499215379,57107,81568,6265136,276899,29.4576722920632,70.0115241271087,9,"Sep",2002
"700",700,2002-09-25,63.743988042306,88968,105706,6265136,276899,38.1749302092099,84.165515675553,9,"Sep",2002
"701",701,2002-09-26,66.4953429846409,131284,154176,6265136,276899,55.6795076905298,85.1520340390203,9,"Sep",2002
"702",702,2002-09-27,65.0755014690413,91765,110276,6265136,276899,39.8253514819483,83.2139359425442,9,"Sep",2002
"703",703,2002-09-28,60.3407774149373,59761,75944,6265136,276899,27.4266068133146,78.6908774886759,9,"Sep",2002
"704",704,2002-09-29,64.6344157831761,123640,143748,6265136,276899,51.9135135915984,86.0116314661769,9,"Sep",2002
"705",705,2002-09-30,66.0343103356562,82229,93995,6265136,276899,33.9455902693762,87.4823128889835,9,"Sep",2002
"706",706,2002-10-01,64.4013511412133,47079,57877,6265136,276899,20.9018450770859,81.3431933237728,10,"Oct",2002
"707",707,2002-10-02,63.7642199497798,120191,137395,6265136,276899,49.6191752227346,87.4784380799884,10,"Oct",2002
"708",708,2002-10-03,55.7724975546136,8575,12268,6265136,276899,4.43049631815211,69.897293772416,10,"Oct",2002
"709",709,2002-10-04,56.1571484071484,3784,5148,6265136,276899,1.85916164377625,73.5042735042735,10,"Oct",2002
"710",710,2002-10-05,67.4987387297385,72843,80078,6265136,276899,28.9195699514986,90.9650590674093,10,"Oct",2002
"711",711,2002-10-06,71.6007441234855,82612,92189,6265136,276899,33.2933668955106,89.611558862771,10,"Oct",2002
"712",712,2002-10-07,63.0053159318797,25360,31415,6265136,276899,11.3452919656626,80.7257679452491,10,"Oct",2002
"713",713,2002-10-08,54.8601666731875,17621,25559,6265136,276899,9.23044142449052,68.9424468875934,10,"Oct",2002
"714",714,2002-10-09,58.6713395638629,16877,24396,6265136,276899,8.81043268484177,69.1793736678144,10,"Oct",2002
"715",715,2002-10-10,60.002397675665,24954,35451,6265136,276899,12.8028631378228,70.3901159346704,10,"Oct",2002
"716",716,2002-10-11,59.9152290495574,11877,15477,6265136,276899,5.58940263417347,76.7396782322156,10,"Oct",2002
"717",717,2002-10-12,60.8848223896663,9636,13006,6265136,276899,4.69701949086129,74.0888820544364,10,"Oct",2002
"718",718,2002-10-13,33.352,340,1125,6265136,276899,0.406285324251803,30.2222222222222,10,"Oct",2002
"719",719,2002-10-14,48.2622377622378,147,286,6265136,276899,0.103286757987569,51.3986013986014,10,"Oct",2002
"720",720,2002-10-15,35.1796536796537,47,462,6265136,276899,0.166847839826074,10.1731601731602,10,"Oct",2002
"721",721,2002-10-16,40.8063909774436,212,532,6265136,276899,0.192127815557297,39.8496240601504,10,"Oct",2002
"722",722,2002-10-17,45.2685851318945,401,834,6265136,276899,0.301192853712003,48.0815347721823,10,"Oct",2002
"723",723,2002-10-18,61.7825793382849,1139,1481,6265136,276899,0.534852057970596,76.9074949358541,10,"Oct",2002
"724",724,2002-10-19,52.3877005347594,229,374,6265136,276899,0.135067298906822,61.2299465240642,10,"Oct",2002
"725",725,2002-10-20,59.536443148688,264,343,6265136,276899,0.123871881082994,76.9679300291545,10,"Oct",2002
"726",726,2002-10-21,56.0020161290323,369,496,6265136,276899,0.179126685181239,74.3951612903226,10,"Oct",2002
"727",727,2002-10-22,52.1145374449339,140,227,6265136,276899,0.0819793498712527,61.6740088105727,10,"Oct",2002
"728",728,2002-10-23,59.8979591836735,303,392,6265136,276899,0.14156786409485,77.2959183673469,10,"Oct",2002
"729",729,2002-10-24,59.2223340040241,765,994,6265136,276899,0.358975655383371,76.9617706237425,10,"Oct",2002
"730",730,2002-10-25,46.615,95,200,6265136,276899,0.0722285020892094,47.5,10,"Oct",2002
"731",731,2002-10-26,47.5623471882641,163,409,6265136,276899,0.147707286772433,39.8533007334963,10,"Oct",2002
"732",732,2002-10-27,48.7916666666667,124,192,6265136,276899,0.069339362005641,64.5833333333333,10,"Oct",2002
"733",733,2002-10-28,51.8779840848806,260,377,6265136,276899,0.13615072643816,68.9655172413793,10,"Oct",2002
"734",734,2002-10-29,81.8432108027007,1266,1333,6265136,276899,0.481402966424581,94.973743435859,10,"Oct",2002
"735",735,2002-10-30,70.2573913043478,546,575,6265136,276899,0.207656943506477,94.9565217391304,10,"Oct",2002
"736",736,2002-10-31,NA,NA,0,6265136,276899,0,NA,10,"Oct",2002
"737",737,2002-11-01,NA,NA,0,6265136,276899,0,NA,11,"Nov",2002
"738",738,2002-11-02,NA,NA,0,6265136,276899,0,NA,11,"Nov",2002
"739",739,2002-11-03,NA,NA,0,6265136,276899,0,NA,11,"Nov",2002
"740",740,2002-11-04,NA,NA,0,6265136,276899,0,NA,11,"Nov",2002
"741",741,2002-11-05,NA,NA,0,6265136,276899,0,NA,11,"Nov",2002
"742",742,2002-11-06,NA,NA,0,6265136,276899,0,NA,11,"Nov",2002
"743",743,2002-11-07,NA,NA,0,6265136,276899,0,NA,11,"Nov",2002
"744",744,2002-11-08,NA,NA,0,6265136,276899,0,NA,11,"Nov",2002
"745",745,2002-11-09,NA,NA,0,6265136,276899,0,NA,11,"Nov",2002
"746",746,2002-11-10,NA,NA,0,6265136,276899,0,NA,11,"Nov",2002
"747",747,2002-11-11,NA,NA,0,6265136,276899,0,NA,11,"Nov",2002
"748",748,2002-11-12,NA,NA,0,6265136,276899,0,NA,11,"Nov",2002
"749",749,2002-11-13,NA,NA,0,6265136,276899,0,NA,11,"Nov",2002
"750",750,2002-11-14,NA,NA,0,6265136,276899,0,NA,11,"Nov",2002
"751",751,2002-11-15,NA,NA,0,6265136,276899,0,NA,11,"Nov",2002
"752",752,2002-11-16,NA,NA,0,6265136,276899,0,NA,11,"Nov",2002
"753",753,2002-11-17,NA,NA,0,6265136,276899,0,NA,11,"Nov",2002
"754",754,2002-11-18,NA,NA,0,6265136,276899,0,NA,11,"Nov",2002
"755",755,2002-11-19,NA,NA,0,6265136,276899,0,NA,11,"Nov",2002
"756",756,2002-11-20,NA,NA,0,6265136,276899,0,NA,11,"Nov",2002
"757",757,2002-11-21,NA,NA,0,6265136,276899,0,NA,11,"Nov",2002
"758",758,2002-11-22,NA,NA,0,6265136,276899,0,NA,11,"Nov",2002
"759",759,2002-11-23,NA,NA,0,6265136,276899,0,NA,11,"Nov",2002
"760",760,2002-11-25,NA,NA,0,6265136,276899,0,NA,11,"Nov",2002
"761",761,2002-12-05,NA,NA,0,6265136,276899,0,NA,12,"Dec",2002
"762",762,2002-12-06,NA,NA,0,6265136,276899,0,NA,12,"Dec",2002
"763",763,2002-12-11,NA,NA,0,6265136,276899,0,NA,12,"Dec",2002
"764",764,2003-01-15,NA,NA,0,6265136,276899,0,NA,1,"Jan",2003
"765",765,2003-01-16,NA,NA,0,6265136,276899,0,NA,1,"Jan",2003
"766",766,2003-01-17,NA,NA,0,6265136,276899,0,NA,1,"Jan",2003
"767",767,2003-01-19,NA,NA,0,6265136,276899,0,NA,1,"Jan",2003
"768",768,2003-01-20,NA,NA,0,6265136,276899,0,NA,1,"Jan",2003
"769",769,2003-01-21,NA,NA,0,6265136,276899,0,NA,1,"Jan",2003
"770",770,2003-01-22,NA,NA,0,6265136,276899,0,NA,1,"Jan",2003
"771",771,2003-01-23,NA,NA,0,6265136,276899,0,NA,1,"Jan",2003
"772",772,2003-01-24,NA,NA,0,6265136,276899,0,NA,1,"Jan",2003
"773",773,2003-01-25,NA,NA,0,6265136,276899,0,NA,1,"Jan",2003
"774",774,2003-01-26,NA,NA,0,6265136,276899,0,NA,1,"Jan",2003
"775",775,2003-01-27,NA,NA,0,6265136,276899,0,NA,1,"Jan",2003
"776",776,2003-01-28,NA,NA,0,6265136,276899,0,NA,1,"Jan",2003
"777",777,2003-01-29,NA,NA,0,6265136,276899,0,NA,1,"Jan",2003
"778",778,2003-01-30,NA,NA,0,6265136,276899,0,NA,1,"Jan",2003
"779",779,2003-01-31,NA,NA,0,6265136,276899,0,NA,1,"Jan",2003
"780",780,2003-02-02,NA,NA,0,6265136,276899,0,NA,2,"Feb",2003
"781",781,2003-02-03,NA,NA,0,6265136,276899,0,NA,2,"Feb",2003
"782",782,2003-02-04,NA,NA,0,6265136,276899,0,NA,2,"Feb",2003
"783",783,2003-02-05,NA,NA,0,6265136,276899,0,NA,2,"Feb",2003
"784",784,2003-02-06,NA,NA,0,6265136,276899,0,NA,2,"Feb",2003
"785",785,2003-02-07,NA,NA,0,6265136,276899,0,NA,2,"Feb",2003
"786",786,2003-02-08,NA,NA,0,6265136,276899,0,NA,2,"Feb",2003
"787",787,2003-02-09,NA,NA,0,6265136,276899,0,NA,2,"Feb",2003
"788",788,2003-02-10,NA,NA,0,6265136,276899,0,NA,2,"Feb",2003
"789",789,2003-02-11,NA,NA,0,6265136,276899,0,NA,2,"Feb",2003
"790",790,2003-02-12,NA,NA,0,6265136,276899,0,NA,2,"Feb",2003
"791",791,2003-02-13,NA,NA,0,6265136,276899,0,NA,2,"Feb",2003
"792",792,2003-02-14,54.5468227424749,455,598,6265136,276899,0.215963221246736,76.0869565217391,2,"Feb",2003
"793",793,2003-02-15,67.4160839160839,478,572,6265136,276899,0.206573515975139,83.5664335664336,2,"Feb",2003
"794",794,2003-02-16,NA,NA,0,6265136,276899,0,NA,2,"Feb",2003
"795",795,2003-02-17,NA,NA,0,6265136,276899,0,NA,2,"Feb",2003
"796",796,2003-02-18,NA,NA,0,6265136,276899,0,NA,2,"Feb",2003
"797",797,2003-02-19,59.4203980099502,278,402,6265136,276899,0.145179289199311,69.1542288557214,2,"Feb",2003
"798",798,2003-02-20,44.6712328767123,16,73,6265136,276899,0.0263634032625614,21.9178082191781,2,"Feb",2003
"799",799,2003-02-21,NA,NA,0,6265136,276899,0,NA,2,"Feb",2003
"800",800,2003-02-22,55.2666151468315,825,1294,6265136,276899,0.467318408517185,63.7557959814529,2,"Feb",2003
"801",801,2003-02-23,53.896,75,125,6265136,276899,0.0451428138057559,60,2,"Feb",2003
"802",802,2003-02-24,45.4991789819376,189,609,6265136,276899,0.219935788861643,31.0344827586207,2,"Feb",2003
"803",803,2003-02-25,NA,NA,0,6265136,276899,0,NA,2,"Feb",2003
"804",804,2003-02-26,57.4600938967136,298,426,6265136,276899,0.153846709450016,69.9530516431925,2,"Feb",2003
"805",805,2003-02-27,64.8,509,620,6265136,276899,0.223908356476549,82.0967741935484,2,"Feb",2003
"806",806,2003-02-28,62.9372909698997,1009,1196,6265136,276899,0.431926442493472,84.3645484949833,2,"Feb",2003
"807",807,2003-03-01,59.2900114810563,8200,8710,6265136,276899,3.14555126598507,94.1446613088404,3,"Mar",2003
"808",808,2003-03-02,36.1366742596811,0,439,6265136,276899,0.158541562085815,0,3,"Mar",2003
"809",809,2003-03-03,51.8794516465504,4459,6711,6265136,276899,2.42362738760342,66.443153032335,3,"Mar",2003
"810",810,2003-03-04,54.0622418879056,10178,13560,6265136,276899,4.8970924416484,75.0589970501475,3,"Mar",2003
"811",811,2003-03-05,57.7092642240095,11631,13428,6265136,276899,4.84942163026952,86.6175156389634,3,"Mar",2003
"812",812,2003-03-06,57.3800071658904,26256,27910,6265136,276899,10.0794874665492,94.0738086707273,3,"Mar",2003
"813",813,2003-03-07,54.6857466704449,2937,3529,6265136,276899,1.2744719193641,83.2247095494474,3,"Mar",2003
"814",814,2003-03-08,51.5935408103347,5824,8515,6265136,276899,3.07512847644809,68.3969465648855,3,"Mar",2003
"815",815,2003-03-09,66.5509846098691,72841,78102,6265136,276899,28.2059523508572,93.2639369030242,3,"Mar",2003
"816",816,2003-03-10,64.5642051300245,108149,112748,6265136,276899,40.7180957677709,95.9209919466421,3,"Mar",2003
"817",817,2003-03-11,61.8827852783135,123019,125991,6265136,276899,45.5007060336079,97.641101348509,3,"Mar",2003
"818",818,2003-03-12,69.2181930797601,104298,106557,6265136,276899,38.4822624855994,97.8800078831048,3,"Mar",2003
"819",819,2003-03-13,66.2443833022163,109446,111943,6265136,276899,40.4273760468619,97.769400498468,3,"Mar",2003
"820",820,2003-03-14,67.6233179996748,102287,104563,6265136,276899,37.76214431977,97.8233218251198,3,"Mar",2003
"821",821,2003-03-15,63.9965221794342,70333,75047,6265136,276899,27.1026619814445,93.7186030087812,3,"Mar",2003
"822",822,2003-03-16,63.4829282443904,75856,79283,6265136,276899,28.632461655694,95.6775096805116,3,"Mar",2003
"823",823,2003-03-17,63.0789243858463,65466,70992,6265136,276899,25.6382291015858,92.2160243407708,3,"Mar",2003
"824",824,2003-03-18,60.7263460727661,38123,40321,6265136,276899,14.5616271636951,94.5487463108554,3,"Mar",2003
"825",825,2003-03-19,70.1200560728948,148480,149805,6265136,276899,54.1009537773701,99.1155168385568,3,"Mar",2003
"826",826,2003-03-20,57.1171097318187,16485,17078,6265136,276899,6.16759179339759,96.5276964515751,3,"Mar",2003
"827",827,2003-03-21,63.2391603498542,38847,42875,6265136,276899,15.4839851353743,90.6052478134111,3,"Mar",2003
"828",828,2003-03-22,62.1046609682242,50010,52178,6265136,276899,18.8436939100538,95.8449921422822,3,"Mar",2003
"829",829,2003-03-23,66.4298880746655,136234,137145,6265136,276899,49.5288895951231,99.3357395457363,3,"Mar",2003
"830",830,2003-03-24,69.4259819515679,153140,154030,6265136,276899,55.6267808840046,99.4221904823736,3,"Mar",2003
"831",831,2003-03-25,71.4455828779599,183314,184464,6265136,276899,66.6177920469196,99.3765721224738,3,"Mar",2003
"832",832,2003-03-26,60.9827481324671,40219,41097,6265136,276899,14.8418737518012,97.8635910163759,3,"Mar",2003
"833",833,2003-03-27,66.0803355621081,119557,120395,6265136,276899,43.4797525451518,99.3039578055567,3,"Mar",2003
"834",834,2003-03-28,68.2224139430054,149137,149523,6265136,276899,53.9991115894243,99.7418457361075,3,"Mar",2003
"835",835,2003-03-29,70.8324583552835,164819,165147,6265136,276899,59.6416021726333,99.8013890654992,3,"Mar",2003
"836",836,2003-03-30,71.0874701492537,133521,134000,6265136,276899,48.3930963997703,99.6425373134328,3,"Mar",2003
"837",837,2003-03-31,70.2250166947263,106076,106321,6265136,276899,38.3970328531342,99.7695657490054,3,"Mar",2003
"838",838,2003-04-01,70.865497964392,131424,131656,6265136,276899,47.5465783552848,99.8237831925624,4,"Apr",2003
"839",839,2003-04-02,69.9360568383659,10676,10697,6265136,276899,3.86314143424137,99.8036832756848,4,"Apr",2003
"840",840,2003-04-03,62.9835225192237,5347,5462,6265136,276899,1.97256039205631,97.8945441230319,4,"Apr",2003
"841",841,2003-04-04,61.6782886723508,6497,6568,6265136,276899,2.37198400860964,98.9190012180268,4,"Apr",2003
"842",842,2003-04-05,71.8748189487702,145507,145677,6265136,276899,52.6101574942488,99.8833034727514,4,"Apr",2003
"843",843,2003-04-06,62.6019198489299,18365,19064,6265136,276899,6.88482081914344,96.3334032731851,4,"Apr",2003
"844",844,2003-04-07,64.0291616038882,1596,1646,6265136,276899,0.594440572194194,96.9623329283111,4,"Apr",2003
"845",845,2003-04-08,71.745244639912,71348,72760,6265136,276899,26.2767290600544,98.0593732820231,4,"Apr",2003
"846",846,2003-04-09,72.5104413989597,89785,90553,6265136,276899,32.7025377484209,99.1518779057568,4,"Apr",2003
"847",847,2003-04-10,71.0222320867088,80930,81099,6265136,276899,29.288296454664,99.7916127202555,4,"Apr",2003
"848",848,2003-04-11,73.8658364018137,131290,131444,6265136,276899,47.4700161430702,99.8828398405405,4,"Apr",2003
"849",849,2003-04-12,76.1092788849785,99826,100303,6265136,276899,36.2236772252699,99.5244409439399,4,"Apr",2003
"850",850,2003-04-13,72.0978933172116,42496,43006,6265136,276899,15.5312948042427,98.8141189601451,4,"Apr",2003
"851",851,2003-04-14,74.6497768730917,62784,63865,6265136,276899,23.0643664296368,98.3073671024818,4,"Apr",2003
"852",852,2003-04-15,74.3577944675673,128201,129021,6265136,276899,46.5949678402594,99.3644445477868,4,"Apr",2003
"853",853,2003-04-16,71.0940166452257,75086,76178,6265136,276899,27.511114160759,98.566515266875,4,"Apr",2003
"854",854,2003-04-17,78.0859580502756,85984,87438,6265136,276899,31.5775788283815,98.3371074361262,4,"Apr",2003
"855",855,2003-04-18,76.0182244867756,45581,47299,6265136,276899,17.0816796015876,96.3677879024927,4,"Apr",2003
"856",856,2003-04-19,80.2204194533895,166583,169554,6265136,276899,61.2331572161691,98.2477558771837,4,"Apr",2003
"857",857,2003-04-20,68.9085048579454,42804,43434,6265136,276899,15.6858637987136,98.5495234148363,4,"Apr",2003
"858",858,2003-04-21,70.620328148604,141726,142984,6265136,276899,51.6376007136176,99.1201812790242,4,"Apr",2003
"859",859,2003-04-22,69.9988864897315,102237,103277,6265136,276899,37.2977150513364,98.9929994093554,4,"Apr",2003
"860",860,2003-04-23,73.0946429773201,147995,148590,6265136,276899,53.6621656271781,99.5995692846087,4,"Apr",2003
"861",861,2003-04-24,75.2662326281496,193324,193992,6265136,276899,70.0587578864496,99.6556559033362,4,"Apr",2003
"862",862,2003-04-25,76.8014963596516,242694,243658,6265136,276899,87.9952618102629,99.6043634930928,4,"Apr",2003
"863",863,2003-04-26,79.2941564577782,233826,234926,6265136,276899,84.8417654090481,99.5317674501758,4,"Apr",2003
"864",864,2003-04-27,77.9729959942907,130064,130314,6265136,276899,47.0619251062662,99.8081556854981,4,"Apr",2003
"865",865,2003-04-28,74.1538061193744,72755,73014,6265136,276899,26.3684592577077,99.64527350919,4,"Apr",2003
"866",866,2003-04-29,73.9575473965929,124703,124798,6265136,276899,45.0698630186458,99.9238769852081,4,"Apr",2003
"867",867,2003-04-30,70.1812156984571,19293,19314,6265136,276899,6.97510644675495,99.8912705809257,4,"Apr",2003
"868",868,2003-05-01,71.3894006757958,28051,28115,6265136,276899,10.1535216811906,99.7723635070247,5,"May",2003
"869",869,2003-05-02,67.0352372904869,79043,79291,6265136,276899,28.6353507957775,99.68722805867,5,"May",2003
"870",870,2003-05-03,71.7783491800306,154138,154396,6265136,276899,55.7589590428279,99.8328972253167,5,"May",2003
"871",871,2003-05-04,73.5738049700179,146701,146921,6265136,276899,53.0594187772437,99.8502596633565,5,"May",2003
"872",872,2003-05-05,74.6112195792658,108770,109095,6265136,276899,39.3988421771115,99.7020945047894,5,"May",2003
"873",873,2003-05-06,72.0218308496226,77327,77505,6265136,276899,27.9903502721209,99.7703373975873,5,"May",2003
"874",874,2003-05-07,73.4975940586868,109843,110144,6265136,276899,39.7776806705694,99.7267213829169,5,"May",2003
"875",875,2003-05-08,76.8281678312814,126014,126222,6265136,276899,45.584129953521,99.8352109774841,5,"May",2003
"876",876,2003-05-09,77.1129529071798,93968,94473,6265136,276899,34.1182163893694,99.4654557386767,5,"May",2003
"877",877,2003-05-10,80.1326793648883,98839,99699,6265136,276899,36.0055471489605,99.1374035847902,5,"May",2003
"878",878,2003-05-11,76.9955445679046,73326,73618,6265136,276899,26.5865893340171,99.6033578744329,5,"May",2003
"879",879,2003-05-12,74.1731475579031,32647,32943,6265136,276899,11.8971177216241,99.1014783110221,5,"May",2003
"880",880,2003-05-13,73.0804421852638,59427,60789,6265136,276899,21.9534920675048,97.7594630607511,5,"May",2003
"881",881,2003-05-14,67.1530484476836,30852,31147,6265136,276899,11.248505772863,99.0528782868334,5,"May",2003
"882",882,2003-05-15,73.7465270299375,36971,37144,6265136,276899,13.414277408008,99.5342451001508,5,"May",2003
"883",883,2003-05-16,74.0045983572765,62693,63066,6265136,276899,22.7758135637904,99.4085561158152,5,"May",2003
"884",884,2003-05-17,73.5352900755865,39807,40748,6265136,276899,14.7158350156555,97.6906842053598,5,"May",2003
"885",885,2003-05-18,77.0823009427595,44621,45929,6265136,276899,16.5869143622765,97.1521261076879,5,"May",2003
"886",886,2003-05-19,76.3651724829523,19704,19944,6265136,276899,7.20262622833596,98.7966305655836,5,"May",2003
"887",887,2003-05-20,66.1464007782101,3879,4112,6265136,276899,1.48501800295415,94.3336575875486,5,"May",2003
"888",888,2003-05-21,76.4510681059354,30445,30849,6265136,276899,11.1408853047501,98.6903951505721,5,"May",2003
"889",889,2003-05-22,75.1909702470754,79564,80866,6265136,276899,29.20415024973,98.3899290183761,5,"May",2003
"890",890,2003-05-23,76.4617605504024,32077,32558,6265136,276899,11.7580778551024,98.5226365255851,5,"May",2003
"891",891,2003-05-24,75.8307148468185,106498,109478,6265136,276899,39.5371597586123,97.2779919253183,5,"May",2003
"892",892,2003-05-25,76.5420454545455,113567,115280,6265136,276899,41.6325086042203,98.514052741152,5,"May",2003
"893",893,2003-05-26,76.9948243131917,109286,111676,6265136,276899,40.3309509965728,97.859880368208,5,"May",2003
"894",894,2003-05-27,75.6999041544105,30157,30257,6265136,276899,10.927088938566,99.6694979674125,5,"May",2003
"895",895,2003-05-28,78.3442466502946,76234,78589,6265136,276899,28.3818287534444,97.0033974220311,5,"May",2003
"896",896,2003-05-29,80.928230904757,19136,19298,6265136,276899,6.96932816658782,99.1605347704425,5,"May",2003
"897",897,2003-05-30,75.8435897435897,6836,7020,6265136,276899,2.53522042333125,97.3789173789174,5,"May",2003
"898",898,2003-05-31,78.1712158808933,4372,4433,6265136,276899,1.60094474880733,98.6239566884728,5,"May",2003
"899",899,2003-06-01,78.4604398319743,20102,20235,6265136,276899,7.30771869887576,99.3427230046948,6,"Jun",2003
"900",900,2003-06-02,73.6631054775917,10649,11045,6265136,276899,3.98881902787659,96.414667270258,6,"Jun",2003
"901",901,2003-06-03,75.852859131806,196023,200393,6265136,276899,72.3704310958147,97.8192851047691,6,"Jun",2003
"902",902,2003-06-04,78.539640166752,52495,54692,6265136,276899,19.7516061813152,95.982959116507,6,"Jun",2003
"903",903,2003-06-05,74.4144243089877,21172,21852,6265136,276899,7.89168613826702,96.8881566904631,6,"Jun",2003
"904",904,2003-06-06,67.9430390638444,5470,5811,6265136,276899,2.09859912820198,94.1318189640337,6,"Jun",2003
"905",905,2003-06-07,71.1763184079602,4323,5025,6265136,276899,1.81474111499139,86.0298507462687,6,"Jun",2003
"906",906,2003-06-08,70.3522160426581,17118,17441,6265136,276899,6.29868652468951,98.1480419700705,6,"Jun",2003
"907",907,2003-06-09,71.7012010443864,36386,38300,6265136,276899,13.8317581500836,95.0026109660574,6,"Jun",2003
"908",908,2003-06-10,72.2765698276387,15248,16419,6265136,276899,5.92959887901365,92.8680187587551,6,"Jun",2003
"909",909,2003-06-11,72.787431476434,31136,32653,6265136,276899,11.7923863935948,95.3541787890852,6,"Jun",2003
"910",910,2003-06-12,71.7056132849401,18497,20113,6265136,276899,7.26365931260135,91.9653955153383,6,"Jun",2003
"911",911,2003-06-13,74.226009776177,14457,15548,6265136,276899,5.61504375241514,92.9830203241575,6,"Jun",2003
"912",912,2003-06-14,69.7839077948326,15955,18307,6265136,276899,6.61143593873579,87.15245534495,6,"Jun",2003
"913",913,2003-06-15,76.4425600818135,21315,23468,6265136,276899,8.47529243514783,90.8258053519686,6,"Jun",2003
"914",914,2003-06-16,70.7078916372203,28240,33960,6265136,276899,12.2643996547478,83.1566548881037,6,"Jun",2003
"915",915,2003-06-17,68.8807071903764,9286,10973,6265136,276899,3.96281676712448,84.625899936207,6,"Jun",2003
"916",916,2003-06-18,70.6566134406236,57592,63628,6265136,276899,22.9787756546611,90.5136103602188,6,"Jun",2003
"917",917,2003-06-19,77.1862612235642,171290,185213,6265136,276899,66.8882877872437,92.4827090970936,6,"Jun",2003
"918",918,2003-06-20,79.2873723426428,69910,76768,6265136,276899,27.7241882419221,91.0665902459358,6,"Jun",2003
"919",919,2003-06-21,74.6520381431416,42376,47715,6265136,276899,17.2319148859331,88.8106465472074,6,"Jun",2003
"920",920,2003-06-22,77.0104415358256,129633,142412,6265136,276899,51.4310271976425,91.0267393197202,6,"Jun",2003
"921",921,2003-06-23,78.7485310798548,158546,176320,6265136,276899,63.676647441847,89.9194646098004,6,"Jun",2003
"922",922,2003-06-24,74.2142837331854,61195,72110,6265136,276899,26.0419864282645,84.8634031341007,6,"Jun",2003
"923",923,2003-06-25,72.1902314924015,50977,59354,6265136,276899,21.4352525650147,85.8863766553223,6,"Jun",2003
"924",924,2003-06-26,63.7975377196507,21467,27373,6265136,276899,9.88555393843965,78.4239944470829,6,"Jun",2003
"925",925,2003-06-27,77.2212808615963,97494,112721,6265136,276899,40.7083449199889,86.4914257325609,6,"Jun",2003
"926",926,2003-06-28,74.7567833808979,56608,69029,6265136,276899,24.9293063535802,82.0061133726405,6,"Jun",2003
"927",927,2003-06-29,66.951952123928,52343,69847,6265136,276899,25.2247209271251,74.9395106446948,6,"Jun",2003
"928",928,2003-06-30,58.0721451008208,37848,59214,6265136,276899,21.3846926135522,63.9173168507448,6,"Jun",2003
"929",929,2003-07-01,51.2289102707541,2603,4469,6265136,276899,1.61394587918338,58.2456925486686,7,"Jul",2003
"930",930,2003-07-02,62.1985013561348,32427,43506,6265136,276899,15.7118660594657,74.5345469590401,7,"Jul",2003
"931",931,2003-07-03,62.3851333675674,82438,103211,6265136,276899,37.273879645647,79.8732693220684,7,"Jul",2003
"932",932,2003-07-04,55.0438318772225,71581,107707,6265136,276899,38.8975763726124,66.459004521526,7,"Jul",2003
"933",933,2003-07-05,47.9410955424798,26209,47246,6265136,276899,17.0625390485339,55.4734792363375,7,"Jul",2003
"934",934,2003-07-06,58.0545416738019,105275,163508,6265136,276899,59.0496895980123,64.3852288573036,7,"Jul",2003
"935",935,2003-07-07,57.4634590706738,42478,63121,6265136,276899,22.7956764018649,67.2961454983286,7,"Jul",2003
"936",936,2003-07-08,60.1944140034949,24379,33763,6265136,276899,12.1932545801899,72.2062612919468,7,"Jul",2003
"937",937,2003-07-09,57.696524186327,70313,109442,6265136,276899,39.5241586282363,64.2468156649184,7,"Jul",2003
"938",938,2003-07-10,68.5843619190727,14747,18634,6265136,276899,6.72952953965164,79.1402812063969,7,"Jul",2003
"939",939,2003-07-11,63.3547736537224,18825,23305,6265136,276899,8.41642620594513,80.7766573696632,7,"Jul",2003
"940",940,2003-07-12,54.1607981379488,91339,147794,6265136,276899,53.3746961888631,61.8015616330839,7,"Jul",2003
"941",941,2003-07-13,61.1966886381992,54501,76766,6265136,276899,27.7234659569013,70.9962743923091,7,"Jul",2003
"942",942,2003-07-14,55.860189059869,75948,119962,6265136,276899,43.3233778381287,63.3100481819243,7,"Jul",2003
"943",943,2003-07-15,41.2035506744149,8191,18757,6265136,276899,6.77395006843651,43.6690302287146,7,"Jul",2003
"944",944,2003-07-16,40.2913381360259,7586,17629,6265136,276899,6.36658131665336,43.0313687673719,7,"Jul",2003
"945",945,2003-07-17,49.321164866652,40694,72592,6265136,276899,26.2160571182995,56.0585188450518,7,"Jul",2003
"946",946,2003-07-18,64.6037685862834,43582,60394,6265136,276899,21.8108407758786,72.1627976289035,7,"Jul",2003
"947",947,2003-07-19,58.2367264520727,11393,16838,6265136,276899,6.08091759089054,67.6624302173655,7,"Jul",2003
"948",948,2003-07-20,49.824942021396,23673,40101,6265136,276899,14.4821758113969,59.0334405625795,7,"Jul",2003
"949",949,2003-07-21,50.6349398127287,114642,201953,6265136,276899,72.9338134121106,56.7666734339178,7,"Jul",2003
"950",950,2003-07-22,54.9229597705805,111836,185163,6265136,276899,66.8702306617214,60.3986757613562,7,"Jul",2003
"951",951,2003-07-23,65.8284818684696,57968,81350,6265136,276899,29.3789432247859,71.2575291948371,7,"Jul",2003
"952",952,2003-07-24,49.5386068005477,96164,175280,6265136,276899,63.3010592309831,54.8630762209037,7,"Jul",2003
"953",953,2003-07-25,56.3389677208902,85736,134886,6265136,276899,48.7130686640255,63.5618225761013,7,"Jul",2003
"954",954,2003-07-26,53.5573051809187,82078,140284,6265136,276899,50.6625159354133,58.5084542784637,7,"Jul",2003
"955",955,2003-07-27,54.476711180689,77014,126477,6265136,276899,45.6762212936847,60.891703629909,7,"Jul",2003
"956",956,2003-07-28,53.4090392729633,8907,12324,6265136,276899,4.45072029873708,72.2736124634859,7,"Jul",2003
"957",957,2003-07-29,74.6609944451971,29796,36905,6265136,276899,13.3279643480114,80.7370275030484,7,"Jul",2003
"958",958,2003-07-30,54.6832643264326,47906,83325,6265136,276899,30.0921996829169,57.4929492949295,7,"Jul",2003
"959",959,2003-07-31,44.1381061797073,7622,16538,6265136,276899,5.97257483775673,46.0877977990083,7,"Jul",2003
"960",960,2003-08-01,55.0324183555807,121644,204668,6265136,276899,73.9143153279716,59.4347919557527,8,"Aug",2003
"961",961,2003-08-02,54.5336853788974,141771,237848,6265136,276899,85.8970238245714,59.6057145740137,8,"Aug",2003
"962",962,2003-08-03,41.6586076817558,29491,64152,6265136,276899,23.1680143301348,45.9705075445816,8,"Aug",2003
"963",963,2003-08-04,49.7073375114429,77196,142010,6265136,276899,51.2858479084432,54.3595521442152,8,"Aug",2003
"964",964,2003-08-05,51.9382316887562,69920,121551,6265136,276899,43.8972332872275,57.5231795707152,8,"Aug",2003
"965",965,2003-08-06,61.2688196712462,49505,74098,6265136,276899,26.7599377390312,66.8101703149883,8,"Aug",2003
"966",966,2003-08-07,50.8040372670807,64485,115920,6265136,276899,41.8636398109058,55.6288819875776,8,"Aug",2003
"967",967,2003-08-08,54.3635332111373,95794,160398,6265136,276899,57.9265363905251,59.7226898090999,8,"Aug",2003
"968",968,2003-08-09,50.8543399253487,69020,122168,6265136,276899,44.1200582161727,56.4959727588239,8,"Aug",2003
"969",969,2003-08-10,44.0047652828326,31100,64844,6265136,276899,23.4179249473635,47.9612608722472,8,"Aug",2003
"970",970,2003-08-11,50.9213960622595,28213,39769,6265136,276899,14.3622764979288,70.9421911539139,8,"Aug",2003
"971",971,2003-08-12,57.8454488211012,55702,85758,6265136,276899,30.9708594108321,64.9525408708225,8,"Aug",2003
"972",972,2003-08-13,59.8190623691921,76682,119450,6265136,276899,43.1384728727803,64.1958978652156,8,"Aug",2003
"973",973,2003-08-14,58.848735844445,46514,73646,6265136,276899,26.5967013243096,63.1588952556826,8,"Aug",2003
"974",974,2003-08-15,53.5318911877132,103084,175017,6265136,276899,63.2060787507358,58.8994211990835,8,"Aug",2003
"975",975,2003-08-16,63.9811754059453,80932,117134,6265136,276899,42.3020668185873,69.093516826882,8,"Aug",2003
"976",976,2003-08-17,47.8594002820456,71453,134730,6265136,276899,48.6567304323959,53.0342165813108,8,"Aug",2003
"977",977,2003-08-18,51.4905299739357,93724,166895,6265136,276899,60.272879280893,56.1574642739447,8,"Aug",2003
"978",978,2003-08-19,54.4122537633991,124406,205798,6265136,276899,74.3224063647756,60.4505388779288,8,"Aug",2003
"979",979,2003-08-20,54.4267604397008,74862,125267,6265136,276899,45.239238856045,59.7619484780509,8,"Aug",2003
"980",980,2003-08-21,52.03481731085,80752,140074,6265136,276899,50.5866760082196,57.6495281065722,8,"Aug",2003
"981",981,2003-08-22,58.780082027982,95453,147023,6265136,276899,53.0962553133092,64.9238554511879,8,"Aug",2003
"982",982,2003-08-23,63.468570405096,89775,128414,6265136,276899,46.3757543364187,69.9106016477954,8,"Aug",2003
"983",983,2003-08-24,55.657650891407,68174,106517,6265136,276899,38.4678167851816,64.0029291099073,8,"Aug",2003
"984",984,2003-08-25,51.081981945182,58679,97924,6265136,276899,35.3645191929187,59.9230015113762,8,"Aug",2003
"985",985,2003-08-26,46.2602646467334,69007,127793,6265136,276899,46.1514848374317,53.9990453311214,8,"Aug",2003
"986",986,2003-08-27,52.0670105166241,136204,223741,6265136,276899,80.802386429709,60.8757447226928,8,"Aug",2003
"987",987,2003-08-28,56.3614371697147,68630,103509,6265136,276899,37.3815001137599,66.3034132297675,8,"Aug",2003
"988",988,2003-08-29,45.5117018927761,54347,99642,6265136,276899,35.984962025865,54.5422612954377,8,"Aug",2003
"989",989,2003-08-30,45.636773053527,35094,63949,6265136,276899,23.0947024005143,54.8781059907113,8,"Aug",2003
"990",990,2003-08-31,35.7982697404611,16526,39994,6265136,276899,14.4435335627792,41.321198179727,8,"Aug",2003
"991",991,2003-09-01,38.9561518169071,19931,42077,6265136,276899,15.1957934120383,47.3679207167811,9,"Sep",2003
"992",992,2003-09-02,46.8431273855962,11788,23841,6265136,276899,8.60999859154421,49.4442347216979,9,"Sep",2003
"993",993,2003-09-03,42.726472706774,14959,31931,6265136,276899,11.5316415010527,46.8478907644609,9,"Sep",2003
"994",994,2003-09-04,46.1957065811273,31559,56738,6265136,276899,20.4905037576878,55.6223342380768,9,"Sep",2003
"995",995,2003-09-05,42.8401411144642,11815,23527,6265136,276899,8.49659984326415,50.2188974369873,9,"Sep",2003
"996",996,2003-09-06,39.7072414615405,34867,75482,6265136,276899,27.2597589734885,46.1924697278821,9,"Sep",2003
"997",997,2003-09-07,49.323683684032,67936,114961,6265136,276899,41.517304143388,59.0948234618697,9,"Sep",2003
"998",998,2003-09-08,44.131625891947,18843,39240,6265136,276899,14.1712321099029,48.019877675841,9,"Sep",2003
"999",999,2003-09-09,46.4484380860526,49162,93315,6265136,276899,33.7000133622729,52.6839200557252,9,"Sep",2003
"1000",1000,2003-09-10,49.9752475247525,7504,13938,6265136,276899,5.033604310597,53.838427320993,9,"Sep",2003
"1001",1001,2003-09-11,43.662262935959,23425,48141,6265136,276899,17.3857615953832,48.6591470887601,9,"Sep",2003
"1002",1002,2003-09-12,48.305922527681,29321,57982,6265136,276899,20.9397650406827,50.569142147563,9,"Sep",2003
"1003",1003,2003-09-13,54.3750862169935,52184,76841,6265136,276899,27.7505516451847,67.9116617430799,9,"Sep",2003
"1004",1004,2003-09-14,58.1903676982469,44711,63204,6265136,276899,22.825651230232,70.7407759002595,9,"Sep",2003
"1005",1005,2003-09-15,56.9914063889054,27112,33746,6265136,276899,12.1871151575123,80.3413737924495,9,"Sep",2003
"1006",1006,2003-09-16,54.4117436661699,12468,16775,6265136,276899,6.05816561273244,74.3248882265276,9,"Sep",2003
"1007",1007,2003-09-17,59.4049308731536,45942,57069,6265136,276899,20.6100419286455,80.5025495452873,9,"Sep",2003
"1008",1008,2003-09-18,58.0670164529084,60807,77190,6265136,276899,27.8765903813304,78.775748153906,9,"Sep",2003
"1009",1009,2003-09-19,60.8072711275904,53797,63649,6265136,276899,22.9863596473805,84.5213593300759,9,"Sep",2003
"1010",1010,2003-09-20,62.0671597364465,82205,99107,6265136,276899,35.7917507827764,82.9457051469624,9,"Sep",2003
"1011",1011,2003-09-21,62.1288468099625,47687,58620,6265136,276899,21.1701739623473,81.3493688161037,9,"Sep",2003
"1012",1012,2003-09-22,61.5253787878788,46789,58080,6265136,276899,20.9751570067064,80.5595730027548,9,"Sep",2003
"1013",1013,2003-09-23,66.0051860541639,127545,139798,6265136,276899,50.4870006753365,91.2352108041603,9,"Sep",2003
"1014",1014,2003-09-24,55.141412880679,5655,8012,6265136,276899,2.89347379369373,70.581627558662,9,"Sep",2003
"1015",1015,2003-09-25,65.3661832372299,29857,34338,6265136,276899,12.4009115236964,86.950317432582,9,"Sep",2003
"1016",1016,2003-09-26,61.9169333333333,29876,37500,6265136,276899,13.5428441417268,79.6693333333333,9,"Sep",2003
"1017",1017,2003-09-27,63.1334008642873,102888,122413,6265136,276899,44.208538131232,84.0498966613023,9,"Sep",2003
"1018",1018,2003-09-28,59.8792750234991,71608,82982,6265136,276899,29.9683278018339,86.2934130293317,9,"Sep",2003
"1019",1019,2003-09-29,61.2239713998996,40968,47832,6265136,276899,17.2741685596553,85.6497742097341,9,"Sep",2003
"1020",1020,2003-09-30,55.5019967026928,19350,27295,6265136,276899,9.85738482262486,70.8921047810954,9,"Sep",2003
"1021",1021,2003-10-01,53.1044705882353,26644,38250,6265136,276899,13.8137010245613,69.6575163398693,10,"Oct",2003
"1022",1022,2003-10-02,59.1265582718505,35679,43237,6265136,276899,15.6147187241557,82.519601267433,10,"Oct",2003
"1023",1023,2003-10-03,59.0834727480849,50725,56785,6265136,276899,20.5074774556788,89.3281676499075,10,"Oct",2003
"1024",1024,2003-10-04,48.2765317919075,2428,4325,6265136,276899,1.56194135767915,56.1387283236994,10,"Oct",2003
"1025",1025,2003-10-05,64.6077809218238,73435,84463,6265136,276899,30.5031798598045,86.9433953328677,10,"Oct",2003
"1026",1026,2003-10-06,63.0644403191405,43614,50636,6265136,276899,18.286812158946,86.1323959238486,10,"Oct",2003
"1027",1027,2003-10-07,58.0139239762646,13699,17021,6265136,276899,6.14700667030217,80.4829328476588,10,"Oct",2003
"1028",1028,2003-10-08,73.7864686937577,81187,84456,6265136,276899,30.5006518622314,96.12934545799,10,"Oct",2003
"1029",1029,2003-10-09,49.7704180064309,868,1555,6265136,276899,0.561576603743603,55.8199356913183,10,"Oct",2003
"1030",1030,2003-10-10,66.9851657599123,22675,25549,6265136,276899,9.22682999938606,88.7510274374731,10,"Oct",2003
"1031",1031,2003-10-11,57.9600708639956,5668,7338,6265136,276899,2.65006374165309,77.2417552466612,10,"Oct",2003
"1032",1032,2003-10-12,54.226489265195,2145,3307,6265136,276899,1.19429828204508,64.8624130631993,10,"Oct",2003
"1033",1033,2003-10-13,62.8368304803976,3297,3622,6265136,276899,1.30805817283558,91.0270568746549,10,"Oct",2003
"1034",1034,2003-10-14,51.1685314685315,731,1430,6265136,276899,0.516433789937847,51.1188811188811,10,"Oct",2003
"1035",1035,2003-10-15,31.1494845360825,64,194,6265136,276899,0.0700616470265331,32.9896907216495,10,"Oct",2003
"1036",1036,2003-10-16,61.0097719869707,926,1228,6265136,276899,0.443483002827746,75.4071661237785,10,"Oct",2003
"1037",1037,2003-10-17,61.0861538461538,186,325,6265136,276899,0.117371315894965,57.2307692307692,10,"Oct",2003
"1038",1038,2003-10-18,63.8665511265165,420,577,6265136,276899,0.208379228527369,72.790294627383,10,"Oct",2003
"1039",1039,2003-10-19,56.0969899665552,561,897,6265136,276899,0.323944831870104,62.5418060200669,10,"Oct",2003
"1040",1040,2003-10-20,65.5745647236942,1021,1321,6265136,276899,0.477069256299228,77.2899318697956,10,"Oct",2003
"1041",1041,2003-10-21,63.9432918395574,509,723,6265136,276899,0.261106035052492,70.4011065006916,10,"Oct",2003
"1042",1042,2003-10-22,67.7028301886792,475,636,6265136,276899,0.229686636643686,74.685534591195,10,"Oct",2003
"1043",1043,2003-10-23,59.6202723146747,506,661,6265136,276899,0.238715199404837,76.5506807866868,10,"Oct",2003
"1044",1044,2003-10-24,NA,NA,0,6265136,276899,0,NA,10,"Oct",2003
"1045",1045,2003-10-25,41.6,0,5,6265136,276899,0.00180571255223024,0,10,"Oct",2003
"1046",1046,2003-10-26,NA,NA,0,6265136,276899,0,NA,10,"Oct",2003
"1047",1047,2003-10-27,43.8955223880597,21,67,6265136,276899,0.0241965481998852,31.3432835820896,10,"Oct",2003
"1048",1048,2003-10-28,NA,NA,0,6265136,276899,0,NA,10,"Oct",2003
"1049",1049,2003-10-29,49.1346153846154,27,52,6265136,276899,0.0187794105431945,51.9230769230769,10,"Oct",2003
"1050",1050,2003-10-30,NA,NA,0,6265136,276899,0,NA,10,"Oct",2003
"1051",1051,2003-10-31,NA,NA,0,6265136,276899,0,NA,10,"Oct",2003
"1052",1052,2003-11-01,NA,NA,0,6265136,276899,0,NA,11,"Nov",2003
"1053",1053,2003-11-02,NA,NA,0,6265136,276899,0,NA,11,"Nov",2003
"1054",1054,2003-11-03,NA,NA,0,6265136,276899,0,NA,11,"Nov",2003
"1055",1055,2003-11-04,NA,NA,0,6265136,276899,0,NA,11,"Nov",2003
"1056",1056,2003-11-05,NA,NA,0,6265136,276899,0,NA,11,"Nov",2003
"1057",1057,2003-11-06,NA,NA,0,6265136,276899,0,NA,11,"Nov",2003
"1058",1058,2003-11-07,NA,NA,0,6265136,276899,0,NA,11,"Nov",2003
"1059",1059,2003-11-08,NA,NA,0,6265136,276899,0,NA,11,"Nov",2003
"1060",1060,2003-11-09,NA,NA,0,6265136,276899,0,NA,11,"Nov",2003
"1061",1061,2003-11-10,NA,NA,0,6265136,276899,0,NA,11,"Nov",2003
"1062",1062,2003-11-11,NA,NA,0,6265136,276899,0,NA,11,"Nov",2003
"1063",1063,2003-11-12,NA,NA,0,6265136,276899,0,NA,11,"Nov",2003
"1064",1064,2003-11-13,NA,NA,0,6265136,276899,0,NA,11,"Nov",2003
"1065",1065,2003-11-14,NA,NA,0,6265136,276899,0,NA,11,"Nov",2003
"1066",1066,2003-11-15,NA,NA,0,6265136,276899,0,NA,11,"Nov",2003
"1067",1067,2003-11-16,NA,NA,0,6265136,276899,0,NA,11,"Nov",2003
"1068",1068,2003-11-17,NA,NA,0,6265136,276899,0,NA,11,"Nov",2003
"1069",1069,2003-11-18,NA,NA,0,6265136,276899,0,NA,11,"Nov",2003
"1070",1070,2003-11-19,NA,NA,0,6265136,276899,0,NA,11,"Nov",2003
"1071",1071,2003-11-20,NA,NA,0,6265136,276899,0,NA,11,"Nov",2003
"1072",1072,2003-11-21,NA,NA,0,6265136,276899,0,NA,11,"Nov",2003
"1073",1073,2003-11-22,NA,NA,0,6265136,276899,0,NA,11,"Nov",2003
"1074",1074,2003-11-23,NA,NA,0,6265136,276899,0,NA,11,"Nov",2003
"1075",1075,2003-11-24,NA,NA,0,6265136,276899,0,NA,11,"Nov",2003
"1076",1076,2003-11-25,NA,NA,0,6265136,276899,0,NA,11,"Nov",2003
"1077",1077,2004-01-17,NA,NA,0,6265136,276899,0,NA,1,"Jan",2004
"1078",1078,2004-01-18,NA,NA,0,6265136,276899,0,NA,1,"Jan",2004
"1079",1079,2004-01-19,NA,NA,0,6265136,276899,0,NA,1,"Jan",2004
"1080",1080,2004-01-20,NA,NA,0,6265136,276899,0,NA,1,"Jan",2004
"1081",1081,2004-01-21,NA,NA,0,6265136,276899,0,NA,1,"Jan",2004
"1082",1082,2004-01-22,NA,NA,0,6265136,276899,0,NA,1,"Jan",2004
"1083",1083,2004-01-23,NA,NA,0,6265136,276899,0,NA,1,"Jan",2004
"1084",1084,2004-01-24,NA,NA,0,6265136,276899,0,NA,1,"Jan",2004
"1085",1085,2004-01-25,NA,NA,0,6265136,276899,0,NA,1,"Jan",2004
"1086",1086,2004-01-26,NA,NA,0,6265136,276899,0,NA,1,"Jan",2004
"1087",1087,2004-01-27,NA,NA,0,6265136,276899,0,NA,1,"Jan",2004
"1088",1088,2004-01-28,NA,NA,0,6265136,276899,0,NA,1,"Jan",2004
"1089",1089,2004-01-29,NA,NA,0,6265136,276899,0,NA,1,"Jan",2004
"1090",1090,2004-01-30,NA,NA,0,6265136,276899,0,NA,1,"Jan",2004
"1091",1091,2004-01-31,NA,NA,0,6265136,276899,0,NA,1,"Jan",2004
"1092",1092,2004-02-01,NA,NA,0,6265136,276899,0,NA,2,"Feb",2004
"1093",1093,2004-02-02,NA,NA,0,6265136,276899,0,NA,2,"Feb",2004
"1094",1094,2004-02-03,NA,NA,0,6265136,276899,0,NA,2,"Feb",2004
"1095",1095,2004-02-04,NA,NA,0,6265136,276899,0,NA,2,"Feb",2004
"1096",1096,2004-02-05,NA,NA,0,6265136,276899,0,NA,2,"Feb",2004
"1097",1097,2004-02-06,NA,NA,0,6265136,276899,0,NA,2,"Feb",2004
"1098",1098,2004-02-07,NA,NA,0,6265136,276899,0,NA,2,"Feb",2004
"1099",1099,2004-02-08,NA,NA,0,6265136,276899,0,NA,2,"Feb",2004
"1100",1100,2004-02-09,NA,NA,0,6265136,276899,0,NA,2,"Feb",2004
"1101",1101,2004-02-10,NA,NA,0,6265136,276899,0,NA,2,"Feb",2004
"1102",1102,2004-02-11,NA,NA,0,6265136,276899,0,NA,2,"Feb",2004
"1103",1103,2004-02-12,46.1865942028985,197,552,6265136,276899,0.199350665766218,35.6884057971014,2,"Feb",2004
"1104",1104,2004-02-13,74.8114942528736,803,870,6265136,276899,0.314193984088061,92.2988505747126,2,"Feb",2004
"1105",1105,2004-02-14,75.4027954256671,741,787,6265136,276899,0.284219155721039,94.1550190597205,2,"Feb",2004
"1106",1106,2004-02-15,69.6206896551724,265,319,6265136,276899,0.115204460832289,83.0721003134796,2,"Feb",2004
"1107",1107,2004-02-16,64.0386740331492,583,724,6265136,276899,0.261467177562938,80.524861878453,2,"Feb",2004
"1108",1108,2004-02-17,NA,NA,0,6265136,276899,0,NA,2,"Feb",2004
"1109",1109,2004-02-18,57.5284552845528,208,246,6265136,276899,0.0888410575697276,84.5528455284553,2,"Feb",2004
"1110",1110,2004-02-20,54.6984126984127,130,189,6265136,276899,0.0682559344743029,68.7830687830688,2,"Feb",2004
"1111",1111,2004-02-21,54.2074643249177,513,911,6265136,276899,0.329000827016349,56.3117453347969,2,"Feb",2004
"1112",1112,2004-02-22,51.7054409005628,346,533,6265136,276899,0.192488958067743,64.9155722326454,2,"Feb",2004
"1113",1113,2004-02-23,48.7507598784195,164,329,6265136,276899,0.11881588593675,49.8480243161094,2,"Feb",2004
"1114",1114,2004-02-24,61.5557986870897,349,457,6265136,276899,0.165042127273844,76.3676148796499,2,"Feb",2004
"1115",1115,2004-02-25,63.7226890756302,522,595,6265136,276899,0.214879793715398,87.7310924369748,2,"Feb",2004
"1116",1116,2004-02-26,58.5195402298851,348,435,6265136,276899,0.15709699204403,80,2,"Feb",2004
"1117",1117,2004-02-27,66.0748603351955,848,895,6265136,276899,0.323222546849212,94.7486033519553,2,"Feb",2004
"1118",1118,2004-02-28,61.7275471698113,1088,1325,6265136,276899,0.478513826341012,82.1132075471698,2,"Feb",2004
"1119",1119,2004-02-29,54.4632768361582,551,708,6265136,276899,0.255688897395801,77.8248587570621,2,"Feb",2004
"1120",1120,2004-03-01,62.0879106938983,15458,15766,6265136,276899,5.69377281969238,98.0464290244831,3,"Mar",2004
"1121",1121,2004-03-02,65.6266912103083,10815,10865,6265136,276899,3.9238133759963,99.5398067188219,3,"Mar",2004
"1122",1122,2004-03-03,67.3557692307692,409,520,6265136,276899,0.187794105431944,78.6538461538461,3,"Mar",2004
"1123",1123,2004-03-04,60.9416318678741,17121,21313,6265136,276899,7.6970303251366,80.3312532257308,3,"Mar",2004
"1124",1124,2004-03-05,57.0628567434709,35326,42923,6265136,276899,15.5013199758757,82.3008643384666,3,"Mar",2004
"1125",1125,2004-03-06,58.3994937990382,15559,19755,6265136,276899,7.13437029386166,78.7598076436345,3,"Mar",2004
"1126",1126,2004-03-07,60.4345268480031,37550,41139,6265136,276899,14.8570417372399,91.275918228445,3,"Mar",2004
"1127",1127,2004-03-08,51.6347336065574,1362,1952,6265136,276899,0.704950180390684,69.7745901639344,3,"Mar",2004
"1128",1128,2004-03-09,62.4606896134718,56195,66153,6265136,276899,23.8906604935374,84.9470167641679,3,"Mar",2004
"1129",1129,2004-03-10,56.0848037204213,19572,29244,6265136,276899,10.5612515754842,66.9265490356996,3,"Mar",2004
"1130",1130,2004-03-11,64.6659347861707,81685,91545,6265136,276899,33.0607911187834,89.2293407613742,3,"Mar",2004
"1131",1131,2004-03-12,64.0233752090545,23015,25711,6265136,276899,9.28533508607832,89.5142157053401,3,"Mar",2004
"1132",1132,2004-03-13,67.8138276980395,80608,89111,6265136,276899,32.1817702483577,90.45796815208,3,"Mar",2004
"1133",1133,2004-03-14,65.5549931624842,51268,56307,6265136,276899,20.3348513356856,91.0508462535742,3,"Mar",2004
"1134",1134,2004-03-15,69.8359635048732,40064,41759,6265136,276899,15.0809500937165,95.9409947556215,3,"Mar",2004
"1135",1135,2004-03-16,58.563890012131,11512,14838,6265136,276899,5.35863256999845,77.5845801320933,3,"Mar",2004
"1136",1136,2004-03-17,69.3775342077445,167025,169333,6265136,276899,61.1533447213605,98.6370051909551,3,"Mar",2004
"1137",1137,2004-03-18,67.5753743065455,108425,110137,6265136,276899,39.7751526729963,98.4455723326403,3,"Mar",2004
"1138",1138,2004-03-19,59.8029072016802,15665,18093,6265136,276899,6.53415144150033,86.580445476151,3,"Mar",2004
"1139",1139,2004-03-20,66.4882393338484,66231,69894,6265136,276899,25.241694625116,94.7592067988669,3,"Mar",2004
"1140",1140,2004-03-21,59.5595961958216,22746,25656,6265136,276899,9.26547224800379,88.6576239476146,3,"Mar",2004
"1141",1141,2004-03-22,69.011753397125,44307,45774,6265136,276899,16.5309372731574,96.7951238694455,3,"Mar",2004
"1142",1142,2004-03-23,70.5694321504251,73002,74562,6265136,276899,26.9275078638782,97.9077814436308,3,"Mar",2004
"1143",1143,2004-03-24,68.3705999873153,61883,63068,6265136,276899,22.7765358488113,98.1210756643623,3,"Mar",2004
"1144",1144,2004-03-25,68.063420076504,64165,69016,6265136,276899,24.9246115009444,92.9711950851976,3,"Mar",2004
"1145",1145,2004-03-26,59.6973694604629,10607,12659,6265136,276899,4.57170303973651,83.7901887984833,3,"Mar",2004
"1146",1146,2004-03-27,67.9885812038918,44089,46765,6265136,276899,16.8888295010094,94.277771837913,3,"Mar",2004
"1147",1147,2004-03-28,69.0217524913297,43631,45558,6265136,276899,16.452930490901,95.7702269634312,3,"Mar",2004
"1148",1148,2004-03-29,73.9514906289451,154355,154465,6265136,276899,55.7838778760487,99.9287864564788,3,"Mar",2004
"1149",1149,2004-03-30,76.1611529876557,140149,140227,6265136,276899,50.6419308123178,99.944375904783,3,"Mar",2004
"1150",1150,2004-03-31,72.963029257237,77554,77656,6265136,276899,28.0448827911982,99.8686514886165,3,"Mar",2004
"1151",1151,2004-04-01,60.8228133453562,2117,2218,6265136,276899,0.801014088169333,95.4463480613165,4,"Apr",2004
"1152",1152,2004-04-02,65.0460092579604,6711,7129,6265136,276899,2.57458495696987,94.1366250526021,4,"Apr",2004
"1153",1153,2004-04-03,73.8796959540864,91069,91302,6265136,276899,32.973033488745,99.7448029616,4,"Apr",2004
"1154",1154,2004-04-04,67.6881631087818,46572,46938,6265136,276899,16.9513071553166,99.2202479867059,4,"Apr",2004
"1155",1155,2004-04-05,60.7201986754967,8881,9060,6265136,276899,3.27195114464119,98.0242825607064,4,"Apr",2004
"1156",1156,2004-04-06,63.1464213572091,18106,18317,6265136,276899,6.61504736384024,98.848064639406,4,"Apr",2004
"1157",1157,2004-04-07,62.7948791303104,13875,13982,6265136,276899,5.04949458105663,99.2347303676155,4,"Apr",2004
"1158",1158,2004-04-08,61.7830860534125,16550,16850,6265136,276899,6.08525130101589,98.2195845697329,4,"Apr",2004
"1159",1159,2004-04-09,70.8019497355412,86344,86781,6265136,276899,31.3403081990184,99.4964335511229,4,"Apr",2004
"1160",1160,2004-04-10,67.8593054787668,36685,37983,6265136,276899,13.7172759742722,96.5826817260353,4,"Apr",2004
"1161",1161,2004-04-11,70.6906928881775,64631,65595,6265136,276899,23.6891429727085,98.5303757908377,4,"Apr",2004
"1162",1162,2004-04-12,70.5783333333333,54349,55200,6265136,276899,19.9350665766218,98.4583333333333,4,"Apr",2004
"1163",1163,2004-04-13,73.7881223988742,66088,66798,6265136,276899,24.1235974127751,98.9370939249678,4,"Apr",2004
"1164",1164,2004-04-14,74.1952176044447,54588,55077,6265136,276899,19.8906460478369,99.1121520779999,4,"Apr",2004
"1165",1165,2004-04-15,73.6453971296569,81235,81384,6265136,276899,29.3912220701411,99.8169173301877,4,"Apr",2004
"1166",1166,2004-04-16,73.4555800692945,128419,128726,6265136,276899,46.4884307996779,99.7615089414726,4,"Apr",2004
"1167",1167,2004-04-17,72.3854011541325,42731,42976,6265136,276899,15.5204605289293,99.4299143708116,4,"Apr",2004
"1168",1168,2004-04-18,74.657208130748,84902,85355,6265136,276899,30.8253189791224,99.4692753792982,4,"Apr",2004
"1169",1169,2004-04-19,74.810593679027,93853,94226,6265136,276899,34.0290141892892,99.6041432301063,4,"Apr",2004
"1170",1170,2004-04-20,76.1202861996678,211167,211321,6265136,276899,76.3169964499691,99.9271250845869,4,"Apr",2004
"1171",1171,2004-04-21,73.8061839845035,54263,54722,6265136,276899,19.7624404566286,99.1612148678776,4,"Apr",2004
"1172",1172,2004-04-22,76.3348179850208,80195,80378,6265136,276899,29.0279127046324,99.7723257607803,4,"Apr",2004
"1173",1173,2004-04-23,76.0067866194675,47324,47741,6265136,276899,17.2413045912047,99.1265369388995,4,"Apr",2004
"1174",1174,2004-04-24,76.1269605765155,28241,28308,6265136,276899,10.2232221857067,99.763317790024,4,"Apr",2004
"1175",1175,2004-04-25,76.9578553032077,42412,42710,6265136,276899,15.4243966211507,99.3022711308827,4,"Apr",2004
"1176",1176,2004-04-26,75.8748084315253,38828,39803,6265136,276899,14.374555343284,97.5504358967917,4,"Apr",2004
"1177",1177,2004-04-27,69.2086977947518,15725,16234,6265136,276899,5.86278751458113,96.8646051496858,4,"Apr",2004
"1178",1178,2004-04-28,66.1684452140297,24344,24833,6265136,276899,8.96825196190669,98.0308460516248,4,"Apr",2004
"1179",1179,2004-04-29,66.9343934615555,22205,22513,6265136,276899,8.13040133767186,98.6319015679829,4,"Apr",2004
"1180",1180,2004-04-30,69.6836757543526,35316,35726,6265136,276899,12.9021773281955,98.8523764205341,4,"Apr",2004
"1181",1181,2004-05-01,69.150197735522,36724,36918,6265136,276899,13.3326592006472,99.4745110786066,5,"May",2004
"1182",1182,2004-05-02,72.0321066308995,11831,11929,6265136,276899,4.3080690071109,99.1784726297259,5,"May",2004
"1183",1183,2004-05-03,69.2803210725942,33838,34011,6265136,276899,12.2828179227805,99.4913410367234,5,"May",2004
"1184",1184,2004-05-04,77.3010565297898,73082,73448,6265136,276899,26.5251951072413,99.5016882692517,5,"May",2004
"1185",1185,2004-05-05,66.9208325228555,20214,20564,6265136,276899,7.42653458481251,98.2979964987357,5,"May",2004
"1186",1186,2004-05-06,72.8417740485466,13256,13348,6265136,276899,4.82053022943384,99.3107581660174,5,"May",2004
"1187",1187,2004-05-07,68.7433373110581,40036,40224,6265136,276899,14.5265963401818,99.5326173428799,5,"May",2004
"1188",1188,2004-05-08,71.8914294787821,49805,50382,6265136,276899,18.1950819612927,98.8547497121988,5,"May",2004
"1189",1189,2004-05-09,70.1169704861111,4538,4608,6265136,276899,1.66414468813539,98.4809027777778,5,"May",2004
"1190",1190,2004-05-10,72.7646700342628,73319,73841,6265136,276899,26.6671241138466,99.2930756625723,5,"May",2004
"1191",1191,2004-05-11,74.1846848698778,169685,170263,6265136,276899,61.4892072560753,99.660525187504,5,"May",2004
"1192",1192,2004-05-12,75.0124387867438,78424,79027,6265136,276899,28.5400091730198,99.2369696432865,5,"May",2004
"1193",1193,2004-05-13,77.5382224430262,77969,78501,6265136,276899,28.3500482125251,99.3223016267309,5,"May",2004
"1194",1194,2004-05-14,74.9266945775762,88747,89093,6265136,276899,32.1752696831697,99.6116417675912,5,"May",2004
"1195",1195,2004-05-15,75.4340742786138,28787,28972,6265136,276899,10.4630208126429,99.3614524368356,5,"May",2004
"1196",1196,2004-05-16,71.105836311043,23092,23508,6265136,276899,8.48973813556568,98.2303896545857,5,"May",2004
"1197",1197,2004-05-17,72.7587912409247,119176,119693,6265136,276899,43.2262305028187,99.5680616243222,5,"May",2004
"1198",1198,2004-05-18,75.2014185759803,124093,124914,6265136,276899,45.1117555498575,99.3427478104936,5,"May",2004
"1199",1199,2004-05-19,77.3667250945609,75115,75877,6265136,276899,27.4024102651147,98.9957431105605,5,"May",2004
"1200",1200,2004-05-20,67.6721702439919,10876,10902,6265136,276899,3.93717564888281,99.7615116492387,5,"May",2004
"1201",1201,2004-05-21,74.8350370251127,48963,49696,6265136,276899,17.9473381991268,98.5250321957502,5,"May",2004
"1202",1202,2004-05-22,69.0190293553622,6478,6779,6265136,276899,2.44818507831375,95.5598170821655,5,"May",2004
"1203",1203,2004-05-23,79.2939766358296,29123,29618,6265136,276899,10.696318874391,98.3287190222162,5,"May",2004
"1204",1204,2004-05-24,83.5119404428116,40867,41372,6265136,276899,14.9411879421739,98.7793676882916,5,"May",2004
"1205",1205,2004-05-25,73.1290185450874,18553,18819,6265136,276899,6.79634090408416,98.5865348849567,5,"May",2004
"1206",1206,2004-05-26,74.3289499067584,30544,31102,6265136,276899,11.232254359893,98.2059031573532,5,"May",2004
"1207",1207,2004-05-27,72.0500926304646,39816,41563,6265136,276899,15.0101661616691,95.7967422948295,5,"May",2004
"1208",1208,2004-05-28,77.8821704541129,102460,105084,6265136,276899,37.9502995677124,97.5029500209356,5,"May",2004
"1209",1209,2004-05-29,75.3870387476299,39870,41138,6265136,276899,14.8566805947295,96.9176916719335,5,"May",2004
"1210",1210,2004-05-30,76.1411074498318,110523,114714,6265136,276899,41.4281019433079,96.3465662430043,5,"May",2004
"1211",1211,2004-05-31,75.7740134369769,84016,87222,6265136,276899,31.4995720461251,96.324321845406,5,"May",2004
"1212",1212,2004-06-01,77.6555234239445,33437,34580,6265136,276899,12.4883080112243,96.6946211683054,6,"Jun",2004
"1213",1213,2004-06-02,70.9887505739503,38791,39202,6265136,276899,14.1575086945059,98.9515841028519,6,"Jun",2004
"1214",1214,2004-06-03,70.3801501715998,55036,57401,6265136,276899,20.7299412421136,95.8798627201617,6,"Jun",2004
"1215",1215,2004-06-04,71.2546488362366,86845,88463,6265136,276899,31.9477499015887,98.1709867402191,6,"Jun",2004
"1216",1216,2004-06-05,66.3062341553353,16628,17356,6265136,276899,6.26798941130159,95.8054851348237,6,"Jun",2004
"1217",1217,2004-06-06,74.7317627476713,31067,31241,6265136,276899,11.282453168845,99.4430395954035,6,"Jun",2004
"1218",1218,2004-06-07,69.3528417324102,24338,24844,6265136,276899,8.97222452952159,97.9632909354371,6,"Jun",2004
"1219",1219,2004-06-08,66.3834052797609,22763,24092,6265136,276899,8.70064536166617,94.4836460235763,6,"Jun",2004
"1220",1220,2004-06-09,69.7831846321923,21310,21968,6265136,276899,7.93357866947876,97.0047341587764,6,"Jun",2004
"1221",1221,2004-06-10,71.4743151212597,31848,32451,6265136,276899,11.7194356064847,98.1418138115929,6,"Jun",2004
"1222",1222,2004-06-11,77.3010882584793,95842,97679,6265136,276899,35.2760392778594,98.1193501161969,6,"Jun",2004
"1223",1223,2004-06-12,79.1054117597666,93068,95274,6265136,276899,34.4074915402367,97.6845729160107,6,"Jun",2004
"1224",1224,2004-06-13,75.4213988750306,38504,40890,6265136,276899,14.7671172521389,94.1648324773783,6,"Jun",2004
"1225",1225,2004-06-14,55.742078440062,6681,9026,6265136,276899,3.25967229928602,74.0194992244627,6,"Jun",2004
"1226",1226,2004-06-15,72.743237154818,99434,106538,6265136,276899,38.475400777901,93.3319566727365,6,"Jun",2004
"1227",1227,2004-06-16,65.6294892048447,9054,9495,6265136,276899,3.42904813668522,95.3554502369668,6,"Jun",2004
"1228",1228,2004-06-17,76.7492025855986,31894,35427,6265136,276899,12.7941957175721,90.0273802467045,6,"Jun",2004
"1229",1229,2004-06-18,85.2930272658692,17646,18558,6265136,276899,6.70208270885774,95.0856773359198,6,"Jun",2004
"1230",1230,2004-06-19,85.5085832471562,32088,33845,6265136,276899,12.2228682660465,94.8086866597725,6,"Jun",2004
"1231",1231,2004-06-20,83.6434671439529,18378,19555,6265136,276899,7.06214179177245,93.9810790079264,6,"Jun",2004
"1232",1232,2004-06-21,85.4522513229029,50787,52347,6265136,276899,18.9047269943192,97.0198865264485,6,"Jun",2004
"1233",1233,2004-06-22,79.9288039440805,67612,74035,6265136,276899,26.7371857608731,91.3243736070777,6,"Jun",2004
"1234",1234,2004-06-23,66.3613301662708,17282,21050,6265136,276899,7.60204984488929,82.0997624703088,6,"Jun",2004
"1235",1235,2004-06-24,72.3683454713304,25713,29247,6265136,276899,10.5623350030155,87.9167094060929,6,"Jun",2004
"1236",1236,2004-06-25,70.902137910268,3210,3321,6265136,276899,1.19935427719132,96.6576332429991,6,"Jun",2004
"1237",1237,2004-06-26,72.5314549927114,35775,43904,6265136,276899,15.8556007786233,81.4846027696793,6,"Jun",2004
"1238",1238,2004-06-27,61.4605140082847,16006,22451,6265136,276899,8.1080105020242,71.2930381720191,6,"Jun",2004
"1239",1239,2004-06-28,50.9954639175258,1383,2425,6265136,276899,0.875770587831664,57.0309278350515,6,"Jun",2004
"1240",1240,2004-06-29,82.1233619990714,131410,144307,6265136,276899,52.1153922549377,91.0628036062007,6,"Jun",2004
"1241",1241,2004-06-30,78.6414789333471,138417,154652,6265136,276899,55.8514115255021,89.5022372811215,6,"Jun",2004
"1242",1242,2004-07-01,60.5180082447386,7365,9218,6265136,276899,3.32901166129166,79.8980256020829,7,"Jul",2004
"1243",1243,2004-07-02,54.25118713301,24275,39170,6265136,276899,14.1459521341717,61.9734490681644,7,"Jul",2004
"1244",1244,2004-07-03,72.0490699928672,44159,54677,6265136,276899,19.7461890436585,80.7633922856046,7,"Jul",2004
"1245",1245,2004-07-04,62.3105354973365,44966,64202,6265136,276899,23.1860714556571,70.0383165633469,7,"Jul",2004
"1246",1246,2004-07-05,55.239404641776,2652,3964,6265136,276899,1.43156891140813,66.9021190716448,7,"Jul",2004
"1247",1247,2004-07-06,58.2192635386072,26786,41197,6265136,276899,14.8779880028458,65.0192975216642,7,"Jul",2004
"1248",1248,2004-07-07,68.7238709284733,172653,230012,6265136,276899,83.0671111127162,75.0626054292819,7,"Jul",2004
"1249",1249,2004-07-08,48.8666802672515,10508,19607,6265136,276899,7.08092120231565,53.5931045034936,7,"Jul",2004
"1250",1250,2004-07-09,63.7215433200604,36015,50981,6265136,276899,18.4114063250499,70.6439653988741,7,"Jul",2004
"1251",1251,2004-07-10,56.2106312292359,18306,30100,6265136,276899,10.870389564426,60.8172757475083,7,"Jul",2004
"1252",1252,2004-07-11,59.9371465503312,125947,191859,6265136,276899,69.2884409116682,65.6456043240088,7,"Jul",2004
"1253",1253,2004-07-12,60.2662049202273,133794,201698,6265136,276899,72.8417220719468,66.3338258187984,7,"Jul",2004
"1254",1254,2004-07-13,62.7697797024142,143823,209217,6265136,276899,75.5571526079906,68.7434577496093,7,"Jul",2004
"1255",1255,2004-07-14,62.9670864086283,148231,215291,6265136,276899,77.7507322164399,68.851461510235,7,"Jul",2004
"1256",1256,2004-07-15,57.1244531933508,131165,210312,6265136,276899,75.9526036569291,62.3668644680284,7,"Jul",2004
"1257",1257,2004-07-16,67.2577501100421,12713,15903,6265136,276899,5.74324934362349,79.9408916556625,7,"Jul",2004
"1258",1258,2004-07-17,27.893440624238,2512,8202,6265136,276899,2.96209087067848,30.6266764203853,7,"Jul",2004
"1259",1259,2004-07-18,62.8401758635429,68265,98258,6265136,276899,35.4851407914077,69.4752590119888,7,"Jul",2004
"1260",1260,2004-07-19,51.2288895134595,72824,128088,6265136,276899,46.2580218780133,56.8546624195865,7,"Jul",2004
"1261",1261,2004-07-20,59.4669846267827,16233,21596,6265136,276899,7.79923365559283,75.1666975365809,7,"Jul",2004
"1262",1262,2004-07-21,42.5691347923911,13381,29334,6265136,276899,10.5937544014243,45.6160087270744,7,"Jul",2004
"1263",1263,2004-07-22,37.9393384080444,8371,21282,6265136,276899,7.68583490731277,39.3337092378536,7,"Jul",2004
"1264",1264,2004-07-23,62.3150569934561,66868,98871,6265136,276899,35.7065211503111,67.6315603159673,7,"Jul",2004
"1265",1265,2004-07-24,60.8577980683329,96053,142157,6265136,276899,51.3389358574787,67.568252003067,7,"Jul",2004
"1266",1266,2004-07-25,49.5157895349921,93972,171696,6265136,276899,62.0067244735445,54.7316186748672,7,"Jul",2004
"1267",1267,2004-07-26,30.2778054862843,1175,4010,6265136,276899,1.44818146688865,29.3017456359102,7,"Jul",2004
"1268",1268,2004-07-27,50.7599143512879,45266,77993,6265136,276899,28.1665878172186,58.0385419204288,7,"Jul",2004
"1269",1269,2004-07-28,55.3619103664013,19500,32287,6265136,276899,11.6602082347715,60.3958249450243,7,"Jul",2004
"1270",1270,2004-07-29,46.887869399428,25292,50352,6265136,276899,18.1842476859794,50.2303781379091,7,"Jul",2004
"1271",1271,2004-07-30,57.1581250298334,38130,62849,6265136,276899,22.6974456390236,60.6692230584417,7,"Jul",2004
"1272",1272,2004-07-31,54.0933306222041,31428,54098,6265136,276899,19.5370875301103,58.0945691153093,7,"Jul",2004
"1273",1273,2004-08-01,54.2119955898567,13326,22675,6265136,276899,8.18890642436412,58.7695700110254,8,"Aug",2004
"1274",1274,2004-08-02,54.9125935828877,65222,112200,6265136,276899,40.5201896720465,58.1301247771836,8,"Aug",2004
"1275",1275,2004-08-03,42.3799366310577,53419,115514,6265136,276899,41.7170159516647,46.2446110428173,8,"Aug",2004
"1276",1276,2004-08-04,56.5741329666079,28471,46538,6265136,276899,16.8068501511381,61.1779620954919,8,"Aug",2004
"1277",1277,2004-08-05,45.8208587939282,37043,72334,6265136,276899,26.1228823506044,51.2110487460945,8,"Aug",2004
"1278",1278,2004-08-06,53.5393087002231,45369,77998,6265136,276899,28.1683935297708,58.1668760737455,8,"Aug",2004
"1279",1279,2004-08-07,44.6870947950335,78557,158099,6265136,276899,57.0962697590096,49.6884863281868,8,"Aug",2004
"1280",1280,2004-08-08,46.9851972779133,30051,54517,6265136,276899,19.6884062419871,55.1222554432562,8,"Aug",2004
"1281",1281,2004-08-09,52.1370054504649,45110,77975,6265136,276899,28.1600872520305,57.8518756011542,8,"Aug",2004
"1282",1282,2004-08-10,62.3407162571984,61620,88041,6265136,276899,31.7953477621804,69.9901182403653,8,"Aug",2004
"1283",1283,2004-08-11,47.7666513381771,29727,54365,6265136,276899,19.6335125803994,54.6804009932861,8,"Aug",2004
"1284",1284,2004-08-12,35.2526748461189,19088,48414,6265136,276899,17.4843535007349,39.4266121369852,8,"Aug",2004
"1285",1285,2004-08-13,41.9408347245409,44314,89850,6265136,276899,32.4486545635773,49.3199777406789,8,"Aug",2004
"1286",1286,2004-08-14,39.0211399382997,35170,79092,6265136,276899,28.5634834361988,44.4672027512264,8,"Aug",2004
"1287",1287,2004-08-15,47.654303845528,49589,92185,6265136,276899,33.2919223254689,53.7929164180724,8,"Aug",2004
"1288",1288,2004-08-16,42.1784557117212,44554,91356,6265136,276899,32.9925351843091,48.7696484084242,8,"Aug",2004
"1289",1289,2004-08-17,50.9343489421673,35056,59603,6265136,276899,21.5251770501157,58.8158314178816,8,"Aug",2004
"1290",1290,2004-08-18,46.2339646506674,16066,30043,6265136,276899,10.8498044413306,53.4766834204307,8,"Aug",2004
"1291",1291,2004-08-19,53.3944826850221,50349,74964,6265136,276899,27.0726871530775,67.1642388346406,8,"Aug",2004
"1292",1292,2004-08-20,50.7437991299702,74874,117927,6265136,276899,42.588452829371,63.4918212114274,8,"Aug",2004
"1293",1293,2004-08-21,47.3662608012569,2722,5092,6265136,276899,1.83893766319127,53.4564021995287,8,"Aug",2004
"1294",1294,2004-08-22,42.1308346587373,14101,28922,6265136,276899,10.4449636871206,48.7552728027107,8,"Aug",2004
"1295",1295,2004-08-23,53.4434163172318,72344,121148,6265136,276899,43.7516928555177,59.7153894410143,8,"Aug",2004
"1296",1296,2004-08-24,55.1054160874881,72181,119422,6265136,276899,43.1283608824878,60.4419621175328,8,"Aug",2004
"1297",1297,2004-08-25,52.2398874926648,27869,49419,6265136,276899,17.8473017237332,56.3932900301503,8,"Aug",2004
"1298",1298,2004-08-26,45.5151862259052,28013,55873,6265136,276899,20.178115486152,50.1369176525334,8,"Aug",2004
"1299",1299,2004-08-27,37.8572093487151,25339,60158,6265136,276899,21.7256111434133,42.1207486951029,8,"Aug",2004
"1300",1300,2004-08-28,36.7988505747126,43961,102834,6265136,276899,37.1377289192088,42.7494797440535,8,"Aug",2004
"1301",1301,2004-08-29,38.2929376552251,6226,15703,6265136,276899,5.67102084153428,39.6484748137299,8,"Aug",2004
"1302",1302,2004-08-30,48.4821586988664,22545,40580,6265136,276899,14.6551630739006,55.5569245933958,8,"Aug",2004
"1303",1303,2004-08-31,46.1584396009757,52221,100846,6265136,276899,36.4197776084421,51.7829165261885,8,"Aug",2004
"1304",1304,2004-09-01,48.8797346140516,104307,181773,6265136,276899,65.6459575513093,57.3831097027611,9,"Sep",2004
"1305",1305,2004-09-02,43.7386082809452,69737,138390,6265136,276899,49.9785120206285,50.3916467952887,9,"Sep",2004
"1306",1306,2004-09-03,66.2907377562897,32053,44676,6265136,276899,16.1344027966876,71.7454561733369,9,"Sep",2004
"1307",1307,2004-09-04,55.7673393943302,26896,46527,6265136,276899,16.8028775835232,57.8072946891052,9,"Sep",2004
"1308",1308,2004-09-05,43.2716267461835,27428,61706,6265136,276899,22.2846597495838,44.4494862736201,9,"Sep",2004
"1309",1309,2004-09-06,26.9432353315515,3231,15714,6265136,276899,5.67499340914918,20.561282932417,9,"Sep",2004
"1310",1310,2004-09-07,33.118455383545,3593,11498,6265136,276899,4.15241658510865,31.2489128544095,9,"Sep",2004
"1311",1311,2004-09-08,58.9293346284604,34989,45298,6265136,276899,16.359033438185,77.2418208309418,9,"Sep",2004
"1312",1312,2004-09-09,64.2592403720627,40780,49024,6265136,276899,17.704650432107,83.1837467362924,9,"Sep",2004
"1313",1313,2004-09-10,58.3097979692243,15593,19106,6265136,276899,6.89998880458218,81.6131058306291,9,"Sep",2004
"1314",1314,2004-09-11,62.6902653113793,40863,50469,6265136,276899,18.2265013597016,80.9665339119063,9,"Sep",2004
"1315",1315,2004-09-12,56.3578320428827,11727,16790,6265136,276899,6.06358275038913,69.8451459201906,9,"Sep",2004
"1316",1316,2004-09-13,59.2127632499841,12716,15717,6265136,276899,5.67607683668052,80.9060253228988,9,"Sep",2004
"1317",1317,2004-09-14,53.5303525219531,16368,23573,6265136,276899,8.51321239874467,69.4353709752683,9,"Sep",2004
"1318",1318,2004-09-15,56.4348544111256,35509,46020,6265136,276899,16.6197783307271,77.1599304650152,9,"Sep",2004
"1319",1319,2004-09-16,58.465889894746,35442,46174,6265136,276899,16.6753942773358,76.7574825659462,9,"Sep",2004
"1320",1320,2004-09-17,67.2861536997986,58008,63071,6265136,276899,22.7776192763426,91.9725388847489,9,"Sep",2004
"1321",1321,2004-09-18,70.1591524505822,105956,118176,6265136,276899,42.6783773144721,89.6594909287842,9,"Sep",2004
"1322",1322,2004-09-19,66.518702716372,80970,94906,6265136,276899,34.2745910963925,85.3159968811245,9,"Sep",2004
"1323",1323,2004-09-20,66.025409271164,72094,88511,6265136,276899,31.9650847420901,81.4520229124064,9,"Sep",2004
"1324",1324,2004-09-21,63.2856089673776,44414,59683,6265136,276899,21.5540684509514,74.4165005110333,9,"Sep",2004
"1325",1325,2004-09-22,61.2828969359331,47774,62825,6265136,276899,22.6887782187729,76.0429765220852,9,"Sep",2004
"1326",1326,2004-09-23,63.7876385982099,89649,112285,6265136,276899,40.5508867854344,79.840584227635,9,"Sep",2004
"1327",1327,2004-09-24,54.9000933248195,12176,20359,6265136,276899,7.35250037017107,59.8064737953731,9,"Sep",2004
"1328",1328,2004-09-25,50.3578447305913,26425,39995,6265136,276899,14.4438947052897,66.0707588448556,9,"Sep",2004
"1329",1329,2004-09-26,52.5426280167592,36339,52747,6265136,276899,19.0491839984977,68.8930176123761,9,"Sep",2004
"1330",1330,2004-09-27,47.4742761773456,7861,13781,6265136,276899,4.97690493645698,57.0423046223061,9,"Sep",2004
"1331",1331,2004-09-28,57.8058589099943,43007,57963,6265136,276899,20.9329033329842,74.197332781257,9,"Sep",2004
"1332",1332,2004-09-29,69.1461734891279,57356,64615,6265136,276899,23.3352233124713,88.7657664628956,9,"Sep",2004
"1333",1333,2004-09-30,67.0450787804379,79201,97740,6265136,276899,35.2980689709966,81.0323306732146,9,"Sep",2004
"1334",1334,2004-10-01,53.3630513714635,19966,27817,6265136,276899,10.0459012130777,71.7762519322716,10,"Oct",2004
"1335",1335,2004-10-02,57.0742526947439,29938,44995,6265136,276899,16.2496072575199,66.5362818090899,10,"Oct",2004
"1336",1336,2004-10-03,62.5734785803712,113811,146968,6265136,276899,53.0763924752347,77.4393065157041,10,"Oct",2004
"1337",1337,2004-10-04,48.9431559066725,22720,43417,6265136,276899,15.679724376036,52.3297325932239,10,"Oct",2004
"1338",1338,2004-10-05,60.3417232579867,56544,71713,6265136,276899,25.8986128516174,78.847628742348,10,"Oct",2004
"1339",1339,2004-10-06,63.4550465643091,64563,79460,6265136,276899,28.6963838800429,81.2522023659703,10,"Oct",2004
"1340",1340,2004-10-07,63.1350595792771,41871,50437,6265136,276899,18.2149447993673,83.0164363463331,10,"Oct",2004
"1341",1341,2004-10-08,65.5525535778023,54966,64439,6265136,276899,23.2716622306328,85.2992752836015,10,"Oct",2004
"1342",1342,2004-10-09,59.0330016632138,25834,34271,6265136,276899,12.3767149754965,75.3815179014327,10,"Oct",2004
"1343",1343,2004-10-10,52.1115625,2315,3200,6265136,276899,1.15565603342735,72.34375,10,"Oct",2004
"1344",1344,2004-10-11,51.7027600849257,691,1413,6265136,276899,0.510294367260265,48.9030431705591,10,"Oct",2004
"1345",1345,2004-10-12,58.2793650793651,2663,3465,6265136,276899,1.25135879869555,76.8542568542568,10,"Oct",2004
"1346",1346,2004-10-13,54.3683023124647,1215,1773,6265136,276899,0.640305671020842,68.5279187817259,10,"Oct",2004
"1347",1347,2004-10-14,22.1481481481481,20,243,6265136,276899,0.0877576300383894,8.23045267489712,10,"Oct",2004
"1348",1348,2004-10-15,61.7200902934537,619,886,6265136,276899,0.319972264255198,69.8645598194131,10,"Oct",2004
"1349",1349,2004-10-16,51.480198019802,239,404,6265136,276899,0.145901574220203,59.1584158415842,10,"Oct",2004
"1350",1350,2004-10-17,58.8301886792453,187,212,6265136,276899,0.076562212214562,88.2075471698113,10,"Oct",2004
"1351",1351,2004-10-18,20.3721682847896,61,309,6265136,276899,0.111593035727829,19.7411003236246,10,"Oct",2004
"1352",1352,2004-10-19,63.1659863945578,607,735,6265136,276899,0.265439745177845,82.5850340136054,10,"Oct",2004
"1353",1353,2004-10-20,63.2503311258278,583,755,6265136,276899,0.272662595386766,77.2185430463576,10,"Oct",2004
"1354",1354,2004-10-21,71.1551724137931,58,58,6265136,276899,0.0209462656058707,100,10,"Oct",2004
"1355",1355,2004-10-22,NA,NA,0,6265136,276899,0,NA,10,"Oct",2004
"1356",1356,2004-10-23,53.5454545454545,235,308,6265136,276899,0.111231893217382,76.2987012987013,10,"Oct",2004
"1357",1357,2004-10-24,NA,NA,0,6265136,276899,0,NA,10,"Oct",2004
"1358",1358,2004-10-25,53.0666666666667,343,495,6265136,276899,0.178765542670793,69.2929292929293,10,"Oct",2004
"1359",1359,2004-10-26,48.6344086021505,83,186,6265136,276899,0.0671725069429648,44.6236559139785,10,"Oct",2004
"1360",1360,2004-10-27,55.3267605633803,232,355,6265136,276899,0.128205591208347,65.3521126760563,10,"Oct",2004
"1361",1361,2004-10-28,55.6666666666667,85,111,6265136,276899,0.0400868186595112,76.5765765765766,10,"Oct",2004
"1362",1362,2004-10-29,46.2857142857143,8,28,6265136,276899,0.0101119902924893,28.5714285714286,10,"Oct",2004
"1363",1363,2004-10-30,NA,NA,0,6265136,276899,0,NA,10,"Oct",2004
"1364",1364,2004-10-31,NA,NA,0,6265136,276899,0,NA,10,"Oct",2004
"1365",1365,2004-11-01,NA,NA,0,6265136,276899,0,NA,11,"Nov",2004
"1366",1366,2004-11-02,NA,NA,0,6265136,276899,0,NA,11,"Nov",2004
"1367",1367,2004-11-03,NA,NA,0,6265136,276899,0,NA,11,"Nov",2004
"1368",1368,2004-11-04,NA,NA,0,6265136,276899,0,NA,11,"Nov",2004
"1369",1369,2004-11-05,NA,NA,0,6265136,276899,0,NA,11,"Nov",2004
"1370",1370,2004-11-06,NA,NA,0,6265136,276899,0,NA,11,"Nov",2004
"1371",1371,2004-11-07,NA,NA,0,6265136,276899,0,NA,11,"Nov",2004
"1372",1372,2004-11-08,NA,NA,0,6265136,276899,0,NA,11,"Nov",2004
"1373",1373,2004-11-09,NA,NA,0,6265136,276899,0,NA,11,"Nov",2004
"1374",1374,2004-11-10,NA,NA,0,6265136,276899,0,NA,11,"Nov",2004
"1375",1375,2004-11-11,NA,NA,0,6265136,276899,0,NA,11,"Nov",2004
"1376",1376,2004-11-12,NA,NA,0,6265136,276899,0,NA,11,"Nov",2004
"1377",1377,2004-11-13,NA,NA,0,6265136,276899,0,NA,11,"Nov",2004
"1378",1378,2004-11-14,NA,NA,0,6265136,276899,0,NA,11,"Nov",2004
"1379",1379,2004-11-15,NA,NA,0,6265136,276899,0,NA,11,"Nov",2004
"1380",1380,2004-11-16,NA,NA,0,6265136,276899,0,NA,11,"Nov",2004
"1381",1381,2004-11-17,NA,NA,0,6265136,276899,0,NA,11,"Nov",2004
"1382",1382,2004-11-18,NA,NA,0,6265136,276899,0,NA,11,"Nov",2004
"1383",1383,2004-11-19,NA,NA,0,6265136,276899,0,NA,11,"Nov",2004
"1384",1384,2004-11-20,NA,NA,0,6265136,276899,0,NA,11,"Nov",2004
"1385",1385,2004-11-21,NA,NA,0,6265136,276899,0,NA,11,"Nov",2004
"1386",1386,2004-11-22,NA,NA,0,6265136,276899,0,NA,11,"Nov",2004
"1387",1387,2004-11-23,NA,NA,0,6265136,276899,0,NA,11,"Nov",2004
"1388",1388,2004-12-01,NA,NA,0,6265136,276899,0,NA,12,"Dec",2004
"1389",1389,2005-01-17,NA,NA,0,6265136,276899,0,NA,1,"Jan",2005
"1390",1390,2005-01-18,NA,NA,0,6265136,276899,0,NA,1,"Jan",2005
"1391",1391,2005-01-19,NA,NA,0,6265136,276899,0,NA,1,"Jan",2005
"1392",1392,2005-01-20,NA,NA,0,6265136,276899,0,NA,1,"Jan",2005
"1393",1393,2005-01-21,NA,NA,0,6265136,276899,0,NA,1,"Jan",2005
"1394",1394,2005-01-22,NA,NA,0,6265136,276899,0,NA,1,"Jan",2005
"1395",1395,2005-01-23,NA,NA,0,6265136,276899,0,NA,1,"Jan",2005
"1396",1396,2005-01-24,NA,NA,0,6265136,276899,0,NA,1,"Jan",2005
"1397",1397,2005-01-25,NA,NA,0,6265136,276899,0,NA,1,"Jan",2005
"1398",1398,2005-01-26,NA,NA,0,6265136,276899,0,NA,1,"Jan",2005
"1399",1399,2005-01-27,NA,NA,0,6265136,276899,0,NA,1,"Jan",2005
"1400",1400,2005-01-28,NA,NA,0,6265136,276899,0,NA,1,"Jan",2005
"1401",1401,2005-01-29,NA,NA,0,6265136,276899,0,NA,1,"Jan",2005
"1402",1402,2005-01-30,NA,NA,0,6265136,276899,0,NA,1,"Jan",2005
"1403",1403,2005-01-31,NA,NA,0,6265136,276899,0,NA,1,"Jan",2005
"1404",1404,2005-02-01,NA,NA,0,6265136,276899,0,NA,2,"Feb",2005
"1405",1405,2005-02-02,NA,NA,0,6265136,276899,0,NA,2,"Feb",2005
"1406",1406,2005-02-03,NA,NA,0,6265136,276899,0,NA,2,"Feb",2005
"1407",1407,2005-02-04,NA,NA,0,6265136,276899,0,NA,2,"Feb",2005
"1408",1408,2005-02-05,NA,NA,0,6265136,276899,0,NA,2,"Feb",2005
"1409",1409,2005-02-06,NA,NA,0,6265136,276899,0,NA,2,"Feb",2005
"1410",1410,2005-02-07,NA,NA,0,6265136,276899,0,NA,2,"Feb",2005
"1411",1411,2005-02-08,NA,NA,0,6265136,276899,0,NA,2,"Feb",2005
"1412",1412,2005-02-09,NA,NA,0,6265136,276899,0,NA,2,"Feb",2005
"1413",1413,2005-02-10,NA,NA,0,6265136,276899,0,NA,2,"Feb",2005
"1414",1414,2005-02-11,53.48730964467,142,197,6265136,276899,0.0711450745578713,72.0812182741117,2,"Feb",2005
"1415",1415,2005-02-12,54.072131147541,199,305,6265136,276899,0.110148465686044,65.2459016393443,2,"Feb",2005
"1416",1416,2005-02-13,54.0247524752475,159,202,6265136,276899,0.0729507871101015,78.7128712871287,2,"Feb",2005
"1417",1417,2005-02-14,54.2723311546841,308,459,6265136,276899,0.165764412294736,67.1023965141612,2,"Feb",2005
"1418",1418,2005-02-15,NA,NA,0,6265136,276899,0,NA,2,"Feb",2005
"1419",1419,2005-02-16,56.3419689119171,327,386,6265136,276899,0.139401009032174,84.7150259067357,2,"Feb",2005
"1420",1420,2005-02-17,47.2988047808765,157,251,6265136,276899,0.0906467701219578,62.5498007968127,2,"Feb",2005
"1421",1421,2005-02-18,53.8252427184466,189,309,6265136,276899,0.111593035727829,61.1650485436893,2,"Feb",2005
"1422",1422,2005-02-19,63.0529801324503,132,151,6265136,276899,0.0545325190773531,87.4172185430464,2,"Feb",2005
"1423",1423,2005-02-20,62.3265700483092,911,1035,6265136,276899,0.373782498311659,88.0193236714976,2,"Feb",2005
"1424",1424,2005-02-21,NA,NA,0,6265136,276899,0,NA,2,"Feb",2005
"1425",1425,2005-02-22,82.3882352941176,1522,1530,6265136,276899,0.552548040982452,99.4771241830065,2,"Feb",2005
"1426",1426,2005-02-23,79.2454274776691,2285,2351,6265136,276899,0.849046042058657,97.1926839642705,2,"Feb",2005
"1427",1427,2005-02-24,70.5439024390244,1093,1230,6265136,276899,0.444205287848638,88.8617886178862,2,"Feb",2005
"1428",1428,2005-02-25,70.2877697841727,464,556,6265136,276899,0.200795235808002,83.4532374100719,2,"Feb",2005
"1429",1429,2005-02-26,50.1616766467066,168,334,6265136,276899,0.12062159848898,50.2994011976048,2,"Feb",2005
"1430",1430,2005-02-27,59.8116147308782,674,706,6265136,276899,0.254966612374909,95.4674220963173,2,"Feb",2005
"1431",1431,2005-02-28,49.7918215613383,293,538,6265136,276899,0.194294670619973,54.4609665427509,2,"Feb",2005
"1432",1432,2005-03-01,72.8651375529697,14675,14867,6265136,276899,5.36910570280138,98.7085491356696,3,"Mar",2005
"1433",1433,2005-03-02,62.0984749455338,4054,4590,6265136,276899,1.65764412294736,88.322440087146,3,"Mar",2005
"1434",1434,2005-03-03,68.4336734693878,29475,31360,6265136,276899,11.325429127588,93.9891581632653,3,"Mar",2005
"1435",1435,2005-03-04,51.8900523560209,141,191,6265136,276899,0.068978219495195,73.8219895287958,3,"Mar",2005
"1436",1436,2005-03-05,63.52317770128,58531,59842,6265136,276899,21.6114901101124,97.8092309749006,3,"Mar",2005
"1437",1437,2005-03-06,60.7963340761432,28207,31861,6265136,276899,11.5063615253215,88.5314334138916,3,"Mar",2005
"1438",1438,2005-03-07,71.7599543152076,112077,114699,6265136,276899,41.4226848056512,97.7140166871551,3,"Mar",2005
"1439",1439,2005-03-08,73.5018872354258,109358,110744,6265136,276899,39.994366176837,98.7484649281225,3,"Mar",2005
"1440",1440,2005-03-09,70.6047444942729,137727,140036,6265136,276899,50.5729525928227,98.3511382787283,3,"Mar",2005
"1441",1441,2005-03-10,66.9500193679861,177287,178129,6265136,276899,64.3299542432439,99.5273088604326,3,"Mar",2005
"1442",1442,2005-03-11,70.345438882127,123909,126526,6265136,276899,45.6939172766966,97.9316504117731,3,"Mar",2005
"1443",1443,2005-03-12,68.2368078625793,135419,137563,6265136,276899,49.6798471644896,98.4414413759514,3,"Mar",2005
"1444",1444,2005-03-13,68.5022520988783,99500,102793,6265136,276899,37.1229220762805,96.7964744681058,3,"Mar",2005
"1445",1445,2005-03-14,71.3159567406652,146529,149147,6265136,276899,53.8633220054966,98.2446847740819,3,"Mar",2005
"1446",1446,2005-03-15,67.7028376774512,128832,129754,6265136,276899,46.8596853004164,99.2894246034804,3,"Mar",2005
"1447",1447,2005-03-16,70.4017492675252,160216,161439,6265136,276899,58.3024857438994,99.2424383203563,3,"Mar",2005
"1448",1448,2005-03-17,67.6044733302608,106072,106319,6265136,276899,38.3963105681133,99.7676802829221,3,"Mar",2005
"1449",1449,2005-03-18,72.4677952238999,184727,185842,6265136,276899,67.1154464263143,99.4000279807578,3,"Mar",2005
"1450",1450,2005-03-19,68.4418450419235,144433,147769,6265136,276899,53.3656676261019,97.7424222942566,3,"Mar",2005
"1451",1451,2005-03-20,66.0073843927561,91380,93982,6265136,276899,33.9408954167404,97.2313847332468,3,"Mar",2005
"1452",1452,2005-03-21,66.073314278378,147401,147993,6265136,276899,53.4465635484419,99.5999810801862,3,"Mar",2005
"1453",1453,2005-03-22,58.4954430770815,18127,19421,6265136,276899,7.01374869537268,93.3371093146594,3,"Mar",2005
"1454",1454,2005-03-23,66.4198279289,68781,70436,6265136,276899,25.4374338657778,97.6503492532228,3,"Mar",2005
"1455",1455,2005-03-24,68.5278685910214,37036,37623,6265136,276899,13.5872646705116,98.4397841745741,3,"Mar",2005
"1456",1456,2005-03-25,66.6892553338465,99461,101334,6265136,276899,36.5960151535397,98.1516568969941,3,"Mar",2005
"1457",1457,2005-03-26,63.8944829152004,16164,17618,6265136,276899,6.36260874903846,91.7470768532183,3,"Mar",2005
"1458",1458,2005-03-27,61.2208212452578,15914,17924,6265136,276899,6.47311835723495,88.7859852711448,3,"Mar",2005
"1459",1459,2005-03-28,74.9191095141584,155398,156409,6265136,276899,56.4859389163558,99.3536177585689,3,"Mar",2005
"1460",1460,2005-03-29,68.2912289443452,69898,72249,6265136,276899,26.0921852372165,96.7459757228474,3,"Mar",2005
"1461",1461,2005-03-30,60.5780260979647,40525,41076,6265136,276899,14.8342897590818,98.6585840880319,3,"Mar",2005
"1462",1462,2005-03-31,61.5446299293076,22946,23482,6265136,276899,8.48034843029408,97.7174005621327,3,"Mar",2005
"1463",1463,2005-04-01,67.719602251163,91903,92219,6265136,276899,33.304201170824,99.6573374250426,4,"Apr",2005
"1464",1464,2005-04-02,68.5402430754786,114833,115026,6265136,276899,41.540778406567,99.8322118477562,4,"Apr",2005
"1465",1465,2005-04-03,67.9889499389499,97803,98280,6265136,276899,35.4930859266375,99.514652014652,4,"Apr",2005
"1466",1466,2005-04-04,68.4053630084154,115249,115383,6265136,276899,41.6697062827963,99.8838650407772,4,"Apr",2005
"1467",1467,2005-04-05,68.1509467055316,119471,119731,6265136,276899,43.2399539182157,99.7828465476777,4,"Apr",2005
"1468",1468,2005-04-06,63.5631088082902,33431,33775,6265136,276899,12.1975882903152,98.9814951887491,4,"Apr",2005
"1469",1469,2005-04-07,70.3158385731915,136095,136136,6265136,276899,49.1644968020831,99.9698830581183,4,"Apr",2005
"1470",1470,2005-04-08,69.9230203916136,118371,118382,6265136,276899,42.752772671624,99.9907080468314,4,"Apr",2005
"1471",1471,2005-04-09,66.6940932990267,35708,35756,6265136,276899,12.9130116035089,99.8657567960622,4,"Apr",2005
"1472",1472,2005-04-10,65.1733333333333,18303,18675,6265136,276899,6.74433638257993,98.0080321285141,4,"Apr",2005
"1473",1473,2005-04-11,62.4947011445528,2176,2359,6265136,276899,0.851935182142225,92.2424756252649,4,"Apr",2005
"1474",1474,2005-04-12,71.0374038304141,60395,61090,6265136,276899,22.062195963149,98.8623342609265,4,"Apr",2005
"1475",1475,2005-04-13,73.1917265251042,164647,165251,6265136,276899,59.6791609937197,99.6344954039612,4,"Apr",2005
"1476",1476,2005-04-14,75.3214350947976,246295,246367,6265136,276899,88.9735968710613,99.9707753067578,4,"Apr",2005
"1477",1477,2005-04-15,77.1234478712237,250328,250543,6265136,276899,90.481727994684,99.9141863871671,4,"Apr",2005
"1478",1478,2005-04-16,76.3779662698413,201510,201600,6265136,276899,72.8063301059231,99.9553571428571,4,"Apr",2005
"1479",1479,2005-04-17,77.6885689775347,186309,186510,6265136,276899,67.3566896232922,99.8922309795721,4,"Apr",2005
"1480",1480,2005-04-18,78.9261785520427,97048,97641,6265136,276899,35.2623158624625,99.3926731598406,4,"Apr",2005
"1481",1481,2005-04-19,76.3134382796201,68338,68543,6265136,276899,24.7537910935034,99.7009176721182,4,"Apr",2005
"1482",1482,2005-04-20,76.5469260462783,229101,229265,6265136,276899,82.797337657413,99.9284670577716,4,"Apr",2005
"1483",1483,2005-04-21,71.6170034713613,31933,32264,6265136,276899,11.6519019570313,98.9740887676667,4,"Apr",2005
"1484",1484,2005-04-22,74.9862016098122,23085,23481,6265136,276899,8.47998728778363,98.3135300881564,4,"Apr",2005
"1485",1485,2005-04-23,76.5743638988776,146726,146832,6265136,276899,53.027277093814,99.9278086520649,4,"Apr",2005
"1486",1486,2005-04-24,66.0129388964888,17227,17544,6265136,276899,6.33588420326545,98.1931144550844,4,"Apr",2005
"1487",1487,2005-04-25,72.8875950460385,129600,129674,6265136,276899,46.8307938995807,99.9429338186529,4,"Apr",2005
"1488",1488,2005-04-26,73.7986114113283,115560,115657,6265136,276899,41.7686593306585,99.9161313193322,4,"Apr",2005
"1489",1489,2005-04-27,74.501796593227,148008,148058,6265136,276899,53.4700378116208,99.9662294506207,4,"Apr",2005
"1490",1490,2005-04-28,75.3566827368306,146796,146856,6265136,276899,53.0359445140647,99.9591436509234,4,"Apr",2005
"1491",1491,2005-04-29,74.5715506656065,184786,184869,6265136,276899,66.7640547636503,99.9551033434486,4,"Apr",2005
"1492",1492,2005-04-30,73.7195604193489,108715,108740,6265136,276899,39.2706365859032,99.9770093801729,4,"Apr",2005
"1493",1493,2005-05-01,70.5983767028306,24169,24518,6265136,276899,8.85449207111618,98.5765559996737,5,"May",2005
"1494",1494,2005-05-02,76.9349650842915,70602,70885,6265136,276899,25.599586852968,99.6007617972773,5,"May",2005
"1495",1495,2005-05-03,77.5791943051286,49178,49448,6265136,276899,17.8577748565361,99.4539718492153,5,"May",2005
"1496",1496,2005-05-04,78.3663280221307,82615,82781,6265136,276899,29.8957381572342,99.7994708930793,5,"May",2005
"1497",1497,2005-05-05,78.4420266640381,121572,121737,6265136,276899,43.9644057941704,99.8644619137978,5,"May",2005
"1498",1498,2005-05-06,78.6082835955869,220963,221160,6265136,276899,79.8702776102478,99.9109242177609,5,"May",2005
"1499",1499,2005-05-07,80.4194764790727,154409,154607,6265136,276899,55.835160112532,99.8719333535998,5,"May",2005
"1500",1500,2005-05-08,80.7378868174506,126550,126804,6265136,276899,45.7943148946006,99.799690861487,5,"May",2005
"1501",1501,2005-05-09,79.4343361708877,94437,94565,6265136,276899,34.1514415003304,99.8646433669962,5,"May",2005
"1502",1502,2005-05-10,77.1962287360115,132939,133324,6265136,276899,48.1489640627088,99.711229786085,5,"May",2005
"1503",1503,2005-05-11,70.655527732205,34532,34743,6265136,276899,12.547174240427,99.3926834182425,5,"May",2005
"1504",1504,2005-05-12,68.1650619889211,30249,30328,6265136,276899,10.9527300568077,99.7395146399367,5,"May",2005
"1505",1505,2005-05-13,75.5222937229487,43577,43667,6265136,276899,15.7700100036475,99.7938947030939,5,"May",2005
"1506",1506,2005-05-14,67.7145690587811,5377,5546,6265136,276899,2.00289636293378,96.9527587450415,5,"May",2005
"1507",1507,2005-05-15,69.087949743004,6874,7004,6265136,276899,2.52944214316411,98.1439177612793,5,"May",2005
"1508",1508,2005-05-16,76.9090374810831,67902,68061,6265136,276899,24.5797204034684,99.7663860360559,5,"May",2005
"1509",1509,2005-05-17,69.9620114285714,21786,21875,6265136,276899,7.89999241600728,99.5931428571429,5,"May",2005
"1510",1510,2005-05-18,76.1368047264824,65036,65334,6265136,276899,23.594884777482,99.5438822052836,5,"May",2005
"1511",1511,2005-05-19,72.8497980352067,39901,40106,6265136,276899,14.4839815239492,99.488854535481,5,"May",2005
"1512",1512,2005-05-20,69.5728501892915,27667,27735,6265136,276899,10.0162875272211,99.7548224265369,5,"May",2005
"1513",1513,2005-05-21,73.6628456474901,83757,84009,6265136,276899,30.339221160062,99.7000321394136,5,"May",2005
"1514",1514,2005-05-22,75.1266562279666,108835,109209,6265136,276899,39.4400124233024,99.6575373824502,5,"May",2005
"1515",1515,2005-05-23,75.9635897905041,76066,76517,6265136,276899,27.6335414718002,99.410588496674,5,"May",2005
"1516",1516,2005-05-24,71.0357560058916,19312,19689,6265136,276899,7.11053488817222,98.0852252526792,5,"May",2005
"1517",1517,2005-05-25,74.5019030079804,8100,8145,6265136,276899,2.94150574758305,99.4475138121547,5,"May",2005
"1518",1518,2005-05-26,72.4883580284246,22423,23149,6265136,276899,8.36008797431554,96.8637954123288,5,"May",2005
"1519",1519,2005-05-27,73.832281170329,16225,16474,6265136,276899,5.94946171708818,98.488527376472,5,"May",2005
"1520",1520,2005-05-28,77.0096471392084,61161,61469,6265136,276899,22.1990689746081,99.4989344222291,5,"May",2005
"1521",1521,2005-05-29,71.0046356855995,43296,43575,6265136,276899,15.7367848926865,99.3597246127367,5,"May",2005
"1522",1522,2005-05-30,73.8442353070296,72418,72892,6265136,276899,26.3243998714333,99.349722877682,5,"May",2005
"1523",1523,2005-05-31,74.8221874946918,58505,58871,6265136,276899,21.2608207324692,99.3783017105196,5,"May",2005
"1524",1524,2005-06-01,64.796599690881,3093,3235,6265136,276899,1.16829602129296,95.6105100463678,6,"Jun",2005
"1525",1525,2005-06-02,77.2358551185363,28960,29569,6265136,276899,10.6786228913792,97.9404105651189,6,"Jun",2005
"1526",1526,2005-06-03,71.1654601861427,1865,1934,6265136,276899,0.698449615202655,96.4322647362978,6,"Jun",2005
"1527",1527,2005-06-04,79.4255822600818,87583,88749,6265136,276899,32.0510366595762,98.6861823795198,6,"Jun",2005
"1528",1528,2005-06-05,79.8894240328745,44350,45263,6265136,276899,16.3463934503194,97.9828999403486,6,"Jun",2005
"1529",1529,2005-06-06,84.1365485183033,35283,36141,6265136,276899,13.0520514700306,97.6259649705321,6,"Jun",2005
"1530",1530,2005-06-07,82.0452336305538,25652,26131,6265136,276899,9.43701494046566,98.166928169607,6,"Jun",2005
"1531",1531,2005-06-08,81.9088268365817,10158,10672,6265136,276899,3.85411287148021,95.1836581709145,6,"Jun",2005
"1532",1532,2005-06-09,82.2766199142228,41849,43135,6265136,276899,15.5778821880902,97.0186623391677,6,"Jun",2005
"1533",1533,2005-06-10,83.2671284526221,181639,185656,6265136,276899,67.0482739193713,97.8363209376481,6,"Jun",2005
"1534",1534,2005-06-11,83.8516009756552,62586,64367,6265136,276899,23.2456599698807,97.2330542047944,6,"Jun",2005
"1535",1535,2005-06-12,83.1296805513121,85673,88371,6265136,276899,31.9145247906276,96.9469622387435,6,"Jun",2005
"1536",1536,2005-06-13,77.1504299699467,190950,201642,6265136,276899,72.8214980913618,94.6975332520011,6,"Jun",2005
"1537",1537,2005-06-14,81.0613056208503,115941,121245,6265136,276899,43.786723679031,95.625386613881,6,"Jun",2005
"1538",1538,2005-06-15,81.9631212470906,98410,102254,6265136,276899,36.9282662631501,96.2407338588222,6,"Jun",2005
"1539",1539,2005-06-16,81.789045923007,147927,158352,6265136,276899,57.1876388141525,93.4165656259473,6,"Jun",2005
"1540",1540,2005-06-17,83.8070927950659,101799,107010,6265136,276899,38.6458600428315,95.1303616484441,6,"Jun",2005
"1541",1541,2005-06-18,81.43868427086,71585,74149,6265136,276899,26.7783560070639,96.5420976682086,6,"Jun",2005
"1542",1542,2005-06-19,82.5043769662153,13672,14622,6265136,276899,5.2806257877421,93.5029407741759,6,"Jun",2005
"1543",1543,2005-06-20,58.6139673845388,5440,8033,6265136,276899,2.9010577864131,67.7206523092244,6,"Jun",2005
"1544",1544,2005-06-21,73.5312251822973,12204,13851,6265136,276899,5.0021849121882,88.1091617933723,6,"Jun",2005
"1545",1545,2005-06-22,69.6308375685302,104146,124945,6265136,276899,45.1229509676814,83.3534755292329,6,"Jun",2005
"1546",1546,2005-06-23,73.8311890741749,35767,40418,6265136,276899,14.5966579872083,88.4927507546143,6,"Jun",2005
"1547",1547,2005-06-24,69.0245832326649,13259,16556,6265136,276899,5.97907540294476,80.0857695095434,6,"Jun",2005
"1548",1548,2005-06-25,67.5357299430075,37494,47901,6265136,276899,17.2990873928761,78.2739400012526,6,"Jun",2005
"1549",1549,2005-06-26,62.8053003999473,16456,22753,6265136,276899,8.21707554017891,72.3245286335868,6,"Jun",2005
"1550",1550,2005-06-27,64.6992732972357,10022,14036,6265136,276899,5.06899627662072,71.4021088629239,6,"Jun",2005
"1551",1551,2005-06-28,76.4045172973312,187292,223098,6265136,276899,80.5701717954922,83.9505508789859,6,"Jun",2005
"1552",1552,2005-06-29,79.5154618419263,161965,183775,6265136,276899,66.3689648572223,88.1322269079037,6,"Jun",2005
"1553",1553,2005-06-30,71.7442841741329,43538,53798,6265136,276899,19.4287447769764,80.9286590579575,6,"Jun",2005
"1554",1554,2005-07-01,65.7107000716693,47599,65579,6265136,276899,23.6833646925413,72.5826865307492,7,"Jul",2005
"1555",1555,2005-07-02,76.024017310635,139634,167296,6265136,276899,60.4176974275819,83.4652352716144,7,"Jul",2005
"1556",1556,2005-07-03,68.4919212877546,125381,165311,6265136,276899,59.7008295443465,75.8455275208546,7,"Jul",2005
"1557",1557,2005-07-04,72.9941929477482,138122,171860,6265136,276899,62.0659518452577,80.3689049226114,7,"Jul",2005
"1558",1558,2005-07-05,70.8824611768333,160279,207608,6265136,276899,74.976074308683,77.2027089514855,7,"Jul",2005
"1559",1559,2005-07-06,69.4596009531248,153654,202282,6265136,276899,73.0526292980473,75.9602930562284,7,"Jul",2005
"1560",1560,2005-07-07,61.4534073289812,133445,199291,6265136,276899,71.9724520493032,66.9598727488948,7,"Jul",2005
"1561",1561,2005-07-08,64.2039019950087,140013,199949,6265136,276899,72.2100838211767,70.0243562108338,7,"Jul",2005
"1562",1562,2005-07-09,55.9630963919317,33702,54683,6265136,276899,19.7483558987212,61.6315856847649,7,"Jul",2005
"1563",1563,2005-07-10,50.5808517858658,12378,23574,6265136,276899,8.51357354125511,52.5069992364469,7,"Jul",2005
"1564",1564,2005-07-11,62.4508145184338,24629,34990,6265136,276899,12.6363764405072,70.3886824807088,7,"Jul",2005
"1565",1565,2005-07-12,56.2132003949925,19576,31393,6265136,276899,11.3373468304328,62.3578504762208,7,"Jul",2005
"1566",1566,2005-07-13,57.766511627907,23966,37625,6265136,276899,13.5879869555325,63.6970099667774,7,"Jul",2005
"1567",1567,2005-07-14,56.7694384952044,20027,32217,6265136,276899,11.6349282590403,62.1628332867741,7,"Jul",2005
"1568",1568,2005-07-15,52.4825876736642,9709,16339,6265136,276899,5.90070747817796,59.4222412632352,7,"Jul",2005
"1569",1569,2005-07-16,42.1810606060606,4493,9240,6265136,276899,3.33695679652148,48.6255411255411,7,"Jul",2005
"1570",1570,2005-07-17,59.8301819030688,37815,55689,6265136,276899,20.1116652642299,67.9038948445833,7,"Jul",2005
"1571",1571,2005-07-18,55.5147557980227,49110,81019,6265136,276899,29.2594050538283,60.615411199842,7,"Jul",2005
"1572",1572,2005-07-19,47.0365556458164,3193,6155,6265136,276899,2.22283215179542,51.876523151909,7,"Jul",2005
"1573",1573,2005-07-20,55.2522867966368,41855,64938,6265136,276899,23.4518723433454,64.4537866888417,7,"Jul",2005
"1574",1574,2005-07-21,62.4349293697169,24819,35254,6265136,276899,12.7317180632649,70.4005219265899,7,"Jul",2005
"1575",1575,2005-07-22,55.5709568259469,40083,61171,6265136,276899,22.0914485064951,65.5261480113125,7,"Jul",2005
"1576",1576,2005-07-23,52.182304921555,100814,174071,6265136,276899,62.8644379358539,57.9154482940869,7,"Jul",2005
"1577",1577,2005-07-24,53.2165907347244,61876,105577,6265136,276899,38.1283428253623,58.6074618524868,7,"Jul",2005
"1578",1578,2005-07-25,44.6938701045974,13589,24666,6265136,276899,8.9079411626622,55.0920295143112,7,"Jul",2005
"1579",1579,2005-07-26,62.0120641884091,15777,17324,6265136,276899,6.25643285096732,91.0701916416532,7,"Jul",2005
"1580",1580,2005-07-27,27.9508294545889,2510,8379,6265136,276899,3.02601309502743,29.9558419859172,7,"Jul",2005
"1581",1581,2005-07-28,38.9731853240107,5986,13873,6265136,276899,5.01013004741801,43.1485619548764,7,"Jul",2005
"1582",1582,2005-07-29,64.5375145302758,13428,18926,6265136,276899,6.83498315270189,70.95001585121,7,"Jul",2005
"1583",1583,2005-07-30,68.2791601631338,74625,99305,6265136,276899,35.8632569998447,75.1472735511807,7,"Jul",2005
"1584",1584,2005-07-31,50.3616596968745,46517,82738,6265136,276899,29.880209029285,56.2220503275399,7,"Jul",2005
"1585",1585,2005-08-01,29.9999662321875,9518,29614,6265136,276899,10.6948743043492,32.1402039575876,8,"Aug",2005
"1586",1586,2005-08-02,43.9603377184371,8816,15279,6265136,276899,5.51789641710515,57.7001112638262,8,"Aug",2005
"1587",1587,2005-08-03,39.4126167484565,22748,50536,6265136,276899,18.2506979079014,45.0134557543138,8,"Aug",2005
"1588",1588,2005-08-04,57.1151524222921,39403,60129,6265136,276899,21.7151380106104,65.5307754993431,8,"Aug",2005
"1589",1589,2005-08-05,38.3108889762453,7695,17807,6265136,276899,6.43086468351276,43.2133430673331,8,"Aug",2005
"1590",1590,2005-08-06,48.3460170697013,3717,5624,6265136,276899,2.03106547874857,66.0917496443812,8,"Aug",2005
"1591",1591,2005-08-07,38.8171756507481,3985,9758,6265136,276899,3.52402861693253,40.8382865341258,8,"Aug",2005
"1592",1592,2005-08-08,56.5291990436342,22353,33460,6265136,276899,12.0838283995247,66.8051404662283,8,"Aug",2005
"1593",1593,2005-08-09,59.8820046766945,41594,60299,6265136,276899,21.7765322373862,68.9795850677457,8,"Aug",2005
"1594",1594,2005-08-10,66.7230602342525,50467,68217,6265136,276899,24.636058635098,73.9800929387103,8,"Aug",2005
"1595",1595,2005-08-11,44.9241741741742,598,1332,6265136,276899,0.481041823914135,44.8948948948949,8,"Aug",2005
"1596",1596,2005-08-12,53.3850377487989,7637,13113,6265136,276899,4.73566173947902,58.2399145885762,8,"Aug",2005
"1597",1597,2005-08-13,41.0522994992909,15398,34551,6265136,276899,12.4778348784214,44.5660038783248,8,"Aug",2005
"1598",1598,2005-08-14,45.1498584368503,47701,95717,6265136,276899,34.5674776723643,49.8354524274685,8,"Aug",2005
"1599",1599,2005-08-15,44.3224208934995,9334,19183,6265136,276899,6.92779677788652,48.6576656414534,8,"Aug",2005
"1600",1600,2005-08-16,56.1515109795553,38309,58108,6265136,276899,20.9852689969989,65.927238934398,8,"Aug",2005
"1601",1601,2005-08-17,67.0068793131555,69260,92015,6265136,276899,33.230528098693,75.2703363582025,8,"Aug",2005
"1602",1602,2005-08-18,52.1022921483864,11377,19894,6265136,276899,7.18456910281366,57.1880969136423,8,"Aug",2005
"1603",1603,2005-08-19,27.1865729898517,1677,7686,6265136,276899,2.77574133528832,21.8188914910226,8,"Aug",2005
"1604",1604,2005-08-20,47.3133083020442,3608,7191,6265136,276899,2.59697579261752,50.1738283966069,8,"Aug",2005
"1605",1605,2005-08-21,45.382242359973,5096,10373,6265136,276899,3.74613126085685,49.1275426588258,8,"Aug",2005
"1606",1606,2005-08-22,52.2673402868318,10187,15340,6265136,276899,5.53992611024236,66.4080834419817,8,"Aug",2005
"1607",1607,2005-08-23,45.8775817124524,5211,9974,6265136,276899,3.60203539918887,52.2458391818729,8,"Aug",2005
"1608",1608,2005-08-24,30.7721307563827,8572,25146,6265136,276899,9.0812895676763,34.0889207030939,8,"Aug",2005
"1609",1609,2005-08-25,36.1742212794462,6797,17914,6265136,276899,6.46950693213049,37.9423914257006,8,"Aug",2005
"1610",1610,2005-08-26,40.8446171356804,11553,25479,6265136,276899,9.20155002365484,45.3432238313906,8,"Aug",2005
"1611",1611,2005-08-27,37.7390278433223,2908,6357,6265136,276899,2.29578293890552,45.7448481988359,8,"Aug",2005
"1612",1612,2005-08-28,39.6507489300999,10702,28040,6265136,276899,10.1264359929072,38.1669044222539,8,"Aug",2005
"1613",1613,2005-08-29,48.2256175456447,45798,88455,6265136,276899,31.9448607615051,51.7754790571477,8,"Aug",2005
"1614",1614,2005-08-30,41.6197318509973,26869,57207,6265136,276899,20.659879595087,46.9680283881343,8,"Aug",2005
"1615",1615,2005-08-31,49.5111075899224,17006,31555,6265136,276899,11.395851917125,53.8932023451117,8,"Aug",2005
"1616",1616,2005-09-01,54.7305252026789,12971,17022,6265136,276899,6.14736781281261,76.2013864410763,9,"Sep",2005
"1617",1617,2005-09-02,51.9995767290063,59651,89777,6265136,276899,32.4222911603148,66.443521169119,9,"Sep",2005
"1618",1618,2005-09-03,58.5878366835602,62361,87805,6265136,276899,31.7101181297152,71.0221513581231,9,"Sep",2005
"1619",1619,2005-09-04,52.1559868702726,42243,70070,6265136,276899,25.3052557069545,60.2868560011417,9,"Sep",2005
"1620",1620,2005-09-05,40.3795822324967,11210,24224,6265136,276899,8.74831617304505,46.2764200792602,9,"Sep",2005
"1621",1621,2005-09-06,51.8470555785409,14868,21753,6265136,276899,7.85593302973286,68.349193214729,9,"Sep",2005
"1622",1622,2005-09-07,44.3166140130696,24829,46214,6265136,276899,16.6898399777536,53.7261435928506,9,"Sep",2005
"1623",1623,2005-09-08,55.9017765097936,30253,41711,6265136,276899,15.0636152532151,72.5300280501546,9,"Sep",2005
"1624",1624,2005-09-09,55.5084,21074,30000,6265136,276899,10.8342753133814,70.2466666666667,9,"Sep",2005
"1625",1625,2005-09-10,58.9173211721983,19864,23682,6265136,276899,8.55257693238329,83.8780508403007,9,"Sep",2005
"1626",1626,2005-09-11,58.2636842712621,21144,25997,6265136,276899,9.38862184406589,81.3324614378582,9,"Sep",2005
"1627",1627,2005-09-12,57.7085494093921,23634,27768,6265136,276899,10.0282052300658,85.1123595505618,9,"Sep",2005
"1628",1628,2005-09-13,62.7083614512034,56020,62238,6265136,276899,22.4767875651411,90.0093190655227,9,"Sep",2005
"1629",1629,2005-09-14,66.1155745062837,74000,80208,6265136,276899,28.9665184778565,92.2601236784361,9,"Sep",2005
"1630",1630,2005-09-15,59.7539805172993,13052,14885,6265136,276899,5.37560626798941,87.6855895196506,9,"Sep",2005
"1631",1631,2005-09-16,61.9110327919093,27168,32630,6265136,276899,11.7840801158545,83.2608029420778,9,"Sep",2005
"1632",1632,2005-09-17,59.4929543762629,30567,37612,6265136,276899,13.5832921028967,81.2692757630544,9,"Sep",2005
"1633",1633,2005-09-18,69.2728334542623,161235,169521,6265136,276899,61.2212395133244,95.1121100040703,9,"Sep",2005
"1634",1634,2005-09-19,71.1852930144498,104336,111974,6265136,276899,40.4385714646857,93.1787736438816,9,"Sep",2005
"1635",1635,2005-09-20,60.2641359277386,19816,25131,6265136,276899,9.07587243001961,78.8508216943218,9,"Sep",2005
"1636",1636,2005-09-21,58.5155850229717,28232,36349,6265136,276899,13.1271691122034,77.6692618779059,9,"Sep",2005
"1637",1637,2005-09-22,50.9608536729159,5850,8481,6265136,276899,3.06284963109293,68.9777148921118,9,"Sep",2005
"1638",1638,2005-09-23,64.6089388947597,41934,48261,6265136,276899,17.4290986966367,86.8900354323367,9,"Sep",2005
"1639",1639,2005-09-24,69.4009506392895,121118,129597,6265136,276899,46.8029859262764,93.4574102795589,9,"Sep",2005
"1640",1640,2005-09-25,67.865864211227,81970,90140,6265136,276899,32.5533858916067,90.936321278012,9,"Sep",2005
"1641",1641,2005-09-26,65.2572285009466,59691,69724,6265136,276899,25.1803003983402,85.6104067466009,9,"Sep",2005
"1642",1642,2005-09-27,69.5521183338652,99071,106546,6265136,276899,38.4782899179845,92.9842509338689,9,"Sep",2005
"1643",1643,2005-09-28,67.2951864340517,92942,102315,6265136,276899,36.9502959562873,90.8390754043884,9,"Sep",2005
"1644",1644,2005-09-29,71.8351334241372,147736,156381,6265136,276899,56.4758269260633,94.4718348136922,9,"Sep",2005
"1645",1645,2005-09-30,58.0208247024056,56866,72414,6265136,276899,26.1517737514401,78.5290137266275,9,"Sep",2005
"1646",1646,2005-10-01,55.7716481964363,27569,36816,6265136,276899,13.2958226645817,74.8832029552369,10,"Oct",2005
"1647",1647,2005-10-02,64.1816874590928,90228,100838,6265136,276899,36.4168884683585,89.4781729110058,10,"Oct",2005
"1648",1648,2005-10-03,58.1996545836359,37774,50953,6265136,276899,18.4012943347574,74.134987145016,10,"Oct",2005
"1649",1649,2005-10-04,60.5224389528489,50174,54548,6265136,276899,19.699601659811,91.9813742025372,10,"Oct",2005
"1650",1650,2005-10-05,58.7227146166762,42827,47049,6265136,276899,16.9913939739761,91.0263767561478,10,"Oct",2005
"1651",1651,2005-10-06,66.2919677171407,48070,52040,6265136,276899,18.7938562436123,92.3712528823982,10,"Oct",2005
"1652",1652,2005-10-07,63.3792325056433,693,886,6265136,276899,0.319972264255198,78.2167042889391,10,"Oct",2005
"1653",1653,2005-10-08,57.2541520517263,17771,23663,6265136,276899,8.54571522468481,75.1003676625956,10,"Oct",2005
"1654",1654,2005-10-09,57.5239884690621,14181,19426,6265136,276899,7.01555440792491,73.0001029548028,10,"Oct",2005
"1655",1655,2005-10-10,68.2781532928191,28173,32252,6265136,276899,11.6475682469059,87.3527223117946,10,"Oct",2005
"1656",1656,2005-10-11,62.0581165452653,16435,19220,6265136,276899,6.94115905077303,85.5098855359001,10,"Oct",2005
"1657",1657,2005-10-12,54.6993967131267,3442,4807,6265136,276899,1.73601204771415,71.6039109631787,10,"Oct",2005
"1658",1658,2005-10-13,65.1456608402331,2791,3261,6265136,276899,1.17768572656456,85.5872431769396,10,"Oct",2005
"1659",1659,2005-10-14,70.3398305084746,1001,1180,6265136,276899,0.426148162326336,84.8305084745763,10,"Oct",2005
"1660",1660,2005-10-15,35.4145299145299,32,702,6265136,276899,0.253522042333125,4.55840455840456,10,"Oct",2005
"1661",1661,2005-10-16,53.9157472417252,621,997,6265136,276899,0.360059082914709,62.2868605817452,10,"Oct",2005
"1662",1662,2005-10-17,63.974358974359,1093,1599,6265136,276899,0.577466874203229,68.3552220137586,10,"Oct",2005
"1663",1663,2005-10-18,15.775,0,80,6265136,276899,0.0288914008356838,0,10,"Oct",2005
"1664",1664,2005-10-19,72.4387464387464,302,351,6265136,276899,0.126761021166563,86.039886039886,10,"Oct",2005
"1665",1665,2005-10-20,64.1339130434783,493,575,6265136,276899,0.207656943506477,85.7391304347826,10,"Oct",2005
"1666",1666,2005-10-21,53.7015706806283,245,382,6265136,276899,0.13795643899039,64.1361256544503,10,"Oct",2005
"1667",1667,2005-10-22,52.0457516339869,179,306,6265136,276899,0.11050960819649,58.4967320261438,10,"Oct",2005
"1668",1668,2005-10-23,68.2082825822168,691,821,6265136,276899,0.296498001076205,84.1656516443362,10,"Oct",2005
"1669",1669,2005-10-24,47.4761904761905,56,105,6265136,276899,0.037919963596835,53.3333333333333,10,"Oct",2005
"1670",1670,2005-10-25,57.0872483221477,245,298,6265136,276899,0.107620468112922,82.2147651006711,10,"Oct",2005
"1671",1671,2005-10-26,61.4747474747475,406,495,6265136,276899,0.178765542670793,82.020202020202,10,"Oct",2005
"1672",1672,2005-10-27,52.4041450777202,409,579,6265136,276899,0.209101513548261,70.6390328151986,10,"Oct",2005
"1673",1673,2005-10-28,46.0769230769231,46,78,6265136,276899,0.0281691158147917,58.974358974359,10,"Oct",2005
"1674",1674,2005-10-29,52.8384615384615,97,130,6265136,276899,0.0469485263579861,74.6153846153846,10,"Oct",2005
"1675",1675,2005-10-30,53.5161290322581,20,31,6265136,276899,0.0111954178238275,64.5161290322581,10,"Oct",2005
"1676",1676,2005-10-31,NA,NA,0,6265136,276899,0,NA,10,"Oct",2005
"1677",1677,2005-11-01,NA,NA,0,6265136,276899,0,NA,11,"Nov",2005
"1678",1678,2005-11-02,NA,NA,0,6265136,276899,0,NA,11,"Nov",2005
"1679",1679,2005-11-03,NA,NA,0,6265136,276899,0,NA,11,"Nov",2005
"1680",1680,2005-11-04,NA,NA,0,6265136,276899,0,NA,11,"Nov",2005
"1681",1681,2005-11-05,NA,NA,0,6265136,276899,0,NA,11,"Nov",2005
"1682",1682,2005-11-06,NA,NA,0,6265136,276899,0,NA,11,"Nov",2005
"1683",1683,2005-11-07,NA,NA,0,6265136,276899,0,NA,11,"Nov",2005
"1684",1684,2005-11-08,NA,NA,0,6265136,276899,0,NA,11,"Nov",2005
"1685",1685,2005-11-09,NA,NA,0,6265136,276899,0,NA,11,"Nov",2005
"1686",1686,2005-11-10,NA,NA,0,6265136,276899,0,NA,11,"Nov",2005
"1687",1687,2005-11-11,NA,NA,0,6265136,276899,0,NA,11,"Nov",2005
"1688",1688,2005-11-12,NA,NA,0,6265136,276899,0,NA,11,"Nov",2005
"1689",1689,2005-11-13,NA,NA,0,6265136,276899,0,NA,11,"Nov",2005
"1690",1690,2005-11-14,NA,NA,0,6265136,276899,0,NA,11,"Nov",2005
"1691",1691,2005-11-15,NA,NA,0,6265136,276899,0,NA,11,"Nov",2005
"1692",1692,2005-11-16,NA,NA,0,6265136,276899,0,NA,11,"Nov",2005
"1693",1693,2005-11-17,NA,NA,0,6265136,276899,0,NA,11,"Nov",2005
"1694",1694,2005-11-18,NA,NA,0,6265136,276899,0,NA,11,"Nov",2005
"1695",1695,2005-11-19,NA,NA,0,6265136,276899,0,NA,11,"Nov",2005
"1696",1696,2005-11-20,NA,NA,0,6265136,276899,0,NA,11,"Nov",2005
"1697",1697,2005-11-21,NA,NA,0,6265136,276899,0,NA,11,"Nov",2005
"1698",1698,2005-11-22,NA,NA,0,6265136,276899,0,NA,11,"Nov",2005
"1699",1699,2005-11-24,NA,NA,0,6265136,276899,0,NA,11,"Nov",2005
"1700",1700,2005-11-26,NA,NA,0,6265136,276899,0,NA,11,"Nov",2005
"1701",1701,2006-01-16,NA,NA,0,6265136,276899,0,NA,1,"Jan",2006
"1702",1702,2006-01-17,NA,NA,0,6265136,276899,0,NA,1,"Jan",2006
"1703",1703,2006-01-18,NA,NA,0,6265136,276899,0,NA,1,"Jan",2006
"1704",1704,2006-01-20,NA,NA,0,6265136,276899,0,NA,1,"Jan",2006
"1705",1705,2006-01-21,NA,NA,0,6265136,276899,0,NA,1,"Jan",2006
"1706",1706,2006-01-22,NA,NA,0,6265136,276899,0,NA,1,"Jan",2006
"1707",1707,2006-01-23,NA,NA,0,6265136,276899,0,NA,1,"Jan",2006
"1708",1708,2006-01-24,NA,NA,0,6265136,276899,0,NA,1,"Jan",2006
"1709",1709,2006-01-25,NA,NA,0,6265136,276899,0,NA,1,"Jan",2006
"1710",1710,2006-01-26,NA,NA,0,6265136,276899,0,NA,1,"Jan",2006
"1711",1711,2006-01-27,NA,NA,0,6265136,276899,0,NA,1,"Jan",2006
"1712",1712,2006-01-28,NA,NA,0,6265136,276899,0,NA,1,"Jan",2006
"1713",1713,2006-01-29,NA,NA,0,6265136,276899,0,NA,1,"Jan",2006
"1714",1714,2006-01-30,NA,NA,0,6265136,276899,0,NA,1,"Jan",2006
"1715",1715,2006-01-31,NA,NA,0,6265136,276899,0,NA,1,"Jan",2006
"1716",1716,2006-02-01,NA,NA,0,6265136,276899,0,NA,2,"Feb",2006
"1717",1717,2006-02-02,NA,NA,0,6265136,276899,0,NA,2,"Feb",2006
"1718",1718,2006-02-03,NA,NA,0,6265136,276899,0,NA,2,"Feb",2006
"1719",1719,2006-02-04,NA,NA,0,6265136,276899,0,NA,2,"Feb",2006
"1720",1720,2006-02-05,NA,NA,0,6265136,276899,0,NA,2,"Feb",2006
"1721",1721,2006-02-06,NA,NA,0,6265136,276899,0,NA,2,"Feb",2006
"1722",1722,2006-02-07,NA,NA,0,6265136,276899,0,NA,2,"Feb",2006
"1723",1723,2006-02-08,NA,NA,0,6265136,276899,0,NA,2,"Feb",2006
"1724",1724,2006-02-09,NA,NA,0,6265136,276899,0,NA,2,"Feb",2006
"1725",1725,2006-02-10,NA,NA,0,6265136,276899,0,NA,2,"Feb",2006
"1726",1726,2006-02-11,NA,NA,0,6265136,276899,0,NA,2,"Feb",2006
"1727",1727,2006-02-12,49.1286764705882,136,272,6265136,276899,0.0982307628413248,50,2,"Feb",2006
"1728",1728,2006-02-13,NA,NA,0,6265136,276899,0,NA,2,"Feb",2006
"1729",1729,2006-02-14,47.8283582089552,60,134,6265136,276899,0.0483930963997703,44.7761194029851,2,"Feb",2006
"1730",1730,2006-02-15,NA,NA,0,6265136,276899,0,NA,2,"Feb",2006
"1731",1731,2006-02-16,52.1818181818182,7,11,6265136,276899,0.00397256761490652,63.6363636363636,2,"Feb",2006
"1732",1732,2006-02-17,58.4317673378076,385,447,6265136,276899,0.161430702169383,86.1297539149888,2,"Feb",2006
"1733",1733,2006-02-18,52.584487534626,212,361,6265136,276899,0.130372446271023,58.7257617728532,2,"Feb",2006
"1734",1734,2006-02-19,70.9108669108669,726,819,6265136,276899,0.295775716055313,88.6446886446886,2,"Feb",2006
"1735",1735,2006-02-20,65.2767379679144,581,748,6265136,276899,0.270134597813643,77.6737967914438,2,"Feb",2006
"1736",1736,2006-02-21,45.48,10,25,6265136,276899,0.00902856276115118,40,2,"Feb",2006
"1737",1737,2006-02-22,61.6206225680934,743,1028,6265136,276899,0.371254500738536,72.2762645914397,2,"Feb",2006
"1738",1738,2006-02-23,59.308,179,250,6265136,276899,0.0902856276115118,71.6,2,"Feb",2006
"1739",1739,2006-02-24,36.0299401197605,109,334,6265136,276899,0.12062159848898,32.6347305389222,2,"Feb",2006
"1740",1740,2006-02-25,49.90625,211,352,6265136,276899,0.127122163677009,59.9431818181818,2,"Feb",2006
"1741",1741,2006-02-26,67.6170568561873,973,1196,6265136,276899,0.431926442493472,81.3545150501672,2,"Feb",2006
"1742",1742,2006-02-27,49.0220125786164,184,318,6265136,276899,0.114843318321843,57.8616352201258,2,"Feb",2006
"1743",1743,2006-02-28,63.1425389755011,3069,3592,6265136,276899,1.2972238975222,85.4398663697105,2,"Feb",2006
"1744",1744,2006-03-01,68.4800526910049,9918,10628,6265136,276899,3.83822260102059,93.3195333082424,3,"Mar",2006
"1745",1745,2006-03-02,54.3628942999447,5326,7228,6265136,276899,2.61033806550403,73.6856668511345,3,"Mar",2006
"1746",1746,2006-03-03,67.6084539698582,30677,33641,6265136,276899,12.1491951939155,91.1893225528373,3,"Mar",2006
"1747",1747,2006-03-04,67.6080122055526,39531,43259,6265136,276899,15.6226638593856,91.3821401326891,3,"Mar",2006
"1748",1748,2006-03-05,65.2503246505233,23880,26182,6265136,276899,9.45543320849841,91.2076999465282,3,"Mar",2006
"1749",1749,2006-03-06,70.0522823201775,88346,91924,6265136,276899,33.1976641302424,96.1076541490797,3,"Mar",2006
"1750",1750,2006-03-07,66.2880047556367,111397,117755,6265136,276899,42.5263363175743,94.6006539000467,3,"Mar",2006
"1751",1751,2006-03-08,54.9975230991874,28261,35932,6265136,276899,12.9765726853474,78.6513414226873,3,"Mar",2006
"1752",1752,2006-03-09,58.6308324871406,47289,60073,6265136,276899,21.6949140300254,78.719224942986,3,"Mar",2006
"1753",1753,2006-03-10,64.6563226536372,156238,160866,6265136,276899,58.0955510854138,97.1230713761764,3,"Mar",2006
"1754",1754,2006-03-11,57.9946884869365,40047,48762,6265136,276899,17.6100310943702,82.1274763135228,3,"Mar",2006
"1755",1755,2006-03-12,63.9695904730993,82152,89347,6265136,276899,32.266999880823,91.9471274916897,3,"Mar",2006
"1756",1756,2006-03-13,58.8883088761286,46654,51723,6265136,276899,18.6793740678009,90.1997177271233,3,"Mar",2006
"1757",1757,2006-03-14,66.4759236311397,82710,91189,6265136,276899,32.9322243850646,90.7017293752536,3,"Mar",2006
"1758",1758,2006-03-15,62.8412357968499,53428,61078,6265136,276899,22.0578622530237,87.4750319263892,3,"Mar",2006
"1759",1759,2006-03-16,66.7106953364982,122454,125335,6265136,276899,45.2637965467553,97.7013603542506,3,"Mar",2006
"1760",1760,2006-03-17,65.8926851926948,132887,135629,6265136,276899,48.9813975492869,97.9783084738515,3,"Mar",2006
"1761",1761,2006-03-18,58.9850976530445,55166,60930,6265136,276899,22.0044131614777,90.539963892992,3,"Mar",2006
"1762",1762,2006-03-19,58.2829668179684,44432,51112,6265136,276899,18.4587159939184,86.9306620754422,3,"Mar",2006
"1763",1763,2006-03-20,67.120286853515,101781,103328,6265136,276899,37.3161333193692,98.5028259523072,3,"Mar",2006
"1764",1764,2006-03-21,65.2591890345953,92902,94406,6265136,276899,34.0940198411695,98.4068809185857,3,"Mar",2006
"1765",1765,2006-03-22,63.1466013056034,39184,41207,6265136,276899,14.8815994279503,95.090639939816,3,"Mar",2006
"1766",1766,2006-03-23,60.1080774067914,20935,24649,6265136,276899,8.90180173998461,84.9324516207554,3,"Mar",2006
"1767",1767,2006-03-24,66.9155681248004,63736,65769,6265136,276899,23.7519817695261,96.9088780428469,3,"Mar",2006
"1768",1768,2006-03-25,71.313172859432,172661,172863,6265136,276899,62.428177783235,99.8831444554358,3,"Mar",2006
"1769",1769,2006-03-26,71.1750214456857,202789,202838,6265136,276899,73.2534245338553,99.9758427907986,3,"Mar",2006
"1770",1770,2006-03-27,74.388927541185,245703,245781,6265136,276899,88.7619673599399,99.9682644305296,3,"Mar",2006
"1771",1771,2006-03-28,74.845511171964,221897,222029,6265136,276899,80.1841104518254,99.9405483067527,3,"Mar",2006
"1772",1772,2006-03-29,76.1789078006414,237242,237301,6265136,276899,85.6994788713574,99.9751370622121,3,"Mar",2006
"1773",1773,2006-03-30,74.388251404354,200026,200092,6265136,276899,72.2617272001705,99.9670151730204,3,"Mar",2006
"1774",1774,2006-03-31,74.7432985421817,164139,164218,6265136,276899,59.306100780429,99.9518932151165,3,"Mar",2006
"1775",1775,2006-04-01,68.034099547795,127204,127597,6265136,276899,46.0807009053843,99.6919990281903,4,"Apr",2006
"1776",1776,2006-04-02,61.3000375164134,10534,10662,6265136,276899,3.85050144637575,98.799474770212,4,"Apr",2006
"1777",1777,2006-04-03,68.2631111549657,39761,40538,6265136,276899,14.6399950884619,98.0832798855395,4,"Apr",2006
"1778",1778,2006-04-04,68.0223733637823,58554,60429,6265136,276899,21.8234807637442,96.8971851263466,4,"Apr",2006
"1779",1779,2006-04-05,65.0193028590612,17199,17873,6265136,276899,6.4547000892022,96.2289486935601,4,"Apr",2006
"1780",1780,2006-04-06,68.8477118955492,45558,46261,6265136,276899,16.7068136757446,98.4803614275524,4,"Apr",2006
"1781",1781,2006-04-07,69.6638533178114,20388,20616,6265136,276899,7.44531399535571,98.8940628637951,4,"Apr",2006
"1782",1782,2006-04-08,62.218343383053,12078,12604,6265136,276899,4.55184020166198,95.8267216756585,4,"Apr",2006
"1783",1783,2006-04-09,63.0228387751649,11284,11822,6265136,276899,4.26942675849317,95.449162578244,4,"Apr",2006
"1784",1784,2006-04-10,66.521678451805,20265,21496,6265136,276899,7.76311940454823,94.2733531819873,4,"Apr",2006
"1785",1785,2006-04-11,69.5238537044507,73928,74370,6265136,276899,26.8581685018725,99.4056743310475,4,"Apr",2006
"1786",1786,2006-04-12,74.7099136455282,51876,52574,6265136,276899,18.9867063441905,98.6723475482178,4,"Apr",2006
"1787",1787,2006-04-13,73.1882562014069,66154,67525,6265136,276899,24.3861480178693,97.9696408737505,4,"Apr",2006
"1788",1788,2006-04-14,70.6983396860262,76551,77395,6265136,276899,27.9506245959718,98.9094902771497,4,"Apr",2006
"1789",1789,2006-04-15,73.4161341853035,55771,56340,6265136,276899,20.3467690385303,98.9900603478878,4,"Apr",2006
"1790",1790,2006-04-16,71.2067279519484,54245,54608,6265136,276899,19.7212702104377,99.3352622326399,4,"Apr",2006
"1791",1791,2006-04-17,64.2872904910301,11489,11873,6265136,276899,4.28784502652592,96.7657710772341,4,"Apr",2006
"1792",1792,2006-04-18,73.2463698912595,45009,46073,6265136,276899,16.6389188837807,97.6906214051614,4,"Apr",2006
"1793",1793,2006-04-19,74.6607606849848,48023,48877,6265136,276899,17.6515624830714,98.2527569204329,4,"Apr",2006
"1794",1794,2006-04-20,76.5352295583042,125812,126286,6265136,276899,45.6072430741895,99.6246614826663,4,"Apr",2006
"1795",1795,2006-04-21,74.8023308921962,63302,63495,6265136,276899,22.9307437007718,99.6960390581936,4,"Apr",2006
"1796",1796,2006-04-22,73.7668658833063,58527,59232,6265136,276899,21.3911931787403,98.8097649918963,4,"Apr",2006
"1797",1797,2006-04-23,68.3463848186404,12228,12489,6265136,276899,4.51030881296068,97.9101609416286,4,"Apr",2006
"1798",1798,2006-04-24,75.4564468062188,54767,55702,6265136,276899,20.1163601168657,98.3214247244264,4,"Apr",2006
"1799",1799,2006-04-25,75.1032378668172,27707,28352,6265136,276899,10.2391124561663,97.7250282167043,4,"Apr",2006
"1800",1800,2006-04-26,81.931519252764,82512,83936,6265136,276899,30.3128577567994,98.3034693099504,4,"Apr",2006
"1801",1801,2006-04-27,82.7050260610573,79663,80580,6265136,276899,29.1008634917425,98.8620004964011,4,"Apr",2006
"1802",1802,2006-04-28,84.5393410997127,118479,120777,6265136,276899,43.6177089841422,98.0973198539457,4,"Apr",2006
"1803",1803,2006-04-29,82.1965436711817,73153,74935,6265136,276899,27.0622140202745,97.621939013812,4,"Apr",2006
"1804",1804,2006-04-30,75.6733700296087,49190,50323,6265136,276899,18.1737745531764,97.7485444031556,4,"Apr",2006
"1805",1805,2006-05-01,71.0456570753704,36626,37256,6265136,276899,13.4547253691779,98.3089972085033,5,"May",2006
"1806",1806,2006-05-02,84.791106363199,241775,245254,6265136,276899,88.5716452569348,98.5814706386032,5,"May",2006
"1807",1807,2006-05-03,85.1917727810651,208354,211250,6265136,276899,76.2913553317274,98.6291124260355,5,"May",2006
"1808",1808,2006-05-04,81.0575380941397,144334,147398,6265136,276899,53.2316837547265,97.9212743727866,5,"May",2006
"1809",1809,2006-05-05,81.8006941539224,63256,64539,6265136,276899,23.3077764816774,98.0120547265994,5,"May",2006
"1810",1810,2006-05-06,79.2719072726481,20958,22949,6265136,276899,8.28785947222634,91.3242407076561,5,"May",2006
"1811",1811,2006-05-07,82.3705526116578,66274,68692,6265136,276899,24.8076013275599,96.4799394398183,5,"May",2006
"1812",1812,2006-05-08,70.9137666416818,54579,56034,6265136,276899,20.2362594303338,97.4033622443516,5,"May",2006
"1813",1813,2006-05-09,75.9492300880602,119287,121962,6265136,276899,44.0456628590208,97.8066938882603,5,"May",2006
"1814",1814,2006-05-10,76.3675615377675,117696,121917,6265136,276899,44.0294114460507,96.5378085090676,5,"May",2006
"1815",1815,2006-05-11,69.4241459334017,17492,18529,6265136,276899,6.69160957605481,94.4033676938853,5,"May",2006
"1816",1816,2006-05-12,72.7880479273647,26195,26874,6265136,276899,9.70534382572707,97.4733943588599,5,"May",2006
"1817",1817,2006-05-13,69.2716545174245,50582,52541,6265136,276899,18.9747886413458,96.2714832226261,5,"May",2006
"1818",1818,2006-05-14,71.5063026805376,50272,52676,6265136,276899,19.023542880256,95.4362518034779,5,"May",2006
"1819",1819,2006-05-15,73.7668013041997,58845,61647,6265136,276899,22.2633523414675,95.4547666553117,5,"May",2006
"1820",1820,2006-05-16,70.7333002017131,33490,34207,6265136,276899,12.3536018548279,97.9039377905107,5,"May",2006
"1821",1821,2006-05-17,66.6408294831847,44197,46535,6265136,276899,16.8057667236068,94.9758246481143,5,"May",2006
"1822",1822,2006-05-18,67.6355227138537,53890,55891,6265136,276899,20.18461605134,96.419817144084,5,"May",2006
"1823",1823,2006-05-19,66.0736231636852,44623,46901,6265136,276899,16.9379448824301,95.1429607044626,5,"May",2006
"1824",1824,2006-05-20,66.0891572273278,25477,28074,6265136,276899,10.1387148382623,90.7494478877253,5,"May",2006
"1825",1825,2006-05-21,68.9937113832758,43851,45479,6265136,276899,16.4244002325758,96.4203258646848,5,"May",2006
"1826",1826,2006-05-22,70.7610653177517,64002,65633,6265136,276899,23.7028663881054,97.5149696037055,5,"May",2006
"1827",1827,2006-05-23,72.6993240811103,119887,125015,6265136,276899,45.1482309434126,95.8980922289325,5,"May",2006
"1828",1828,2006-05-24,75.9744490424406,99784,103910,6265136,276899,37.5263182604488,96.0292560869984,5,"May",2006
"1829",1829,2006-05-25,79.055348773943,77816,80869,6265136,276899,29.2052336772614,96.2247585601405,5,"May",2006
"1830",1830,2006-05-26,77.861004102201,45685,48023,6265136,276899,17.3431467791505,95.1314994898278,5,"May",2006
"1831",1831,2006-05-27,69.3111413043478,8717,9568,6265136,276899,3.45541153994778,91.1057692307692,5,"May",2006
"1832",1832,2006-05-28,68.293423019432,6444,6690,6265136,276899,2.41604339488406,96.322869955157,5,"May",2006
"1833",1833,2006-05-29,73.341826878852,41054,43484,6265136,276899,15.7039209242359,94.4117376506301,5,"May",2006
"1834",1834,2006-05-30,72.7690288713911,17446,18288,6265136,276899,6.60457423103731,95.3958880139983,5,"May",2006
"1835",1835,2006-05-31,69.7991915841841,17823,19297,6265136,276899,6.96896702407737,92.3615069699953,5,"May",2006
"1836",1836,2006-06-01,71.1251050210042,47152,49990,6265136,276899,18.0535140971979,94.3228645729146,6,"Jun",2006
"1837",1837,2006-06-02,74.5714632141943,71798,74227,6265136,276899,26.8065251228787,96.7276058577068,6,"Jun",2006
"1838",1838,2006-06-03,75.9471430751805,115969,124487,6265136,276899,44.9575476978971,93.1575184557424,6,"Jun",2006
"1839",1839,2006-06-04,76.6024050286964,34242,36590,6265136,276899,13.2142044572209,93.582946160153,6,"Jun",2006
"1840",1840,2006-06-05,75.822567300961,57775,62852,6265136,276899,22.698529066555,91.9222936422071,6,"Jun",2006
"1841",1841,2006-06-06,70.3857824013871,8035,9228,6265136,276899,3.33262308639612,87.0719549198093,6,"Jun",2006
"1842",1842,2006-06-07,78.4212885528869,43355,44841,6265136,276899,16.1939913109112,96.6860685533329,6,"Jun",2006
"1843",1843,2006-06-08,66.6676012204173,10825,12127,6265136,276899,4.37957522417921,89.2636266182898,6,"Jun",2006
"1844",1844,2006-06-09,68.7555981064837,29751,37602,6265136,276899,13.5796806777923,79.1207914472634,6,"Jun",2006
"1845",1845,2006-06-10,70.9720785250033,13403,15078,6265136,276899,5.4453067725055,88.8910996153336,6,"Jun",2006
"1846",1846,2006-06-11,67.2774846924723,44543,47199,6265136,276899,17.045565350543,94.372762134791,6,"Jun",2006
"1847",1847,2006-06-12,75.5030893287255,18182,19098,6265136,276899,6.89709966449861,95.2036862498691,6,"Jun",2006
"1848",1848,2006-06-13,66.6608359133127,10835,12920,6265136,276899,4.66596123496293,83.8622291021672,6,"Jun",2006
"1849",1849,2006-06-14,61.6128370014793,27830,33123,6265136,276899,11.9621233735044,84.0201672553815,6,"Jun",2006
"1850",1850,2006-06-15,70.7036499797598,28093,29644,6265136,276899,10.7057085796626,94.7679125624072,6,"Jun",2006
"1851",1851,2006-06-16,67.5200566227182,51375,60753,6265136,276899,21.9404909371287,84.5637252481359,6,"Jun",2006
"1852",1852,2006-06-17,75.8052133297907,68761,71509,6265136,276899,25.8249397794864,96.1571270749136,6,"Jun",2006
"1853",1853,2006-06-18,76.5118999268946,23609,24622,6265136,276899,8.89205089220257,95.8857931930794,6,"Jun",2006
"1854",1854,2006-06-19,78.8044524150299,53232,57991,6265136,276899,20.9430153232767,91.7935541721991,6,"Jun",2006
"1855",1855,2006-06-20,79.6340502237693,71606,80440,6265136,276899,29.05030354028,89.0179015415216,6,"Jun",2006
"1856",1856,2006-06-21,69.0278195488722,42526,46550,6265136,276899,16.8111838612635,91.3555316863587,6,"Jun",2006
"1857",1857,2006-06-22,68.5602912720236,65187,78552,6265136,276899,28.3684664805579,82.9857928505958,6,"Jun",2006
"1858",1858,2006-06-23,64.5261135790611,6735,8329,6265136,276899,3.00795596950513,80.8620482650979,6,"Jun",2006
"1859",1859,2006-06-24,64.1115023474178,3971,4260,6265136,276899,1.53846709450016,93.2159624413146,6,"Jun",2006
"1860",1860,2006-06-25,63.2262657988916,51688,66223,6265136,276899,23.9159404692686,78.0514322818356,6,"Jun",2006
"1861",1861,2006-06-26,65.6903166165935,42909,51924,6265136,276899,18.7519637124006,82.638086434019,6,"Jun",2006
"1862",1862,2006-06-27,68.6408872901679,16627,20016,6265136,276899,7.22862848908808,83.0685451638689,6,"Jun",2006
"1863",1863,2006-06-28,62.457015130674,8101,8724,6265136,276899,3.15060726113131,92.8587803759743,6,"Jun",2006
"1864",1864,2006-06-29,82.3107090743756,88396,94574,6265136,276899,34.1546917829245,93.4675492207161,6,"Jun",2006
"1865",1865,2006-06-30,78.9449024690833,41880,47062,6265136,276899,16.9960888266119,88.9889932429561,6,"Jun",2006
"1866",1866,2006-07-01,78.4028018537517,73074,84801,6265136,276899,30.6252460283352,86.1711536420561,7,"Jul",2006
"1867",1867,2006-07-02,71.5965607274692,9593,11107,6265136,276899,4.01120986352425,86.3689565139101,7,"Jul",2006
"1868",1868,2006-07-03,49.4856395200408,9053,15668,6265136,276899,5.65838085366867,57.7801889200919,7,"Jul",2006
"1869",1869,2006-07-04,54.2804214526298,14048,23158,6265136,276899,8.36333825690956,60.6615424475343,7,"Jul",2006
"1870",1870,2006-07-05,73.6975756503274,4818,5651,6265136,276899,2.04081632653061,85.2592461511237,7,"Jul",2006
"1871",1871,2006-07-06,68.3010756948434,39369,50479,6265136,276899,18.230112784806,77.9908476792329,7,"Jul",2006
"1872",1872,2006-07-07,36.5078459343795,1735,4206,6265136,276899,1.51896539893607,41.2505943889681,7,"Jul",2006
"1873",1873,2006-07-08,64.6419734322279,24688,32897,6265136,276899,11.8805051661436,75.0463568106514,7,"Jul",2006
"1874",1874,2006-07-09,62.6142235672404,18824,26435,6265136,276899,9.54680226364126,71.2086249290713,7,"Jul",2006
"1875",1875,2006-07-10,53.7752712243844,7044,11614,6265136,276899,4.19430911632039,60.6509385224729,7,"Jul",2006
"1876",1876,2006-07-11,70.7207530700101,78249,100814,6265136,276899,36.4082210481078,77.6171960243617,7,"Jul",2006
"1877",1877,2006-07-12,70.8431000994836,32360,42218,6265136,276899,15.2467145060112,76.6497702401819,7,"Jul",2006
"1878",1878,2006-07-13,61.2729164443496,16146,18742,6265136,276899,6.76853293077982,86.1487568029026,7,"Jul",2006
"1879",1879,2006-07-14,56.3541975674874,4589,6742,6265136,276899,2.43482280542725,68.0658558291308,7,"Jul",2006
"1880",1880,2006-07-15,55.4214048777636,42819,68433,6265136,276899,24.7140654173543,62.5706895795888,7,"Jul",2006
"1881",1881,2006-07-16,53.3095911060863,3783,5307,6265136,276899,1.91658330293717,71.2832108535896,7,"Jul",2006
"1882",1882,2006-07-17,72.2819901863781,40456,49523,6265136,276899,17.8848605448196,81.6913353391353,7,"Jul",2006
"1883",1883,2006-07-18,47.4355999280446,35750,66708,6265136,276899,24.0910945868349,53.5917731006776,7,"Jul",2006
"1884",1884,2006-07-19,58.1717126385197,57119,86901,6265136,276899,31.3836453002719,65.7288178501973,7,"Jul",2006
"1885",1885,2006-07-20,59.2819876271141,100759,150652,6265136,276899,54.4068414837179,66.8819531104798,7,"Jul",2006
"1886",1886,2006-07-21,55.1602468877498,31383,47795,6265136,276899,17.2608062867688,65.6616800920598,7,"Jul",2006
"1887",1887,2006-07-22,40.1252329725665,13454,30583,6265136,276899,11.0448213969715,43.9917601281758,7,"Jul",2006
"1888",1888,2006-07-23,59.3804131860619,93162,140421,6265136,276899,50.7119924593444,66.3447774905463,7,"Jul",2006
"1889",1889,2006-07-24,72.5507953903889,49625,60222,6265136,276899,21.7487242640819,82.4034406031019,7,"Jul",2006
"1890",1890,2006-07-25,69.4411463289657,84395,109288,6265136,276899,39.4685426816276,77.2225678940048,7,"Jul",2006
"1891",1891,2006-07-26,64.9876229862208,120837,169023,6265136,276899,61.0413905431222,71.4914538258107,7,"Jul",2006
"1892",1892,2006-07-27,67.221860615123,126102,170535,6265136,276899,61.5874380189166,73.9449379892691,7,"Jul",2006
"1893",1893,2006-07-28,68.1558377912401,126775,169362,6265136,276899,61.1638178541634,74.8544537735738,7,"Jul",2006
"1894",1894,2006-07-29,68.0574651271441,35661,44949,6265136,276899,16.2329947020394,79.3365814589869,7,"Jul",2006
"1895",1895,2006-07-30,63.8792514239219,4477,6145,6265136,276899,2.21922072669096,72.8559804719284,7,"Jul",2006
"1896",1896,2006-07-31,50.9443544972227,23142,40147,6265136,276899,14.4987883668775,57.6431613819214,7,"Jul",2006
"1897",1897,2006-08-01,46.3493595763062,14493,26623,6265136,276899,9.61469705560511,54.437892048229,8,"Aug",2006
"1898",1898,2006-08-02,60.2453953075511,36672,49569,6265136,276899,17.9014731003001,73.9817224474974,8,"Aug",2006
"1899",1899,2006-08-03,47.8482638490104,28455,52242,6265136,276899,18.8668070307224,54.4676696910532,8,"Aug",2006
"1900",1900,2006-08-04,72.98636993767,77486,94497,6265136,276899,34.1268838096201,81.9983703186345,8,"Aug",2006
"1901",1901,2006-08-05,70.8407469848269,23711,30844,6265136,276899,11.1390795921979,76.8739463104656,8,"Aug",2006
"1902",1902,2006-08-06,51.1843890895727,63747,111563,6265136,276899,40.2901418928924,57.1399119779855,8,"Aug",2006
"1903",1903,2006-08-07,50.2126853484878,9511,15309,6265136,276899,5.52873069241854,62.1268534848782,8,"Aug",2006
"1904",1904,2006-08-08,48.4998588965712,7957,14174,6265136,276899,5.11883394306227,56.1379991533794,8,"Aug",2006
"1905",1905,2006-08-09,59.1344384502207,69625,101950,6265136,276899,36.8184789399745,68.2932810201079,8,"Aug",2006
"1906",1906,2006-08-10,53.0756939183139,37811,58076,6265136,276899,20.9737124366646,65.1060679110132,8,"Aug",2006
"1907",1907,2006-08-11,51.2460127411557,14549,22133,6265136,276899,7.99316718370236,65.7344237112005,8,"Aug",2006
"1908",1908,2006-08-12,51.7375263021359,40127,69386,6265136,276899,25.0582342298094,57.8315510333497,8,"Aug",2006
"1909",1909,2006-08-13,52.7770298386899,72785,122559,6265136,276899,44.2612649377571,59.3877234638011,8,"Aug",2006
"1910",1910,2006-08-14,57.8955270744726,22543,35033,6265136,276899,12.6519055684564,64.3479005509091,8,"Aug",2006
"1911",1911,2006-08-15,50.1256380167339,59711,104817,6265136,276899,37.8538745174233,56.9669042235515,8,"Aug",2006
"1912",1912,2006-08-16,47.2082416186929,49634,94496,6265136,276899,34.1265226671097,52.5249746020996,8,"Aug",2006
"1913",1913,2006-08-17,56.4128266424862,16120,24262,6265136,276899,8.762039588442,66.4413486109966,8,"Aug",2006
"1914",1914,2006-08-18,51.2658563069784,78733,128009,6265136,276899,46.229491619688,61.5058316212141,8,"Aug",2006
"1915",1915,2006-08-19,58.7716944588785,19628,21169,6265136,276899,7.64502580363237,92.7204875053144,8,"Aug",2006
"1916",1916,2006-08-20,44.0494667245789,21044,41442,6265136,276899,14.9664679179051,50.7794025384875,8,"Aug",2006
"1917",1917,2006-08-21,56.9746483074017,14204,20117,6265136,276899,7.26510388264313,70.606949346324,8,"Aug",2006
"1918",1918,2006-08-22,53.78221761884,12241,18344,6265136,276899,6.62479821162229,66.7302660270388,8,"Aug",2006
"1919",1919,2006-08-23,NA,NA,0,6265136,276899,0,NA,8,"Aug",2006
"1920",1920,2006-08-24,41.4795391338896,12288,25170,6265136,276899,9.08995698792701,48.8200238379023,8,"Aug",2006
"1921",1921,2006-08-25,42.947272215973,6614,14224,6265136,276899,5.13689106858457,46.4988751406074,8,"Aug",2006
"1922",1922,2006-08-26,56.6295309382574,48071,74681,6265136,276899,26.9704838226212,64.368447128453,8,"Aug",2006
"1923",1923,2006-08-27,45.6214935115394,6525,12869,6265136,276899,4.64754296693018,50.7032403450152,8,"Aug",2006
"1924",1924,2006-08-28,58.8789491004827,36395,54696,6265136,276899,19.753050751357,66.5405148456926,8,"Aug",2006
"1925",1925,2006-08-29,44.8298261479216,52686,98417,6265136,276899,35.5425624505686,53.5334342644055,8,"Aug",2006
"1926",1926,2006-08-30,52.7042395389892,121253,188629,6265136,276899,68.1219506029274,64.2812080857132,8,"Aug",2006
"1927",1927,2006-08-31,55.1474876827638,130640,200532,6265136,276899,72.4206299047667,65.1467097520595,8,"Aug",2006
"1928",1928,2006-09-01,53.7288501373733,72895,115379,6265136,276899,41.6682617127545,63.1787413654131,9,"Sep",2006
"1929",1929,2006-09-02,42.4282837046447,33658,64546,6265136,276899,23.3103044792506,52.1457565147337,9,"Sep",2006
"1930",1930,2006-09-03,42.0733480982858,29278,57343,6265136,276899,20.7089949765077,51.0576705090421,9,"Sep",2006
"1931",1931,2006-09-04,50.731230102377,66732,107739,6265136,276899,38.9091329329467,61.938573775513,9,"Sep",2006
"1932",1932,2006-09-05,51.656945466084,42553,69333,6265136,276899,25.0390936767558,61.3748143019918,9,"Sep",2006
"1933",1933,2006-09-06,49.7881932744794,59780,103873,6265136,276899,37.5129559875623,57.5510479142799,9,"Sep",2006
"1934",1934,2006-09-07,51.8121169437667,77723,119271,6265136,276899,43.0738283634105,65.1650443108551,9,"Sep",2006
"1935",1935,2006-09-08,50.3440435425152,86983,138715,6265136,276899,50.0958833365234,62.7062682478463,9,"Sep",2006
"1936",1936,2006-09-09,46.4115568358711,63449,111778,6265136,276899,40.3677875326383,56.7634060369661,9,"Sep",2006
"1937",1937,2006-09-10,57.5724255991572,9908,15188,6265136,276899,5.48503244865456,65.2357124045299,9,"Sep",2006
"1938",1938,2006-09-11,51.5118603587187,76866,128959,6265136,276899,46.5725770046118,59.6049907334889,9,"Sep",2006
"1939",1939,2006-09-12,42.3971698212242,45114,95259,6265136,276899,34.40207440258,47.3593046326331,9,"Sep",2006
"1940",1940,2006-09-13,56.1362673458215,30091,42013,6265136,276899,15.1726802913698,71.6230690500559,9,"Sep",2006
"1941",1941,2006-09-14,50.6848599034622,76831,119953,6265136,276899,43.3201275555347,64.0509199436446,9,"Sep",2006
"1942",1942,2006-09-15,50.6452833326404,44091,72159,6265136,276899,26.0596824112763,61.102565168586,9,"Sep",2006
"1943",1943,2006-09-16,60.2664405320349,101637,134728,6265136,276899,48.656008147375,75.4386615996675,9,"Sep",2006
"1944",1944,2006-09-17,59.295438075848,46643,57958,6265136,276899,20.931097620432,80.4772421408606,9,"Sep",2006
"1945",1945,2006-09-18,60.0400740340224,38937,48086,6265136,276899,17.3658987573086,80.9736721706942,9,"Sep",2006
"1946",1946,2006-09-19,61.2025636301424,65054,75986,6265136,276899,27.4417747987533,85.6131392624957,9,"Sep",2006
"1947",1947,2006-09-20,63.7708374776208,26080,30162,6265136,276899,10.8927804000737,86.4664146939858,9,"Sep",2006
"1948",1948,2006-09-21,60.6962374945629,35225,45980,6265136,276899,16.6053326303092,76.6093953892997,9,"Sep",2006
"1949",1949,2006-09-22,54.7062844750365,15874,21211,6265136,276899,7.66019378907111,74.8385271792938,9,"Sep",2006
"1950",1950,2006-09-23,57.2008103983582,33598,38006,6265136,276899,13.7255822520125,88.4018312897963,9,"Sep",2006
"1951",1951,2006-09-24,62.8992063186778,68809,77991,6265136,276899,28.1658655321977,88.2268466874383,9,"Sep",2006
"1952",1952,2006-09-25,61.9998119947359,43804,53190,6265136,276899,19.2091701306252,82.3538259071254,9,"Sep",2006
"1953",1953,2006-09-26,62.6153745385257,69652,83970,6265136,276899,30.3251366021546,82.9486721448136,9,"Sep",2006
"1954",1954,2006-09-27,68.6053738874236,99520,113363,6265136,276899,40.9401984116952,87.7887847004755,9,"Sep",2006
"1955",1955,2006-09-28,69.5345391755626,92767,104823,6265136,276899,37.856041372486,88.4987073447621,9,"Sep",2006
"1956",1956,2006-09-29,67.2652814058418,114124,126330,6265136,276899,45.6231333446491,90.338003641257,9,"Sep",2006
"1957",1957,2006-09-30,66.6259942479666,78033,89012,6265136,276899,32.1460171398235,87.6657079944277,9,"Sep",2006
"1958",1958,2006-10-01,65.4042820678883,45960,52498,6265136,276899,18.9592595133966,87.5461922358947,10,"Oct",2006
"1959",1959,2006-10-02,63.9699590690448,61130,66942,6265136,276899,24.1756019342793,91.3178572495593,10,"Oct",2006
"1960",1960,2006-10-03,64.3965721135933,113830,123458,6265136,276899,44.5859320546481,92.201396426315,10,"Oct",2006
"1961",1961,2006-10-04,62.864494542369,94005,103708,6265136,276899,37.4533674733387,90.6439233231766,10,"Oct",2006
"1962",1962,2006-10-05,59.2449421022208,45801,53629,6265136,276899,19.3677116927111,85.4034197915307,10,"Oct",2006
"1963",1963,2006-10-06,61.7531770291868,59823,64447,6265136,276899,23.2745513707164,92.8251121076233,10,"Oct",2006
"1964",1964,2006-10-07,69.3230485730486,58624,63492,6265136,276899,22.9296602732404,92.3328923328923,10,"Oct",2006
"1965",1965,2006-10-08,66.7891880419623,30691,32982,6265136,276899,11.9112022795315,93.0537869140743,10,"Oct",2006
"1966",1966,2006-10-09,70.0524662702724,47819,50623,6265136,276899,18.2821173063102,94.4610157438319,10,"Oct",2006
"1967",1967,2006-10-10,61.3165240719258,25893,27584,6265136,276899,9.96175500814376,93.8696345707657,10,"Oct",2006
"1968",1968,2006-10-11,68.7934052667321,12139,13253,6265136,276899,4.78622169094146,91.5943559948691,10,"Oct",2006
"1969",1969,2006-10-12,67.5910043406676,12252,13362,6265136,276899,4.82558622458008,91.692860350247,10,"Oct",2006
"1970",1970,2006-10-13,56.8487654320988,1163,1620,6265136,276899,0.585050866922596,71.7901234567901,10,"Oct",2006
"1971",1971,2006-10-14,30.2860606060606,254,825,6265136,276899,0.297942571117989,30.7878787878788,10,"Oct",2006
"1972",1972,2006-10-15,58.4811320754717,253,318,6265136,276899,0.114843318321843,79.559748427673,10,"Oct",2006
"1973",1973,2006-10-16,59.5875,345,480,6265136,276899,0.173348405014103,71.875,10,"Oct",2006
"1974",1974,2006-10-17,49.3942766295707,278,629,6265136,276899,0.227158639070564,44.1971383147854,10,"Oct",2006
"1975",1975,2006-10-18,51.7811320754717,340,530,6265136,276899,0.191405530536405,64.1509433962264,10,"Oct",2006
"1976",1976,2006-10-19,43.5805722891566,594,1328,6265136,276899,0.479597253872351,44.7289156626506,10,"Oct",2006
"1977",1977,2006-10-20,63.533527696793,295,343,6265136,276899,0.123871881082994,86.0058309037901,10,"Oct",2006
"1978",1978,2006-10-21,53.0130434782609,123,230,6265136,276899,0.0830627774025908,53.4782608695652,10,"Oct",2006
"1979",1979,2006-10-22,44.277027027027,46,148,6265136,276899,0.053449091546015,31.0810810810811,10,"Oct",2006
"1980",1980,2006-10-23,54.3255813953488,30,43,6265136,276899,0.01552912794918,69.7674418604651,10,"Oct",2006
"1981",1981,2006-10-24,46.495145631068,12,103,6265136,276899,0.0371976785759429,11.6504854368932,10,"Oct",2006
"1982",1982,2006-10-25,47.5859375,67,128,6265136,276899,0.046226241337094,52.34375,10,"Oct",2006
"1983",1983,2006-10-26,54.5945945945946,142,222,6265136,276899,0.0801736373190225,63.963963963964,10,"Oct",2006
"1984",1984,2006-10-27,60.5738498789346,313,413,6265136,276899,0.149151856814217,75.7869249394673,10,"Oct",2006
"1985",1985,2006-10-28,67.7073170731707,791,902,6265136,276899,0.325750544422335,87.6940133037694,10,"Oct",2006
"1986",1986,2006-10-29,66.8879736408567,518,607,6265136,276899,0.219213503840751,85.337726523888,10,"Oct",2006
"1987",1987,2006-10-30,63.7670807453416,270,322,6265136,276899,0.116287888363627,83.8509316770186,10,"Oct",2006
"1988",1988,2006-10-31,NA,NA,0,6265136,276899,0,NA,10,"Oct",2006
"1989",1989,2006-11-01,NA,NA,0,6265136,276899,0,NA,11,"Nov",2006
"1990",1990,2006-11-02,NA,NA,0,6265136,276899,0,NA,11,"Nov",2006
"1991",1991,2006-11-03,NA,NA,0,6265136,276899,0,NA,11,"Nov",2006
"1992",1992,2006-11-04,NA,NA,0,6265136,276899,0,NA,11,"Nov",2006
"1993",1993,2006-11-05,NA,NA,0,6265136,276899,0,NA,11,"Nov",2006
"1994",1994,2006-11-06,NA,NA,0,6265136,276899,0,NA,11,"Nov",2006
"1995",1995,2006-11-07,NA,NA,0,6265136,276899,0,NA,11,"Nov",2006
"1996",1996,2006-11-08,NA,NA,0,6265136,276899,0,NA,11,"Nov",2006
"1997",1997,2006-11-09,NA,NA,0,6265136,276899,0,NA,11,"Nov",2006
"1998",1998,2006-11-10,NA,NA,0,6265136,276899,0,NA,11,"Nov",2006
"1999",1999,2006-11-11,NA,NA,0,6265136,276899,0,NA,11,"Nov",2006
"2000",2000,2006-11-12,NA,NA,0,6265136,276899,0,NA,11,"Nov",2006
"2001",2001,2006-11-13,NA,NA,0,6265136,276899,0,NA,11,"Nov",2006
"2002",2002,2006-11-14,NA,NA,0,6265136,276899,0,NA,11,"Nov",2006
"2003",2003,2006-11-15,NA,NA,0,6265136,276899,0,NA,11,"Nov",2006
"2004",2004,2006-11-16,NA,NA,0,6265136,276899,0,NA,11,"Nov",2006
"2005",2005,2006-11-17,NA,NA,0,6265136,276899,0,NA,11,"Nov",2006
"2006",2006,2006-11-18,NA,NA,0,6265136,276899,0,NA,11,"Nov",2006
"2007",2007,2006-11-19,NA,NA,0,6265136,276899,0,NA,11,"Nov",2006
"2008",2008,2006-11-20,NA,NA,0,6265136,276899,0,NA,11,"Nov",2006
"2009",2009,2006-11-21,NA,NA,0,6265136,276899,0,NA,11,"Nov",2006
"2010",2010,2006-11-22,NA,NA,0,6265136,276899,0,NA,11,"Nov",2006
"2011",2011,2006-11-23,NA,NA,0,6265136,276899,0,NA,11,"Nov",2006
"2012",2012,2006-11-24,NA,NA,0,6265136,276899,0,NA,11,"Nov",2006
"2013",2013,2006-11-25,NA,NA,0,6265136,276899,0,NA,11,"Nov",2006
"2014",2014,2007-01-16,NA,NA,0,6265136,276899,0,NA,1,"Jan",2007
"2015",2015,2007-01-18,NA,NA,0,6265136,276899,0,NA,1,"Jan",2007
"2016",2016,2007-01-19,NA,NA,0,6265136,276899,0,NA,1,"Jan",2007
"2017",2017,2007-01-20,NA,NA,0,6265136,276899,0,NA,1,"Jan",2007
"2018",2018,2007-01-21,NA,NA,0,6265136,276899,0,NA,1,"Jan",2007
"2019",2019,2007-01-22,NA,NA,0,6265136,276899,0,NA,1,"Jan",2007
"2020",2020,2007-01-23,NA,NA,0,6265136,276899,0,NA,1,"Jan",2007
"2021",2021,2007-01-24,NA,NA,0,6265136,276899,0,NA,1,"Jan",2007
"2022",2022,2007-01-25,NA,NA,0,6265136,276899,0,NA,1,"Jan",2007
"2023",2023,2007-01-26,NA,NA,0,6265136,276899,0,NA,1,"Jan",2007
"2024",2024,2007-01-27,NA,NA,0,6265136,276899,0,NA,1,"Jan",2007
"2025",2025,2007-01-28,NA,NA,0,6265136,276899,0,NA,1,"Jan",2007
"2026",2026,2007-01-29,NA,NA,0,6265136,276899,0,NA,1,"Jan",2007
"2027",2027,2007-01-30,NA,NA,0,6265136,276899,0,NA,1,"Jan",2007
"2028",2028,2007-01-31,NA,NA,0,6265136,276899,0,NA,1,"Jan",2007
"2029",2029,2007-02-01,NA,NA,0,6265136,276899,0,NA,2,"Feb",2007
"2030",2030,2007-02-02,NA,NA,0,6265136,276899,0,NA,2,"Feb",2007
"2031",2031,2007-02-03,NA,NA,0,6265136,276899,0,NA,2,"Feb",2007
"2032",2032,2007-02-04,NA,NA,0,6265136,276899,0,NA,2,"Feb",2007
"2033",2033,2007-02-05,NA,NA,0,6265136,276899,0,NA,2,"Feb",2007
"2034",2034,2007-02-06,NA,NA,0,6265136,276899,0,NA,2,"Feb",2007
"2035",2035,2007-02-07,NA,NA,0,6265136,276899,0,NA,2,"Feb",2007
"2036",2036,2007-02-08,NA,NA,0,6265136,276899,0,NA,2,"Feb",2007
"2037",2037,2007-02-09,NA,NA,0,6265136,276899,0,NA,2,"Feb",2007
"2038",2038,2007-02-10,NA,NA,0,6265136,276899,0,NA,2,"Feb",2007
"2039",2039,2007-02-11,15.5675675675676,0,37,6265136,276899,0.0133622728865037,0,2,"Feb",2007
"2040",2040,2007-02-12,58.4324786324786,466,585,6265136,276899,0.211268368610938,79.6581196581197,2,"Feb",2007
"2041",2041,2007-02-13,62.4836471754212,788,1009,6265136,276899,0.364392793040062,78.0971258671952,2,"Feb",2007
"2042",2042,2007-02-14,57.6657004830918,870,1035,6265136,276899,0.373782498311659,84.0579710144928,2,"Feb",2007
"2043",2043,2007-02-15,43.4,2,10,6265136,276899,0.00361142510446047,20,2,"Feb",2007
"2044",2044,2007-02-16,79.5942307692308,1556,1560,6265136,276899,0.563382316295833,99.7435897435898,2,"Feb",2007
"2045",2045,2007-02-17,51.9618573797678,358,603,6265136,276899,0.217768933798966,59.3698175787728,2,"Feb",2007
"2046",2046,2007-02-18,60.1487684729064,723,1015,6265136,276899,0.366559648102738,71.2315270935961,2,"Feb",2007
"2047",2047,2007-02-19,63.117770767613,717,951,6265136,276899,0.343446527434191,75.3943217665615,2,"Feb",2007
"2048",2048,2007-02-20,58.9795121951219,820,1025,6265136,276899,0.370171073207198,80,2,"Feb",2007
"2049",2049,2007-02-21,66.8096885813149,496,578,6265136,276899,0.208740371037815,85.8131487889273,2,"Feb",2007
"2050",2050,2007-02-22,68.3086340206186,1420,1552,6265136,276899,0.560493176212265,91.4948453608247,2,"Feb",2007
"2051",2051,2007-02-23,61.0657342657343,589,715,6265136,276899,0.258216894968924,82.3776223776224,2,"Feb",2007
"2052",2052,2007-02-24,56.6852941176471,230,340,6265136,276899,0.122788453551656,67.6470588235294,2,"Feb",2007
"2053",2053,2007-02-25,60.9446902654867,368,452,6265136,276899,0.163236414721613,81.4159292035398,2,"Feb",2007
"2054",2054,2007-02-26,54.207336523126,425,627,6265136,276899,0.226436354049672,67.7830940988836,2,"Feb",2007
"2055",2055,2007-02-27,64.25,259,304,6265136,276899,0.109787323175598,85.1973684210526,2,"Feb",2007
"2056",2056,2007-02-28,59.219387755102,491,588,6265136,276899,0.212351796142276,83.5034013605442,2,"Feb",2007
"2057",2057,2007-03-01,75.1264284776041,14925,15226,6265136,276899,5.49875586405151,98.0231183501905,3,"Mar",2007
"2058",2058,2007-03-02,54.6192766448634,3808,5198,6265136,276899,1.87721876929855,73.2589457483648,3,"Mar",2007
"2059",2059,2007-03-03,65.757883039311,19961,21597,6265136,276899,7.79959479810328,92.4248738250683,3,"Mar",2007
"2060",2060,2007-03-04,67.1305159110394,37875,39658,6265136,276899,14.3221896792693,95.504059710525,3,"Mar",2007
"2061",2061,2007-03-05,65.51167710508,33309,35925,6265136,276899,12.9740446877742,92.7181628392484,3,"Mar",2007
"2062",2062,2007-03-06,49.9652777777778,79,144,6265136,276899,0.0520045215042308,54.8611111111111,3,"Mar",2007
"2063",2063,2007-03-07,61.6947340367159,51389,63787,6265136,276899,23.036197313822,80.5634376910656,3,"Mar",2007
"2064",2064,2007-03-08,67.2571197157339,36546,38274,6265136,276899,13.822368444812,95.485185765794,3,"Mar",2007
"2065",2065,2007-03-09,73.2061292248004,52089,53612,6265136,276899,19.3615722700335,97.1592180855032,3,"Mar",2007
"2066",2066,2007-03-10,70.923454917722,61770,65935,6265136,276899,23.8119314262601,93.6831728217184,3,"Mar",2007
"2067",2067,2007-03-11,74.9473365530167,66845,69365,6265136,276899,25.0506502370901,96.3670438982196,3,"Mar",2007
"2068",2068,2007-03-12,67.7177972342689,57303,61105,6265136,276899,22.0676131008057,93.7779232468701,3,"Mar",2007
"2069",2069,2007-03-13,66.6324483319142,58805,64595,6265136,276899,23.3280004622624,91.0364579301804,3,"Mar",2007
"2070",2070,2007-03-14,75.5631630508503,117788,119429,6265136,276899,43.130888880061,98.6259618685579,3,"Mar",2007
"2071",2071,2007-03-15,72.5093883976676,130056,130853,6265136,276899,47.2565809193966,99.3909195815151,3,"Mar",2007
"2072",2072,2007-03-16,55.8342236024845,13174,16100,6265136,276899,5.81439441818136,81.8260869565217,3,"Mar",2007
"2073",2073,2007-03-17,59.602810960492,54060,62114,6265136,276899,22.4320058938458,87.0335190134269,3,"Mar",2007
"2074",2074,2007-03-18,69.6290294041951,122741,124336,6265136,276899,44.9030151788197,98.7171856903873,3,"Mar",2007
"2075",2075,2007-03-19,69.8383256473927,68990,70475,6265136,276899,25.4515184236852,97.8928698119901,3,"Mar",2007
"2076",2076,2007-03-20,71.7940920873226,132739,133482,6265136,276899,48.2060245793593,99.4433706417345,3,"Mar",2007
"2077",2077,2007-03-21,66.6890211106629,59241,59496,6265136,276899,21.486534801498,99.5713997579669,3,"Mar",2007
"2078",2078,2007-03-22,61.9545940843298,28232,31780,6265136,276899,11.4771089819754,88.8357457520453,3,"Mar",2007
"2079",2079,2007-03-23,68.4889161789953,78817,79801,6265136,276899,28.819533476105,98.7669327452037,3,"Mar",2007
"2080",2080,2007-03-24,69.4954388461141,82657,87149,6265136,276899,31.4732086428626,94.8456092439385,3,"Mar",2007
"2081",2081,2007-03-25,71.4371645224504,104634,105633,6265136,276899,38.1485668059473,99.0542728124734,3,"Mar",2007
"2082",2082,2007-03-26,69.2054477032435,83153,83705,6265136,276899,30.2294338368864,99.3405411863091,3,"Mar",2007
"2083",2083,2007-03-27,63.0497568093385,40205,41120,6265136,276899,14.8501800295415,97.7748054474708,3,"Mar",2007
"2084",2084,2007-03-28,67.3937539565309,89072,90041,6265136,276899,32.5176327830725,98.923823591475,3,"Mar",2007
"2085",2085,2007-03-29,66.9627085377821,73584,74387,6265136,276899,26.8643079245501,98.9205103042198,3,"Mar",2007
"2086",2086,2007-03-30,67.5306394888508,108307,108618,6265136,276899,39.2265771996287,99.7136754497413,3,"Mar",2007
"2087",2087,2007-03-31,68.1021267329607,96119,96439,6265136,276899,34.8282225649063,99.6681840334305,3,"Mar",2007
"2088",2088,2007-04-01,70.1946464737857,143576,143681,6265136,276899,51.8893170433985,99.9269214440323,4,"Apr",2007
"2089",2089,2007-04-02,70.6521884702015,131171,131416,6265136,276899,47.4599041527777,99.8135691240032,4,"Apr",2007
"2090",2090,2007-04-03,73.8513575787769,160186,160580,6265136,276899,57.9922643274262,99.7546394320588,4,"Apr",2007
"2091",2091,2007-04-04,71.2863695530899,80550,80665,6265136,276899,29.1315606051304,99.8574350709725,4,"Apr",2007
"2092",2092,2007-04-05,63.8424824565769,40067,40186,6265136,276899,14.5128729247849,99.7038769720798,4,"Apr",2007
"2093",2093,2007-04-06,69.8125891881784,101455,101611,6265136,276899,36.6960516289333,99.846473314897,4,"Apr",2007
"2094",2094,2007-04-07,75.3369274928242,120112,120195,6265136,276899,43.4075240430626,99.9309455468197,4,"Apr",2007
"2095",2095,2007-04-08,75.5203337055151,127089,127178,6265136,276899,45.9293821935074,99.9300193429681,4,"Apr",2007
"2096",2096,2007-04-09,74.5147267176182,200426,200452,6265136,276899,72.391738503931,99.9870293137509,4,"Apr",2007
"2097",2097,2007-04-10,75.0842350883696,210390,210423,6265136,276899,75.9926904755886,99.9843173037168,4,"Apr",2007
"2098",2098,2007-04-11,75.9179961173523,219910,219953,6265136,276899,79.4343786001394,99.9804503689425,4,"Apr",2007
"2099",2099,2007-04-12,68.6660586640375,20135,20285,6265136,276899,7.32577582439807,99.2605373428642,4,"Apr",2007
"2100",2100,2007-04-13,73.4146341463415,2659,2747,6265136,276899,0.992058476195291,96.7965052784856,4,"Apr",2007
"2101",2101,2007-04-14,72.0440511696058,95529,96229,6265136,276899,34.7523826377127,99.2725685604132,4,"Apr",2007
"2102",2102,2007-04-15,66.2243465111255,64748,64806,6265136,276899,23.4042015319665,99.9105021140018,4,"Apr",2007
"2103",2103,2007-04-16,70.5255728910276,99437,99539,6265136,276899,35.9477643472891,99.8975276022464,4,"Apr",2007
"2104",2104,2007-04-17,71.8737395041061,151451,151726,6265136,276899,54.7947085399369,99.8187522244045,4,"Apr",2007
"2105",2105,2007-04-18,70.589486385814,95216,95305,6265136,276899,34.4186869580605,99.9066156025392,4,"Apr",2007
"2106",2106,2007-04-19,73.0507034691847,126226,126658,6265136,276899,45.7415880880754,99.6589240316443,4,"Apr",2007
"2107",2107,2007-04-20,74.1143992728729,129719,129826,6265136,276899,46.8856875611685,99.9175819943617,4,"Apr",2007
"2108",2108,2007-04-21,73.4740389479009,157748,158160,6265136,276899,57.1182994521468,99.7395042994436,4,"Apr",2007
"2109",2109,2007-04-22,70.4011080184135,74515,74728,6265136,276899,26.9874575206122,99.7149662777005,4,"Apr",2007
"2110",2110,2007-04-23,69.1075829557529,81677,81881,6265136,276899,29.5707098978328,99.7508579523943,4,"Apr",2007
"2111",2111,2007-04-24,72.7015336762034,64844,64942,6265136,276899,23.4533169133872,99.8490961165348,4,"Apr",2007
"2112",2112,2007-04-25,72.9437656104608,81515,81676,6265136,276899,29.4966756831913,99.8028796708948,4,"Apr",2007
"2113",2113,2007-04-26,73.2971115632097,84478,84544,6265136,276899,30.5324324031506,99.9219341408024,4,"Apr",2007
"2114",2114,2007-04-27,74.5012728314135,94210,94278,6265136,276899,34.0477935998324,99.9278728865695,4,"Apr",2007
"2115",2115,2007-04-28,73.9223844364274,118518,118636,6265136,276899,42.8445028692772,99.9005360935972,4,"Apr",2007
"2116",2116,2007-04-29,75.1159883621761,205045,205193,6265136,276899,74.1039151459557,99.9278727831846,4,"Apr",2007
"2117",2117,2007-04-30,70.6793163914261,37970,38209,6265136,276899,13.798894181633,99.3744929205161,4,"Apr",2007
"2118",2118,2007-05-01,75.3455155963678,97533,97683,6265136,276899,35.2774838479012,99.8464420625902,5,"May",2007
"2119",2119,2007-05-02,69.4836329382212,25334,25478,6265136,276899,9.20118888114439,99.4348064997253,5,"May",2007
"2120",2120,2007-05-03,74.2143791794106,124536,124569,6265136,276899,44.9871613837536,99.9735086578523,5,"May",2007
"2121",2121,2007-05-04,72.8046893502803,63230,63335,6265136,276899,22.8729608991004,99.8342148890819,5,"May",2007
"2122",2122,2007-05-05,73.4649006886385,150557,150587,6265136,276899,54.3833672205389,99.980077961577,5,"May",2007
"2123",2123,2007-05-06,76.0252392040877,90575,90613,6265136,276899,32.7242062990477,99.9580634125346,5,"May",2007
"2124",2124,2007-05-07,76.7213229978312,99510,99592,6265136,276899,35.9669049003427,99.9176640694032,5,"May",2007
"2125",2125,2007-05-08,78.7229834024177,115297,115318,6265136,276899,41.6462320196173,99.9817894864635,5,"May",2007
"2126",2126,2007-05-09,67.548480463097,5503,5528,6265136,276899,1.99639579774575,99.5477568740955,5,"May",2007
"2127",2127,2007-05-10,76.9556881860751,52051,52108,6265136,276899,18.8184139343226,99.8906118062486,5,"May",2007
"2128",2128,2007-05-11,75.9785328185328,25810,25900,6265136,276899,9.35359102055262,99.6525096525097,5,"May",2007
"2129",2129,2007-05-12,79.3911045152006,111127,111180,6265136,276899,40.1518243113915,99.9523295556755,5,"May",2007
"2130",2130,2007-05-13,80.5238585606343,77538,77687,6265136,276899,28.0560782090221,99.8082047189362,5,"May",2007
"2131",2131,2007-05-14,78.8725037494551,135201,135353,6265136,276899,48.8817222164038,99.8877010483698,5,"May",2007
"2132",2132,2007-05-15,81.6180352656291,87867,87961,6265136,276899,31.7664563613448,99.8931344573163,5,"May",2007
"2133",2133,2007-05-16,76.6838531187123,3937,3976,6265136,276899,1.43590262153348,99.0191146881288,5,"May",2007
"2134",2134,2007-05-17,75.4673710379117,7970,8045,6265136,276899,2.90539149653845,99.0677439403356,5,"May",2007
"2135",2135,2007-05-18,72.8182860053483,15469,15706,6265136,276899,5.67210426906562,98.491022539157,5,"May",2007
"2136",2136,2007-05-19,65.855546241967,3176,3579,6265136,276899,1.2925290448864,88.7398714724783,5,"May",2007
"2137",2137,2007-05-20,78.284575903487,94266,94495,6265136,276899,34.1261615245992,99.757659135404,5,"May",2007
"2138",2138,2007-05-21,80.4606060606061,39702,39765,6265136,276899,14.3608319278871,99.8415692191626,5,"May",2007
"2139",2139,2007-05-22,79.1185809064277,46152,46424,6265136,276899,16.7656799049473,99.4140961571601,5,"May",2007
"2140",2140,2007-05-23,79.2754539788074,119749,120325,6265136,276899,43.4544725694206,99.5212964886765,5,"May",2007
"2141",2141,2007-05-24,81.354653002968,166993,167451,6265136,276899,60.473674516701,99.7264871514652,5,"May",2007
"2142",2142,2007-05-25,79.6340842860345,88587,89220,6265136,276899,32.2211347819963,99.2905178211163,5,"May",2007
"2143",2143,2007-05-26,75.4065874730022,7287,7408,6265136,276899,2.67534371738432,98.3666306695464,5,"May",2007
"2144",2144,2007-05-27,76.8855596753182,9965,9979,6265136,276899,3.6038411117411,99.8597053813007,5,"May",2007
"2145",2145,2007-05-28,74.571970132108,52005,52230,6265136,276899,18.862473320597,99.5692130959219,5,"May",2007
"2146",2146,2007-05-29,74.7070726741613,56211,56485,6265136,276899,20.399134702545,99.5149154642826,5,"May",2007
"2147",2147,2007-05-30,73.6950706117696,99521,100479,6265136,276899,36.2872383071084,99.0465669443366,5,"May",2007
"2148",2148,2007-05-31,77.5589337475778,123527,124886,6265136,276899,45.101643559565,98.9118075685025,5,"May",2007
"2149",2149,2007-06-01,80.4159250322653,88344,89105,6265136,276899,32.179603393295,99.145951405645,6,"Jun",2007
"2150",2150,2007-06-02,70.6982222331506,40638,40669,6265136,276899,14.6873047573303,99.9237748653766,6,"Jun",2007
"2151",2151,2007-06-03,69.0819215336603,8933,8972,6265136,276899,3.24017060372193,99.5653143111904,6,"Jun",2007
"2152",2152,2007-06-04,77.6603335444374,4435,4737,6265136,276899,1.71073207198293,93.6246569558792,6,"Jun",2007
"2153",2153,2007-06-05,82.8850649881468,12208,12233,6265136,276899,4.41785633028649,99.7956347584403,6,"Jun",2007
"2154",2154,2007-06-06,73.8150980392157,4424,5100,6265136,276899,1.84182680327484,86.7450980392157,6,"Jun",2007
"2155",2155,2007-06-07,52.4606092436975,1060,1904,6265136,276899,0.687615339889274,55.672268907563,6,"Jun",2007
"2156",2156,2007-06-08,63.2123479887746,3559,4276,6265136,276899,1.5442453746673,83.2319925163704,6,"Jun",2007
"2157",2157,2007-06-09,70.2105571535102,18260,18774,6265136,276899,6.78008949111409,97.2621710876744,6,"Jun",2007
"2158",2158,2007-06-10,75.8984555822076,46376,47526,6265136,276899,17.1636589514588,97.5802718511972,6,"Jun",2007
"2159",2159,2007-06-11,76.6097467749642,50757,52325,6265136,276899,18.8967818590894,97.0033444816054,6,"Jun",2007
"2160",2160,2007-06-12,77.5894484800814,83134,86452,6265136,276899,31.2214923130817,96.162032110304,6,"Jun",2007
"2161",2161,2007-06-13,68.5762539539087,8406,8852,6265136,276899,3.19683350246841,94.9615906009941,6,"Jun",2007
"2162",2162,2007-06-14,76.225788565796,31355,32464,6265136,276899,11.7241304591205,96.5839083292262,6,"Jun",2007
"2163",2163,2007-06-15,74.1856900191873,137750,145409,6265136,276899,52.5133713014493,94.7327882043065,6,"Jun",2007
"2164",2164,2007-06-16,75.5141832409521,21925,24536,6265136,276899,8.86099263630421,89.3584936419954,6,"Jun",2007
"2165",2165,2007-06-17,84.6526478595718,180054,188794,6265136,276899,68.181539117151,95.3706155915972,6,"Jun",2007
"2166",2166,2007-06-18,83.8151136727506,190421,202995,6265136,276899,73.3101239079953,93.8057587625311,6,"Jun",2007
"2167",2167,2007-06-19,88.4413475418188,91961,94216,6265136,276899,34.0254027641848,97.6065636409952,6,"Jun",2007
"2168",2168,2007-06-20,88.1998982897612,103330,106184,6265136,276899,38.3475563292031,97.3122127627514,6,"Jun",2007
"2169",2169,2007-06-21,83.356131225215,36821,38834,6265136,276899,14.0246082506618,94.816398001751,6,"Jun",2007
"2170",2170,2007-06-22,75.9889642334796,13475,15042,6265136,276899,5.43230564212944,89.5825023268182,6,"Jun",2007
"2171",2171,2007-06-23,77.2445737910026,33345,36766,6265136,276899,13.2777655390594,90.695207528695,6,"Jun",2007
"2172",2172,2007-06-24,81.9907704941445,51424,56016,6265136,276899,20.2297588651458,91.8023421879463,6,"Jun",2007
"2173",2173,2007-06-25,85.3633058815609,42138,44563,6265136,276899,16.0935936930072,94.5582658259094,6,"Jun",2007
"2174",2174,2007-06-26,68.8498043469015,74506,94044,6265136,276899,33.9632862523881,79.2246182637914,6,"Jun",2007
"2175",2175,2007-06-27,75.7839374104123,124986,141621,6265136,276899,51.1453634718796,88.2538606562586,6,"Jun",2007
"2176",2176,2007-06-28,68.6743030917385,25426,29595,6265136,276899,10.6880125966508,85.9131610069268,6,"Jun",2007
"2177",2177,2007-06-29,64.207800273258,5834,8051,6265136,276899,2.90755835160113,72.4630480685629,6,"Jun",2007
"2178",2178,2007-06-30,74.1243446069317,53021,59697,6265136,276899,21.5591244460977,88.8168584685998,6,"Jun",2007
"2179",2179,2007-07-01,71.1598357803911,59209,71855,6265136,276899,25.9498950881007,82.4006680119685,7,"Jul",2007
"2180",2180,2007-07-02,81.2012687243457,83843,93795,6265136,276899,33.873361767287,89.3896263127032,7,"Jul",2007
"2181",2181,2007-07-03,79.6624529197189,118681,134876,6265136,276899,48.709457238921,87.9926747531066,7,"Jul",2007
"2182",2182,2007-07-04,75.927629331347,150692,178553,6265136,276899,64.4830786676731,84.3962296909041,7,"Jul",2007
"2183",2183,2007-07-05,72.1251016081988,50577,62741,6265136,276899,22.6584422478954,80.6123587446805,7,"Jul",2007
"2184",2184,2007-07-06,73.9131508319914,129114,158355,6265136,276899,57.1887222416838,81.5345268542199,7,"Jul",2007
"2185",2185,2007-07-07,76.2921963750692,152963,182569,6265136,276899,65.9334269896244,83.783665353921,7,"Jul",2007
"2186",2186,2007-07-08,72.9367338179672,118928,149116,6265136,276899,53.8521265876728,79.7553582445881,7,"Jul",2007
"2187",2187,2007-07-09,65.2226679742058,97013,134604,6265136,276899,48.6112264760797,72.0728953077175,7,"Jul",2007
"2188",2188,2007-07-10,64.0475845799153,105977,149208,6265136,276899,53.8853516986338,71.0263524743982,7,"Jul",2007
"2189",2189,2007-07-11,60.7568256099849,67923,101273,6265136,276899,36.5739854604025,67.0692089698143,7,"Jul",2007
"2190",2190,2007-07-12,53.8342281548616,25511,40604,6265136,276899,14.6638304941513,62.8287853413457,7,"Jul",2007
"2191",2191,2007-07-13,69.1284443014903,14270,18654,6265136,276899,6.73675238986056,76.4983381580358,7,"Jul",2007
"2192",2192,2007-07-14,60.9439651000401,102837,144642,6265136,276899,52.2363749959372,71.0976065043348,7,"Jul",2007
"2193",2193,2007-07-15,65.1996059459493,118218,159369,6265136,276899,57.5549207472761,74.178792613369,7,"Jul",2007
"2194",2194,2007-07-16,62.5661683744829,141731,201622,6265136,276899,72.8142752411529,70.2954042713593,7,"Jul",2007
"2195",2195,2007-07-17,59.3598909953995,24347,34127,6265136,276899,12.3247104539923,71.34233891054,7,"Jul",2007
"2196",2196,2007-07-18,54.5294523699954,3098,4346,6265136,276899,1.56952535039852,71.2839392544869,7,"Jul",2007
"2197",2197,2007-07-19,59.9579666729077,9628,10682,6265136,276899,3.85772429658468,90.132933907508,7,"Jul",2007
"2198",2198,2007-07-20,58.5615056084855,16885,21307,6265136,276899,7.69486347007393,79.2462570986061,7,"Jul",2007
"2199",2199,2007-07-21,33.4876111111111,13529,36000,6265136,276899,13.0011303760577,37.5805555555556,7,"Jul",2007
"2200",2200,2007-07-22,52.1949265687583,566,749,6265136,276899,0.270495740324089,75.5674232309746,7,"Jul",2007
"2201",2201,2007-07-23,59.9224039162587,17299,19202,6265136,276899,6.934658485585,90.089574002708,7,"Jul",2007
"2202",2202,2007-07-24,45.8036598789213,7404,14536,6265136,276899,5.24956753184374,50.9356081452944,7,"Jul",2007
"2203",2203,2007-07-25,62.3117082814674,28558,40971,6265136,276899,14.796369795485,69.70296063069,7,"Jul",2007
"2204",2204,2007-07-26,67.521630986442,52224,69553,6265136,276899,25.1185450290539,75.0851868359381,7,"Jul",2007
"2205",2205,2007-07-27,54.1367355017484,38610,60628,6265136,276899,21.8953481233229,63.6834465923336,7,"Jul",2007
"2206",2206,2007-07-28,68.0650555759538,49054,59918,6265136,276899,21.6389369409063,81.8685536900431,7,"Jul",2007
"2207",2207,2007-07-29,68.4881928973922,28754,38155,6265136,276899,13.7793924860689,75.3610273882846,7,"Jul",2007
"2208",2208,2007-07-30,55.6728210888413,18127,28489,6265136,276899,10.2885889800974,63.6280669732177,7,"Jul",2007
"2209",2209,2007-07-31,58.2647725769572,69030,105838,6265136,276899,38.2226010205887,65.2223209055349,7,"Jul",2007
"2210",2210,2007-08-01,45.2332492974419,58785,110667,6265136,276899,39.9665582035327,53.118815907181,8,"Aug",2007
"2211",2211,2007-08-02,54.1910051609732,99950,162760,6265136,276899,58.7795550001986,61.4094372081593,8,"Aug",2007
"2212",2212,2007-08-03,54.7542394330549,59697,98775,6265136,276899,35.6718514693083,60.4373576309795,8,"Aug",2007
"2213",2213,2007-08-04,42.6602342294384,7029,15028,6265136,276899,5.4272496469832,46.7726909768432,8,"Aug",2007
"2214",2214,2007-08-05,63.4569832990886,53570,75924,6265136,276899,27.4193839631057,70.5573995047679,8,"Aug",2007
"2215",2215,2007-08-06,46.8485336670056,32720,63935,6265136,276899,23.089646405368,51.1769766168765,8,"Aug",2007
"2216",2216,2007-08-07,67.1915191568293,59902,81407,6265136,276899,29.3995283478814,73.5833527829302,8,"Aug",2007
"2217",2217,2007-08-08,43.5366120218579,492,915,6265136,276899,0.330445397058133,53.7704918032787,8,"Aug",2007
"2218",2218,2007-08-09,48.3235251850255,14655,27834,6265136,276899,10.0520406357553,52.6514334985988,8,"Aug",2007
"2219",2219,2007-08-10,57.9588154540106,3471,5099,6265136,276899,1.84146566076439,68.0721710139243,8,"Aug",2007
"2220",2220,2007-08-11,36.7752981712165,8293,18865,6265136,276899,6.81295345956468,43.9597137556321,8,"Aug",2007
"2221",2221,2007-08-12,59.4445210992296,38254,52182,6265136,276899,18.8451384800956,73.3088038020773,8,"Aug",2007
"2222",2222,2007-08-13,54.3414317845636,30003,49351,6265136,276899,17.8227440330229,60.7951206662479,8,"Aug",2007
"2223",2223,2007-08-14,47.6910391750061,34823,65552,6265136,276899,23.6736138447593,53.1227117402978,8,"Aug",2007
"2224",2224,2007-08-15,46.1541150708788,40702,78091,6265136,276899,28.2019797832423,52.1212431650254,8,"Aug",2007
"2225",2225,2007-08-16,34.9666802502577,16909,41717,6265136,276899,15.0657821082777,40.5326365750174,8,"Aug",2007
"2226",2226,2007-08-17,47.009671769096,23018,39393,6265136,276899,14.2264869140011,58.4317010636408,8,"Aug",2007
"2227",2227,2007-08-18,48.9004071036639,10338,16949,6265136,276899,6.12100440955005,60.9947489527406,8,"Aug",2007
"2228",2228,2007-08-19,54.975505185839,22960,31721,6265136,276899,11.4558015738591,72.381072475647,8,"Aug",2007
"2229",2229,2007-08-20,54.4451371027508,16803,22939,6265136,276899,8.28424804712187,73.2507955882994,8,"Aug",2007
"2230",2230,2007-08-21,50.3552904302108,38810,59343,6265136,276899,21.4312799973998,65.3994573917733,8,"Aug",2007
"2231",2231,2007-08-22,59.6448920193259,65438,85895,6265136,276899,31.0203359347632,76.1837126724489,8,"Aug",2007
"2232",2232,2007-08-23,56.9111454454024,96162,137213,6265136,276899,49.5534472858335,70.0822808334487,8,"Aug",2007
"2233",2233,2007-08-24,56.1266846004002,106656,150926,6265136,276899,54.5057945315801,70.6677444575487,8,"Aug",2007
"2234",2234,2007-08-25,45.7087366941153,13824,24895,6265136,276899,8.99064279755434,55.5292227354891,8,"Aug",2007
"2235",2235,2007-08-26,44.1909039226833,4643,8795,6265136,276899,3.17624837937298,52.7913587265492,8,"Aug",2007
"2236",2236,2007-08-27,52.9392369942197,45378,64875,6265136,276899,23.4291203651873,69.9468208092485,8,"Aug",2007
"2237",2237,2007-08-28,55.0302673686384,71945,96870,6265136,276899,34.9838749869086,74.2696397233406,8,"Aug",2007
"2238",2238,2007-08-29,47.4891657415402,30345,48642,6265136,276899,17.5666939931166,62.3843591957568,8,"Aug",2007
"2239",2239,2007-08-30,49.901113783833,32126,49471,6265136,276899,17.8660811342764,64.9390552040589,8,"Aug",2007
"2240",2240,2007-08-31,57.9430419308339,58313,78391,6265136,276899,28.3103225363761,74.3873658965953,8,"Aug",2007
"2241",2241,2007-09-01,60.1659897318276,146593,188349,6265136,276899,68.0208307000025,77.8305167534736,9,"Sep",2007
"2242",2242,2007-09-02,56.221372157373,76984,109142,6265136,276899,39.4158158751025,70.5356324787891,9,"Sep",2007
"2243",2243,2007-09-03,56.8123602270772,17259,23252,6265136,276899,8.39728565289149,74.2258730431791,9,"Sep",2007
"2244",2244,2007-09-04,55.403476362415,41149,59545,6265136,276899,21.5042307845099,69.1057183642623,9,"Sep",2007
"2245",2245,2007-09-05,56.8252953427249,78266,109957,6265136,276899,39.710147021116,71.1787335049156,9,"Sep",2007
"2246",2246,2007-09-06,59.6193975223652,133641,178961,6265136,276899,64.630424811935,74.6760467364398,9,"Sep",2007
"2247",2247,2007-09-07,54.7157228461447,37829,50398,6265136,276899,18.2008602414599,75.0605182745347,9,"Sep",2007
"2248",2248,2007-09-08,52.0735175124263,6330,8651,6265136,276899,3.12424385786875,73.1707317073171,9,"Sep",2007
"2249",2249,2007-09-09,40.7552504508697,8447,17189,6265136,276899,6.2076786120571,49.1418930711502,9,"Sep",2007
"2250",2250,2007-09-10,50.6003468390352,28303,44401,6265136,276899,16.0350886063149,63.7440598184726,9,"Sep",2007
"2251",2251,2007-09-11,57.4416118959757,66837,91594,6265136,276899,33.0784871017952,72.9709369609363,9,"Sep",2007
"2252",2252,2007-09-12,59.4297169216354,42586,55497,6265136,276899,20.0423259022243,76.735679406094,9,"Sep",2007
"2253",2253,2007-09-13,46.563204311612,9539,16328,6265136,276899,5.89673491056306,58.421117099461,9,"Sep",2007
"2254",2254,2007-09-14,51.4670056764428,17573,25368,6265136,276899,9.16146320499532,69.2723115736361,9,"Sep",2007
"2255",2255,2007-09-15,47.4734453135017,23433,38995,6265136,276899,14.0827521948436,60.0923195281446,9,"Sep",2007
"2256",2256,2007-09-16,57.6230161792319,62627,77754,6265136,276899,28.0802747572219,80.5450523445739,9,"Sep",2007
"2257",2257,2007-09-17,56.4287432351173,19946,24945,6265136,276899,9.00869992307664,79.9599118059731,9,"Sep",2007
"2258",2258,2007-09-18,54.1040514728059,7133,9947,6265136,276899,3.59228455140683,71.7100633356791,9,"Sep",2007
"2259",2259,2007-09-19,47.3962365159667,22229,37359,6265136,276899,13.4919230477539,59.5010573088145,9,"Sep",2007
"2260",2260,2007-09-20,60.2833638423989,35366,45888,6265136,276899,16.5721075193482,77.0702580195258,9,"Sep",2007
"2261",2261,2007-09-21,59.3934623430962,44017,57360,6265136,276899,20.7151343991853,76.7381450488145,9,"Sep",2007
"2262",2262,2007-09-22,56.0580348316828,39131,55639,6265136,276899,20.0936081387076,70.3301640935315,9,"Sep",2007
"2263",2263,2007-09-23,50.7388538617429,23287,35528,6265136,276899,12.8306711111272,65.5454852510696,9,"Sep",2007
"2264",2264,2007-09-24,65.0315907703045,80698,91704,6265136,276899,33.1182127779443,87.9983424932391,9,"Sep",2007
"2265",2265,2007-09-25,65.7899041715054,102118,119693,6265136,276899,43.2262305028187,85.3166016391936,9,"Sep",2007
"2266",2266,2007-09-26,64.3411825331033,77199,89266,6265136,276899,32.2377473374768,86.4819752201286,9,"Sep",2007
"2267",2267,2007-09-27,59.4258609160816,10804,11964,6265136,276899,4.32070899497651,90.304246071548,9,"Sep",2007
"2268",2268,2007-09-28,58.6358481460629,37376,49732,6265136,276899,17.9603393295028,75.1548298882008,9,"Sep",2007
"2269",2269,2007-09-29,64.9239923399599,113409,131592,6265136,276899,47.5234652346162,86.1822907167609,9,"Sep",2007
"2270",2270,2007-09-30,57.1558921705328,36058,47334,6265136,276899,17.0943195894532,76.1778003126716,9,"Sep",2007
"2271",2271,2007-10-01,62.6144964228859,41223,52137,6265136,276899,18.8288870671256,79.0666896829507,10,"Oct",2007
"2272",2272,2007-10-02,60.1563987622977,43644,50416,6265136,276899,18.2073608066479,86.5677562678515,10,"Oct",2007
"2273",2273,2007-10-03,67.2945580421832,76116,86954,6265136,276899,31.4027858533256,87.5359385422177,10,"Oct",2007
"2274",2274,2007-10-04,67.3884767756802,90984,98948,6265136,276899,35.7343291236155,91.951327970247,10,"Oct",2007
"2275",2275,2007-10-05,69.9122170303498,103303,110215,6265136,276899,39.8033217888111,93.7286213310348,10,"Oct",2007
"2276",2276,2007-10-06,71.1857222006106,79870,84831,6265136,276899,30.6360803036486,94.1519020169514,10,"Oct",2007
"2277",2277,2007-10-07,60.3817019382511,21266,24713,6265136,276899,8.92491486065316,86.051875531097,10,"Oct",2007
"2278",2278,2007-10-08,68.4161910836578,55537,59576,6265136,276899,21.5154262023337,93.2204243319458,10,"Oct",2007
"2279",2279,2007-10-09,61.867762199563,19331,21968,6265136,276899,7.93357866947876,87.9961762563729,10,"Oct",2007
"2280",2280,2007-10-10,71.2974794690357,36689,38722,6265136,276899,13.9841602894918,94.7497546614328,10,"Oct",2007
"2281",2281,2007-10-11,58.1100725080807,10492,11447,6265136,276899,4.1339983170759,91.6572027605486,10,"Oct",2007
"2282",2282,2007-10-12,71.2135617760618,11891,12432,6265136,276899,4.48972368986526,95.6483268983269,10,"Oct",2007
"2283",2283,2007-10-13,58.2146193367585,3563,4282,6265136,276899,1.54641222972997,83.2087809434844,10,"Oct",2007
"2284",2284,2007-10-14,35.7307692307692,48,234,6265136,276899,0.084507347444375,20.5128205128205,10,"Oct",2007
"2285",2285,2007-10-15,61.1505870342011,1204,1959,6265136,276899,0.707478177963806,61.4599285349668,10,"Oct",2007
"2286",2286,2007-10-16,52.1027457927369,564,1129,6265136,276899,0.407729894293587,49.955713020372,10,"Oct",2007
"2287",2287,2007-10-17,41.2803738317757,34,107,6265136,276899,0.038642248617727,31.7757009345794,10,"Oct",2007
"2288",2288,2007-10-18,21.6728624535316,1,269,6265136,276899,0.0971473353099867,0.371747211895911,10,"Oct",2007
"2289",2289,2007-10-19,49.8842105263158,345,760,6265136,276899,0.274468307938996,45.3947368421053,10,"Oct",2007
"2290",2290,2007-10-20,49.6083032490975,490,1108,6265136,276899,0.40014590157422,44.2238267148014,10,"Oct",2007
"2291",2291,2007-10-21,NA,NA,0,6265136,276899,0,NA,10,"Oct",2007
"2292",2292,2007-10-22,66.1727272727273,267,330,6265136,276899,0.119177028447196,80.9090909090909,10,"Oct",2007
"2293",2293,2007-10-23,NA,NA,0,6265136,276899,0,NA,10,"Oct",2007
"2294",2294,2007-10-24,61.2295409181637,397,501,6265136,276899,0.18093239773347,79.2415169660679,10,"Oct",2007
"2295",2295,2007-10-25,NA,NA,0,6265136,276899,0,NA,10,"Oct",2007
"2296",2296,2007-10-26,57.9003623188406,393,552,6265136,276899,0.199350665766218,71.195652173913,10,"Oct",2007
"2297",2297,2007-10-27,45.5153846153846,73,130,6265136,276899,0.0469485263579861,56.1538461538462,10,"Oct",2007
"2298",2298,2007-10-28,NA,NA,0,6265136,276899,0,NA,10,"Oct",2007
"2299",2299,2007-10-29,59.4030172413793,303,464,6265136,276899,0.167570124846966,65.301724137931,10,"Oct",2007
"2300",2300,2007-10-30,58.3571428571429,26,28,6265136,276899,0.0101119902924893,92.8571428571429,10,"Oct",2007
"2301",2301,2007-10-31,NA,NA,0,6265136,276899,0,NA,10,"Oct",2007
"2302",2302,2007-11-01,NA,NA,0,6265136,276899,0,NA,11,"Nov",2007
"2303",2303,2007-11-02,NA,NA,0,6265136,276899,0,NA,11,"Nov",2007
"2304",2304,2007-11-03,NA,NA,0,6265136,276899,0,NA,11,"Nov",2007
"2305",2305,2007-11-04,NA,NA,0,6265136,276899,0,NA,11,"Nov",2007
"2306",2306,2007-11-05,NA,NA,0,6265136,276899,0,NA,11,"Nov",2007
"2307",2307,2007-11-06,NA,NA,0,6265136,276899,0,NA,11,"Nov",2007
"2308",2308,2007-11-07,NA,NA,0,6265136,276899,0,NA,11,"Nov",2007
"2309",2309,2007-11-08,NA,NA,0,6265136,276899,0,NA,11,"Nov",2007
"2310",2310,2007-11-09,NA,NA,0,6265136,276899,0,NA,11,"Nov",2007
"2311",2311,2007-11-10,NA,NA,0,6265136,276899,0,NA,11,"Nov",2007
"2312",2312,2007-11-11,NA,NA,0,6265136,276899,0,NA,11,"Nov",2007
"2313",2313,2007-11-12,NA,NA,0,6265136,276899,0,NA,11,"Nov",2007
"2314",2314,2007-11-13,NA,NA,0,6265136,276899,0,NA,11,"Nov",2007
"2315",2315,2007-11-14,NA,NA,0,6265136,276899,0,NA,11,"Nov",2007
"2316",2316,2007-11-15,NA,NA,0,6265136,276899,0,NA,11,"Nov",2007
"2317",2317,2007-11-16,NA,NA,0,6265136,276899,0,NA,11,"Nov",2007
"2318",2318,2007-11-17,NA,NA,0,6265136,276899,0,NA,11,"Nov",2007
"2319",2319,2007-11-18,NA,NA,0,6265136,276899,0,NA,11,"Nov",2007
"2320",2320,2007-11-19,NA,NA,0,6265136,276899,0,NA,11,"Nov",2007
"2321",2321,2007-11-20,NA,NA,0,6265136,276899,0,NA,11,"Nov",2007
"2322",2322,2007-11-21,NA,NA,0,6265136,276899,0,NA,11,"Nov",2007
"2323",2323,2007-11-22,NA,NA,0,6265136,276899,0,NA,11,"Nov",2007
"2324",2324,2007-11-23,NA,NA,0,6265136,276899,0,NA,11,"Nov",2007
"2325",2325,2007-11-24,NA,NA,0,6265136,276899,0,NA,11,"Nov",2007
"2326",2326,2007-11-25,NA,NA,0,6265136,276899,0,NA,11,"Nov",2007
"2327",2327,2008-01-17,NA,NA,0,6265136,276899,0,NA,1,"Jan",2008
"2328",2328,2008-01-18,NA,NA,0,6265136,276899,0,NA,1,"Jan",2008
"2329",2329,2008-01-19,NA,NA,0,6265136,276899,0,NA,1,"Jan",2008
"2330",2330,2008-01-20,NA,NA,0,6265136,276899,0,NA,1,"Jan",2008
"2331",2331,2008-01-21,NA,NA,0,6265136,276899,0,NA,1,"Jan",2008
"2332",2332,2008-01-22,NA,NA,0,6265136,276899,0,NA,1,"Jan",2008
"2333",2333,2008-01-23,NA,NA,0,6265136,276899,0,NA,1,"Jan",2008
"2334",2334,2008-01-24,NA,NA,0,6265136,276899,0,NA,1,"Jan",2008
"2335",2335,2008-01-25,NA,NA,0,6265136,276899,0,NA,1,"Jan",2008
"2336",2336,2008-01-26,NA,NA,0,6265136,276899,0,NA,1,"Jan",2008
"2337",2337,2008-01-27,NA,NA,0,6265136,276899,0,NA,1,"Jan",2008
"2338",2338,2008-01-28,NA,NA,0,6265136,276899,0,NA,1,"Jan",2008
"2339",2339,2008-01-29,NA,NA,0,6265136,276899,0,NA,1,"Jan",2008
"2340",2340,2008-01-30,NA,NA,0,6265136,276899,0,NA,1,"Jan",2008
"2341",2341,2008-01-31,NA,NA,0,6265136,276899,0,NA,1,"Jan",2008
"2342",2342,2008-02-01,NA,NA,0,6265136,276899,0,NA,2,"Feb",2008
"2343",2343,2008-02-02,NA,NA,0,6265136,276899,0,NA,2,"Feb",2008
"2344",2344,2008-02-03,NA,NA,0,6265136,276899,0,NA,2,"Feb",2008
"2345",2345,2008-02-04,NA,NA,0,6265136,276899,0,NA,2,"Feb",2008
"2346",2346,2008-02-05,NA,NA,0,6265136,276899,0,NA,2,"Feb",2008
"2347",2347,2008-02-06,NA,NA,0,6265136,276899,0,NA,2,"Feb",2008
"2348",2348,2008-02-07,NA,NA,0,6265136,276899,0,NA,2,"Feb",2008
"2349",2349,2008-02-08,NA,NA,0,6265136,276899,0,NA,2,"Feb",2008
"2350",2350,2008-02-09,NA,NA,0,6265136,276899,0,NA,2,"Feb",2008
"2351",2351,2008-02-10,NA,NA,0,6265136,276899,0,NA,2,"Feb",2008
"2352",2352,2008-02-11,NA,NA,0,6265136,276899,0,NA,2,"Feb",2008
"2353",2353,2008-02-12,38,16,55,6265136,276899,0.0198628380745326,29.0909090909091,2,"Feb",2008
"2354",2354,2008-02-13,58.6,185,260,6265136,276899,0.0938970527159722,71.1538461538462,2,"Feb",2008
"2355",2355,2008-02-14,58.5229166666667,407,480,6265136,276899,0.173348405014103,84.7916666666667,2,"Feb",2008
"2356",2356,2008-02-15,NA,NA,0,6265136,276899,0,NA,2,"Feb",2008
"2357",2357,2008-02-16,78.3846153846154,1183,1196,6265136,276899,0.431926442493472,98.9130434782609,2,"Feb",2008
"2358",2358,2008-02-17,67.0021208907741,842,943,6265136,276899,0.340557387350622,89.2895015906681,2,"Feb",2008
"2359",2359,2008-02-18,NA,NA,0,6265136,276899,0,NA,2,"Feb",2008
"2360",2360,2008-02-19,NA,NA,0,6265136,276899,0,NA,2,"Feb",2008
"2361",2361,2008-02-20,61.4615384615385,437,533,6265136,276899,0.192488958067743,81.9887429643527,2,"Feb",2008
"2362",2362,2008-02-21,NA,NA,0,6265136,276899,0,NA,2,"Feb",2008
"2363",2363,2008-02-22,60.3870106761566,766,1124,6265136,276899,0.405924181741357,68.1494661921708,2,"Feb",2008
"2364",2364,2008-02-23,68.0713128038898,1153,1234,6265136,276899,0.445649857890422,93.4359805510535,2,"Feb",2008
"2365",2365,2008-02-24,67.3643054277829,962,1087,6265136,276899,0.392561908854853,88.5004599816007,2,"Feb",2008
"2366",2366,2008-02-25,40.9405940594059,86,202,6265136,276899,0.0729507871101015,42.5742574257426,2,"Feb",2008
"2367",2367,2008-02-26,53.995,141,200,6265136,276899,0.0722285020892094,70.5,2,"Feb",2008
"2368",2368,2008-02-27,67.2028262676642,1148,1203,6265136,276899,0.434454440066595,95.4280964256027,2,"Feb",2008
"2369",2369,2008-02-28,65.0243632336656,1601,1806,6265136,276899,0.652223373865561,88.6489479512735,2,"Feb",2008
"2370",2370,2008-02-29,69.5805194805195,5841,6160,6265136,276899,2.22463786434765,94.8214285714286,2,"Feb",2008
"2371",2371,2008-03-01,70.5901967485232,19891,20483,6265136,276899,7.39728204146638,97.1097983693795,3,"Mar",2008
"2372",2372,2008-03-02,61.8316107890093,14204,15868,6265136,276899,5.73060935575788,89.5134862616587,3,"Mar",2008
"2373",2373,2008-03-03,62.6949367662391,43080,44122,6265136,276899,15.9343298459005,97.6383663478537,3,"Mar",2008
"2374",2374,2008-03-04,72.6335771652133,71081,72591,6265136,276899,26.215695975789,97.9198523232908,3,"Mar",2008
"2375",2375,2008-03-05,61.2112780186175,26285,29757,6265136,276899,10.746517683343,88.3321571394966,3,"Mar",2008
"2376",2376,2008-03-06,67.9204210142062,95326,98619,6265136,276899,35.6155132376787,96.6608868473621,3,"Mar",2008
"2377",2377,2008-03-07,65.5385637623381,94173,98577,6265136,276899,35.60034525224,95.5324264280715,3,"Mar",2008
"2378",2378,2008-03-08,53.6913536913537,6439,8547,6265136,276899,3.08668503678236,75.3363753363753,3,"Mar",2008
"2379",2379,2008-03-09,66.8800781874054,103500,106411,6265136,276899,38.4295356790743,97.2643805621599,3,"Mar",2008
"2380",2380,2008-03-10,63.9316199534554,141598,148245,6265136,276899,53.5375714610743,95.5162062801444,3,"Mar",2008
"2381",2381,2008-03-11,64.5542661608272,49867,53772,6265136,276899,19.4193550717048,92.7378561333036,3,"Mar",2008
"2382",2382,2008-03-12,65.3160034807373,119123,126410,6265136,276899,45.6520247454848,94.2354244126256,3,"Mar",2008
"2383",2383,2008-03-13,68.370106939401,113544,120068,6265136,276899,43.361658944236,94.5664123663257,3,"Mar",2008
"2384",2384,2008-03-14,67.1897566599915,109260,115353,6265136,276899,41.6588720074829,94.717952719045,3,"Mar",2008
"2385",2385,2008-03-15,69.2071718316784,142609,146434,6265136,276899,52.8835423746565,97.3879017168144,3,"Mar",2008
"2386",2386,2008-03-16,68.7743462862023,155557,159244,6265136,276899,57.5097779334703,97.6846851372736,3,"Mar",2008
"2387",2387,2008-03-17,69.9896429289207,147314,149270,6265136,276899,53.9077425342815,98.6896228311114,3,"Mar",2008
"2388",2388,2008-03-18,71.1930607067518,144025,145058,6265136,276899,52.3866102802827,99.2878710584732,3,"Mar",2008
"2389",2389,2008-03-19,70.4906018923432,124581,125770,6265136,276899,45.4208935387993,99.0546235191222,3,"Mar",2008
"2390",2390,2008-03-20,70.7941707956864,153150,154395,6265136,276899,55.7585979003174,99.1936267366171,3,"Mar",2008
"2391",2391,2008-03-21,66.900548696845,88615,90396,6265136,276899,32.6458383742809,98.0297800787645,3,"Mar",2008
"2392",2392,2008-03-22,66.6957125197892,136397,138333,6265136,276899,49.957926897533,98.60047855537,3,"Mar",2008
"2393",2393,2008-03-23,68.1745876952063,149411,150738,6265136,276899,54.4378997396162,99.1196645835821,3,"Mar",2008
"2394",2394,2008-03-24,63.7035577534913,88467,89579,6265136,276899,32.3507849432465,98.7586376271224,3,"Mar",2008
"2395",2395,2008-03-25,67.5315885668221,143683,143897,6265136,276899,51.9673238256548,99.8512825145764,3,"Mar",2008
"2396",2396,2008-03-26,67.0915236357243,164570,164941,6265136,276899,59.5672068154815,99.7750710860247,3,"Mar",2008
"2397",2397,2008-03-27,69.145099894137,88016,88794,6265136,276899,32.0672880725463,99.1238146721625,3,"Mar",2008
"2398",2398,2008-03-28,64.576265974168,86794,87798,6265136,276899,31.707590132142,98.8564659787239,3,"Mar",2008
"2399",2399,2008-03-29,67.0985366823634,110077,110639,6265136,276899,39.9564462132402,99.4920416851201,3,"Mar",2008
"2400",2400,2008-03-30,64.8947684414486,72836,73286,6265136,276899,26.466690020549,99.3859673061703,3,"Mar",2008
"2401",2401,2008-03-31,67.9568325078793,124077,124376,6265136,276899,44.9174608792376,99.7595999228147,3,"Mar",2008
"2402",2402,2008-04-01,70.1614096075524,175986,176049,6265136,276899,63.5787778215162,99.9642145084607,4,"Apr",2008
"2403",2403,2008-04-02,71.6252652487767,206363,206410,6265136,276899,74.5434255811686,99.9772297853786,4,"Apr",2008
"2404",2404,2008-04-03,72.8471980205718,218575,218649,6265136,276899,78.9634487665178,99.9661558022218,4,"Apr",2008
"2405",2405,2008-04-04,74.2349288131609,204116,204181,6265136,276899,73.7384389253843,99.9681655002179,4,"Apr",2008
"2406",2406,2008-04-05,74.3084278668311,162071,162200,6265136,276899,58.5773151943488,99.9204685573366,4,"Apr",2008
"2407",2407,2008-04-06,73.697093474665,148053,148115,6265136,276899,53.4906229347163,99.9581406339668,4,"Apr",2008
"2408",2408,2008-04-07,65.1052299518512,30043,30115,6265136,276899,10.8758067020827,99.7609164868006,4,"Apr",2008
"2409",2409,2008-04-08,71.2250152792753,201224,201253,6265136,276899,72.6810136547983,99.9855902769151,4,"Apr",2008
"2410",2410,2008-04-09,71.1728731096987,134613,134833,6265136,276899,48.6939281109719,99.8368351961315,4,"Apr",2008
"2411",2411,2008-04-10,70.8705419915633,93713,93876,6265136,276899,33.9026143106331,99.8263666964933,4,"Apr",2008
"2412",2412,2008-04-11,70.6173198076141,118008,118096,6265136,276899,42.6494859136364,99.9254843517139,4,"Apr",2008
"2413",2413,2008-04-12,69.5686739344563,59575,59899,6265136,276899,21.6320752332078,99.4590894672699,4,"Apr",2008
"2414",2414,2008-04-13,68.4467067312524,49381,49753,6265136,276899,17.9679233222222,99.2523063935843,4,"Apr",2008
"2415",2415,2008-04-14,71.2865040355079,87669,88093,6265136,276899,31.8141271727236,99.5186904748391,4,"Apr",2008
"2416",2416,2008-04-15,63.0832778147901,11910,12008,6265136,276899,4.33659926543613,99.1838774150566,4,"Apr",2008
"2417",2417,2008-04-16,66.2426772607905,14826,14851,6265136,276899,5.36332742263425,99.8316611675981,4,"Apr",2008
"2418",2418,2008-04-17,64.6600690754516,29421,30112,6265136,276899,10.8747232745514,97.7052337938363,4,"Apr",2008
"2419",2419,2008-04-18,71.5178278015117,96975,97376,6265136,276899,35.1666130971943,99.588194216234,4,"Apr",2008
"2420",2420,2008-04-19,74.323730717388,133228,133540,6265136,276899,48.2269708449651,99.766362138685,4,"Apr",2008
"2421",2421,2008-04-20,74.4223477901178,127912,128129,6265136,276899,46.2728287209416,99.8306394336957,4,"Apr",2008
"2422",2422,2008-04-21,73.6806341925671,125229,125577,6265136,276899,45.3511930342833,99.7228791896605,4,"Apr",2008
"2423",2423,2008-04-22,73.7969121603181,76904,76947,6265136,276899,27.788832751292,99.944117379495,4,"Apr",2008
"2424",2424,2008-04-23,70.8405897258696,90735,91161,6265136,276899,32.9221123947721,99.5326949024254,4,"Apr",2008
"2425",2425,2008-04-24,74.1879291299357,184632,184676,6265136,276899,66.6943542591342,99.976174489376,4,"Apr",2008
"2426",2426,2008-04-25,75.7299628967248,187235,187315,6265136,276899,67.6474093442013,99.9572911939781,4,"Apr",2008
"2427",2427,2008-04-26,77.4895938425489,245803,245816,6265136,276899,88.7746073478055,99.9947114915221,4,"Apr",2008
"2428",2428,2008-04-27,78.7568991867472,252560,252566,6265136,276899,91.2123192933163,99.9976243833295,4,"Apr",2008
"2429",2429,2008-04-28,76.5889823537216,188329,188425,6265136,276899,68.0482775307964,99.9490513466897,4,"Apr",2008
"2430",2430,2008-04-29,78.8213963128155,142785,142819,6265136,276899,51.578012199394,99.9761936437029,4,"Apr",2008
"2431",2431,2008-04-30,77.5955249151403,123346,123439,6265136,276899,44.5790703469496,99.9246591433826,4,"Apr",2008
"2432",2432,2008-05-01,68.4028744096288,39195,39382,6265136,276899,14.2225143463862,99.5251637804073,5,"May",2008
"2433",2433,2008-05-02,74.9427909954441,134256,134332,6265136,276899,48.5129957132384,99.9434237560671,5,"May",2008
"2434",2434,2008-05-03,76.3014162378718,185166,185209,6265136,276899,66.8868432172019,99.976782985708,5,"May",2008
"2435",2435,2008-05-04,76.4566035095086,171333,171477,6265136,276899,61.9276342637568,99.9160237232982,5,"May",2008
"2436",2436,2008-05-05,73.5914483993732,134002,134010,6265136,276899,48.3967078248748,99.9940302962465,5,"May",2008
"2437",2437,2008-05-06,71.5496231687696,47224,47236,6265136,276899,17.0589276234295,99.9745956473876,5,"May",2008
"2438",2438,2008-05-07,69.1334657942516,29147,29191,6265136,276899,10.5421110224306,99.8492686101881,5,"May",2008
"2439",2439,2008-05-08,68.1557833600457,63010,63017,6265136,276899,22.7581175807785,99.9888918863164,5,"May",2008
"2440",2440,2008-05-09,71.4933430712866,83452,83522,6265136,276899,30.1633447574747,99.9161897464141,5,"May",2008
"2441",2441,2008-05-10,74.5604969203466,76524,76632,6265136,276899,27.6750728605015,99.8590667084247,5,"May",2008
"2442",2442,2008-05-11,69.8947068277256,57644,57867,6265136,276899,20.8982336519814,99.6146335562583,5,"May",2008
"2443",2443,2008-05-12,73.2168596928959,80536,80559,6265136,276899,29.0932794990231,99.9714494966422,5,"May",2008
"2444",2444,2008-05-13,74.8937978714588,84442,84471,6265136,276899,30.506068999888,99.9656686910301,5,"May",2008
"2445",2445,2008-05-14,72.7044754218635,47654,47705,6265136,276899,17.2283034608287,99.8930929671942,5,"May",2008
"2446",2446,2008-05-15,72.4310213812114,67106,67115,6265136,276899,24.2380795885865,99.9865901810326,5,"May",2008
"2447",2447,2008-05-16,73.8122514346724,37364,37465,6265136,276899,13.5302041538612,99.7304150540505,5,"May",2008
"2448",2448,2008-05-17,75.772617133804,85793,85842,6265136,276899,31.0011953817096,99.9429183849398,5,"May",2008
"2449",2449,2008-05-18,76.9454740464326,223567,223765,6265136,276899,80.8110538499597,99.9115143118897,5,"May",2008
"2450",2450,2008-05-19,81.4667726006535,257098,257393,6265136,276899,92.9555541912394,99.8853892685504,5,"May",2008
"2451",2451,2008-05-20,82.7573398014763,209761,209849,6265136,276899,75.7853946745925,99.9580650848944,5,"May",2008
"2452",2452,2008-05-21,82.1732370072245,199952,200015,6265136,276899,72.2339192268661,99.9685023623228,5,"May",2008
"2453",2453,2008-05-22,82.6893434823977,73224,73570,6265136,276899,26.5692544935157,99.5296996058176,5,"May",2008
"2454",2454,2008-05-23,78.7260373375553,105750,106113,6265136,276899,38.3219152109614,99.6579118486896,5,"May",2008
"2455",2455,2008-05-24,80.7330786228351,161696,162014,6265136,276899,58.5101426874059,99.8037206661153,5,"May",2008
"2456",2456,2008-05-25,82.0508798902764,90318,90409,6265136,276899,32.6505332269167,99.8993463040184,5,"May",2008
"2457",2457,2008-05-26,75.9827133963278,31610,31643,6265136,276899,11.4276324580443,99.8957115317764,5,"May",2008
"2458",2458,2008-05-27,73.342487108766,8313,8339,6265136,276899,3.01156739460959,99.6882120158292,5,"May",2008
"2459",2459,2008-05-28,76.6338851022395,1965,2054,6265136,276899,0.741786716456181,95.6669912366115,5,"May",2008
"2460",2460,2008-05-29,73.3983477011494,5182,5568,6265136,276899,2.01084149816359,93.0675287356322,5,"May",2008
"2461",2461,2008-05-30,74.007342143906,19646,19749,6265136,276899,7.13220343879898,99.4784546052965,5,"May",2008
"2462",2462,2008-05-31,82.66931015995,44660,44764,6265136,276899,16.1661833376069,99.7676704494683,5,"May",2008
"2463",2463,2008-06-01,79.0865803861859,14065,14449,6265136,276899,5.21814813343493,97.3423766350612,6,"Jun",2008
"2464",2464,2008-06-02,89.4977760543783,43362,43841,6265136,276899,15.8328488004652,98.9074154330421,6,"Jun",2008
"2465",2465,2008-06-03,83.1568267581475,115771,116600,6265136,276899,42.1092167180091,99.2890222984563,6,"Jun",2008
"2466",2466,2008-06-04,84.9467437988689,153315,154367,6265136,276899,55.748485910025,99.3185071938951,6,"Jun",2008
"2467",2467,2008-06-05,82.9960388349515,89249,90125,6265136,276899,32.54796875395,99.0280166435506,6,"Jun",2008
"2468",2468,2008-06-06,80.4962611562274,98153,99496,6265136,276899,35.9322352193399,98.6501969928439,6,"Jun",2008
"2469",2469,2008-06-07,81.8690751502214,200056,202368,6265136,276899,73.0836875539457,98.8575268817204,6,"Jun",2008
"2470",2470,2008-06-08,82.2676784089432,121565,123088,6265136,276899,44.452309325783,98.7626738593527,6,"Jun",2008
"2471",2471,2008-06-09,82.8835611383967,120763,121961,6265136,276899,44.0453017165104,99.0177187789539,6,"Jun",2008
"2472",2472,2008-06-10,84.9790266046084,85659,87015,6265136,276899,31.4248155464628,98.4416479917256,6,"Jun",2008
"2473",2473,2008-06-11,72.3955835277522,17764,18431,6265136,276899,6.65621761003109,96.3810970647279,6,"Jun",2008
"2474",2474,2008-06-12,75.4014488663092,20287,21258,6265136,276899,7.67716748706207,95.4323078370496,6,"Jun",2008
"2475",2475,2008-06-13,80.3623629465961,70060,71961,6265136,276899,25.988176194208,97.3582912966746,6,"Jun",2008
"2476",2476,2008-06-14,75.5172587852784,63799,67357,6265136,276899,24.3254760761144,94.7176982347789,6,"Jun",2008
"2477",2477,2008-06-15,73.6556283969295,17279,17847,6265136,276899,6.4453103839306,96.8173922788144,6,"Jun",2008
"2478",2478,2008-06-16,75.1748083338857,42393,45261,6265136,276899,16.3456711652985,93.6634188374097,6,"Jun",2008
"2479",2479,2008-06-17,71.8757185874624,16868,18265,6265136,276899,6.59626795329705,92.3514919244457,6,"Jun",2008
"2480",2480,2008-06-18,64.4418669388513,18814,21554,6265136,276899,7.7840656701541,87.287742414401,6,"Jun",2008
"2481",2481,2008-06-19,70.0741920134695,25648,27321,6265136,276899,9.86677452789645,93.87650525237,6,"Jun",2008
"2482",2482,2008-06-20,77.0905648881539,64667,68934,6265136,276899,24.8949978150878,93.8100211796791,6,"Jun",2008
"2483",2483,2008-06-21,81.7717350899894,206237,212525,6265136,276899,76.7518120325462,97.0412892600871,6,"Jun",2008
"2484",2484,2008-06-22,69.0569982394366,4482,4544,6265136,276899,1.64103156746684,98.6355633802817,6,"Jun",2008
"2485",2485,2008-06-23,82.9939253768774,34182,35887,6265136,276899,12.9603212723773,95.2489759522947,6,"Jun",2008
"2486",2486,2008-06-24,88.1908903975455,58790,61276,6265136,276899,22.129368470092,95.942946667537,6,"Jun",2008
"2487",2487,2008-06-25,71.3821788413098,15325,15880,6265136,276899,5.73494306588323,96.5050377833753,6,"Jun",2008
"2488",2488,2008-06-26,78.2079366107477,84086,92634,6265136,276899,33.4540753126591,90.7722866334175,6,"Jun",2008
"2489",2489,2008-06-27,71.308046993431,14196,15832,6265136,276899,5.71760822538182,89.66649823143,6,"Jun",2008
"2490",2490,2008-06-28,77.8326274418638,130023,137651,6265136,276899,49.7116277054088,94.4584492666236,6,"Jun",2008
"2491",2491,2008-06-29,78.7647088446108,56382,59573,6265136,276899,21.5143427748024,94.643546573112,6,"Jun",2008
"2492",2492,2008-06-30,74.8432967280087,25394,26681,6265136,276899,9.63564332121098,95.1763427157903,6,"Jun",2008
"2493",2493,2008-07-01,81.2164179104478,16784,18090,6265136,276899,6.53306801396899,92.7805417357656,7,"Jul",2008
"2494",2494,2008-07-02,79.5075749267574,58353,63829,6265136,276899,23.0513652992607,91.4208275235395,7,"Jul",2008
"2495",2495,2008-07-03,76.6397131895088,69751,79495,6265136,276899,28.7090238679085,87.7426253223473,7,"Jul",2008
"2496",2496,2008-07-04,82.007961242399,154946,170702,6265136,276899,61.6477488181611,90.7698796733489,7,"Jul",2008
"2497",2497,2008-07-05,81.6827576960605,122516,134257,6265136,276899,48.4859100249549,91.2548321502789,7,"Jul",2008
"2498",2498,2008-07-06,84.7493880211294,122486,131949,6265136,276899,47.6523931108455,92.8282897179971,7,"Jul",2008
"2499",2499,2008-07-07,77.1397860235446,120017,139735,6265136,276899,50.4642486971784,85.8890041864959,7,"Jul",2008
"2500",2500,2008-07-08,83.1072620351832,146493,158826,6265136,276899,57.3588203641039,92.2348985682445,7,"Jul",2008
"2501",2501,2008-07-09,64.9319440780797,3494,3791,6265136,276899,1.36909125710096,92.1656554998681,7,"Jul",2008
"2502",2502,2008-07-10,60.8324756335283,19758,25650,6265136,276899,9.26330539294111,77.0292397660819,7,"Jul",2008
"2503",2503,2008-07-11,64.2720644135738,24699,28938,6265136,276899,10.4507419672877,85.3514410118184,7,"Jul",2008
"2504",2504,2008-07-12,68.2149579621032,21085,23907,6265136,276899,8.63383399723365,88.1959258794495,7,"Jul",2008
"2505",2505,2008-07-13,74.4570725008287,18713,21117,6265136,276899,7.62624639308918,88.615807169579,7,"Jul",2008
"2506",2506,2008-07-14,81.851818362261,83678,90686,6265136,276899,32.7505697023102,92.2722360673092,7,"Jul",2008
"2507",2507,2008-07-15,74.1768396372256,65280,77624,6265136,276899,28.033326230864,84.0977017417294,7,"Jul",2008
"2508",2508,2008-07-16,75.7823630943041,75401,89222,6265136,276899,32.2218570670172,84.509425926341,7,"Jul",2008
"2509",2509,2008-07-17,70.7075689190506,24338,30797,6265136,276899,11.1221058942069,79.0271779718804,7,"Jul",2008
"2510",2510,2008-07-18,70.5398177020868,59878,75042,6265136,276899,27.1008562688923,79.7926494496415,7,"Jul",2008
"2511",2511,2008-07-19,82.4234344422701,22534,24528,6265136,276899,8.85810349622064,91.8705153294194,7,"Jul",2008
"2512",2512,2008-07-20,69.995109682828,12412,14314,6265136,276899,5.16939389452472,86.7123096269387,7,"Jul",2008
"2513",2513,2008-07-21,79.0365342640038,75375,85673,6265136,276899,30.9401622974442,87.9798769740759,7,"Jul",2008
"2514",2514,2008-07-22,75.1924179931688,153906,186204,6265136,276899,67.2461800150958,82.6545079590127,7,"Jul",2008
"2515",2515,2008-07-23,72.2869256324166,134924,169469,6265136,276899,61.2024601027812,79.6157409319699,7,"Jul",2008
"2516",2516,2008-07-24,75.5904478769469,118846,139257,6265136,276899,50.2916225771852,85.3429271059983,7,"Jul",2008
"2517",2517,2008-07-25,81.546506017257,62601,70464,6265136,276899,25.4475458560703,88.8411103542234,7,"Jul",2008
"2518",2518,2008-07-26,72.6880197745334,139151,173152,6265136,276899,62.5325479687539,80.363495656995,7,"Jul",2008
"2519",2519,2008-07-27,71.5982076359218,160103,204088,6265136,276899,73.7048526719129,78.4480224217004,7,"Jul",2008
"2520",2520,2008-07-28,71.8118555820127,70158,87773,6265136,276899,31.6985615693809,79.9311861278525,7,"Jul",2008
"2521",2521,2008-07-29,62.78610508033,24335,34545,6265136,276899,12.4756680233587,70.4443479519467,7,"Jul",2008
"2522",2522,2008-07-30,56.6302217036173,39617,59990,6265136,276899,21.6649392016584,66.0393398899817,7,"Jul",2008
"2523",2523,2008-07-31,55.9865650495872,54549,81876,6265136,276899,29.5689041852806,66.6239190971713,7,"Jul",2008
"2524",2524,2008-08-01,64.4433978709884,129356,177829,6265136,276899,64.2216114901101,72.7417912713899,8,"Aug",2008
"2525",2525,2008-08-02,73.6525271417508,167078,205311,6265136,276899,74.1465299621884,81.3780070234912,8,"Aug",2008
"2526",2526,2008-08-03,65.8260996736045,113037,150431,6265136,276899,54.3270289889093,75.1420917231156,8,"Aug",2008
"2527",2527,2008-08-04,60.3271914541647,38440,56823,6265136,276899,20.5212008710757,67.6486633933443,8,"Aug",2008
"2528",2528,2008-08-05,51.6694573197753,48542,83493,6265136,276899,30.1528716246718,58.1390056651456,8,"Aug",2008
"2529",2529,2008-08-06,64.669723104857,9798,11015,6265136,276899,3.97798475256321,88.9514298683613,8,"Aug",2008
"2530",2530,2008-08-07,51.2527795833191,36950,58462,6265136,276899,21.1131134456968,63.2034483938285,8,"Aug",2008
"2531",2531,2008-08-08,64.6816548528343,41861,50929,6265136,276899,18.3926269145067,82.1948202399419,8,"Aug",2008
"2532",2532,2008-08-09,69.4503734998775,29916,32664,6265136,276899,11.7963589612097,91.5870683321087,8,"Aug",2008
"2533",2533,2008-08-10,60.8050661940999,45088,57558,6265136,276899,20.7866406162536,78.3348969734876,8,"Aug",2008
"2534",2534,2008-08-11,65.9337606837607,15640,17316,6265136,276899,6.25354371088375,90.3210903210903,8,"Aug",2008
"2535",2535,2008-08-12,65.1632595596103,13504,17757,6265136,276899,6.41280755799046,76.0488821309906,8,"Aug",2008
"2536",2536,2008-08-13,57.2667483453746,53849,79172,6265136,276899,28.5923748370344,68.0152073965543,8,"Aug",2008
"2537",2537,2008-08-14,63.8161680717024,108421,142701,6265136,276899,51.5353973831614,75.9777436738355,8,"Aug",2008
"2538",2538,2008-08-15,58.2517945694767,42799,57674,6265136,276899,20.8285331474653,74.2084821583383,8,"Aug",2008
"2539",2539,2008-08-16,55.5824948769546,35328,54167,6265136,276899,19.562006363331,65.2205217198663,8,"Aug",2008
"2540",2540,2008-08-17,56.8291419167374,53339,77778,6265136,276899,28.0889421774727,68.5785183470904,8,"Aug",2008
"2541",2541,2008-08-18,77.1098769138397,73974,83275,6265136,276899,30.0741425573946,88.830981687181,8,"Aug",2008
"2542",2542,2008-08-19,72.6235966104119,92149,111872,6265136,276899,40.4017349286202,82.3700300343249,8,"Aug",2008
"2543",2543,2008-08-20,69.5183720475435,38059,46021,6265136,276899,16.6201394732375,82.6992025379718,8,"Aug",2008
"2544",2544,2008-08-21,67.0722887046554,62496,79971,6265136,276899,28.8809277028808,78.1483287691788,8,"Aug",2008
"2545",2545,2008-08-22,69.1981109324759,41846,49760,6265136,276899,17.9704513197953,84.0956591639871,8,"Aug",2008
"2546",2546,2008-08-23,58.9339801339801,28780,43290,6265136,276899,15.6338592772094,66.4818664818665,8,"Aug",2008
"2547",2547,2008-08-24,64.5710626406893,55836,77298,6265136,276899,27.9155937724586,72.2347279360397,8,"Aug",2008
"2548",2548,2008-08-25,64.0629094847036,77691,110810,6265136,276899,40.0182015825265,70.1119032578287,8,"Aug",2008
"2549",2549,2008-08-26,54.659517935092,67059,100111,6265136,276899,36.1543378632642,66.9846470417836,8,"Aug",2008
"2550",2550,2008-08-27,55.395006372906,60489,87872,6265136,276899,31.7343146779151,68.8376274581209,8,"Aug",2008
"2551",2551,2008-08-28,53.5131293508176,18859,30885,6265136,276899,11.1538864351262,61.062004209163,8,"Aug",2008
"2552",2552,2008-08-29,59.703553698925,118732,172834,6265136,276899,62.4177046504321,68.6971313514702,8,"Aug",2008
"2553",2553,2008-08-30,55.5635752311572,23382,35690,6265136,276899,12.8891761978194,65.5141496217428,8,"Aug",2008
"2554",2554,2008-08-31,46.4851263952858,71720,123541,6265136,276899,44.6159068830151,58.0536016383225,8,"Aug",2008
"2555",2555,2008-09-01,57.1227803365283,129707,184769,6265136,276899,66.7279405126057,70.1995464607158,9,"Sep",2008
"2556",2556,2008-09-02,53.9091055276382,16441,24875,6265136,276899,8.98341994734542,66.094472361809,9,"Sep",2008
"2557",2557,2008-09-03,48.7916060669021,5612,9626,6265136,276899,3.47635780555365,58.3004363183046,9,"Sep",2008
"2558",2558,2008-09-04,56.1486141812617,17664,23524,6265136,276899,8.49551641573281,75.0892705322224,9,"Sep",2008
"2559",2559,2008-09-05,64.4537100795441,38681,42115,6265136,276899,15.2095168274353,91.8461355811469,9,"Sep",2008
"2560",2560,2008-09-06,54.2187203995522,8450,11613,6265136,276899,4.19394797380995,72.7632825282012,9,"Sep",2008
"2561",2561,2008-09-07,56.267516733034,17403,23606,6265136,276899,8.52513010158939,73.722782343472,9,"Sep",2008
"2562",2562,2008-09-08,66.4740090600227,15507,17660,6265136,276899,6.37777673447719,87.8086070215175,9,"Sep",2008
"2563",2563,2008-09-09,70.9767915108755,118251,142017,6265136,276899,51.2883759060163,83.2653837216671,9,"Sep",2008
"2564",2564,2008-09-10,66.8397571231658,48766,57313,6265136,276899,20.6981607011943,85.0871530019367,9,"Sep",2008
"2565",2565,2008-09-11,60.2558258327022,38453,56773,6265136,276899,20.5031437455534,67.7311398023708,9,"Sep",2008
"2566",2566,2008-09-12,69.8931414736263,150177,189166,6265136,276899,68.315884131037,79.3890022519903,9,"Sep",2008
"2567",2567,2008-09-13,55.0179475379659,14542,19557,6265136,276899,7.06286407679334,74.3570077210206,9,"Sep",2008
"2568",2568,2008-09-14,55.8604833442195,53501,84205,6265136,276899,30.4100050921094,63.5366070898403,9,"Sep",2008
"2569",2569,2008-09-15,68.9699027916251,39492,48144,6265136,276899,17.3868450229145,82.0289132602193,9,"Sep",2008
"2570",2570,2008-09-16,56.6666304617676,42042,64448,6265136,276899,23.2749125132268,65.2339870903674,9,"Sep",2008
"2571",2571,2008-09-17,56.4281309209793,69787,107668,6265136,276899,38.883491814705,64.8168443734443,9,"Sep",2008
"2572",2572,2008-09-18,54.437669752231,12773,18041,6265136,276899,6.51537203095714,70.7998447979602,9,"Sep",2008
"2573",2573,2008-09-19,52.8786832051081,23526,38214,6265136,276899,13.8006998941852,61.56382477626,9,"Sep",2008
"2574",2574,2008-09-20,59.9720995712549,68051,93762,6265136,276899,33.8614440644423,72.5784432925919,9,"Sep",2008
"2575",2575,2008-09-21,51.048567122707,53096,84934,6265136,276899,30.6732779822246,62.514422963713,9,"Sep",2008
"2576",2576,2008-09-22,50.6196130482613,51925,83628,6265136,276899,30.201625863582,62.0904481752523,9,"Sep",2008
"2577",2577,2008-09-23,58.3676837273232,85413,113497,6265136,276899,40.988591508095,75.2557336317259,9,"Sep",2008
"2578",2578,2008-09-24,55.482193161937,48133,67446,6265136,276899,24.3576177595441,71.3652403404205,9,"Sep",2008
"2579",2579,2008-09-25,64.977539147298,149575,172745,6265136,276899,62.3855629670024,86.5871660540102,9,"Sep",2008
"2580",2580,2008-09-26,56.8736064021503,25540,32739,6265136,276899,11.8234446494931,78.0109349705244,9,"Sep",2008
"2581",2581,2008-09-27,60.641668031221,63644,73284,6265136,276899,26.4659677355281,86.8456961956225,9,"Sep",2008
"2582",2582,2008-09-28,59.6159806682244,80116,100146,6265136,276899,36.1669778511298,79.9992011662972,9,"Sep",2008
"2583",2583,2008-09-29,65.8262678408746,122643,131720,6265136,276899,47.5696914759533,93.1088672942606,9,"Sep",2008
"2584",2584,2008-09-30,64.6331439067792,128278,139368,6265136,276899,50.3317093958447,92.0426496756788,9,"Sep",2008
"2585",2585,2008-10-01,66.8729977374715,124088,133037,6265136,276899,48.0453161622108,93.2732999090479,10,"Oct",2008
"2586",2586,2008-10-02,59.2552215189873,45254,50560,6265136,276899,18.2593653281521,89.5055379746835,10,"Oct",2008
"2587",2587,2008-10-03,66.5772872149822,98525,106046,6265136,276899,38.2977186627615,92.9077947305886,10,"Oct",2008
"2588",2588,2008-10-04,66.7924726224784,80699,86750,6265136,276899,31.3291127811946,93.0247838616715,10,"Oct",2008
"2589",2589,2008-10-05,60.5798962933104,48588,54577,6265136,276899,19.7100747926139,89.0265129999817,10,"Oct",2008
"2590",2590,2008-10-06,72.0837128163302,128450,132417,6265136,276899,47.8214078057342,97.0041610971401,10,"Oct",2008
"2591",2591,2008-10-07,68.1258029169501,49130,52932,6265136,276899,19.1159953629302,92.8171994256782,10,"Oct",2008
"2592",2592,2008-10-08,59.9233102253033,1892,2308,6265136,276899,0.833516914109477,81.9757365684575,10,"Oct",2008
"2593",2593,2008-10-09,44.4978201634877,2061,3670,6265136,276899,1.32539301333699,56.158038147139,10,"Oct",2008
"2594",2594,2008-10-10,56.3623667075587,7918,10597,6265136,276899,3.82702718319676,74.7192601679721,10,"Oct",2008
"2595",2595,2008-10-11,50.9706999457406,1060,1843,6265136,276899,0.665585646752065,57.5149213239284,10,"Oct",2008
"2596",2596,2008-10-12,49.7130434782609,598,1035,6265136,276899,0.373782498311659,57.7777777777778,10,"Oct",2008
"2597",2597,2008-10-13,46.1521381578947,671,1216,6265136,276899,0.439149292702393,55.1809210526316,10,"Oct",2008
"2598",2598,2008-10-14,66.4448669201521,219,263,6265136,276899,0.0949804802473104,83.2699619771863,10,"Oct",2008
"2599",2599,2008-10-15,57.1418918918919,637,888,6265136,276899,0.32069454927609,71.7342342342342,10,"Oct",2008
"2600",2600,2008-10-16,56.1235240690282,744,1101,6265136,276899,0.397617904001098,67.574931880109,10,"Oct",2008
"2601",2601,2008-10-17,56.7391304347826,20,23,6265136,276899,0.00830627774025908,86.9565217391304,10,"Oct",2008
"2602",2602,2008-10-18,40.7961019490255,250,667,6265136,276899,0.240882054467513,37.4812593703148,10,"Oct",2008
"2603",2603,2008-10-19,61.3573770491803,477,610,6265136,276899,0.220296931372089,78.1967213114754,10,"Oct",2008
"2604",2604,2008-10-20,51.0851063829787,29,47,6265136,276899,0.0169736979909642,61.7021276595745,10,"Oct",2008
"2605",2605,2008-10-21,NA,NA,0,6265136,276899,0,NA,10,"Oct",2008
"2606",2606,2008-10-22,54.7577092511013,207,227,6265136,276899,0.0819793498712527,91.1894273127753,10,"Oct",2008
"2607",2607,2008-10-23,NA,NA,0,6265136,276899,0,NA,10,"Oct",2008
"2608",2608,2008-10-24,72.2445454545455,1063,1100,6265136,276899,0.397256761490652,96.6363636363636,10,"Oct",2008
"2609",2609,2008-10-25,28.2193548387097,50,155,6265136,276899,0.0559770891191373,32.258064516129,10,"Oct",2008
"2610",2610,2008-10-26,66.7669172932331,357,399,6265136,276899,0.144095861667973,89.4736842105263,10,"Oct",2008
"2611",2611,2008-10-27,52.5833333333333,24,36,6265136,276899,0.0130011303760577,66.6666666666667,10,"Oct",2008
"2612",2612,2008-10-28,68.3180515759312,309,349,6265136,276899,0.12603873614567,88.5386819484241,10,"Oct",2008
"2613",2613,2008-10-29,49.3116883116883,156,308,6265136,276899,0.111231893217382,50.6493506493506,10,"Oct",2008
"2614",2614,2008-10-30,66.2714285714286,259,280,6265136,276899,0.101119902924893,92.5,10,"Oct",2008
"2615",2615,2008-10-31,NA,NA,0,6265136,276899,0,NA,10,"Oct",2008
"2616",2616,2008-11-01,NA,NA,0,6265136,276899,0,NA,11,"Nov",2008
"2617",2617,2008-11-02,NA,NA,0,6265136,276899,0,NA,11,"Nov",2008
"2618",2618,2008-11-03,NA,NA,0,6265136,276899,0,NA,11,"Nov",2008
"2619",2619,2008-11-04,NA,NA,0,6265136,276899,0,NA,11,"Nov",2008
"2620",2620,2008-11-05,NA,NA,0,6265136,276899,0,NA,11,"Nov",2008
"2621",2621,2008-11-06,NA,NA,0,6265136,276899,0,NA,11,"Nov",2008
"2622",2622,2008-11-07,NA,NA,0,6265136,276899,0,NA,11,"Nov",2008
"2623",2623,2008-11-08,NA,NA,0,6265136,276899,0,NA,11,"Nov",2008
"2624",2624,2008-11-09,NA,NA,0,6265136,276899,0,NA,11,"Nov",2008
"2625",2625,2008-11-10,NA,NA,0,6265136,276899,0,NA,11,"Nov",2008
"2626",2626,2008-11-11,NA,NA,0,6265136,276899,0,NA,11,"Nov",2008
"2627",2627,2008-11-12,NA,NA,0,6265136,276899,0,NA,11,"Nov",2008
"2628",2628,2008-11-13,NA,NA,0,6265136,276899,0,NA,11,"Nov",2008
"2629",2629,2008-11-14,NA,NA,0,6265136,276899,0,NA,11,"Nov",2008
"2630",2630,2008-11-15,NA,NA,0,6265136,276899,0,NA,11,"Nov",2008
"2631",2631,2008-11-16,NA,NA,0,6265136,276899,0,NA,11,"Nov",2008
"2632",2632,2008-11-17,NA,NA,0,6265136,276899,0,NA,11,"Nov",2008
"2633",2633,2008-11-18,NA,NA,0,6265136,276899,0,NA,11,"Nov",2008
"2634",2634,2008-11-19,NA,NA,0,6265136,276899,0,NA,11,"Nov",2008
"2635",2635,2008-11-20,NA,NA,0,6265136,276899,0,NA,11,"Nov",2008
"2636",2636,2008-11-21,NA,NA,0,6265136,276899,0,NA,11,"Nov",2008
"2637",2637,2008-11-22,NA,NA,0,6265136,276899,0,NA,11,"Nov",2008
"2638",2638,2008-11-23,NA,NA,0,6265136,276899,0,NA,11,"Nov",2008
"2639",2639,2008-11-25,NA,NA,0,6265136,276899,0,NA,11,"Nov",2008
"2640",2640,2009-01-16,NA,NA,0,6265136,276899,0,NA,1,"Jan",2009
"2641",2641,2009-01-17,NA,NA,0,6265136,276899,0,NA,1,"Jan",2009
"2642",2642,2009-01-19,NA,NA,0,6265136,276899,0,NA,1,"Jan",2009
"2643",2643,2009-01-20,NA,NA,0,6265136,276899,0,NA,1,"Jan",2009
"2644",2644,2009-01-21,NA,NA,0,6265136,276899,0,NA,1,"Jan",2009
"2645",2645,2009-01-22,NA,NA,0,6265136,276899,0,NA,1,"Jan",2009
"2646",2646,2009-01-23,NA,NA,0,6265136,276899,0,NA,1,"Jan",2009
"2647",2647,2009-01-24,NA,NA,0,6265136,276899,0,NA,1,"Jan",2009
"2648",2648,2009-01-25,NA,NA,0,6265136,276899,0,NA,1,"Jan",2009
"2649",2649,2009-01-26,NA,NA,0,6265136,276899,0,NA,1,"Jan",2009
"2650",2650,2009-01-27,NA,NA,0,6265136,276899,0,NA,1,"Jan",2009
"2651",2651,2009-01-28,NA,NA,0,6265136,276899,0,NA,1,"Jan",2009
"2652",2652,2009-01-29,NA,NA,0,6265136,276899,0,NA,1,"Jan",2009
"2653",2653,2009-01-30,NA,NA,0,6265136,276899,0,NA,1,"Jan",2009
"2654",2654,2009-01-31,NA,NA,0,6265136,276899,0,NA,1,"Jan",2009
"2655",2655,2009-02-01,NA,NA,0,6265136,276899,0,NA,2,"Feb",2009
"2656",2656,2009-02-02,NA,NA,0,6265136,276899,0,NA,2,"Feb",2009
"2657",2657,2009-02-03,NA,NA,0,6265136,276899,0,NA,2,"Feb",2009
"2658",2658,2009-02-04,NA,NA,0,6265136,276899,0,NA,2,"Feb",2009
"2659",2659,2009-02-05,NA,NA,0,6265136,276899,0,NA,2,"Feb",2009
"2660",2660,2009-02-06,NA,NA,0,6265136,276899,0,NA,2,"Feb",2009
"2661",2661,2009-02-07,NA,NA,0,6265136,276899,0,NA,2,"Feb",2009
"2662",2662,2009-02-08,NA,NA,0,6265136,276899,0,NA,2,"Feb",2009
"2663",2663,2009-02-09,NA,NA,0,6265136,276899,0,NA,2,"Feb",2009
"2664",2664,2009-02-10,NA,NA,0,6265136,276899,0,NA,2,"Feb",2009
"2665",2665,2009-02-11,56.8250652741514,272,383,6265136,276899,0.138317581500836,71.0182767624021,2,"Feb",2009
"2666",2666,2009-02-12,45.8173374613003,171,323,6265136,276899,0.116649030874073,52.9411764705882,2,"Feb",2009
"2667",2667,2009-02-13,55.6625514403292,139,243,6265136,276899,0.0877576300383894,57.201646090535,2,"Feb",2009
"2668",2668,2009-02-14,61.533269045323,771,1037,6265136,276899,0.374504783332551,74.3490838958534,2,"Feb",2009
"2669",2669,2009-02-15,58.3413751507841,606,829,6265136,276899,0.299387141159773,73.1001206272618,2,"Feb",2009
"2670",2670,2009-02-16,48.7855822550832,304,541,6265136,276899,0.195378098151311,56.1922365988909,2,"Feb",2009
"2671",2671,2009-02-17,63.7006451612903,587,775,6265136,276899,0.279885445595687,75.741935483871,2,"Feb",2009
"2672",2672,2009-02-18,NA,NA,0,6265136,276899,0,NA,2,"Feb",2009
"2673",2673,2009-02-19,62.6816666666667,472,600,6265136,276899,0.216685506267628,78.6666666666667,2,"Feb",2009
"2674",2674,2009-02-20,58.0975609756098,92,123,6265136,276899,0.0444205287848638,74.7967479674797,2,"Feb",2009
"2675",2675,2009-02-21,38.3537414965986,60,147,6265136,276899,0.0530879490355689,40.8163265306122,2,"Feb",2009
"2676",2676,2009-02-22,56.1409168081494,429,589,6265136,276899,0.212712938652722,72.8353140916808,2,"Feb",2009
"2677",2677,2009-02-23,36.9934640522876,53,306,6265136,276899,0.11050960819649,17.3202614379085,2,"Feb",2009
"2678",2678,2009-02-24,54.2695035460993,92,141,6265136,276899,0.0509210939728926,65.2482269503546,2,"Feb",2009
"2679",2679,2009-02-25,41.5645933014354,72,209,6265136,276899,0.0754787846832238,34.4497607655502,2,"Feb",2009
"2680",2680,2009-02-26,40.5051020408163,166,392,6265136,276899,0.14156786409485,42.3469387755102,2,"Feb",2009
"2681",2681,2009-02-27,58.8554347826087,717,920,6265136,276899,0.332251109610363,77.9347826086957,2,"Feb",2009
"2682",2682,2009-02-28,53.2979651162791,829,1376,6265136,276899,0.496932094373761,60.2470930232558,2,"Feb",2009
"2683",2683,2009-03-01,63.4763824289406,8160,9675,6265136,276899,3.49405378856551,84.3410852713178,3,"Mar",2009
"2684",2684,2009-03-02,50.7071093342604,6767,11506,6265136,276899,4.15530572519222,58.8127933252216,3,"Mar",2009
"2685",2685,2009-03-03,53.2291239378846,4726,6826,6265136,276899,2.46515877630472,69.2352768825081,3,"Mar",2009
"2686",2686,2009-03-04,54.2754809660254,3152,4886,6265136,276899,1.76454230603939,64.5108473188702,3,"Mar",2009
"2687",2687,2009-03-05,54.8274785948628,16427,24994,6265136,276899,9.0263959060885,65.7237737056894,3,"Mar",2009
"2688",2688,2009-03-06,59.953667672837,44423,54994,6265136,276899,19.8606712194699,80.7779030439684,3,"Mar",2009
"2689",2689,2009-03-07,54.441309255079,414,886,6265136,276899,0.319972264255198,46.7268623024831,3,"Mar",2009
"2690",2690,2009-03-08,55.0415654520918,18873,25935,6265136,276899,9.36623100841823,72.7703875072296,3,"Mar",2009
"2691",2691,2009-03-09,51.8880089097884,5295,8081,6265136,276899,2.91839262691451,65.5240688033659,3,"Mar",2009
"2692",2692,2009-03-10,55.908403695681,18512,22621,6265136,276899,8.16940472880003,81.8354626232262,3,"Mar",2009
"2693",2693,2009-03-11,56.3035639329189,36102,50029,6265136,276899,18.0675986551053,72.1621459553459,3,"Mar",2009
"2694",2694,2009-03-12,63.8398512033608,54780,62367,6265136,276899,22.5233749489886,87.8349126942133,3,"Mar",2009
"2695",2695,2009-03-13,67.0657933274756,70058,75114,6265136,276899,27.1268585296444,93.2688979417951,3,"Mar",2009
"2696",2696,2009-03-14,64.4194481449714,106655,109594,6265136,276899,39.5790522898241,97.3182838476559,3,"Mar",2009
"2697",2697,2009-03-15,68.1834407114176,174589,176324,6265136,276899,63.6780920118888,99.0160159705996,3,"Mar",2009
"2698",2698,2009-03-16,61.1274989033026,58166,63828,6265136,276899,23.0510041567503,91.129284953312,3,"Mar",2009
"2699",2699,2009-03-17,57.7392465936415,17918,18715,6265136,276899,6.75878208299777,95.7413839166444,3,"Mar",2009
"2700",2700,2009-03-18,57.0538755648245,26582,28770,6265136,276899,10.3900700255328,92.39485575252,3,"Mar",2009
"2701",2701,2009-03-19,59.9089693350749,28519,32154,6265136,276899,11.6121762808822,88.6950301673198,3,"Mar",2009
"2702",2702,2009-03-20,64.1406507518478,56398,58855,6265136,276899,21.2550424523021,95.8253334466061,3,"Mar",2009
"2703",2703,2009-03-21,66.4976386684767,155897,156903,6265136,276899,56.6643433165161,99.3588395378036,3,"Mar",2009
"2704",2704,2009-03-22,66.8774935013562,140825,141568,6265136,276899,51.126222918826,99.4751638788427,3,"Mar",2009
"2705",2705,2009-03-23,67.0981451873939,101200,101951,6265136,276899,36.8188400824849,99.2633716196997,3,"Mar",2009
"2706",2706,2009-03-24,67.0677296086441,128400,129013,6265136,276899,46.5920787001759,99.5248540844721,3,"Mar",2009
"2707",2707,2009-03-25,66.2473845822335,92420,92815,6265136,276899,33.5194421070499,99.5744222377848,3,"Mar",2009
"2708",2708,2009-03-26,66.0745783765706,83562,83724,6265136,276899,30.2362955445849,99.8065070947399,3,"Mar",2009
"2709",2709,2009-03-27,64.6545832118916,27204,27448,6265136,276899,9.9126396267231,99.1110463421743,3,"Mar",2009
"2710",2710,2009-03-28,60.2354485380646,10769,11047,6265136,276899,3.98954131289748,97.4834796777406,3,"Mar",2009
"2711",2711,2009-03-29,68.0266873418755,84623,85771,6265136,276899,30.9755542634679,98.6615522729128,3,"Mar",2009
"2712",2712,2009-03-30,65.7252353057329,60449,60772,6265136,276899,21.9473526448272,99.4685052326729,3,"Mar",2009
"2713",2713,2009-03-31,68.7606314739143,83988,84184,6265136,276899,30.40242109939,99.7671766606481,3,"Mar",2009
"2714",2714,2009-04-01,69.7516269764081,179772,179935,6265136,276899,64.9821776171095,99.9094117320143,4,"Apr",2009
"2715",2715,2009-04-02,69.6074691145619,180044,180182,6265136,276899,65.0713798171897,99.9234107735512,4,"Apr",2009
"2716",2716,2009-04-03,62.089478505529,30476,30566,6265136,276899,11.0386819742939,99.7055551920434,4,"Apr",2009
"2717",2717,2009-04-04,68.3881715593539,151102,151178,6265136,276899,54.5968024442125,99.9497281350461,4,"Apr",2009
"2718",2718,2009-04-05,70.8059117350588,177560,177579,6265136,276899,64.1313258624986,99.9893005366626,4,"Apr",2009
"2719",2719,2009-04-06,72.6282990595784,217478,217562,6265136,276899,78.5708868576629,99.9613903163236,4,"Apr",2009
"2720",2720,2009-04-07,67.566722368107,41825,41890,6265136,276899,15.1282597625849,99.8448317020769,4,"Apr",2009
"2721",2721,2009-04-08,68.3141186580619,59059,59347,6265136,276899,21.4327245674416,99.5147185198915,4,"Apr",2009
"2722",2722,2009-04-09,65.8125771888247,59676,59918,6265136,276899,21.6389369409063,99.5961146900764,4,"Apr",2009
"2723",2723,2009-04-10,62.9083050707255,23868,24178,6265136,276899,8.73170361756453,98.7178426668873,4,"Apr",2009
"2724",2724,2009-04-11,71.5077085901954,91042,91651,6265136,276899,33.0990722248907,99.3355227984419,4,"Apr",2009
"2725",2725,2009-04-12,72.7284009088291,155939,156245,6265136,276899,56.4267115446426,99.8041537329195,4,"Apr",2009
"2726",2726,2009-04-13,75.2329121711859,133189,133282,6265136,276899,48.1337960772701,99.9302231359073,4,"Apr",2009
"2727",2727,2009-04-14,75.0053693384582,152611,152719,6265136,276899,55.1533230528099,99.9292818837211,4,"Apr",2009
"2728",2728,2009-04-15,75.1711017844652,134064,134382,6265136,276899,48.5310528387607,99.7633611644417,4,"Apr",2009
"2729",2729,2009-04-16,74.7775580492531,150583,150691,6265136,276899,54.4209260416253,99.9283301590672,4,"Apr",2009
"2730",2730,2009-04-17,75.3543276012015,136542,136831,6265136,276899,49.4154908468431,99.7887905518486,4,"Apr",2009
"2731",2731,2009-04-18,75.2012756533742,131819,131854,6265136,276899,47.6180845723531,99.9734554886465,4,"Apr",2009
"2732",2732,2009-04-19,73.795920239515,119726,119909,6265136,276899,43.3042372850751,99.847384266402,4,"Apr",2009
"2733",2733,2009-04-20,72.207859209754,97063,97109,6265136,276899,35.0701880469052,99.9526305491767,4,"Apr",2009
"2734",2734,2009-04-21,69.3877690468056,84760,84883,6265136,276899,30.6548597141918,99.8550946597081,4,"Apr",2009
"2735",2735,2009-04-22,71.2027786941787,133280,133372,6265136,276899,48.1662989032102,99.9310200041988,4,"Apr",2009
"2736",2736,2009-04-23,73.304259090556,141559,141603,6265136,276899,51.1388629066916,99.9689272119941,4,"Apr",2009
"2737",2737,2009-04-24,75.4839138821756,180326,180404,6265136,276899,65.1515534545087,99.9567637081218,4,"Apr",2009
"2738",2738,2009-04-25,76.1620314554396,219792,219803,6265136,276899,79.3802072235725,99.9949955187145,4,"Apr",2009
"2739",2739,2009-04-26,77.3864469115184,219075,219153,6265136,276899,79.1454645917826,99.9644084269894,4,"Apr",2009
"2740",2740,2009-04-27,75.7751751736285,129403,129443,6265136,276899,46.7473699796677,99.9690983676213,4,"Apr",2009
"2741",2741,2009-04-28,75.8500403400981,161083,161130,6265136,276899,58.1908927081716,99.97083100602,4,"Apr",2009
"2742",2742,2009-04-29,74.5083860510142,44374,44419,6265136,276899,16.041589171503,99.8986920011707,4,"Apr",2009
"2743",2743,2009-04-30,75.1184922980006,133261,133342,6265136,276899,48.1554646278968,99.9392539484933,4,"Apr",2009
"2744",2744,2009-05-01,73.9967266028227,65590,65681,6265136,276899,23.7202012286068,99.8614515613343,5,"May",2009
"2745",2745,2009-05-02,70.9233507925097,29113,29211,6265136,276899,10.5493338726395,99.6645099448838,5,"May",2009
"2746",2746,2009-05-03,68.771600176328,17854,18148,6265136,276899,6.55401427957486,98.3799867754022,5,"May",2009
"2747",2747,2009-05-04,73.0671877908059,16057,16119,6265136,276899,5.82125612587983,99.6153607543892,5,"May",2009
"2748",2748,2009-05-05,72.6782997990487,39030,39313,6265136,276899,14.1975955131655,99.2801363416681,5,"May",2009
"2749",2749,2009-05-06,75.1474456300922,93380,93526,6265136,276899,33.776214431977,99.8438936766247,5,"May",2009
"2750",2750,2009-05-07,76.1022828890056,173257,173333,6265136,276899,62.5979147631447,99.9561537618342,5,"May",2009
"2751",2751,2009-05-08,78.8926497802452,172877,172920,6265136,276899,62.4487629063305,99.9751330094842,5,"May",2009
"2752",2752,2009-05-09,79.246889349726,53952,54008,6265136,276899,19.5045847041701,99.8963116575322,5,"May",2009
"2753",2753,2009-05-10,74.3145609484994,2684,2699,6265136,276899,0.974723635693881,99.4442386068914,5,"May",2009
"2754",2754,2009-05-11,71.7547553001783,19316,20188,6265136,276899,7.2907450008848,95.6806023380226,5,"May",2009
"2755",2755,2009-05-12,78.179974184031,59480,59653,6265136,276899,21.543234175638,99.7099894389218,5,"May",2009
"2756",2756,2009-05-13,81.4724785788579,120874,121142,6265136,276899,43.749526000455,99.7787720196133,5,"May",2009
"2757",2757,2009-05-14,83.9380986614631,145525,146055,6265136,276899,52.7466693631974,99.637123001609,5,"May",2009
"2758",2758,2009-05-15,82.1840321525973,62457,62701,6265136,276899,22.6439965474776,99.6108515015709,5,"May",2009
"2759",2759,2009-05-16,86.3120746307611,148361,149429,6265136,276899,53.9651641934424,99.2852792965221,5,"May",2009
"2760",2760,2009-05-17,83.843276115743,152606,152925,6265136,276899,55.2277184099618,99.7914010135687,5,"May",2009
"2761",2761,2009-05-18,81.8957454221672,179870,180817,6265136,276899,65.3007053113229,99.4762660590542,5,"May",2009
"2762",2762,2009-05-19,77.2190395956192,4562,4748,6265136,276899,1.71470463959783,96.0825610783488,5,"May",2009
"2763",2763,2009-05-20,79.8020248065303,56306,56598,6265136,276899,20.4399438062254,99.4840807095657,5,"May",2009
"2764",2764,2009-05-21,80.5114297538769,40750,41077,6265136,276899,14.8346509015923,99.2039340750298,5,"May",2009
"2765",2765,2009-05-22,80.3524668842388,5105,5209,6265136,276899,1.88119133691346,98.0034555576886,5,"May",2009
"2766",2766,2009-05-23,70.5836101882613,12616,12642,6265136,276899,4.56556361705893,99.7943363391868,5,"May",2009
"2767",2767,2009-05-24,69.0947286140017,20177,20469,6265136,276899,7.39222604632014,98.5734525379843,5,"May",2009
"2768",2768,2009-05-25,72.0328355314197,51452,51560,6265136,276899,18.6205078385982,99.7905352986811,5,"May",2009
"2769",2769,2009-05-26,72.2161343229645,35811,35973,6265136,276899,12.9913795282757,99.549662246685,5,"May",2009
"2770",2770,2009-05-27,73.8703110273327,47352,47745,6265136,276899,17.2427491612465,99.176877159912,5,"May",2009
"2771",2771,2009-05-28,79.3406952396098,150225,150912,6265136,276899,54.5007385364339,99.5447678117048,5,"May",2009
"2772",2772,2009-05-29,77.9833739588357,152406,153434,6265136,276899,55.4115399477788,99.330005083619,5,"May",2009
"2773",2773,2009-05-30,80.2831939485059,42242,42568,6265136,276899,15.3731143846673,99.2341665100545,5,"May",2009
"2774",2774,2009-05-31,75.3804410099261,74716,75055,6265136,276899,27.1055511215281,99.5483312237692,5,"May",2009
"2775",2775,2009-06-01,74.7060603150211,20361,20824,6265136,276899,7.52043163752849,97.7766039185555,6,"Jun",2009
"2776",2776,2009-06-02,75.3944963676859,94775,96082,6265136,276899,34.6992946886771,98.6397035865198,6,"Jun",2009
"2777",2777,2009-06-03,78.4051366186628,96991,98742,6265136,276899,35.6599337664636,98.2266917826254,6,"Jun",2009
"2778",2778,2009-06-04,81.5630036121145,42729,43188,6265136,276899,15.5970227411439,98.9372047791053,6,"Jun",2009
"2779",2779,2009-06-05,78.9050752264994,96593,97572,6265136,276899,35.2373970292417,98.9966383798631,6,"Jun",2009
"2780",2780,2009-06-06,74.5370007224688,9220,9689,6265136,276899,3.49910978371175,95.159459180514,6,"Jun",2009
"2781",2781,2009-06-07,79.6753879983428,31058,31379,6265136,276899,11.3322908352865,98.9770228496765,6,"Jun",2009
"2782",2782,2009-06-08,68.3351126927639,4331,5058,6265136,276899,1.82665881783611,85.6267299327798,6,"Jun",2009
"2783",2783,2009-06-09,77.1372954277037,46750,47416,6265136,276899,17.1239332753098,98.5954108317867,6,"Jun",2009
"2784",2784,2009-06-10,70.065073755378,25154,26032,6265136,276899,9.4012618319315,96.6272280270436,6,"Jun",2009
"2785",2785,2009-06-11,71.6939945078999,23788,25127,6265136,276899,9.07442785997783,94.6710709595256,6,"Jun",2009
"2786",2786,2009-06-12,79.6282511539307,25762,27298,6265136,276899,9.85846825015619,94.3732141548831,6,"Jun",2009
"2787",2787,2009-06-13,83.5505437371011,97449,100784,6265136,276899,36.3973867727944,96.6909430068265,6,"Jun",2009
"2788",2788,2009-06-14,83.0017502562207,207545,213683,6265136,276899,77.1700150596427,97.1275206731467,6,"Jun",2009
"2789",2789,2009-06-15,78.0730940044412,5058,5404,6265136,276899,1.95161412645044,93.5973353071799,6,"Jun",2009
"2790",2790,2009-06-16,64.6195499296765,1260,1422,6265136,276899,0.513544649854279,88.6075949367088,6,"Jun",2009
"2791",2791,2009-06-17,77.0939420935412,42632,44900,6265136,276899,16.2152987190275,94.9487750556793,6,"Jun",2009
"2792",2792,2009-06-18,80.2550840754255,112134,117573,6265136,276899,42.4606083806731,95.3739378939042,6,"Jun",2009
"2793",2793,2009-06-19,86.2411759351961,106600,109870,6265136,276899,39.6787276227072,97.0237553472285,6,"Jun",2009
"2794",2794,2009-06-20,80.7875752052298,67296,72967,6265136,276899,26.3514855597167,92.2279934765031,6,"Jun",2009
"2795",2795,2009-06-21,79.6513892313742,138883,150047,6265136,276899,54.188350264898,92.5596646384133,6,"Jun",2009
"2796",2796,2009-06-22,80.2929481721918,141582,150344,6265136,276899,54.2956095905005,94.1720321396265,6,"Jun",2009
"2797",2797,2009-06-23,79.9232691981299,124408,129622,6265136,276899,46.8120144890375,95.9775346777553,6,"Jun",2009
"2798",2798,2009-06-24,72.1727440408627,26106,28192,6265136,276899,10.181329654495,92.6007377979569,6,"Jun",2009
"2799",2799,2009-06-25,77.1880672590045,39275,41868,6265136,276899,15.1203146273551,93.806725900449,6,"Jun",2009
"2800",2800,2009-06-26,69.331862135377,20704,24923,6265136,276899,9.00075478784683,83.0718613329054,6,"Jun",2009
"2801",2801,2009-06-27,77.4126398622894,72957,81330,6265136,276899,29.371720374577,89.704905938768,6,"Jun",2009
"2802",2802,2009-06-28,80.4260967892131,96774,105239,6265136,276899,38.0062766568316,91.9564039947168,6,"Jun",2009
"2803",2803,2009-06-29,74.5116387077598,51323,53829,6265136,276899,19.4399401948003,95.3445168960969,6,"Jun",2009
"2804",2804,2009-06-30,64.8735208237283,6048,6507,6265136,276899,2.34995431547243,92.9460580912863,6,"Jun",2009
"2805",2805,2009-07-01,52.1149476498106,2971,4489,6265136,276899,1.62116872939231,66.1840053464023,7,"Jul",2009
"2806",2806,2009-07-02,73.7721748536523,58461,62864,6265136,276899,22.7028627766803,92.9959913463986,7,"Jul",2009
"2807",2807,2009-07-03,69.0063651089904,92747,113588,6265136,276899,41.0214554765456,81.6521111385005,7,"Jul",2009
"2808",2808,2009-07-04,78.6326014551712,150093,170839,6265136,276899,61.6972253420922,87.8564028120043,7,"Jul",2009
"2809",2809,2009-07-05,76.2141216077887,186096,219805,6265136,276899,79.3809295085934,84.6641341188781,7,"Jul",2009
"2810",2810,2009-07-06,76.3356494766149,178959,210839,6265136,276899,76.1429257599341,84.8794577853243,7,"Jul",2009
"2811",2811,2009-07-07,77.5763668091949,188042,218904,6265136,276899,79.0555401066815,85.9015824288273,7,"Jul",2009
"2812",2812,2009-07-08,78.8140703517588,41235,47561,6265136,276899,17.1762989393244,86.6991863081096,7,"Jul",2009
"2813",2813,2009-07-09,75.8077210630055,12772,14713,6265136,276899,5.31348975619269,86.8075851287977,7,"Jul",2009
"2814",2814,2009-07-10,77.6669643696531,56308,63822,6265136,276899,23.0488373016876,88.2266303155652,7,"Jul",2009
"2815",2815,2009-07-11,71.8231888765481,154875,190876,6265136,276899,68.9334378238997,81.1390641044448,7,"Jul",2009
"2816",2816,2009-07-12,73.8277385532491,153649,189224,6265136,276899,68.3368303966428,81.1995307149199,7,"Jul",2009
"2817",2817,2009-07-13,70.6461803322893,76376,96422,6265136,276899,34.8220831422288,79.2101387650121,7,"Jul",2009
"2818",2818,2009-07-14,72.1777698008826,75416,94718,6265136,276899,34.2066963044287,79.6216136320446,7,"Jul",2009
"2819",2819,2009-07-15,74.9153669774384,76384,92458,6265136,276899,33.3905142308206,82.614808886197,7,"Jul",2009
"2820",2820,2009-07-16,51.7544612029802,16678,27515,6265136,276899,9.93683617492299,60.6142104306742,7,"Jul",2009
"2821",2821,2009-07-17,50.9019246244635,17369,29824,6265136,276899,10.7707142315429,58.2383315450644,7,"Jul",2009
"2822",2822,2009-07-18,54.2072918994964,48648,76057,6265136,276899,27.467415916995,63.9625543999895,7,"Jul",2009
"2823",2823,2009-07-19,59.9593997348226,34614,49778,6265136,276899,17.9769518849833,69.5367431395396,7,"Jul",2009
"2824",2824,2009-07-20,56.2651793740296,8878,12237,6265136,276899,4.41930090032828,72.5504617144725,7,"Jul",2009
"2825",2825,2009-07-21,53.2875581569863,40226,59967,6265136,276899,21.6566329239181,67.0802274584355,7,"Jul",2009
"2826",2826,2009-07-22,57.9498262897392,60614,84048,6265136,276899,30.3533057179694,72.1183133447554,7,"Jul",2009
"2827",2827,2009-07-23,77.0838910531748,51532,60066,6265136,276899,21.6923860324523,85.7922951420105,7,"Jul",2009
"2828",2828,2009-07-24,69.0413222000814,112023,145031,6265136,276899,52.3768594325007,77.2407278443919,7,"Jul",2009
"2829",2829,2009-07-25,75.7295791433892,59174,67125,6265136,276899,24.2416910136909,88.1549348230913,7,"Jul",2009
"2830",2830,2009-07-26,39.5393603210197,3718,8473,6265136,276899,3.05996049100936,43.8805617844919,7,"Jul",2009
"2831",2831,2009-07-27,61.4012752657754,59917,87668,6265136,276899,31.6606416057841,68.3453483597208,7,"Jul",2009
"2832",2832,2009-07-28,71.7632742145517,47100,54523,6265136,276899,19.6905730970498,86.3855620563799,7,"Jul",2009
"2833",2833,2009-07-29,55.8446601941748,1082,1442,6265136,276899,0.5207675000632,75.0346740638003,7,"Jul",2009
"2834",2834,2009-07-30,67.3267825349725,44682,58975,6265136,276899,21.2983795535556,75.7643069097075,7,"Jul",2009
"2835",2835,2009-07-31,59.3628048341328,45737,69423,6265136,276899,25.0715965026959,65.881624245567,7,"Jul",2009
"2836",2836,2009-08-01,55.461713304721,88950,145625,6265136,276899,52.5913780837056,61.0815450643777,8,"Aug",2009
"2837",2837,2009-08-02,62.7476549842244,97789,140724,6265136,276899,50.8214186400095,69.4899235382735,8,"Aug",2009
"2838",2838,2009-08-03,55.2150611358702,12267,17502,6265136,276899,6.32071621782672,70.0891326705519,8,"Aug",2009
"2839",2839,2009-08-04,58.8890628102842,58719,85607,6265136,276899,30.9163268917548,68.591353510811,8,"Aug",2009
"2840",2840,2009-08-05,71.305045303758,79948,100985,6265136,276899,36.4699764173941,79.1681932960341,8,"Aug",2009
"2841",2841,2009-08-06,70.2052693013173,76409,95952,6265136,276899,34.6523461623191,79.6325245956312,8,"Aug",2009
"2842",2842,2009-08-07,41.3833373659166,16881,37197,6265136,276899,13.4334179610616,45.382692152593,8,"Aug",2009
"2843",2843,2009-08-08,63.9480351602896,5584,7736,6265136,276899,2.79379846081062,72.182006204757,8,"Aug",2009
"2844",2844,2009-08-09,75.6480647875473,40092,47540,6265136,276899,17.1687149466051,84.3331931005469,8,"Aug",2009
"2845",2845,2009-08-10,66.139837398374,41216,54120,6265136,276899,19.5450326653401,76.1566888396157,8,"Aug",2009
"2846",2846,2009-08-11,45.9902234636872,33116,65872,6265136,276899,23.789179448102,50.2732572261355,8,"Aug",2009
"2847",2847,2009-08-12,36.9446777122106,7246,17624,6265136,276899,6.36477560410113,41.114389468906,8,"Aug",2009
"2848",2848,2009-08-13,62.8069134407083,38371,53085,6265136,276899,19.1712501670284,72.2821889422624,8,"Aug",2009
"2849",2849,2009-08-14,55.9343302693556,42121,65601,6265136,276899,23.6913098277711,64.20786268502,8,"Aug",2009
"2850",2850,2009-08-15,52.7407739273584,28514,47989,6265136,276899,17.3308679337954,59.417783241993,8,"Aug",2009
"2851",2851,2009-08-16,50.857942996522,38893,66417,6265136,276899,23.9860021162951,58.5588027161721,8,"Aug",2009
"2852",2852,2009-08-17,52.230072943244,58353,94457,6265136,276899,34.1124381092023,61.7773166626084,8,"Aug",2009
"2853",2853,2009-08-18,48.8003108638743,7236,12224,6265136,276899,4.41460604769248,59.1950261780105,8,"Aug",2009
"2854",2854,2009-08-19,20.6595900439239,1863,9562,6265136,276899,3.4532446848851,19.4833716795649,8,"Aug",2009
"2855",2855,2009-08-20,66.0375620127569,20600,26809,6265136,276899,9.68186956254808,76.8398672087732,8,"Aug",2009
"2856",2856,2009-08-21,50.2342296617016,55259,96542,6265136,276899,34.8654202434823,57.2383004288289,8,"Aug",2009
"2857",2857,2009-08-22,56.1437079929687,31016,48355,6265136,276899,17.4630460926186,64.1422810464275,8,"Aug",2009
"2858",2858,2009-08-23,56.1925518677468,48367,78758,6265136,276899,28.4428618377098,61.4121740013713,8,"Aug",2009
"2859",2859,2009-08-24,58.666748046875,67337,102400,6265136,276899,36.9809930696752,65.7587890625,8,"Aug",2009
"2860",2860,2009-08-25,54.7981955203969,54269,85454,6265136,276899,30.8610720876565,63.5066819575444,8,"Aug",2009
"2861",2861,2009-08-26,49.9722502903163,36549,66307,6265136,276899,23.946276440146,55.1208771321278,8,"Aug",2009
"2862",2862,2009-08-27,52.1573132839771,30005,52138,6265136,276899,18.829248209636,57.5491963634969,8,"Aug",2009
"2863",2863,2009-08-28,50.2844589402303,101456,170471,6265136,276899,61.5643248982481,59.5151081415607,8,"Aug",2009
"2864",2864,2009-08-29,49.8459368115211,95797,166581,6265136,276899,60.159480532613,57.5077589881199,8,"Aug",2009
"2865",2865,2009-08-30,44.7220553578855,11358,21641,6265136,276899,7.81548506856291,52.4837114735918,8,"Aug",2009
"2866",2866,2009-08-31,57.15172652617,17155,20214,6265136,276899,7.3001347061564,84.8669239141189,8,"Aug",2009
"2867",2867,2009-09-01,50.9620093056873,12937,22137,6265136,276899,7.99461175374415,58.4406197768442,9,"Sep",2009
"2868",2868,2009-09-02,42.8160989267382,11127,21430,6265136,276899,7.73928399885879,51.9225384974335,9,"Sep",2009
"2869",2869,2009-09-03,42.925268648275,37549,79565,6265136,276899,28.7343038436397,47.1928611826808,9,"Sep",2009
"2870",2870,2009-09-04,59.1238833483008,28529,42314,6265136,276899,15.281384187014,67.4221297915583,9,"Sep",2009
"2871",2871,2009-09-05,52.7883043185534,26826,41588,6265136,276899,15.0191947244302,64.5041838992017,9,"Sep",2009
"2872",2872,2009-09-06,57.8202918517685,47475,71132,6265136,276899,25.6887890530482,66.7421132542316,9,"Sep",2009
"2873",2873,2009-09-07,57.1939803134952,63623,96716,6265136,276899,34.9282590402999,65.7833243723893,9,"Sep",2009
"2874",2874,2009-09-08,58.5042820327477,84780,127276,6265136,276899,45.9647741595311,66.6111442848612,9,"Sep",2009
"2875",2875,2009-09-09,55.8507448923134,125503,195196,6265136,276899,70.4935734690266,64.2958872108035,9,"Sep",2009
"2876",2876,2009-09-10,47.9339740855284,43265,75016,6265136,276899,27.0914665636207,57.6743628026021,9,"Sep",2009
"2877",2877,2009-09-11,50.9065408787425,42930,71443,6265136,276899,25.8011043737969,60.0898618479067,9,"Sep",2009
"2878",2878,2009-09-12,43.9830795262267,14471,27777,6265136,276899,10.0314555126599,52.0970587176441,9,"Sep",2009
"2879",2879,2009-09-13,51.6382497489827,61095,94615,6265136,276899,34.1694986258527,64.5722137081858,9,"Sep",2009
"2880",2880,2009-09-14,44.6002481547468,16473,31432,6265136,276899,11.3514313883402,52.4083736319674,9,"Sep",2009
"2881",2881,2009-09-15,60.1077080450087,64774,83095,6265136,276899,30.0091369055143,77.9517419820687,9,"Sep",2009
"2882",2882,2009-09-16,52.4827599337433,38502,52523,6265136,276899,18.9682880761577,73.3050282733279,9,"Sep",2009
"2883",2883,2009-09-17,55.0004046671613,34329,44481,6265136,276899,16.0639800071506,77.1767721049437,9,"Sep",2009
"2884",2884,2009-09-18,65.0199171625147,99037,116131,6265136,276899,41.9398408806099,85.2804160818386,9,"Sep",2009
"2885",2885,2009-09-19,64.7823909948304,93442,104651,6265136,276899,37.7939248606893,89.2891611164729,9,"Sep",2009
"2886",2886,2009-09-20,67.1334515561834,114966,133082,6265136,276899,48.0615675751808,86.3873401361567,9,"Sep",2009
"2887",2887,2009-09-21,60.1414363536409,51182,60027,6265136,276899,21.6783014745449,85.2649640994886,9,"Sep",2009
"2888",2888,2009-09-22,67.3946532382446,137883,151718,6265136,276899,54.7918193998534,90.8811083721114,9,"Sep",2009
"2889",2889,2009-09-23,50.7120999532304,8997,14967,6265136,276899,5.40521995384599,60.1122469432752,9,"Sep",2009
"2890",2890,2009-09-24,55.9842283889,19813,25045,6265136,276899,9.04481417412125,79.1096027151128,9,"Sep",2009
"2891",2891,2009-09-25,61.3227185465197,80389,101054,6265136,276899,36.4948952506148,79.5505373364736,9,"Sep",2009
"2892",2892,2009-09-26,64.7474919553284,30954,36981,6265136,276899,13.3554111788053,83.702441794435,9,"Sep",2009
"2893",2893,2009-09-27,58.1380105760233,68539,91906,6265136,276899,33.1911635650544,74.5751093508585,9,"Sep",2009
"2894",2894,2009-09-28,58.4984591679507,55044,68794,6265136,276899,24.8444378636254,80.0127918132395,9,"Sep",2009
"2895",2895,2009-09-29,62.1958644366752,52174,63498,6265136,276899,22.9318271283031,82.1663674446439,9,"Sep",2009
"2896",2896,2009-09-30,56.6075177215456,35824,47541,6265136,276899,17.1690760891155,75.3539050503776,9,"Sep",2009
"2897",2897,2009-10-01,59.7230542129949,31394,42001,6265136,276899,15.1683465812444,74.7458393847766,10,"Oct",2009
"2898",2898,2009-10-02,61.9794412076656,57737,68827,6265136,276899,24.8563555664701,83.8871373152978,10,"Oct",2009
"2899",2899,2009-10-03,60.5364435699914,76606,89961,6265136,276899,32.4887413822368,85.1546781383044,10,"Oct",2009
"2900",2900,2009-10-04,60.1448166120908,62227,76041,6265136,276899,27.4616376368279,81.8334845675359,10,"Oct",2009
"2901",2901,2009-10-05,63.3966917939304,44134,51206,6265136,276899,18.4926633899003,86.1891184626802,10,"Oct",2009
"2902",2902,2009-10-06,52.3810975609756,1051,1968,6265136,276899,0.710728460557821,53.4044715447154,10,"Oct",2009
"2903",2903,2009-10-07,61.129694312625,35926,41513,6265136,276899,14.9921090361468,86.5415652927998,10,"Oct",2009
"2904",2904,2009-10-08,60.9796210363496,43088,51720,6265136,276899,18.6782906402696,83.3101314771848,10,"Oct",2009
"2905",2905,2009-10-09,59.9477136277654,41821,48636,6265136,276899,17.5645271380539,85.9877457027716,10,"Oct",2009
"2906",2906,2009-10-10,70.5272193009589,24013,25864,6265136,276899,9.34058989017656,92.8433343643675,10,"Oct",2009
"2907",2907,2009-10-11,58.2118055555556,5141,6336,6265136,276899,2.28819894618615,81.1395202020202,10,"Oct",2009
"2908",2908,2009-10-12,61.3359183673469,2161,2450,6265136,276899,0.884799150592815,88.2040816326531,10,"Oct",2009
"2909",2909,2009-10-13,66.6332231901472,3050,3329,6265136,276899,1.20224341727489,91.6191048362872,10,"Oct",2009
"2910",2910,2009-10-14,45.4458092485549,544,1384,6265136,276899,0.499821234457329,39.3063583815029,10,"Oct",2009
"2911",2911,2009-10-15,55.871473354232,398,638,6265136,276899,0.230408921664578,62.3824451410658,10,"Oct",2009
"2912",2912,2009-10-16,55.6084210526316,352,475,6265136,276899,0.171542692461872,74.1052631578947,10,"Oct",2009
"2913",2913,2009-10-17,53.5511961722488,605,1045,6265136,276899,0.377393923416119,57.8947368421053,10,"Oct",2009
"2914",2914,2009-10-18,49.7039473684211,254,456,6265136,276899,0.164680984763397,55.7017543859649,10,"Oct",2009
"2915",2915,2009-10-19,54.0610687022901,266,393,6265136,276899,0.141929006605297,67.6844783715013,10,"Oct",2009
"2916",2916,2009-10-20,42.460407239819,448,884,6265136,276899,0.319249979234306,50.6787330316742,10,"Oct",2009
"2917",2917,2009-10-21,70.8364928909953,754,844,6265136,276899,0.304804278816464,89.3364928909953,10,"Oct",2009
"2918",2918,2009-10-22,NA,NA,0,6265136,276899,0,NA,10,"Oct",2009
"2919",2919,2009-10-23,NA,NA,0,6265136,276899,0,NA,10,"Oct",2009
"2920",2920,2009-10-24,52.6360856269113,238,327,6265136,276899,0.118093600915857,72.782874617737,10,"Oct",2009
"2921",2921,2009-10-25,50.9138418079096,390,708,6265136,276899,0.255688897395801,55.0847457627119,10,"Oct",2009
"2922",2922,2009-10-26,NA,NA,0,6265136,276899,0,NA,10,"Oct",2009
"2923",2923,2009-10-27,60.7673796791444,295,374,6265136,276899,0.135067298906822,78.8770053475936,10,"Oct",2009
"2924",2924,2009-10-28,62.7901785714286,181,224,6265136,276899,0.0808959223399146,80.8035714285714,10,"Oct",2009
"2925",2925,2009-10-29,66.0404411764706,712,816,6265136,276899,0.294692288523974,87.2549019607843,10,"Oct",2009
"2926",2926,2009-10-30,NA,NA,0,6265136,276899,0,NA,10,"Oct",2009
"2927",2927,2009-10-31,NA,NA,0,6265136,276899,0,NA,10,"Oct",2009
"2928",2928,2009-11-01,NA,NA,0,6265136,276899,0,NA,11,"Nov",2009
"2929",2929,2009-11-02,NA,NA,0,6265136,276899,0,NA,11,"Nov",2009
"2930",2930,2009-11-03,NA,NA,0,6265136,276899,0,NA,11,"Nov",2009
"2931",2931,2009-11-04,NA,NA,0,6265136,276899,0,NA,11,"Nov",2009
"2932",2932,2009-11-05,NA,NA,0,6265136,276899,0,NA,11,"Nov",2009
"2933",2933,2009-11-06,NA,NA,0,6265136,276899,0,NA,11,"Nov",2009
"2934",2934,2009-11-07,NA,NA,0,6265136,276899,0,NA,11,"Nov",2009
"2935",2935,2009-11-08,NA,NA,0,6265136,276899,0,NA,11,"Nov",2009
"2936",2936,2009-11-09,NA,NA,0,6265136,276899,0,NA,11,"Nov",2009
"2937",2937,2009-11-10,NA,NA,0,6265136,276899,0,NA,11,"Nov",2009
"2938",2938,2009-11-11,NA,NA,0,6265136,276899,0,NA,11,"Nov",2009
"2939",2939,2009-11-12,NA,NA,0,6265136,276899,0,NA,11,"Nov",2009
"2940",2940,2009-11-13,NA,NA,0,6265136,276899,0,NA,11,"Nov",2009
"2941",2941,2009-11-14,NA,NA,0,6265136,276899,0,NA,11,"Nov",2009
"2942",2942,2009-11-15,NA,NA,0,6265136,276899,0,NA,11,"Nov",2009
"2943",2943,2009-11-16,NA,NA,0,6265136,276899,0,NA,11,"Nov",2009
"2944",2944,2009-11-17,NA,NA,0,6265136,276899,0,NA,11,"Nov",2009
"2945",2945,2009-11-18,NA,NA,0,6265136,276899,0,NA,11,"Nov",2009
"2946",2946,2009-11-19,NA,NA,0,6265136,276899,0,NA,11,"Nov",2009
"2947",2947,2009-11-20,NA,NA,0,6265136,276899,0,NA,11,"Nov",2009
"2948",2948,2009-11-21,NA,NA,0,6265136,276899,0,NA,11,"Nov",2009
"2949",2949,2009-11-22,NA,NA,0,6265136,276899,0,NA,11,"Nov",2009
"2950",2950,2009-11-23,NA,NA,0,6265136,276899,0,NA,11,"Nov",2009
"2951",2951,2009-11-24,NA,NA,0,6265136,276899,0,NA,11,"Nov",2009
"2952",2952,2009-11-25,NA,NA,0,6265136,276899,0,NA,11,"Nov",2009
"2953",2953,2009-11-26,NA,NA,0,6265136,276899,0,NA,11,"Nov",2009
"2954",2954,2010-01-15,NA,NA,0,6265136,276899,0,NA,1,"Jan",2010
"2955",2955,2010-01-17,NA,NA,0,6265136,276899,0,NA,1,"Jan",2010
"2956",2956,2010-01-18,NA,NA,0,6265136,276899,0,NA,1,"Jan",2010
"2957",2957,2010-01-19,NA,NA,0,6265136,276899,0,NA,1,"Jan",2010
"2958",2958,2010-01-20,NA,NA,0,6265136,276899,0,NA,1,"Jan",2010
"2959",2959,2010-01-21,NA,NA,0,6265136,276899,0,NA,1,"Jan",2010
"2960",2960,2010-01-22,NA,NA,0,6265136,276899,0,NA,1,"Jan",2010
"2961",2961,2010-01-23,NA,NA,0,6265136,276899,0,NA,1,"Jan",2010
"2962",2962,2010-01-24,NA,NA,0,6265136,276899,0,NA,1,"Jan",2010
"2963",2963,2010-01-25,NA,NA,0,6265136,276899,0,NA,1,"Jan",2010
"2964",2964,2010-01-26,NA,NA,0,6265136,276899,0,NA,1,"Jan",2010
"2965",2965,2010-01-27,NA,NA,0,6265136,276899,0,NA,1,"Jan",2010
"2966",2966,2010-01-28,NA,NA,0,6265136,276899,0,NA,1,"Jan",2010
"2967",2967,2010-01-29,NA,NA,0,6265136,276899,0,NA,1,"Jan",2010
"2968",2968,2010-01-30,NA,NA,0,6265136,276899,0,NA,1,"Jan",2010
"2969",2969,2010-01-31,NA,NA,0,6265136,276899,0,NA,1,"Jan",2010
"2970",2970,2010-02-01,NA,NA,0,6265136,276899,0,NA,2,"Feb",2010
"2971",2971,2010-02-02,NA,NA,0,6265136,276899,0,NA,2,"Feb",2010
"2972",2972,2010-02-03,NA,NA,0,6265136,276899,0,NA,2,"Feb",2010
"2973",2973,2010-02-04,NA,NA,0,6265136,276899,0,NA,2,"Feb",2010
"2974",2974,2010-02-05,NA,NA,0,6265136,276899,0,NA,2,"Feb",2010
"2975",2975,2010-02-06,NA,NA,0,6265136,276899,0,NA,2,"Feb",2010
"2976",2976,2010-02-07,NA,NA,0,6265136,276899,0,NA,2,"Feb",2010
"2977",2977,2010-02-08,NA,NA,0,6265136,276899,0,NA,2,"Feb",2010
"2978",2978,2010-02-09,NA,NA,0,6265136,276899,0,NA,2,"Feb",2010
"2979",2979,2010-02-10,NA,NA,0,6265136,276899,0,NA,2,"Feb",2010
"2980",2980,2010-02-11,NA,NA,0,6265136,276899,0,NA,2,"Feb",2010
"2981",2981,2010-02-12,64.948,430,500,6265136,276899,0.180571255223024,86,2,"Feb",2010
"2982",2982,2010-02-13,75.338078291815,1352,1405,6265136,276899,0.507405227176696,96.2277580071174,2,"Feb",2010
"2983",2983,2010-02-14,49.7414448669202,117,263,6265136,276899,0.0949804802473104,44.4866920152091,2,"Feb",2010
"2984",2984,2010-02-15,43.8329048843188,163,389,6265136,276899,0.140484436563512,41.9023136246787,2,"Feb",2010
"2985",2985,2010-02-16,45.0166112956811,162,301,6265136,276899,0.10870389564426,53.8205980066445,2,"Feb",2010
"2986",2986,2010-02-17,39.4893617021277,18,47,6265136,276899,0.0169736979909642,38.2978723404255,2,"Feb",2010
"2987",2987,2010-02-18,46.7831325301205,22,83,6265136,276899,0.0299748283670219,26.5060240963855,2,"Feb",2010
"2988",2988,2010-02-19,64.7199017199017,691,814,6265136,276899,0.293970003503082,84.8894348894349,2,"Feb",2010
"2989",2989,2010-02-20,58.6725663716814,533,678,6265136,276899,0.24485462208242,78.6135693215339,2,"Feb",2010
"2990",2990,2010-02-21,51.9085173501577,205,317,6265136,276899,0.114482175811397,64.6687697160883,2,"Feb",2010
"2991",2991,2010-02-22,54.5567823343849,420,634,6265136,276899,0.228964351622794,66.2460567823344,2,"Feb",2010
"2992",2992,2010-02-23,50.4328703703704,256,432,6265136,276899,0.156013564512692,59.2592592592593,2,"Feb",2010
"2993",2993,2010-02-24,42.9416666666667,51,120,6265136,276899,0.0433371012535257,42.5,2,"Feb",2010
"2994",2994,2010-02-25,56.5591397849462,356,465,6265136,276899,0.167931267357412,76.5591397849462,2,"Feb",2010
"2995",2995,2010-02-26,67.4525641025641,637,780,6265136,276899,0.281691158147917,81.6666666666667,2,"Feb",2010
"2996",2996,2010-02-27,60.6808035714286,709,896,6265136,276899,0.323583689359658,79.1294642857143,2,"Feb",2010
"2997",2997,2010-02-28,51.4455300439668,1176,2047,6265136,276899,0.739258718883058,57.4499267220322,2,"Feb",2010
"2998",2998,2010-03-01,54.1794825402569,3841,5527,6265136,276899,1.9960346552353,69.4952053555274,3,"Mar",2010
"2999",2999,2010-03-02,67.2645174839861,26743,28569,6265136,276899,10.3174803809331,93.6084567188211,3,"Mar",2010
"3000",3000,2010-03-03,66.6190685237658,21825,25057,6265136,276899,9.0491478842466,87.1014087879634,3,"Mar",2010
"3001",3001,2010-03-04,66.0352776893114,36657,40819,6265136,276899,14.7414761338972,89.8037678532056,3,"Mar",2010
"3002",3002,2010-03-05,68.9687101572461,71639,75296,6265136,276899,27.1925864665456,95.1431682957926,3,"Mar",2010
"3003",3003,2010-03-06,47.2634450506625,323,1283,6265136,276899,0.463345840902278,25.1753702260327,3,"Mar",2010
"3004",3004,2010-03-07,61.4579870729455,46174,56316,6265136,276899,20.3381016182796,81.9909084452021,3,"Mar",2010
"3005",3005,2010-03-08,64.1354782427541,68603,76802,6265136,276899,27.7364670872773,89.3244967578969,3,"Mar",2010
"3006",3006,2010-03-09,59.7843903817621,32500,42461,6265136,276899,15.3344721360496,76.5408256988766,3,"Mar",2010
"3007",3007,2010-03-10,64.8542830977317,78998,85172,6265136,276899,30.7592298997107,92.7511388719297,3,"Mar",2010
"3008",3008,2010-03-11,58.954555244454,52113,65002,6265136,276899,23.474985464014,80.1713793421741,3,"Mar",2010
"3009",3009,2010-03-12,63.311518485321,70800,81443,6265136,276899,29.4125294782574,86.931964686959,3,"Mar",2010
"3010",3010,2010-03-13,65.624444836984,73676,79256,6265136,276899,28.6227108079119,92.9595235691935,3,"Mar",2010
"3011",3011,2010-03-14,63.5773337926283,88146,95799,6265136,276899,34.5970913582209,92.0113988663765,3,"Mar",2010
"3012",3012,2010-03-15,65.9901581665329,118214,123351,6265136,276899,44.5472898060304,95.8354614068795,3,"Mar",2010
"3013",3013,2010-03-16,66.3357571077722,89568,93243,6265136,276899,33.6740111015208,96.0586853704836,3,"Mar",2010
"3014",3014,2010-03-17,66.8155463241843,145363,147083,6265136,276899,53.1179238639359,98.830592250634,3,"Mar",2010
"3015",3015,2010-03-18,68.2700207456295,163864,164854,6265136,276899,59.5357874170726,99.3994686207189,3,"Mar",2010
"3016",3016,2010-03-19,72.055646854743,174812,175248,6265136,276899,63.2895026706489,99.7512097142335,3,"Mar",2010
"3017",3017,2010-03-20,65.7457314426277,108973,110576,6265136,276899,39.9336942350821,98.5503183330922,3,"Mar",2010
"3018",3018,2010-03-21,62.6934467427025,72724,77595,6265136,276899,28.022853098061,93.7225336684065,3,"Mar",2010
"3019",3019,2010-03-22,68.3674968170667,127214,128812,6265136,276899,46.5194890555762,98.7594323510232,3,"Mar",2010
"3020",3020,2010-03-23,70.6947036911615,146221,147650,6265136,276899,53.3226916673589,99.032170673891,3,"Mar",2010
"3021",3021,2010-03-24,68.3858541531345,124847,126242,6265136,276899,45.5913528037299,98.8949794838485,3,"Mar",2010
"3022",3022,2010-03-25,69.3955945624594,81327,81581,6265136,276899,29.462367144699,99.6886529951827,3,"Mar",2010
"3023",3023,2010-03-26,68.3986368402656,97119,97274,6265136,276899,35.1297765611288,99.8406562904784,3,"Mar",2010
"3024",3024,2010-03-27,71.4931822807137,132028,132669,6265136,276899,47.9124157183666,99.5168426685963,3,"Mar",2010
"3025",3025,2010-03-28,68.8112886029579,109327,109739,6265136,276899,39.6314179538388,99.6245637375956,3,"Mar",2010
"3026",3026,2010-03-29,71.6059076566583,162128,162264,6265136,276899,58.6004283150174,99.9161859685451,3,"Mar",2010
"3027",3027,2010-03-30,72.2646025579552,101899,102191,6265136,276899,36.905514284992,99.7142605513206,3,"Mar",2010
"3028",3028,2010-03-31,69.6046351917126,120453,120858,6265136,276899,43.6469615274884,99.6648959936454,3,"Mar",2010
"3029",3029,2010-04-01,71.6587662614934,175579,175645,6265136,276899,63.4328762472959,99.9624242079194,4,"Apr",2010
"3030",3030,2010-04-02,75.7949743031049,211107,211115,6265136,276899,76.2426010928172,99.9962105961206,4,"Apr",2010
"3031",3031,2010-04-03,74.9417038847223,177885,178005,6265136,276899,64.2851725719486,99.93258616331,4,"Apr",2010
"3032",3032,2010-04-04,70.9795388960521,63592,65148,6265136,276899,23.5277122705391,97.6115920672929,4,"Apr",2010
"3033",3033,2010-04-05,71.9212864892793,76765,77420,6265136,276899,27.959653158733,99.1539653836218,4,"Apr",2010
"3034",3034,2010-04-06,74.882048970693,94755,95404,6265136,276899,34.4544400665947,99.3197350215924,4,"Apr",2010
"3035",3035,2010-04-07,76.4532194173504,123144,123951,6265136,276899,44.763975312298,99.3489362732047,4,"Apr",2010
"3036",3036,2010-04-08,78.1384032250997,91012,91284,6265136,276899,32.966532923557,99.7020288330923,4,"Apr",2010
"3037",3037,2010-04-09,70.3589066126722,40158,40498,6265136,276899,14.625549388044,99.1604523680182,4,"Apr",2010
"3038",3038,2010-04-10,71.7737998887146,78647,79076,6265136,276899,28.5577051560316,99.4574839395012,4,"Apr",2010
"3039",3039,2010-04-11,64.4035897111799,15575,15823,6265136,276899,5.7143579427878,98.4326613158061,4,"Apr",2010
"3040",3040,2010-04-12,71.5451408738261,48723,48980,6265136,276899,17.6887601616474,99.4752960391997,4,"Apr",2010
"3041",3041,2010-04-13,72.9942796411491,95557,95973,6265136,276899,34.6599301550385,99.5665447573797,4,"Apr",2010
"3042",3042,2010-04-14,70.9959802521913,125306,125381,6265136,276899,45.2804091022358,99.9401823242756,4,"Apr",2010
"3043",3043,2010-04-15,69.9486657891588,58246,58499,6265136,276899,21.1264757185833,99.5675139745979,4,"Apr",2010
"3044",3044,2010-04-16,71.2171707070601,94923,94999,6265136,276899,34.308177349864,99.9199991578859,4,"Apr",2010
"3045",3045,2010-04-17,71.7713462851055,119236,120138,6265136,276899,43.3869389199672,99.2491967570627,4,"Apr",2010
"3046",3046,2010-04-18,75.8074256754926,184409,184495,6265136,276899,66.6289874647435,99.9533862706306,4,"Apr",2010
"3047",3047,2010-04-19,77.4438219718104,218485,218662,6265136,276899,78.9681436191536,99.9190531505245,4,"Apr",2010
"3048",3048,2010-04-20,79.2356363503723,219165,219321,6265136,276899,79.2061365335375,99.9288713803056,4,"Apr",2010
"3049",3049,2010-04-21,72.2192817657156,73978,73987,6265136,276899,26.7198509203717,99.9878357008664,4,"Apr",2010
"3050",3050,2010-04-22,71.1643376650236,144913,145055,6265136,276899,52.3855268527514,99.9021060976871,4,"Apr",2010
"3051",3051,2010-04-23,74.1433600968585,188257,188316,6265136,276899,68.0089129971578,99.9686696828735,4,"Apr",2010
"3052",3052,2010-04-24,77.0315239965413,247485,247494,6265136,276899,89.380604480334,99.9963635482072,4,"Apr",2010
"3053",3053,2010-04-25,78.4490903844476,148964,149019,6265136,276899,53.8170957641595,99.9630919547172,4,"Apr",2010
"3054",3054,2010-04-26,74.3227955563461,61696,61841,6265136,276899,22.333413988494,99.7655277243253,4,"Apr",2010
"3055",3055,2010-04-27,68.8613646518159,15537,15667,6265136,276899,5.65801971115822,99.1702304206294,4,"Apr",2010
"3056",3056,2010-04-28,72.5343939146082,24350,24452,6265136,276899,8.83065666542674,99.5828562080811,4,"Apr",2010
"3057",3057,2010-04-29,77.1761283727695,145652,145763,6265136,276899,52.6412157501472,99.9238489877404,4,"Apr",2010
"3058",3058,2010-04-30,76.1263781530063,139454,139589,6265136,276899,50.4115218906533,99.903287508328,4,"Apr",2010
"3059",3059,2010-05-01,72.6354876225287,78071,78247,6265136,276899,28.2583180148718,99.775071248738,5,"May",2010
"3060",3060,2010-05-02,74.6024891413298,23918,23944,6265136,276899,8.64719627012015,99.8914132976946,5,"May",2010
"3061",3061,2010-05-03,72.7156388816305,30259,30616,6265136,276899,11.0567390998162,98.8339430363209,5,"May",2010
"3062",3062,2010-05-04,77.2809231535464,136428,136532,6265136,276899,49.3075092362197,99.9238273811268,5,"May",2010
"3063",3063,2010-05-05,78.6106321638974,71572,71801,6265136,276899,25.9303933925366,99.6810629378421,5,"May",2010
"3064",3064,2010-05-06,77.5962064919828,60508,61368,6265136,276899,22.162593581053,98.5986181723374,5,"May",2010
"3065",3065,2010-05-07,78.2459053921875,47750,48051,6265136,276899,17.353258769443,99.3735822355414,5,"May",2010
"3066",3066,2010-05-08,81.083761589404,18838,18875,6265136,276899,6.81656488466914,99.8039735099338,5,"May",2010
"3067",3067,2010-05-09,73.6073384030418,52466,52600,6265136,276899,18.9960960494621,99.745247148289,5,"May",2010
"3068",3068,2010-05-10,71.1102881359139,105589,105714,6265136,276899,38.1778193492934,99.8817564371796,5,"May",2010
"3069",3069,2010-05-11,76.1740637308857,109817,109931,6265136,276899,39.7007573158444,99.8962985872957,5,"May",2010
"3070",3070,2010-05-12,76.8422391198835,154347,154525,6265136,276899,55.8055464266754,99.8848082834493,5,"May",2010
"3071",3071,2010-05-13,74.7220271017699,71935,72320,6265136,276899,26.1178263554581,99.4676438053097,5,"May",2010
"3072",3072,2010-05-14,78.9789402173913,18729,19136,6265136,276899,6.91082307989556,97.873118729097,5,"May",2010
"3073",3073,2010-05-15,81.2785272979448,39555,39655,6265136,276899,14.321106251738,99.7478249905434,5,"May",2010
"3074",3074,2010-05-16,81.1258463164783,39349,39731,6265136,276899,14.3485530825319,99.0385341421057,5,"May",2010
"3075",3075,2010-05-17,83.3864695284836,63558,64388,6265136,276899,23.2532439626001,98.7109399266944,5,"May",2010
"3076",3076,2010-05-18,83.7760144871096,50511,51356,6265136,276899,18.5468347664672,98.3546226341615,5,"May",2010
"3077",3077,2010-05-19,85.8932958153225,107845,108037,6265136,276899,39.0167534010596,99.8222831067134,5,"May",2010
"3078",3078,2010-05-20,80.6356271771575,158349,160473,6265136,276899,57.9536220788085,98.6764128544989,5,"May",2010
"3079",3079,2010-05-21,75.1675770356542,43058,43389,6265136,276899,15.6696123857435,99.2371338357648,5,"May",2010
"3080",3080,2010-05-22,73.2192008879023,10637,10812,6265136,276899,3.90467282294266,98.3814280429153,5,"May",2010
"3081",3081,2010-05-23,70.6067442697708,7950,8333,6265136,276899,3.00940053954691,95.4038161526461,5,"May",2010
"3082",3082,2010-05-24,76.3341644497379,87234,89839,6265136,276899,32.4446819959624,97.1003684368704,5,"May",2010
"3083",3083,2010-05-25,80.3562917037054,87465,88871,6265136,276899,32.0950960458507,98.4179316087363,5,"May",2010
"3084",3084,2010-05-26,81.2740458800535,76644,77768,6265136,276899,28.0853307523682,98.5546754449131,5,"May",2010
"3085",3085,2010-05-27,82.4248201438849,8119,8340,6265136,276899,3.01192853712003,97.3501199040767,5,"May",2010
"3086",3086,2010-05-28,72.7871017871018,1229,1287,6265136,276899,0.464790410944063,95.4933954933955,5,"May",2010
"3087",3087,2010-05-29,63.3134757600657,6670,7302,6265136,276899,2.63706261127704,91.3448370309504,5,"May",2010
"3088",3088,2010-05-30,66.0214195272932,27554,28432,6265136,276899,10.268003857002,96.911930219471,5,"May",2010
"3089",3089,2010-05-31,67.0818263374097,20807,21179,6265136,276899,7.64863722873683,98.2435431323481,5,"May",2010
"3090",3090,2010-06-01,69.7163236356824,36450,37363,6265136,276899,13.4933676177957,97.5564060701764,6,"Jun",2010
"3091",3091,2010-06-02,74.465129513704,52897,54473,6265136,276899,19.6725159715275,97.1068235639675,6,"Jun",2010
"3092",3092,2010-06-03,74.2220763989724,35333,35812,6265136,276899,12.9332355840938,98.6624595107785,6,"Jun",2010
"3093",3093,2010-06-04,72.7358589568685,9258,9529,6265136,276899,3.44132698204038,97.1560499527757,6,"Jun",2010
"3094",3094,2010-06-05,73.8278826644658,55655,58158,6265136,276899,21.0033261225212,95.6962068846934,6,"Jun",2010
"3095",3095,2010-06-06,78.0550506005051,56974,58201,6265136,276899,21.0188552504704,97.8917888008797,6,"Jun",2010
"3096",3096,2010-06-07,78.809716387925,37327,38327,6265136,276899,13.8415089978656,97.3908732747149,6,"Jun",2010
"3097",3097,2010-06-08,72.7988403819918,14180,14660,6265136,276899,5.29434920313905,96.7257844474761,6,"Jun",2010
"3098",3098,2010-06-09,77.1102859020703,44533,45645,6265136,276899,16.4843498893098,97.5638076459634,6,"Jun",2010
"3099",3099,2010-06-10,78.5713497101849,66870,68837,6265136,276899,24.8599669915745,97.1425250955155,6,"Jun",2010
"3100",3100,2010-06-11,80.6285590789422,123439,127245,6265136,276899,45.9535787417073,97.0089198003851,6,"Jun",2010
"3101",3101,2010-06-12,78.1548351034097,6878,7156,6265136,276899,2.58433580475191,96.1151481274455,6,"Jun",2010
"3102",3102,2010-06-13,85.7563876861588,20724,21017,6265136,276899,7.59013214204457,98.6058904696198,6,"Jun",2010
"3103",3103,2010-06-14,81.5211575010729,77847,81555,6265136,276899,29.4529774394274,95.4533750229906,6,"Jun",2010
"3104",3104,2010-06-15,79.2107736689439,119323,126178,6265136,276899,45.5682396830613,94.5671987192696,6,"Jun",2010
"3105",3105,2010-06-16,82.3056030931102,58431,63108,6265136,276899,22.7909815492291,92.5888952272295,6,"Jun",2010
"3106",3106,2010-06-17,67.9899244332494,10340,11116,6265136,276899,4.01446014611826,93.0190716084923,6,"Jun",2010
"3107",3107,2010-06-18,71.0021351046794,15462,16861,6265136,276899,6.0892238686308,91.7027459818516,6,"Jun",2010
"3108",3108,2010-06-19,74.189749666716,38881,40506,6265136,276899,14.6284385281276,95.9882486545203,6,"Jun",2010
"3109",3109,2010-06-20,71.8245767022745,74380,82566,6265136,276899,29.8180925174883,90.0855073516944,6,"Jun",2010
"3110",3110,2010-06-21,84.4713835060838,32141,33285,6265136,276899,12.0206284601967,96.5630163737419,6,"Jun",2010
"3111",3111,2010-06-22,82.9935540918061,73517,78034,6265136,276899,28.1813946601468,94.211497552349,6,"Jun",2010
"3112",3112,2010-06-23,87.2923271397089,86823,89393,6265136,276899,32.2836124363035,97.1250545344714,6,"Jun",2010
"3113",3113,2010-06-24,82.1019073266114,131432,143709,6265136,276899,51.899429033691,91.457041660578,6,"Jun",2010
"3114",3114,2010-06-25,78.1060153583618,20289,23440,6265136,276899,8.46518044485534,86.5571672354949,6,"Jun",2010
"3115",3115,2010-06-26,68.6587453143787,22471,28278,6265136,276899,10.2123879103933,79.464601456963,6,"Jun",2010
"3116",3116,2010-06-27,76.7020620185932,124391,145537,6265136,276899,52.5595975427864,85.470361488831,6,"Jun",2010
"3117",3117,2010-06-28,79.7846006224824,181639,205307,6265136,276899,74.1450853921466,88.4718981817473,6,"Jun",2010
"3118",3118,2010-06-29,79.9176892486863,126227,140820,6265136,276899,50.8560883210124,89.6371254083227,6,"Jun",2010
"3119",3119,2010-06-30,79.5254543422113,149920,169971,6265136,276899,61.3837536430251,88.2032817362962,6,"Jun",2010
"3120",3120,2010-07-01,84.7966997290822,165446,178652,6265136,276899,64.5188317762072,92.607975281553,7,"Jul",2010
"3121",3121,2010-07-02,76.1356113398796,21816,25256,6265136,276899,9.12101524382537,86.3794741843522,7,"Jul",2010
"3122",3122,2010-07-03,79.4311687950366,64814,71886,6265136,276899,25.9610905059245,90.162201263111,7,"Jul",2010
"3123",3123,2010-07-04,78.7675943947061,47182,51380,6265136,276899,18.5555021867179,91.8295056442196,7,"Jul",2010
"3124",3124,2010-07-05,77.9829329375754,10043,10781,6265136,276899,3.89347740511883,93.1546238753362,7,"Jul",2010
"3125",3125,2010-07-06,72.0202133595047,121349,148763,6265136,276899,53.7246432814853,81.5720306796717,7,"Jul",2010
"3126",3126,2010-07-07,76.438545752095,121119,141764,6265136,276899,51.1970068508734,85.4370644169183,7,"Jul",2010
"3127",3127,2010-07-08,69.8171180355481,35946,45122,6265136,276899,16.2954723563465,79.6640219848411,7,"Jul",2010
"3128",3128,2010-07-09,79.4517436946483,70607,81637,6265136,276899,29.4825911252839,86.4889694623761,7,"Jul",2010
"3129",3129,2010-07-10,70.6928488395398,39571,49894,6265136,276899,18.0188444161951,79.310137491482,7,"Jul",2010
"3130",3130,2010-07-11,69.8876726886291,8002,9410,6265136,276899,3.3983510232973,85.0371944739639,7,"Jul",2010
"3131",3131,2010-07-12,79.4296919800115,42266,48828,6265136,276899,17.6338665000596,86.5609895961334,7,"Jul",2010
"3132",3132,2010-07-13,62.2235438446768,64459,93740,6265136,276899,33.8534989292125,68.7636014508214,7,"Jul",2010
"3133",3133,2010-07-14,69.586090723138,126655,166220,6265136,276899,60.029108086342,76.1972085188305,7,"Jul",2010
"3134",3134,2010-07-15,71.43380208361,147493,188231,6265136,276899,67.9782158837699,78.3574437791862,7,"Jul",2010
"3135",3135,2010-07-16,67.051425259138,106974,146640,6265136,276899,52.9579377318083,72.9500818330606,7,"Jul",2010
"3136",3136,2010-07-17,59.2376455724906,39869,61739,6265136,276899,22.2965774524285,64.5766857253924,7,"Jul",2010
"3137",3137,2010-07-18,61.6789676545653,31347,38398,6265136,276899,13.8671501161073,81.6370644304391,7,"Jul",2010
"3138",3138,2010-07-19,66.2294520547945,975,1168,6265136,276899,0.421814452200983,83.4760273972603,7,"Jul",2010
"3139",3139,2010-07-20,44.1095238095238,1699,3150,6265136,276899,1.13759890790505,53.9365079365079,7,"Jul",2010
"3140",3140,2010-07-21,57.2165322109201,37409,51318,6265136,276899,18.5331113510702,72.8964495888382,7,"Jul",2010
"3141",3141,2010-07-22,69.9583227357858,73603,86498,6265136,276899,31.2381048685622,85.0921408587482,7,"Jul",2010
"3142",3142,2010-07-23,61.3063849737744,25215,34127,6265136,276899,12.3247104539923,73.8857795880095,7,"Jul",2010
"3143",3143,2010-07-24,62.8149417692244,52715,72642,6265136,276899,26.2341142438218,72.5682112276644,7,"Jul",2010
"3144",3144,2010-07-25,69.6590599317148,60645,74101,6265136,276899,26.7610211665625,81.8410007962106,7,"Jul",2010
"3145",3145,2010-07-26,59.3697866409349,30626,46635,6265136,276899,16.8418809746514,65.6717058003645,7,"Jul",2010
"3146",3146,2010-07-27,60.0914822801425,56091,85328,6265136,276899,30.8155681313403,65.7357491093193,7,"Jul",2010
"3147",3147,2010-07-28,59.3296824050739,55581,83723,6265136,276899,30.2359344020744,66.3867754380517,7,"Jul",2010
"3148",3148,2010-07-29,63.9207539424623,101890,146165,6265136,276899,52.7863950393465,69.7088906372935,7,"Jul",2010
"3149",3149,2010-07-30,54.1993643726868,43989,74572,6265136,276899,26.9311192889826,58.9886284396288,7,"Jul",2010
"3150",3150,2010-07-31,58.4331896395581,90186,138025,6265136,276899,49.8466950043157,65.3403368954899,7,"Jul",2010
"3151",3151,2010-08-01,58.2590793450993,74029,112811,6265136,276899,40.740847745929,65.6221467764668,8,"Aug",2010
"3152",3152,2010-08-02,59.4224351762744,49053,73777,6265136,276899,26.644010993178,66.4882009298291,8,"Aug",2010
"3153",3153,2010-08-03,61.4352822487722,133179,195271,6265136,276899,70.5206591573101,68.2021395906202,8,"Aug",2010
"3154",3154,2010-08-04,64.7624901529914,104722,144714,6265136,276899,52.2623772566893,72.3648022997084,8,"Aug",2010
"3155",3155,2010-08-05,63.7567068429238,66511,92592,6265136,276899,33.4389073272204,71.8323397269743,8,"Aug",2010
"3156",3156,2010-08-06,64.9996533764687,80170,112514,6265136,276899,40.6335884203265,71.2533551380273,8,"Aug",2010
"3157",3157,2010-08-07,58.3999328957921,78753,122198,6265136,276899,44.1308924914861,64.4470449598193,8,"Aug",2010
"3158",3158,2010-08-08,58.9691443788352,34365,51822,6265136,276899,18.7151271763351,66.3135347921732,8,"Aug",2010
"3159",3159,2010-08-09,52.9622463020296,30330,46512,6265136,276899,16.7974604458665,65.2089783281734,8,"Aug",2010
"3160",3160,2010-08-10,55.9157588446116,72702,112724,6265136,276899,40.7094283475202,64.4955821298038,8,"Aug",2010
"3161",3161,2010-08-11,39.1045907769007,13549,28884,6265136,276899,10.4312402717236,46.9083229469603,8,"Aug",2010
"3162",3162,2010-08-12,52.987321028118,29436,46376,6265136,276899,16.7483450644459,63.472485768501,8,"Aug",2010
"3163",3163,2010-08-13,60.4035402057397,23272,32371,6265136,276899,11.690544205649,71.8915078310834,8,"Aug",2010
"3164",3164,2010-08-14,56.1405248557125,22126,31361,6265136,276899,11.3257902700985,70.552597174835,8,"Aug",2010
"3165",3165,2010-08-15,51.5761469491045,32566,45839,6265136,276899,16.5544115363364,71.0443072492855,8,"Aug",2010
"3166",3166,2010-08-16,49.7676452599388,31921,49050,6265136,276899,17.7140401373786,65.0784913353721,8,"Aug",2010
"3167",3167,2010-08-17,56.6606985505396,56114,78305,6265136,276899,28.2792642804777,71.6608134857289,8,"Aug",2010
"3168",3168,2010-08-18,68.6651523720344,82477,107861,6265136,276899,38.9531923192211,76.4660071759023,8,"Aug",2010
"3169",3169,2010-08-19,59.9777869116123,38042,55958,6265136,276899,20.2088125995399,67.9831302047965,8,"Aug",2010
"3170",3170,2010-08-20,61.9351414102327,82133,118874,6265136,276899,42.9304547867634,69.0924844793647,8,"Aug",2010
"3171",3171,2010-08-21,51.3460490463215,18366,30828,6265136,276899,11.1333013120307,59.5757103931491,8,"Aug",2010
"3172",3172,2010-08-22,60.5889275480966,72398,107492,6265136,276899,38.8199307328665,67.3519889852268,8,"Aug",2010
"3173",3173,2010-08-23,60.3196414533697,136366,202261,6265136,276899,73.0450453053279,67.4208077681807,8,"Aug",2010
"3174",3174,2010-08-24,57.1985790122463,103330,161437,6265136,276899,58.3017634588785,64.0063925865818,8,"Aug",2010
"3175",3175,2010-08-25,59.84385936043,63003,91155,6265136,276899,32.9199455397094,69.1163402994899,8,"Aug",2010
"3176",3176,2010-08-26,49.4984786727137,19985,34838,6265136,276899,12.5814827789194,57.3655204087491,8,"Aug",2010
"3177",3177,2010-08-27,71.0623729674797,19598,23616,6265136,276899,8.52874152669385,82.9861111111111,8,"Aug",2010
"3178",3178,2010-08-28,62.2282090228369,54596,75054,6265136,276899,27.1051899790176,72.742292216271,8,"Aug",2010
"3179",3179,2010-08-29,52.7385840080696,68596,110043,6265136,276899,39.7412052770144,62.3356324345937,8,"Aug",2010
"3180",3180,2010-08-30,44.2654206625981,38120,73408,6265136,276899,26.5107494068234,51.9289450741064,8,"Aug",2010
"3181",3181,2010-08-31,44.6413741490029,43049,82844,6265136,276899,29.9184901353923,51.9639322099368,8,"Aug",2010
"3182",3182,2010-09-01,43.4193499545776,9368,19814,6265136,276899,7.15567770197798,47.2797012213586,9,"Sep",2010
"3183",3183,2010-09-02,59.11227814165,46826,58934,6265136,276899,21.2835727106273,79.4549835409102,9,"Sep",2010
"3184",3184,2010-09-03,49.8718019893592,38774,64845,6265136,276899,23.4182860898739,59.7948955200864,9,"Sep",2010
"3185",3185,2010-09-04,44.5419996704293,25838,48548,6265136,276899,17.5327465971347,53.2215539260114,9,"Sep",2010
"3186",3186,2010-09-05,57.8170556035725,23777,27768,6265136,276899,10.0282052300658,85.62734082397,9,"Sep",2010
"3187",3187,2010-09-06,49.2840757025425,8876,15693,6265136,276899,5.66740941642982,56.5602497929013,9,"Sep",2010
"3188",3188,2010-09-07,48.4601981456661,44177,72371,6265136,276899,26.1362446234909,61.042406488787,9,"Sep",2010
"3189",3189,2010-09-08,50.952807732247,41342,62595,6265136,276899,22.6057154413703,66.0468088505472,9,"Sep",2010
"3190",3190,2010-09-09,68.6745340493705,19322,22159,6265136,276899,8.00255688897396,87.1970756803105,9,"Sep",2010
"3191",3191,2010-09-10,54.2655061172317,59340,82145,6265136,276899,29.6660515205905,72.238115527421,9,"Sep",2010
"3192",3192,2010-09-11,60.8948634519428,148234,201614,6265136,276899,72.8113861010693,73.5236640312677,9,"Sep",2010
"3193",3193,2010-09-12,61.74255311732,92130,114746,6265136,276899,41.4396585036421,80.2903804925662,9,"Sep",2010
"3194",3194,2010-09-13,52.7800120500075,26533,39834,6265136,276899,14.3857507611078,66.6089270472461,9,"Sep",2010
"3195",3195,2010-09-14,56.1366945214495,32631,50141,6265136,276899,18.1080466162752,65.0784786900939,9,"Sep",2010
"3196",3196,2010-09-15,52.2705135233918,13808,21888,6265136,276899,7.90468726864308,63.0847953216374,9,"Sep",2010
"3197",3197,2010-09-16,53.9084369747899,21271,29750,6265136,276899,10.7439896857699,71.4991596638655,9,"Sep",2010
"3198",3198,2010-09-17,52.7359813084112,15779,25680,6265136,276899,9.27413966825449,61.4447040498442,9,"Sep",2010
"3199",3199,2010-09-18,63.044949180393,116947,150926,6265136,276899,54.5057945315801,77.4863177981262,9,"Sep",2010
"3200",3200,2010-09-19,55.3177857142857,100515,140000,6265136,276899,50.5599514624466,71.7964285714286,9,"Sep",2010
"3201",3201,2010-09-20,61.0338514153769,73923,91813,6265136,276899,33.1575773115829,80.5147419210787,9,"Sep",2010
"3202",3202,2010-09-21,45.3907933398629,2503,5105,6265136,276899,1.84363251582707,49.0303623898139,9,"Sep",2010
"3203",3203,2010-09-22,51.5255068937551,16346,24660,6265136,276899,8.90577430759952,66.2854825628548,9,"Sep",2010
"3204",3204,2010-09-23,49.6237678378702,24855,41695,6265136,276899,15.0578369730479,59.611464204341,9,"Sep",2010
"3205",3205,2010-09-24,53.0113192646865,61303,91172,6265136,276899,32.926084962387,67.2388452595095,9,"Sep",2010
"3206",3206,2010-09-25,55.4794178127417,73476,106014,6265136,276899,38.2861621024272,69.3078272680967,9,"Sep",2010
"3207",3207,2010-09-26,69.5312853221379,131269,148632,6265136,276899,53.6773336126169,88.3181279939717,9,"Sep",2010
"3208",3208,2010-09-27,67.877098859657,151231,178192,6265136,276899,64.352706221402,84.8696911196911,9,"Sep",2010
"3209",3209,2010-09-28,59.3628372661465,32038,42548,6265136,276899,15.3658915344584,75.2984864153427,9,"Sep",2010
"3210",3210,2010-09-29,61.5529434397845,79901,103960,6265136,276899,37.5443753859711,76.8574451712197,9,"Sep",2010
"3211",3211,2010-09-30,55.5089737233515,27065,40340,6265136,276899,14.5684888713935,67.0922161626177,9,"Sep",2010
"3212",3212,2010-10-01,58.5388052123879,40799,59090,6265136,276899,21.3399109422569,69.0455237772889,10,"Oct",2010
"3213",3213,2010-10-02,65.2042359327291,80522,103165,6265136,276899,37.2572670901665,78.0516648088014,10,"Oct",2010
"3214",3214,2010-10-03,64.4507389415522,73931,97369,6265136,276899,35.1640850996212,75.9286836672863,10,"Oct",2010
"3215",3215,2010-10-04,50.0100314483723,36110,68684,6265136,276899,24.8047121874763,52.5741075068429,10,"Oct",2010
"3216",3216,2010-10-05,57.8726424132928,54096,73062,6265136,276899,26.3857940982091,74.0412252607374,10,"Oct",2010
"3217",3217,2010-10-06,53.0751877422481,20095,33024,6265136,276899,11.9263702649703,60.8496850775194,10,"Oct",2010
"3218",3218,2010-10-07,68.0645237147715,42651,55282,6265136,276899,19.9646802624784,77.1516949459137,10,"Oct",2010
"3219",3219,2010-10-08,56.1069669058584,24687,37348,6265136,276899,13.487950480139,66.0999250294527,10,"Oct",2010
"3220",3220,2010-10-09,50.3604390122225,11507,20045,6265136,276899,7.23910162189101,57.4058368670491,10,"Oct",2010
"3221",3221,2010-10-10,55.3945229211087,10142,15008,6265136,276899,5.42002679677428,67.5772921108742,10,"Oct",2010
"3222",3222,2010-10-11,51.5021268368136,2680,5172,6265136,276899,1.86782906402696,51.8174787316319,10,"Oct",2010
"3223",3223,2010-10-12,60.8681780016793,4723,5955,6265136,276899,2.15060364970621,79.311502938707,10,"Oct",2010
"3224",3224,2010-10-13,66.2394132300028,3232,3613,6265136,276899,1.30480789024157,89.454746747855,10,"Oct",2010
"3225",3225,2010-10-14,64.2628361858191,1387,1636,6265136,276899,0.590829147089733,84.7799511002445,10,"Oct",2010
"3226",3226,2010-10-15,39.884328358209,198,536,6265136,276899,0.193572385599081,36.9402985074627,10,"Oct",2010
"3227",3227,2010-10-16,43.1472684085511,266,842,6265136,276899,0.304081993795572,31.5914489311164,10,"Oct",2010
"3228",3228,2010-10-17,65.407196969697,471,528,6265136,276899,0.190683245515513,89.2045454545455,10,"Oct",2010
"3229",3229,2010-10-18,54.5255972696246,205,293,6265136,276899,0.105814755560692,69.9658703071672,10,"Oct",2010
"3230",3230,2010-10-19,75.878084179971,1306,1378,6265136,276899,0.497654379394653,94.7750362844702,10,"Oct",2010
"3231",3231,2010-10-20,64.4619205298013,570,604,6265136,276899,0.218130076309412,94.3708609271523,10,"Oct",2010
"3232",3232,2010-10-21,56.4207792207792,332,385,6265136,276899,0.139039866521728,86.2337662337662,10,"Oct",2010
"3233",3233,2010-10-22,63.1951219512195,36,41,6265136,276899,0.0148068429282879,87.8048780487805,10,"Oct",2010
"3234",3234,2010-10-23,46,0,5,6265136,276899,0.00180571255223024,0,10,"Oct",2010
"3235",3235,2010-10-24,58.4672727272727,431,550,6265136,276899,0.198628380745326,78.3636363636364,10,"Oct",2010
"3236",3236,2010-10-25,56.1882352941176,125,170,6265136,276899,0.061394226775828,73.5294117647059,10,"Oct",2010
"3237",3237,2010-10-26,66.1095530236635,1012,1141,6265136,276899,0.41206360441894,88.6941279579316,10,"Oct",2010
"3238",3238,2010-10-27,73.1494057724958,1122,1178,6265136,276899,0.425425877305444,95.2461799660441,10,"Oct",2010
"3239",3239,2010-10-28,53.3684210526316,508,646,6265136,276899,0.233298061748146,78.6377708978328,10,"Oct",2010
"3240",3240,2010-10-29,NA,NA,0,6265136,276899,0,NA,10,"Oct",2010
"3241",3241,2010-10-30,43.7706093189964,14,279,6265136,276899,0.100758760414447,5.01792114695341,10,"Oct",2010
"3242",3242,2010-10-31,NA,NA,0,6265136,276899,0,NA,10,"Oct",2010
"3243",3243,2010-11-01,NA,NA,0,6265136,276899,0,NA,11,"Nov",2010
"3244",3244,2010-11-02,NA,NA,0,6265136,276899,0,NA,11,"Nov",2010
"3245",3245,2010-11-03,NA,NA,0,6265136,276899,0,NA,11,"Nov",2010
"3246",3246,2010-11-04,NA,NA,0,6265136,276899,0,NA,11,"Nov",2010
"3247",3247,2010-11-05,NA,NA,0,6265136,276899,0,NA,11,"Nov",2010
"3248",3248,2010-11-06,NA,NA,0,6265136,276899,0,NA,11,"Nov",2010
"3249",3249,2010-11-07,NA,NA,0,6265136,276899,0,NA,11,"Nov",2010
"3250",3250,2010-11-08,NA,NA,0,6265136,276899,0,NA,11,"Nov",2010
"3251",3251,2010-11-09,NA,NA,0,6265136,276899,0,NA,11,"Nov",2010
"3252",3252,2010-11-10,NA,NA,0,6265136,276899,0,NA,11,"Nov",2010
"3253",3253,2010-11-11,NA,NA,0,6265136,276899,0,NA,11,"Nov",2010
"3254",3254,2010-11-12,NA,NA,0,6265136,276899,0,NA,11,"Nov",2010
"3255",3255,2010-11-13,NA,NA,0,6265136,276899,0,NA,11,"Nov",2010
"3256",3256,2010-11-14,NA,NA,0,6265136,276899,0,NA,11,"Nov",2010
"3257",3257,2010-11-15,NA,NA,0,6265136,276899,0,NA,11,"Nov",2010
"3258",3258,2010-11-16,NA,NA,0,6265136,276899,0,NA,11,"Nov",2010
"3259",3259,2010-11-17,NA,NA,0,6265136,276899,0,NA,11,"Nov",2010
"3260",3260,2010-11-18,NA,NA,0,6265136,276899,0,NA,11,"Nov",2010
"3261",3261,2010-11-19,NA,NA,0,6265136,276899,0,NA,11,"Nov",2010
"3262",3262,2010-11-20,NA,NA,0,6265136,276899,0,NA,11,"Nov",2010
"3263",3263,2010-11-21,NA,NA,0,6265136,276899,0,NA,11,"Nov",2010
"3264",3264,2010-11-22,NA,NA,0,6265136,276899,0,NA,11,"Nov",2010
"3265",3265,2010-11-23,NA,NA,0,6265136,276899,0,NA,11,"Nov",2010
"3266",3266,2010-11-24,NA,NA,0,6265136,276899,0,NA,11,"Nov",2010
"3267",3267,2010-11-25,NA,NA,0,6265136,276899,0,NA,11,"Nov",2010
"3268",3268,2010-11-26,NA,NA,0,6265136,276899,0,NA,11,"Nov",2010
"3269",3269,2011-01-16,NA,NA,0,6265136,276899,0,NA,1,"Jan",2011
"3270",3270,2011-01-18,NA,NA,0,6265136,276899,0,NA,1,"Jan",2011
"3271",3271,2011-01-19,NA,NA,0,6265136,276899,0,NA,1,"Jan",2011
"3272",3272,2011-01-20,NA,NA,0,6265136,276899,0,NA,1,"Jan",2011
"3273",3273,2011-01-21,NA,NA,0,6265136,276899,0,NA,1,"Jan",2011
"3274",3274,2011-01-22,NA,NA,0,6265136,276899,0,NA,1,"Jan",2011
"3275",3275,2011-01-23,NA,NA,0,6265136,276899,0,NA,1,"Jan",2011
"3276",3276,2011-01-24,NA,NA,0,6265136,276899,0,NA,1,"Jan",2011
"3277",3277,2011-01-25,NA,NA,0,6265136,276899,0,NA,1,"Jan",2011
"3278",3278,2011-01-26,NA,NA,0,6265136,276899,0,NA,1,"Jan",2011
"3279",3279,2011-01-27,NA,NA,0,6265136,276899,0,NA,1,"Jan",2011
"3280",3280,2011-01-28,NA,NA,0,6265136,276899,0,NA,1,"Jan",2011
"3281",3281,2011-01-29,NA,NA,0,6265136,276899,0,NA,1,"Jan",2011
"3282",3282,2011-01-30,NA,NA,0,6265136,276899,0,NA,1,"Jan",2011
"3283",3283,2011-01-31,NA,NA,0,6265136,276899,0,NA,1,"Jan",2011
"3284",3284,2011-02-01,NA,NA,0,6265136,276899,0,NA,2,"Feb",2011
"3285",3285,2011-02-02,NA,NA,0,6265136,276899,0,NA,2,"Feb",2011
"3286",3286,2011-02-03,NA,NA,0,6265136,276899,0,NA,2,"Feb",2011
"3287",3287,2011-02-04,NA,NA,0,6265136,276899,0,NA,2,"Feb",2011
"3288",3288,2011-02-05,NA,NA,0,6265136,276899,0,NA,2,"Feb",2011
"3289",3289,2011-02-06,NA,NA,0,6265136,276899,0,NA,2,"Feb",2011
"3290",3290,2011-02-07,NA,NA,0,6265136,276899,0,NA,2,"Feb",2011
"3291",3291,2011-02-08,NA,NA,0,6265136,276899,0,NA,2,"Feb",2011
"3292",3292,2011-02-09,NA,NA,0,6265136,276899,0,NA,2,"Feb",2011
"3293",3293,2011-02-10,NA,NA,0,6265136,276899,0,NA,2,"Feb",2011
"3294",3294,2011-02-11,NA,NA,0,6265136,276899,0,NA,2,"Feb",2011
"3295",3295,2011-02-12,51.375,14,24,6265136,276899,0.00866742025070513,58.3333333333333,2,"Feb",2011
"3296",3296,2011-02-13,NA,NA,0,6265136,276899,0,NA,2,"Feb",2011
"3297",3297,2011-02-14,NA,NA,0,6265136,276899,0,NA,2,"Feb",2011
"3298",3298,2011-02-15,NA,NA,0,6265136,276899,0,NA,2,"Feb",2011
"3299",3299,2011-02-16,76.1572890025575,733,782,6265136,276899,0.282413443168809,93.7340153452685,2,"Feb",2011
"3300",3300,2011-02-17,65.3505976095618,439,502,6265136,276899,0.181293540243916,87.4501992031873,2,"Feb",2011
"3301",3301,2011-02-18,62.8114754098361,380,488,6265136,276899,0.176237545097671,77.8688524590164,2,"Feb",2011
"3302",3302,2011-02-19,52.3333333333333,2,3,6265136,276899,0.00108342753133814,66.6666666666667,2,"Feb",2011
"3303",3303,2011-02-20,NA,NA,0,6265136,276899,0,NA,2,"Feb",2011
"3304",3304,2011-02-21,45.6363636363636,0,11,6265136,276899,0.00397256761490652,0,2,"Feb",2011
"3305",3305,2011-02-22,59.0419452887538,1177,1645,6265136,276899,0.594079429683747,71.5501519756839,2,"Feb",2011
"3306",3306,2011-02-23,NA,NA,0,6265136,276899,0,NA,2,"Feb",2011
"3307",3307,2011-02-24,67.4701815038894,1052,1157,6265136,276899,0.417841884586076,90.9248055315471,2,"Feb",2011
"3308",3308,2011-02-25,72.1860465116279,401,473,6265136,276899,0.17082040744098,84.7780126849894,2,"Feb",2011
"3309",3309,2011-02-26,70.56912209889,847,991,6265136,276899,0.357892227852033,85.4692230070636,2,"Feb",2011
"3310",3310,2011-02-27,54.1025641025641,276,390,6265136,276899,0.140845579073958,70.7692307692308,2,"Feb",2011
"3311",3311,2011-02-28,64.1966731898239,890,1022,6265136,276899,0.36908764567586,87.0841487279843,2,"Feb",2011
"3312",3312,2011-03-01,59.1288564138251,6647,8622,6265136,276899,3.11377072506582,77.0934817907678,3,"Mar",2011
"3313",3313,2011-03-02,66.6117593228094,12363,13113,6265136,276899,4.73566173947902,94.2804850148707,3,"Mar",2011
"3314",3314,2011-03-03,55.7783453952036,6358,7047,6265136,276899,2.54497127111329,90.2227898396481,3,"Mar",2011
"3315",3315,2011-03-04,60.0565254417713,23696,28182,6265136,276899,10.1777182293905,84.0820381803988,3,"Mar",2011
"3316",3316,2011-03-05,62.1753035631345,14739,15071,6265136,276899,5.44277877493238,97.7970937562205,3,"Mar",2011
"3317",3317,2011-03-06,63.6334321852222,53950,55976,6265136,276899,20.2153131647279,96.3805916821495,3,"Mar",2011
"3318",3318,2011-03-07,59.9737370212023,10200,11461,6265136,276899,4.13905431222215,88.9974696797836,3,"Mar",2011
"3319",3319,2011-03-08,64.3221324899757,31436,35414,6265136,276899,12.7895008649363,88.7671542327893,3,"Mar",2011
"3320",3320,2011-03-09,57.3900462962963,732,864,6265136,276899,0.312027129025385,84.7222222222222,3,"Mar",2011
"3321",3321,2011-03-10,57.806770504052,16009,17399,6265136,276899,6.28351853925077,92.0110351169608,3,"Mar",2011
"3322",3322,2011-03-11,69.8505230943233,118573,120246,6265136,276899,43.4259423110954,98.6086855280009,3,"Mar",2011
"3323",3323,2011-03-12,70.0811802117587,164116,166038,6265136,276899,59.9633801494408,98.8424336597646,3,"Mar",2011
"3324",3324,2011-03-13,65.01054983506,93105,94883,6265136,276899,34.2662848186523,98.1261132131151,3,"Mar",2011
"3325",3325,2011-03-14,69.5656522070208,116428,118191,6265136,276899,42.6837944521288,98.5083466592211,3,"Mar",2011
"3326",3326,2011-03-15,59.5956081914631,3986,4053,6265136,276899,1.46371059483783,98.3469035282507,3,"Mar",2011
"3327",3327,2011-03-16,66.3711155355292,83861,85887,6265136,276899,31.0174467946796,97.6410865439473,3,"Mar",2011
"3328",3328,2011-03-17,62.8528508023216,2670,2929,6265136,276899,1.05778641309647,91.1573916012291,3,"Mar",2011
"3329",3329,2011-03-18,67.0486503252173,106251,109619,6265136,276899,39.5880808525852,96.9275399337706,3,"Mar",2011
"3330",3330,2011-03-19,59.0573177207054,30597,35783,6265136,276899,12.9227624512909,85.5070843696728,3,"Mar",2011
"3331",3331,2011-03-20,62.541646086018,52121,54663,6265136,276899,19.7411330485123,95.3496880888352,3,"Mar",2011
"3332",3332,2011-03-21,67.603681436948,66205,67365,6265136,276899,24.328365216198,98.2780375565947,3,"Mar",2011
"3333",3333,2011-03-22,67.2486706032036,121931,122612,6265136,276899,44.2804054908107,99.4445894365967,3,"Mar",2011
"3334",3334,2011-03-23,66.4413393348661,61371,61762,6265136,276899,22.3048837301688,99.3669246462226,3,"Mar",2011
"3335",3335,2011-03-24,60.3207230934993,8031,8353,6265136,276899,3.01662338975583,96.1450975697354,3,"Mar",2011
"3336",3336,2011-03-25,72.1230806925841,97693,97952,6265136,276899,35.3746311832112,99.7355847762169,3,"Mar",2011
"3337",3337,2011-03-26,72.863018009118,136243,136653,6265136,276899,49.3512074799837,99.6999699969997,3,"Mar",2011
"3338",3338,2011-03-27,70.3434222397654,70374,70936,6265136,276899,25.6180051210008,99.2077365512575,3,"Mar",2011
"3339",3339,2011-03-28,66.2294840735756,55564,55725,6265136,276899,20.124666394606,99.7110812023329,3,"Mar",2011
"3340",3340,2011-03-29,69.3532718281459,88659,88773,6265136,276899,32.0597040798269,99.8715825757832,3,"Mar",2011
"3341",3341,2011-03-30,72.5429654892795,167662,167716,6265136,276899,60.5693772819692,99.967802714112,3,"Mar",2011
"3342",3342,2011-03-31,72.0067476564123,149189,149237,6265136,276899,53.8958248314367,99.9678363944598,3,"Mar",2011
"3343",3343,2011-04-01,70.6968735803751,123228,123272,6265136,276899,44.5187595477051,99.9643065740801,4,"Apr",2011
"3344",3344,2011-04-02,65.9083873443629,46643,46904,6265136,276899,16.9390283099614,99.4435442606174,4,"Apr",2011
"3345",3345,2011-04-03,68.8753705032604,63788,64102,6265136,276899,23.1499572046125,99.5101556893701,4,"Apr",2011
"3346",3346,2011-04-04,73.5502195164784,84971,85415,6265136,276899,30.8469875297491,99.4801849792191,4,"Apr",2011
"3347",3347,2011-04-05,65.6887521917848,34191,34789,6265136,276899,12.5637867959075,98.2810658541493,4,"Apr",2011
"3348",3348,2011-04-06,72.2444516798292,131923,132067,6265136,276899,47.6950079270781,99.8909644347187,4,"Apr",2011
"3349",3349,2011-04-07,70.3807189385727,104155,104237,6265136,276899,37.6444118613646,99.9213331158802,4,"Apr",2011
"3350",3350,2011-04-08,73.1165182133494,122396,122822,6265136,276899,44.3562454180044,99.653156600609,4,"Apr",2011
"3351",3351,2011-04-09,68.8479152180689,41603,41707,6265136,276899,15.0621706831733,99.750641379145,4,"Apr",2011
"3352",3352,2011-04-10,62.2016833484986,21896,21980,6265136,276899,7.93791237960412,99.6178343949045,4,"Apr",2011
"3353",3353,2011-04-11,70.4960274355234,63390,64442,6265136,276899,23.2727456581642,98.3675242854039,4,"Apr",2011
"3354",3354,2011-04-12,71.7963520267972,76191,76426,6265136,276899,27.6006775033496,99.6925130191296,4,"Apr",2011
"3355",3355,2011-04-13,69.4397429869926,37808,38286,6265136,276899,13.8267021549374,98.7515018544638,4,"Apr",2011
"3356",3356,2011-04-14,67.2770592376546,49073,49715,6265136,276899,17.9541999068252,98.708639243689,4,"Apr",2011
"3357",3357,2011-04-15,62.6271241301181,6033,6179,6265136,276899,2.23149957204613,97.6371581162,4,"Apr",2011
"3358",3358,2011-04-16,67.5373069456115,33319,34511,6265136,276899,12.4633891780035,96.5460288024108,4,"Apr",2011
"3359",3359,2011-04-17,71.6081835528021,42137,42451,6265136,276899,15.3308607109451,99.260323667287,4,"Apr",2011
"3360",3360,2011-04-18,72.9496365709399,55924,56132,6265136,276899,20.2716513963575,99.6294448799259,4,"Apr",2011
"3361",3361,2011-04-19,71.5492580435136,147346,147448,6265136,276899,53.2497408802488,99.930823069828,4,"Apr",2011
"3362",3362,2011-04-20,68.9259990133202,46531,46621,6265136,276899,16.8368249795052,99.8069539477918,4,"Apr",2011
"3363",3363,2011-04-21,72.8282036842062,122408,122523,6265136,276899,44.248263807381,99.90614007166,4,"Apr",2011
"3364",3364,2011-04-22,72.8619597653316,49147,49261,6265136,276899,17.7902412070827,99.7685796065853,4,"Apr",2011
"3365",3365,2011-04-23,72.9392463200693,132520,132815,6265136,276899,47.9651425248917,99.7778865339005,4,"Apr",2011
"3366",3366,2011-04-24,79.4044641378168,23677,24148,6265136,276899,8.72086934225115,98.0495279112142,4,"Apr",2011
"3367",3367,2011-04-25,64.784316073032,15800,16705,6265136,276899,6.03288563700122,94.5824603412152,4,"Apr",2011
"3368",3368,2011-04-26,81.6966627492678,160400,160821,6265136,276899,58.0792996724437,99.7382182675148,4,"Apr",2011
"3369",3369,2011-04-27,70.253367003367,24687,24948,6265136,276899,9.00978335060798,98.953823953824,4,"Apr",2011
"3370",3370,2011-04-28,76.7930827802073,44632,45047,6265136,276899,16.2683866680631,99.0787399826848,4,"Apr",2011
"3371",3371,2011-04-29,79.9651818262648,111860,112470,6265136,276899,40.6176981498669,99.4576331466169,4,"Apr",2011
"3372",3372,2011-04-30,79.0574477095023,131713,132242,6265136,276899,47.7582078664062,99.5999758019389,4,"Apr",2011
"3373",3373,2011-05-01,73.2649572649573,1798,1872,6265136,276899,0.676058779555,96.0470085470085,5,"May",2011
"3374",3374,2011-05-02,67.4576368876081,11784,12145,6265136,276899,4.38607578936724,97.027583367641,5,"May",2011
"3375",3375,2011-05-03,67.2816335895377,25968,26151,6265136,276899,9.44423779067458,99.3002179648962,5,"May",2011
"3376",3376,2011-05-04,73.6001896666784,142190,142355,6265136,276899,51.410442074547,99.8840925854378,5,"May",2011
"3377",3377,2011-05-05,77.2096734420685,198154,198709,6265136,276899,71.7622671082236,99.7206970997791,5,"May",2011
"3378",3378,2011-05-06,79.286394808303,129830,130362,6265136,276899,47.0792599467676,99.5919056166674,5,"May",2011
"3379",3379,2011-05-07,72.7368977308051,31947,32170,6265136,276899,11.6179545610493,99.3068075847062,5,"May",2011
"3380",3380,2011-05-08,69.8969557421143,48855,49076,6265136,276899,17.7234298426502,99.5496780503708,5,"May",2011
"3381",3381,2011-05-09,75.2267194259079,89005,89463,6265136,276899,32.3088924120347,99.4880565149839,5,"May",2011
"3382",3382,2011-05-10,77.4042401087568,169976,170656,6265136,276899,61.6311362626806,99.6015375960998,5,"May",2011
"3383",3383,2011-05-11,78.8354925032466,253066,254110,6265136,276899,91.769923329445,99.5891543032545,5,"May",2011
"3384",3384,2011-05-12,76.8672099117172,152504,153031,6265136,276899,55.265999516069,99.6556253308153,5,"May",2011
"3385",3385,2011-05-13,75.4943850690286,43636,44257,6265136,276899,15.9830840848107,98.5968321395486,5,"May",2011
"3386",3386,2011-05-14,79.0208105147864,12397,12782,6265136,276899,4.61612356852137,96.9879518072289,5,"May",2011
"3387",3387,2011-05-15,75.7341735357017,96148,96326,6265136,276899,34.7874134612259,99.8152108465004,5,"May",2011
"3388",3388,2011-05-16,75.6789740336559,115712,116651,6265136,276899,42.1276349860418,99.1950347618109,5,"May",2011
"3389",3389,2011-05-17,76.6896231011116,156703,158053,6265136,276899,57.0796572035291,99.1458561368655,5,"May",2011
"3390",3390,2011-05-18,70.256659101352,71575,71819,6265136,276899,25.9368939577247,99.6602570350464,5,"May",2011
"3391",3391,2011-05-19,73.1720345702506,125461,126120,6265136,276899,45.5472934174555,99.4774817633999,5,"May",2011
"3392",3392,2011-05-20,69.6588562351072,87710,88130,6265136,276899,31.8274894456101,99.5234312946783,5,"May",2011
"3393",3393,2011-05-21,74.2214203143062,95467,96021,6265136,276899,34.6772649955399,99.4230428760375,5,"May",2011
"3394",3394,2011-05-22,76.2086725998864,162519,163711,6265136,276899,59.1230015276328,99.2718876556859,5,"May",2011
"3395",3395,2011-05-23,78.36346274827,44213,44508,6265136,276899,16.0737308549327,99.3371978071358,5,"May",2011
"3396",3396,2011-05-24,75.7698505891404,73416,74091,6265136,276899,26.7574097414581,99.0889581730574,5,"May",2011
"3397",3397,2011-05-25,76.8317644661777,97520,98160,6265136,276899,35.449748825384,99.3480032599837,5,"May",2011
"3398",3398,2011-05-26,71.7442128486285,29781,30369,6265136,276899,10.967536899736,98.0638150745826,5,"May",2011
"3399",3399,2011-05-27,75.4781752006952,115178,116221,6265136,276899,41.97234370655,99.1025718243691,5,"May",2011
"3400",3400,2011-05-28,77.948861956843,40224,40596,6265136,276899,14.6609413540677,99.0836535619273,5,"May",2011
"3401",3401,2011-05-29,69.1181100125014,34783,35196,6265136,276899,12.7107717976591,98.8265712012729,5,"May",2011
"3402",3402,2011-05-30,79.1699549733934,36151,36645,6265136,276899,13.2340672952954,98.6519306863146,5,"May",2011
"3403",3403,2011-05-31,75.1734226295383,19765,19859,6265136,276899,7.17192911494805,99.5266629739665,5,"May",2011
"3404",3404,2011-06-01,67.099173553719,14149,14278,6265136,276899,5.15639276414866,99.0965121165429,6,"Jun",2011
"3405",3405,2011-06-02,81.4696072626801,19370,20268,6265136,276899,7.31963640172048,95.5693704361555,6,"Jun",2011
"3406",3406,2011-06-03,78.2522168215705,119000,121796,6265136,276899,43.9857132022868,97.7043581069986,6,"Jun",2011
"3407",3407,2011-06-04,75.4213677331838,75720,76667,6265136,276899,27.6877128483671,98.7647879791827,6,"Jun",2011
"3408",3408,2011-06-05,77.813672260612,112549,117508,6265136,276899,42.4371341174941,95.7798617966436,6,"Jun",2011
"3409",3409,2011-06-06,75.5270910698497,54655,56550,6265136,276899,20.422608965724,96.6489832007073,6,"Jun",2011
"3410",3410,2011-06-07,72.4270126535852,10208,10906,6265136,276899,3.93862021892459,93.599853291766,6,"Jun",2011
"3411",3411,2011-06-08,76.9245178188745,95121,100792,6265136,276899,36.400275912878,94.3735613937614,6,"Jun",2011
"3412",3412,2011-06-09,75.3359626749611,77470,80375,6265136,276899,29.026829277101,96.3856920684292,6,"Jun",2011
"3413",3413,2011-06-10,79.809003919932,132405,134186,6265136,276899,48.4602689067133,98.6727378415036,6,"Jun",2011
"3414",3414,2011-06-11,78.7984739121468,209141,218205,6265136,276899,78.8031014918797,95.8461080176898,6,"Jun",2011
"3415",3415,2011-06-12,81.8170886105518,205321,214049,6265136,276899,77.3021932184659,95.9224289765427,6,"Jun",2011
"3416",3416,2011-06-13,83.0946034013302,215977,224030,6265136,276899,80.9067566152279,96.4053921349819,6,"Jun",2011
"3417",3417,2011-06-14,83.3017110250183,224877,237986,6265136,276899,85.946861491013,94.4916927886514,6,"Jun",2011
"3418",3418,2011-06-15,79.8124553582424,150999,162404,6265136,276899,58.6509882664798,92.977389719465,6,"Jun",2011
"3419",3419,2011-06-16,83.5564588573482,86190,89056,6265136,276899,32.1619074102832,96.7818002155947,6,"Jun",2011
"3420",3420,2011-06-17,83.0921454140015,65482,68164,6265136,276899,24.6169180820444,96.0653717504841,6,"Jun",2011
"3421",3421,2011-06-18,81.173067543039,119999,125061,6265136,276899,45.1648434988931,95.9523752408824,6,"Jun",2011
"3422",3422,2011-06-19,74.1610451793336,122592,136589,6265136,276899,49.3280943593151,89.7524690860904,6,"Jun",2011
"3423",3423,2011-06-20,70.3250139811937,64973,76889,6265136,276899,27.7678864856861,84.5023345341987,6,"Jun",2011
"3424",3424,2011-06-21,77.9831796741992,97124,107489,6265136,276899,38.8188473053352,90.3571528249402,6,"Jun",2011
"3425",3425,2011-06-22,81.018581888539,119504,131795,6265136,276899,47.5967771642368,90.6741530407072,6,"Jun",2011
"3426",3426,2011-06-23,74.2956542368116,98095,113812,6265136,276899,41.1023513988855,86.1903841422697,6,"Jun",2011
"3427",3427,2011-06-24,71.2693138724755,113569,136068,6265136,276899,49.1399391113727,83.4648852044566,6,"Jun",2011
"3428",3428,2011-06-25,71.6881001024105,163748,192363,6265136,276899,69.470456736933,85.1244782000697,6,"Jun",2011
"3429",3429,2011-06-26,72.5258647545798,165457,195807,6265136,276899,70.7142315429091,84.5000434100926,6,"Jun",2011
"3430",3430,2011-06-27,76.5230403219531,78778,89951,6265136,276899,32.4851299571324,87.5787928983558,6,"Jun",2011
"3431",3431,2011-06-28,63.5984016606124,35091,48175,6265136,276899,17.3980404407383,72.8406850025947,6,"Jun",2011
"3432",3432,2011-06-29,64.346721188636,36040,46709,6265136,276899,16.8686055204244,77.158577576056,6,"Jun",2011
"3433",3433,2011-06-30,71.2108728534567,9439,11239,6265136,276899,4.05888067490312,83.9843402437939,6,"Jun",2011
"3434",3434,2011-07-01,53.345097050668,2833,3967,6265136,276899,1.43265233893947,71.414166876733,7,"Jul",2011
"3435",3435,2011-07-02,59.2190904784462,2872,4222,6265136,276899,1.52474367910321,68.0246328754145,7,"Jul",2011
"3436",3436,2011-07-03,69.5825781306042,34395,41821,6265136,276899,15.1033409293641,82.2433705554626,7,"Jul",2011
"3437",3437,2011-07-04,62.4260996119017,8652,12368,6265136,276899,4.46661056919671,69.9547218628719,7,"Jul",2011
"3438",3438,2011-07-05,61.1518162747047,7300,9057,6265136,276899,3.27086771710985,80.6006403886497,7,"Jul",2011
"3439",3439,2011-07-06,57.0796289540883,14251,19189,6265136,276899,6.9299636329492,74.2665068528845,7,"Jul",2011
"3440",3440,2011-07-07,61.1519713668901,44630,52806,6265136,276899,19.070491406614,84.5169109570882,7,"Jul",2011
"3441",3441,2011-07-08,65.3574037261338,16775,21631,6265136,276899,7.81187364345844,77.5507373676668,7,"Jul",2011
"3442",3442,2011-07-09,66.2219105942089,89350,116592,6265136,276899,42.1063275779255,76.6347605324551,7,"Jul",2011
"3443",3443,2011-07-10,69.76179647527,1393,1759,6265136,276899,0.635249675874597,79.1927231381467,7,"Jul",2011
"3444",3444,2011-07-11,74.0833842394624,16818,19644,6265136,276899,7.09428347520215,85.6139279169212,7,"Jul",2011
"3445",3445,2011-07-12,63.8148322896114,16861,23314,6265136,276899,8.41967648853914,72.3213519773527,7,"Jul",2011
"3446",3446,2011-07-13,78.3800303720577,54784,63216,6265136,276899,22.8299849403573,86.6616046570489,7,"Jul",2011
"3447",3447,2011-07-14,60.9829398928784,4312,5041,6265136,276899,1.82051939515852,85.5385836143622,7,"Jul",2011
"3448",3448,2011-07-15,49.8297577012054,22915,41065,6265136,276899,14.8303171914669,55.8017776695483,7,"Jul",2011
"3449",3449,2011-07-16,61.5018675940237,42684,62112,6265136,276899,22.4312836088249,68.7210200927357,7,"Jul",2011
"3450",3450,2011-07-17,64.8863920844013,13830,16777,6265136,276899,6.05888789775333,82.434285033081,7,"Jul",2011
"3451",3451,2011-07-18,64.8734140072067,65001,85199,6265136,276899,30.7689807474928,76.2931489806218,7,"Jul",2011
"3452",3452,2011-07-19,63.3380392744188,157352,227018,6265136,276899,81.9858504364407,69.3125655234387,7,"Jul",2011
"3453",3453,2011-07-20,70.6320151385068,89604,114146,6265136,276899,41.2229729973745,78.4994655966919,7,"Jul",2011
"3454",3454,2011-07-21,62.7198181645389,44469,63134,6265136,276899,22.8003712545007,70.4358982481706,7,"Jul",2011
"3455",3455,2011-07-22,53.9164541341012,14582,24310,6265136,276899,8.77937442894341,59.9835458658988,7,"Jul",2011
"3456",3456,2011-07-23,64.7051195042785,49267,67780,6265136,276899,24.4782393580331,72.6866332251402,7,"Jul",2011
"3457",3457,2011-07-24,48.8609286957952,39048,72941,6265136,276899,26.3420958544451,53.5336779040594,7,"Jul",2011
"3458",3458,2011-07-25,57.3130620030221,102482,161476,6265136,276899,58.3158480167859,63.4657781961406,7,"Jul",2011
"3459",3459,2011-07-26,52.9971910275048,102618,172661,6265136,276899,62.3552269961249,59.4332246425076,7,"Jul",2011
"3460",3460,2011-07-27,67.2526441991854,88702,121776,6265136,276899,43.9784903520778,72.8402969386414,7,"Jul",2011
"3461",3461,2011-07-28,64.7281340848413,117722,168550,6265136,276899,60.8705701356812,69.843963215663,7,"Jul",2011
"3462",3462,2011-07-29,62.0546051833394,73885,107151,6265136,276899,38.6967811368044,68.9540928222789,7,"Jul",2011
"3463",3463,2011-07-30,66.3617798606649,58538,79377,6265136,276899,28.6664090516759,73.7468032301548,7,"Jul",2011
"3464",3464,2011-07-31,62.5389870909179,98013,144317,6265136,276899,52.1190036800422,67.9150758399911,7,"Jul",2011
"3465",3465,2011-08-01,58.1220947225293,49444,78693,6265136,276899,28.4193875745308,62.831509791214,8,"Aug",2011
"3466",3466,2011-08-02,50.3114454326324,7373,12031,6265136,276899,4.34490554317639,61.2833513423656,8,"Aug",2011
"3467",3467,2011-08-03,45.1764340745609,13579,27387,6265136,276899,9.89060993358589,49.5819184284515,8,"Aug",2011
"3468",3468,2011-08-04,57.3653597587247,4923,6963,6265136,276899,2.51463530023583,70.702283498492,8,"Aug",2011
"3469",3469,2011-08-05,48.0125624633595,60658,107463,6265136,276899,38.8094576000636,56.4454742562556,8,"Aug",2011
"3470",3470,2011-08-06,50.4602529617124,9620,17473,6265136,276899,6.31024308502378,55.0563726892921,8,"Aug",2011
"3471",3471,2011-08-07,45.9804347826087,5415,11040,6265136,276899,3.98701331532436,49.0489130434783,8,"Aug",2011
"3472",3472,2011-08-08,45.9669490977298,7653,15461,6265136,276899,5.58362435400633,49.4987387620464,8,"Aug",2011
"3473",3473,2011-08-09,42.1363290175171,32894,69589,6265136,276899,25.13154615943,47.2689649226171,8,"Aug",2011
"3474",3474,2011-08-10,48.8202197412724,7381,11286,6265136,276899,4.07585437289409,65.3996101364523,8,"Aug",2011
"3475",3475,2011-08-11,46.0015125072717,9932,17190,6265136,276899,6.20803975456755,57.7777777777778,8,"Aug",2011
"3476",3476,2011-08-12,39.2184674989238,8586,18584,6265136,276899,6.71147241412934,46.2010331467929,8,"Aug",2011
"3477",3477,2011-08-13,69.2910391115017,41752,50062,6265136,276899,18.07951635795,83.4005832767369,8,"Aug",2011
"3478",3478,2011-08-14,38.8482520343683,39710,87988,6265136,276899,31.7762072091268,45.1311542483066,8,"Aug",2011
"3479",3479,2011-08-15,58.2837000640889,26753,37448,6265136,276899,13.5240647311836,71.4403973509934,8,"Aug",2011
"3480",3480,2011-08-16,51.5138198308301,89482,155465,6265136,276899,56.1450203864947,57.5576496317499,8,"Aug",2011
"3481",3481,2011-08-17,54.5956819373775,131502,217366,6265136,276899,78.5001029256155,60.4979619627725,8,"Aug",2011
"3482",3482,2011-08-18,54.9550572663516,141753,237836,6265136,276899,85.8926901144461,59.601153736188,8,"Aug",2011
"3483",3483,2011-08-19,52.8733540857719,107484,184396,6265136,276899,66.5932343562093,58.2897676739192,8,"Aug",2011
"3484",3484,2011-08-20,52.9477542633589,99551,172282,6265136,276899,62.2183539846659,57.7837498984224,8,"Aug",2011
"3485",3485,2011-08-21,50.8131091038745,28566,50484,6265136,276899,18.2319184973582,56.5842643213691,8,"Aug",2011
"3486",3486,2011-08-22,67.011078807101,32681,45402,6265136,276899,16.3965922592714,71.9814105105502,8,"Aug",2011
"3487",3487,2011-08-23,55.0322635175928,27132,41409,6265136,276899,14.9545502150604,65.5219879736289,8,"Aug",2011
"3488",3488,2011-08-24,56.0213697219361,9749,11652,6265136,276899,4.20803253171734,83.6680398214899,8,"Aug",2011
"3489",3489,2011-08-25,51.5644284454893,15970,27224,6265136,276899,9.83174370438319,58.6614751689686,8,"Aug",2011
"3490",3490,2011-08-26,63.0936059165128,63428,96949,6265136,276899,35.0124052452338,65.4240889539861,8,"Aug",2011
"3491",3491,2011-08-27,62.5660992961098,105700,159684,6265136,276899,57.6686806380666,66.1932316324741,8,"Aug",2011
"3492",3492,2011-08-28,64.5135386806405,43024,54769,6265136,276899,19.7794141546196,78.5553871715752,8,"Aug",2011
"3493",3493,2011-08-29,38.6216362978159,7257,16574,6265136,276899,5.98557596813279,43.785447085797,8,"Aug",2011
"3494",3494,2011-08-30,51.2296255506608,7671,12712,6265136,276899,4.59084359279015,60.3445563247325,8,"Aug",2011
"3495",3495,2011-08-31,54.3983086766101,35291,49547,6265136,276899,17.8935279650703,71.2273195148041,8,"Aug",2011
"3496",3496,2011-09-01,52.0886550777676,7924,10930,6265136,276899,3.94728763917529,72.4977127172919,9,"Sep",2011
"3497",3497,2011-09-02,40.5038265961272,16356,38938,6265136,276899,14.0621670717482,42.0052390980533,9,"Sep",2011
"3498",3498,2011-09-03,50.4361651637399,15339,23177,6265136,276899,8.37019996460803,66.1819907667084,9,"Sep",2011
"3499",3499,2011-09-04,44.5279033208882,9410,20356,6265136,276899,7.35141694263974,46.227156612301,9,"Sep",2011
"3500",3500,2011-09-05,43.6755668911649,10435,25093,6265136,276899,9.06214901462266,41.5853026740525,9,"Sep",2011
"3501",3501,2011-09-06,59.7000932129797,79710,125519,6265136,276899,45.3302467686774,63.5043300217497,9,"Sep",2011
"3502",3502,2011-09-07,50.0357848518112,9938,18220,6265136,276899,6.58001654032698,54.5444566410538,9,"Sep",2011
"3503",3503,2011-09-08,28.4485959254307,2526,12713,6265136,276899,4.5912047353006,19.8694249980335,9,"Sep",2011
"3504",3504,2011-09-09,52.1493339730203,41162,70868,6265136,276899,25.5934474302905,58.0826324998589,9,"Sep",2011
"3505",3505,2011-09-10,43.6667070584671,7425,16505,6265136,276899,5.96065713491201,44.9863677673432,9,"Sep",2011
"3506",3506,2011-09-11,42.2982126873213,14591,34633,6265136,276899,12.507448564278,42.130338116825,9,"Sep",2011
"3507",3507,2011-09-12,50.3937662155529,18014,28522,6265136,276899,10.3005066829422,63.1582637963677,9,"Sep",2011
"3508",3508,2011-09-13,48.6963081275955,62174,109565,6265136,276899,39.5685791570211,56.7462237028248,9,"Sep",2011
"3509",3509,2011-09-14,44.6891880592023,6710,11959,6265136,276899,4.31890328242428,56.1083702650723,9,"Sep",2011
"3510",3510,2011-09-15,48.3292472233649,11649,24310,6265136,276899,8.77937442894341,47.9185520361991,9,"Sep",2011
"3511",3511,2011-09-16,38.0674212174313,11135,34811,6265136,276899,12.5717319311373,31.9870155985177,9,"Sep",2011
"3512",3512,2011-09-17,48.2384227816152,58109,103803,6265136,276899,37.487676011831,55.9800776470815,9,"Sep",2011
"3513",3513,2011-09-18,58.834969235741,115340,157813,6265136,276899,56.992983001022,73.0865011120757,9,"Sep",2011
"3514",3514,2011-09-19,64.7253060739332,86963,117782,6265136,276899,42.5360871653563,73.8338625596441,9,"Sep",2011
"3515",3515,2011-09-20,49.1659325952062,45464,82190,6265136,276899,29.6823029335606,55.3157318408566,9,"Sep",2011
"3516",3516,2011-09-21,53.4203083260919,96286,155355,6265136,276899,56.1052947103457,61.9780502719578,9,"Sep",2011
"3517",3517,2011-09-22,48.5369867390957,27277,50072,6265136,276899,18.0831277830545,54.4755552005113,9,"Sep",2011
"3518",3518,2011-09-23,44.4897843681023,25758,53007,6265136,276899,19.1430810512136,48.5935819797385,9,"Sep",2011
"3519",3519,2011-09-24,50.0016417736968,78607,137656,6265136,276899,49.7134334179611,57.1039402568722,9,"Sep",2011
"3520",3520,2011-09-25,48.1904093736439,39396,69130,6265136,276899,24.9657817471352,56.9882829451758,9,"Sep",2011
"3521",3521,2011-09-26,45.0735727295213,20423,44473,6265136,276899,16.0610908670671,45.9222449576147,9,"Sep",2011
"3522",3522,2011-09-27,42.0809675793717,39358,89295,6265136,276899,32.2482204702798,44.0763760568901,9,"Sep",2011
"3523",3523,2011-09-28,53.8223175009744,48420,71836,6265136,276899,25.9430333804022,67.4035302633777,9,"Sep",2011
"3524",3524,2011-09-29,54.8598515220406,68401,106009,6265136,276899,38.284356389875,64.5237668499844,9,"Sep",2011
"3525",3525,2011-09-30,57.6630370199711,58741,82469,6265136,276899,29.7830616939751,71.2279765730153,9,"Sep",2011
"3526",3526,2011-10-01,54.6266297400937,14633,23470,6265136,276899,8.47601472016873,62.3476778866638,10,"Oct",2011
"3527",3527,2011-10-02,56.2328036348019,32520,44239,6265136,276899,15.9765835196227,73.5097990460905,10,"Oct",2011
"3528",3528,2011-10-03,60.7563710760182,61439,78205,6265136,276899,28.2431500294331,78.5614730515952,10,"Oct",2011
"3529",3529,2011-10-04,62.4855436107481,73838,91067,6265136,276899,32.8881649987902,81.0809623683661,10,"Oct",2011
"3530",3530,2011-10-05,65.9910845269059,123778,141103,6265136,276899,50.9582916514686,87.7217351863532,10,"Oct",2011
"3531",3531,2011-10-06,67.9704120337962,107594,122854,6265136,276899,44.3678019783387,87.5787520145864,10,"Oct",2011
"3532",3532,2011-10-07,64.714537948871,69336,80424,6265136,276899,29.0445252601129,86.2130707251567,10,"Oct",2011
"3533",3533,2011-10-08,66.0243618112148,83698,92645,6265136,276899,33.458047880274,90.3427060283879,10,"Oct",2011
"3534",3534,2011-10-09,59.5581001805054,21552,26592,6265136,276899,9.60350163778129,81.0469314079422,10,"Oct",2011
"3535",3535,2011-10-10,56.2152886659001,22800,28701,6265136,276899,10.365151192312,79.4397407755827,10,"Oct",2011
"3536",3536,2011-10-11,55.8519904544961,13596,18438,6265136,276899,6.65874560760422,73.7390172469899,10,"Oct",2011
"3537",3537,2011-10-12,60.4127843986999,8138,10153,6265136,276899,3.66667990855872,80.1536491677337,10,"Oct",2011
"3538",3538,2011-10-13,67.9396689802456,3274,3746,6265136,276899,1.35283984413089,87.3998932194341,10,"Oct",2011
"3539",3539,2011-10-14,52.2129144851658,312,573,6265136,276899,0.206934658485585,54.4502617801047,10,"Oct",2011
"3540",3540,2011-10-15,15.139650872818,24,401,6265136,276899,0.144818146688865,5.98503740648379,10,"Oct",2011
"3541",3541,2011-10-16,47.5080510827318,893,1801,6265136,276899,0.650417661313331,49.5835646862854,10,"Oct",2011
"3542",3542,2011-10-17,43.7316017316017,204,462,6265136,276899,0.166847839826074,44.1558441558442,10,"Oct",2011
"3543",3543,2011-10-18,42.5589225589226,143,297,6265136,276899,0.107259325602476,48.1481481481481,10,"Oct",2011
"3544",3544,2011-10-19,67.5219298245614,195,228,6265136,276899,0.0823404923816987,85.5263157894737,10,"Oct",2011
"3545",3545,2011-10-20,16.1666666666667,0,6,6265136,276899,0.00216685506267628,0,10,"Oct",2011
"3546",3546,2011-10-21,NA,NA,0,6265136,276899,0,NA,10,"Oct",2011
"3547",3547,2011-10-22,68.4697802197802,882,1092,6265136,276899,0.394367621407083,80.7692307692308,10,"Oct",2011
"3548",3548,2011-10-23,70.1148148148148,244,270,6265136,276899,0.0975084778204327,90.3703703703704,10,"Oct",2011
"3549",3549,2011-10-24,75.2442613301942,1661,1699,6265136,276899,0.613581125247834,97.7633902295468,10,"Oct",2011
"3550",3550,2011-10-25,47.64,22,50,6265136,276899,0.0180571255223024,44,10,"Oct",2011
"3551",3551,2011-10-26,43.8703703703704,17,54,6265136,276899,0.0195016955640865,31.4814814814815,10,"Oct",2011
"3552",3552,2011-10-27,62.9714086471409,1059,1434,6265136,276899,0.517878359979631,73.8493723849372,10,"Oct",2011
"3553",3553,2011-10-28,50.9941944847605,466,689,6265136,276899,0.248827189697326,67.6342525399129,10,"Oct",2011
"3554",3554,2011-10-29,59.6347177848775,658,939,6265136,276899,0.339112817308838,70.0745473908413,10,"Oct",2011
"3555",3555,2011-10-30,37.0153846153846,9,65,6265136,276899,0.0234742631789931,13.8461538461538,10,"Oct",2011
"3556",3556,2011-10-31,NA,NA,0,6265136,276899,0,NA,10,"Oct",2011
"3557",3557,2011-11-01,NA,NA,0,6265136,276899,0,NA,11,"Nov",2011
"3558",3558,2011-11-02,NA,NA,0,6265136,276899,0,NA,11,"Nov",2011
"3559",3559,2011-11-03,NA,NA,0,6265136,276899,0,NA,11,"Nov",2011
"3560",3560,2011-11-04,NA,NA,0,6265136,276899,0,NA,11,"Nov",2011
"3561",3561,2011-11-05,NA,NA,0,6265136,276899,0,NA,11,"Nov",2011
"3562",3562,2011-11-06,NA,NA,0,6265136,276899,0,NA,11,"Nov",2011
"3563",3563,2011-11-07,NA,NA,0,6265136,276899,0,NA,11,"Nov",2011
"3564",3564,2011-11-08,NA,NA,0,6265136,276899,0,NA,11,"Nov",2011
"3565",3565,2011-11-09,NA,NA,0,6265136,276899,0,NA,11,"Nov",2011
"3566",3566,2011-11-10,NA,NA,0,6265136,276899,0,NA,11,"Nov",2011
"3567",3567,2011-11-11,NA,NA,0,6265136,276899,0,NA,11,"Nov",2011
"3568",3568,2011-11-12,NA,NA,0,6265136,276899,0,NA,11,"Nov",2011
"3569",3569,2011-11-13,NA,NA,0,6265136,276899,0,NA,11,"Nov",2011
"3570",3570,2011-11-14,NA,NA,0,6265136,276899,0,NA,11,"Nov",2011
"3571",3571,2011-11-15,NA,NA,0,6265136,276899,0,NA,11,"Nov",2011
"3572",3572,2011-11-16,NA,NA,0,6265136,276899,0,NA,11,"Nov",2011
"3573",3573,2011-11-17,NA,NA,0,6265136,276899,0,NA,11,"Nov",2011
"3574",3574,2011-11-18,NA,NA,0,6265136,276899,0,NA,11,"Nov",2011
"3575",3575,2011-11-19,NA,NA,0,6265136,276899,0,NA,11,"Nov",2011
"3576",3576,2011-11-20,NA,NA,0,6265136,276899,0,NA,11,"Nov",2011
"3577",3577,2011-11-21,NA,NA,0,6265136,276899,0,NA,11,"Nov",2011
"3578",3578,2011-11-22,NA,NA,0,6265136,276899,0,NA,11,"Nov",2011
"3579",3579,2011-11-23,NA,NA,0,6265136,276899,0,NA,11,"Nov",2011
"3580",3580,2011-11-25,NA,NA,0,6265136,276899,0,NA,11,"Nov",2011
"3581",3581,2012-01-16,NA,NA,0,6265136,276899,0,NA,1,"Jan",2012
"3582",3582,2012-01-17,NA,NA,0,6265136,276899,0,NA,1,"Jan",2012
"3583",3583,2012-01-18,NA,NA,0,6265136,276899,0,NA,1,"Jan",2012
"3584",3584,2012-01-19,NA,NA,0,6265136,276899,0,NA,1,"Jan",2012
"3585",3585,2012-01-20,NA,NA,0,6265136,276899,0,NA,1,"Jan",2012
"3586",3586,2012-01-21,NA,NA,0,6265136,276899,0,NA,1,"Jan",2012
"3587",3587,2012-01-22,NA,NA,0,6265136,276899,0,NA,1,"Jan",2012
"3588",3588,2012-01-23,NA,NA,0,6265136,276899,0,NA,1,"Jan",2012
"3589",3589,2012-01-24,NA,NA,0,6265136,276899,0,NA,1,"Jan",2012
"3590",3590,2012-01-25,NA,NA,0,6265136,276899,0,NA,1,"Jan",2012
"3591",3591,2012-01-26,NA,NA,0,6265136,276899,0,NA,1,"Jan",2012
"3592",3592,2012-01-27,NA,NA,0,6265136,276899,0,NA,1,"Jan",2012
"3593",3593,2012-01-28,NA,NA,0,6265136,276899,0,NA,1,"Jan",2012
"3594",3594,2012-01-29,NA,NA,0,6265136,276899,0,NA,1,"Jan",2012
"3595",3595,2012-01-30,NA,NA,0,6265136,276899,0,NA,1,"Jan",2012
"3596",3596,2012-01-31,NA,NA,0,6265136,276899,0,NA,1,"Jan",2012
"3597",3597,2012-02-01,NA,NA,0,6265136,276899,0,NA,2,"Feb",2012
"3598",3598,2012-02-02,NA,NA,0,6265136,276899,0,NA,2,"Feb",2012
"3599",3599,2012-02-03,NA,NA,0,6265136,276899,0,NA,2,"Feb",2012
"3600",3600,2012-02-04,NA,NA,0,6265136,276899,0,NA,2,"Feb",2012
"3601",3601,2012-02-05,NA,NA,0,6265136,276899,0,NA,2,"Feb",2012
"3602",3602,2012-02-06,NA,NA,0,6265136,276899,0,NA,2,"Feb",2012
"3603",3603,2012-02-07,NA,NA,0,6265136,276899,0,NA,2,"Feb",2012
"3604",3604,2012-02-08,NA,NA,0,6265136,276899,0,NA,2,"Feb",2012
"3605",3605,2012-02-09,NA,NA,0,6265136,276899,0,NA,2,"Feb",2012
"3606",3606,2012-02-10,NA,NA,0,6265136,276899,0,NA,2,"Feb",2012
"3607",3607,2012-02-11,50.3220338983051,37,59,6265136,276899,0.0213074081163168,62.7118644067797,2,"Feb",2012
"3608",3608,2012-02-12,NA,NA,0,6265136,276899,0,NA,2,"Feb",2012
"3609",3609,2012-02-13,NA,NA,0,6265136,276899,0,NA,2,"Feb",2012
"3610",3610,2012-02-14,42.9047619047619,103,252,6265136,276899,0.0910079126324039,40.8730158730159,2,"Feb",2012
"3611",3611,2012-02-15,58.2938816449348,625,997,6265136,276899,0.360059082914709,62.6880641925777,2,"Feb",2012
"3612",3612,2012-02-16,47.3054393305439,64,239,6265136,276899,0.0863130599966053,26.7782426778243,2,"Feb",2012
"3613",3613,2012-02-17,60.1623931623932,91,117,6265136,276899,0.0422536737221875,77.7777777777778,2,"Feb",2012
"3614",3614,2012-02-18,53.2929936305732,108,157,6265136,276899,0.0566993741400294,68.7898089171974,2,"Feb",2012
"3615",3615,2012-02-19,68.4372355430183,675,709,6265136,276899,0.256050039906247,95.2045133991537,2,"Feb",2012
"3616",3616,2012-02-20,56.4210526315789,221,304,6265136,276899,0.109787323175598,72.6973684210526,2,"Feb",2012
"3617",3617,2012-02-21,62.8616600790514,201,253,6265136,276899,0.0913690551428499,79.4466403162055,2,"Feb",2012
"3618",3618,2012-02-22,67.6075514874142,827,874,6265136,276899,0.315638554129845,94.6224256292906,2,"Feb",2012
"3619",3619,2012-02-23,67.3176043557169,482,551,6265136,276899,0.198989523255772,87.4773139745917,2,"Feb",2012
"3620",3620,2012-02-24,57.5629522431259,498,691,6265136,276899,0.249549474718219,72.0694645441389,2,"Feb",2012
"3621",3621,2012-02-25,66.4758679085521,879,1181,6265136,276899,0.426509304836782,74.428450465707,2,"Feb",2012
"3622",3622,2012-02-26,55.7450980392157,960,1173,6265136,276899,0.423620164753213,81.8414322250639,2,"Feb",2012
"3623",3623,2012-02-27,55.5621621621622,129,185,6265136,276899,0.0668113644325187,69.7297297297297,2,"Feb",2012
"3624",3624,2012-02-28,53.8930817610063,190,318,6265136,276899,0.114843318321843,59.748427672956,2,"Feb",2012
"3625",3625,2012-02-29,60.2770219198791,2212,2646,6265136,276899,0.955583082640241,83.5978835978836,2,"Feb",2012
"3626",3626,2012-03-01,56.4927654609101,6654,8570,6265136,276899,3.09499131452262,77.6429404900817,3,"Mar",2012
"3627",3627,2012-03-02,69.1642805615671,34687,36042,6265136,276899,13.0162983614964,96.2404971977138,3,"Mar",2012
"3628",3628,2012-03-03,60.7810439830759,34768,40652,6265136,276899,14.6811653346527,85.5259273836466,3,"Mar",2012
"3629",3629,2012-03-04,66.0295407450243,37848,41502,6265136,276899,14.9881364685318,91.1956050310828,3,"Mar",2012
"3630",3630,2012-03-05,62.9975983507258,40609,47051,6265136,276899,16.992116258997,86.3084737837665,3,"Mar",2012
"3631",3631,2012-03-06,65.4812579711948,29471,32147,6265136,276899,11.6096482833091,91.6757395713441,3,"Mar",2012
"3632",3632,2012-03-07,70.4056836473545,80524,86353,6265136,276899,31.1857392045475,93.2498002385557,3,"Mar",2012
"3633",3633,2012-03-08,56.4957883653593,26354,37990,6265136,276899,13.7198039718453,69.3708870755462,3,"Mar",2012
"3634",3634,2012-03-09,61.9520746831664,31522,36849,6265136,276899,13.3077403674264,85.5437053922766,3,"Mar",2012
"3635",3635,2012-03-10,58.8039574600502,43621,54631,6265136,276899,19.729576488178,79.846607237649,3,"Mar",2012
"3636",3636,2012-03-11,64.0391461153212,59881,68487,6265136,276899,24.7335671129184,87.4341115832202,3,"Mar",2012
"3637",3637,2012-03-12,62.015922602831,72064,82587,6265136,276899,29.8256765102077,87.2582852022716,3,"Mar",2012
"3638",3638,2012-03-13,58.2938135168759,52654,61893,6265136,276899,22.3521933990372,85.0726253372756,3,"Mar",2012
"3639",3639,2012-03-14,57.3941054015558,13784,18254,6265136,276899,6.59229538568214,75.512216500493,3,"Mar",2012
"3640",3640,2012-03-15,54.8598731465535,38258,47614,6265136,276899,17.1954394923781,80.3503171336162,3,"Mar",2012
"3641",3641,2012-03-16,55.0282352941176,2105,2975,6265136,276899,1.07439896857699,70.7563025210084,3,"Mar",2012
"3642",3642,2012-03-17,59.8395492506578,46236,52446,6265136,276899,18.9404801028534,88.1592495137856,3,"Mar",2012
"3643",3643,2012-03-18,68.5752155021375,110632,114152,6265136,276899,41.2251398524372,96.9163921788493,3,"Mar",2012
"3644",3644,2012-03-19,67.3335006447258,111525,115553,6265136,276899,41.7311005095721,96.5141536783987,3,"Mar",2012
"3645",3645,2012-03-20,67.3563639098498,117755,119667,6265136,276899,43.2168407975471,98.4022328628611,3,"Mar",2012
"3646",3646,2012-03-21,71.8789180378422,89089,90798,6265136,276899,32.7910176634802,98.1177999515408,3,"Mar",2012
"3647",3647,2012-03-22,72.0811953787782,116334,117285,6265136,276899,42.3565993376646,99.1891546233534,3,"Mar",2012
"3648",3648,2012-03-23,59.1733968361966,27634,29395,6265136,276899,10.6157840945616,94.0091852355843,3,"Mar",2012
"3649",3649,2012-03-24,66.7600664286602,110609,112602,6265136,276899,40.6653689612458,98.2300491998366,3,"Mar",2012
"3650",3650,2012-03-25,68.2591769919889,189533,189986,6265136,276899,68.6120209896027,99.7615613782068,3,"Mar",2012
"3651",3651,2012-03-26,65.5698996571198,77547,79328,6265136,276899,28.648713068664,97.754891085115,3,"Mar",2012
"3652",3652,2012-03-27,67.5552623408879,24715,25768,6265136,276899,9.30592020917374,95.9135361688916,3,"Mar",2012
"3653",3653,2012-03-28,68.4138289846778,75919,76882,6265136,276899,27.765358488113,98.7474311282225,3,"Mar",2012
"3654",3654,2012-03-29,70.375852952285,118861,119145,6265136,276899,43.0283244070943,99.7616349825842,3,"Mar",2012
"3655",3655,2012-03-30,67.6710391333488,70549,73109,6265136,276899,26.4027677962001,96.4983791325281,3,"Mar",2012
"3656",3656,2012-03-31,70.0679475216692,86981,88951,6265136,276899,32.1239874466863,97.7852975233556,3,"Mar",2012
"3657",3657,2012-04-01,67.6314167194792,68568,69428,6265136,276899,25.0734022152482,98.7613066774212,4,"Apr",2012
"3658",3658,2012-04-02,68.7096487703791,94126,94582,6265136,276899,34.157580923008,99.517878666131,4,"Apr",2012
"3659",3659,2012-04-03,70.2423050049645,108501,108772,6265136,276899,39.2821931462374,99.7508549994484,4,"Apr",2012
"3660",3660,2012-04-04,69.9496436901448,92564,93037,6265136,276899,33.5996157443689,99.4916001160829,4,"Apr",2012
"3661",3661,2012-04-05,73.6669149568502,132797,132909,6265136,276899,47.9990899208737,99.915731816506,4,"Apr",2012
"3662",3662,2012-04-06,72.0311515253743,130128,130427,6265136,276899,47.1027342099466,99.7707529882616,4,"Apr",2012
"3663",3663,2012-04-07,73.6410260206537,134644,135085,6265136,276899,48.7849360236043,99.6735388829256,4,"Apr",2012
"3664",3664,2012-04-08,74.2349227505948,139356,139548,6265136,276899,50.396715047725,99.8624129331843,4,"Apr",2012
"3665",3665,2012-04-09,76.0499437844574,147473,147646,6265136,276899,53.3212470973171,99.8828278449806,4,"Apr",2012
"3666",3666,2012-04-10,76.2362341702172,135240,135662,6265136,276899,48.9933152521316,99.6889327888428,4,"Apr",2012
"3667",3667,2012-04-11,75.8338493745288,136182,136617,6265136,276899,49.3382063496076,99.681591602802,4,"Apr",2012
"3668",3668,2012-04-12,73.5530838132791,128517,128834,6265136,276899,46.527434190806,99.7539469394725,4,"Apr",2012
"3669",3669,2012-04-13,75.3986635038186,68878,69136,6265136,276899,24.9679486021979,99.6268224947929,4,"Apr",2012
"3670",3670,2012-04-14,72.9788933257273,38316,38566,6265136,276899,13.9278220578623,99.3517606181611,4,"Apr",2012
"3671",3671,2012-04-15,66.8409210099143,39927,40043,6265136,276899,14.4612295457911,99.7103114152286,4,"Apr",2012
"3672",3672,2012-04-16,66.1853612713993,51626,52163,6265136,276899,18.8382767723972,98.9705346701685,4,"Apr",2012
"3673",3673,2012-04-17,65.5066707279927,32618,32830,6265136,276899,11.8563086179437,99.3542491623515,4,"Apr",2012
"3674",3674,2012-04-18,68.5049300713726,23894,24239,6265136,276899,8.75373331070174,98.5766739551962,4,"Apr",2012
"3675",3675,2012-04-19,69.4000385379302,67356,67466,6265136,276899,24.364840609753,99.8369549106216,4,"Apr",2012
"3676",3676,2012-04-20,71.214557999658,99190,99423,6265136,276899,35.9058718160773,99.7656477877352,4,"Apr",2012
"3677",3677,2012-04-21,71.5363564432076,109900,109953,6265136,276899,39.7087024510742,99.9517975862414,4,"Apr",2012
"3678",3678,2012-04-22,72.0812372668861,102031,102096,6265136,276899,36.8712057464996,99.9363344303401,4,"Apr",2012
"3679",3679,2012-04-23,73.9423531429878,104567,104932,6265136,276899,37.8954059061246,99.6521556817749,4,"Apr",2012
"3680",3680,2012-04-24,69.6590197069227,69135,69265,6265136,276899,25.0145359860455,99.8123150220169,4,"Apr",2012
"3681",3681,2012-04-25,77.434228661175,124586,124796,6265136,276899,45.0691407336249,99.8317253758133,4,"Apr",2012
"3682",3682,2012-04-26,69.8288992065247,40587,40707,6265136,276899,14.7010281727272,99.7052104060727,4,"Apr",2012
"3683",3683,2012-04-27,73.9936962069115,92038,92484,6265136,276899,33.3999039360922,99.5177544223866,4,"Apr",2012
"3684",3684,2012-04-28,73.5103611529552,78875,78997,6265136,276899,28.5291748977064,99.8455637555857,4,"Apr",2012
"3685",3685,2012-04-29,71.1464588264607,64084,64216,6265136,276899,23.1911274508034,99.7944437523359,4,"Apr",2012
"3686",3686,2012-04-30,66.3606744421907,23506,23664,6265136,276899,8.54607636719526,99.3323191345504,4,"Apr",2012
"3687",3687,2012-05-01,64.4263736263736,5765,5915,6265136,276899,2.13615794928837,97.4640743871513,5,"May",2012
"3688",3688,2012-05-02,70.089212804181,24405,24492,6265136,276899,8.84510236584459,99.6447819696227,5,"May",2012
"3689",3689,2012-05-03,72.0195043751252,74811,74855,6265136,276899,27.0333226194389,99.9412196914034,5,"May",2012
"3690",3690,2012-05-04,73.0928687058022,35103,35211,6265136,276899,12.7161889353158,99.6932776689103,5,"May",2012
"3691",3691,2012-05-05,74.1469595919969,25433,25490,6265136,276899,9.20552259126974,99.776382895253,5,"May",2012
"3692",3692,2012-05-06,72.7236992148047,61307,61386,6265136,276899,22.169094146241,99.8713061610139,5,"May",2012
"3693",3693,2012-05-07,75.0915640429579,156093,156153,6265136,276899,56.3934864336816,99.9615761464717,5,"May",2012
"3694",3694,2012-05-08,77.3830595321033,133413,133491,6265136,276899,48.2092748619533,99.9415690945457,5,"May",2012
"3695",3695,2012-05-09,77.4301963020053,141940,142077,6265136,276899,51.310044456643,99.9035734144161,5,"May",2012
"3696",3696,2012-05-10,77.0795036002256,60136,60274,6265136,276899,21.767503674625,99.7710455586157,5,"May",2012
"3697",3697,2012-05-11,73.4004484772632,38170,38352,6265136,276899,13.8505375606268,99.5254484772632,5,"May",2012
"3698",3698,2012-05-12,71.0887544679681,54471,54555,6265136,276899,19.7021296573841,99.8460269452846,5,"May",2012
"3699",3699,2012-05-13,74.632727677848,98615,98736,6265136,276899,35.6577669114009,99.8774509803922,5,"May",2012
"3700",3700,2012-05-14,76.498571101397,200726,200854,6265136,276899,72.5369177931304,99.9362721180559,5,"May",2012
"3701",3701,2012-05-15,77.5370718945908,125251,125378,6265136,276899,45.2793256747045,99.8987063121122,5,"May",2012
"3702",3702,2012-05-16,76.8660880490096,173350,173517,6265136,276899,62.6643649850668,99.9037558279592,5,"May",2012
"3703",3703,2012-05-17,80.7510660452202,120881,121008,6265136,276899,43.7011329040553,99.895048261272,5,"May",2012
"3704",3704,2012-05-18,81.8868788689978,95490,95632,6265136,276899,34.5367805589764,99.8515141375272,5,"May",2012
"3705",3705,2012-05-19,74.6869923044036,18678,18712,6265136,276899,6.75769865546643,99.8182984181274,5,"May",2012
"3706",3706,2012-05-20,78.2078679046676,63388,63651,6265136,276899,22.9870819324013,99.5868093195708,5,"May",2012
"3707",3707,2012-05-21,77.1403200925569,103501,103720,6265136,276899,37.457701183464,99.7888546085615,5,"May",2012
"3708",3708,2012-05-22,80.7418969825818,26776,26811,6265136,276899,9.68259184756897,99.8694565663347,5,"May",2012
"3709",3709,2012-05-23,73.9750741675216,35777,36067,6265136,276899,13.0253269242576,99.1959408877922,5,"May",2012
"3710",3710,2012-05-24,79.2677717209923,17867,17978,6265136,276899,6.49262005279903,99.3825787073089,5,"May",2012
"3711",3711,2012-05-25,80.4374814374814,9879,10101,6265136,276899,3.64790049801552,97.8021978021978,5,"May",2012
"3712",3712,2012-05-26,69.1887661141805,21523,21720,6265136,276899,7.84401532688814,99.0930018416206,5,"May",2012
"3713",3713,2012-05-27,74.5301225037758,82853,83426,6265136,276899,30.1286750764719,99.3131637618968,5,"May",2012
"3714",3714,2012-05-28,75.7571111559411,39397,39656,6265136,276899,14.3214673942484,99.3468831954811,5,"May",2012
"3715",3715,2012-05-29,68.8854201262039,14021,15055,6265136,276899,5.43700049476524,93.1318498837595,5,"May",2012
"3716",3716,2012-05-30,71.8122794636556,19518,19838,6265136,276899,7.16434512222868,98.3869341667507,5,"May",2012
"3717",3717,2012-05-31,65.0077161945987,9246,10627,6265136,276899,3.83786145851014,87.0047990966406,5,"May",2012
"3718",3718,2012-06-01,77.8793366762542,78139,78574,6265136,276899,28.3764116157877,99.4463817547789,6,"Jun",2012
"3719",3719,2012-06-02,68.6916345056259,18360,18397,6265136,276899,6.64393876467593,99.798880252215,6,"Jun",2012
"3720",3720,2012-06-03,78.557901013715,33242,33540,6265136,276899,12.1127198003604,99.1115086463924,6,"Jun",2012
"3721",3721,2012-06-04,79.0990190374932,49333,49849,6265136,276899,18.002593003225,98.9648739192361,6,"Jun",2012
"3722",3722,2012-06-05,80.6037662722568,42749,43863,6265136,276899,15.840793935695,97.4602740350637,6,"Jun",2012
"3723",3723,2012-06-06,82.9270231025398,112025,115009,6265136,276899,41.5346389838894,97.4054204453565,6,"Jun",2012
"3724",3724,2012-06-07,81.9397989542012,43880,44368,6265136,276899,16.0231709034702,98.9001081860801,6,"Jun",2012
"3725",3725,2012-06-08,80.2933030001422,68584,70330,6265136,276899,25.3991527596705,97.5174178871036,6,"Jun",2012
"3726",3726,2012-06-09,81.3087066053122,134357,137344,6265136,276899,49.6007569547019,97.8251689189189,6,"Jun",2012
"3727",3727,2012-06-10,81.5912989421334,93709,94908,6265136,276899,34.2753133814134,98.7366713027353,6,"Jun",2012
"3728",3728,2012-06-11,82.9414039587621,98846,100587,6265136,276899,36.3262416982365,98.2691600306203,6,"Jun",2012
"3729",3729,2012-06-12,75.8905373117742,34302,35994,6265136,276899,12.998963520995,95.2992165360893,6,"Jun",2012
"3730",3730,2012-06-13,76.6518812860049,51092,52597,6265136,276899,18.9950126219307,97.1386200733882,6,"Jun",2012
"3731",3731,2012-06-14,71.4228849665246,40621,41075,6265136,276899,14.8339286165714,98.8947048082775,6,"Jun",2012
"3732",3732,2012-06-15,80.665618184054,147059,154509,6265136,276899,55.7997681465083,95.1782744047272,6,"Jun",2012
"3733",3733,2012-06-16,84.9002964109729,152919,158901,6265136,276899,57.3859060523873,96.2353918477543,6,"Jun",2012
"3734",3734,2012-06-17,87.9252532047689,181480,187299,6265136,276899,67.6416310640342,96.8932028467851,6,"Jun",2012
"3735",3735,2012-06-18,84.6048145746565,150624,160388,6265136,276899,57.9229249654206,93.9122627628002,6,"Jun",2012
"3736",3736,2012-06-19,68.18281075028,3080,3572,6265136,276899,1.29000104731328,86.2262038073908,6,"Jun",2012
"3737",3737,2012-06-20,79.0667842539886,11306,12473,6265136,276899,4.50453053279355,90.6437905876694,6,"Jun",2012
"3738",3738,2012-06-21,82.3088819757476,143140,157510,6265136,276899,56.8835568203569,90.8767697289061,6,"Jun",2012
"3739",3739,2012-06-22,76.3329915406306,35865,39010,6265136,276899,14.0881693325003,91.9379646244553,6,"Jun",2012
"3740",3740,2012-06-23,82.8621605459406,52521,56856,6265136,276899,20.5331185739205,92.3754748839173,6,"Jun",2012
"3741",3741,2012-06-24,58.8341728793069,7599,9926,6265136,276899,3.58470055868746,76.5565182349385,6,"Jun",2012
"3742",3742,2012-06-25,68.1615169432259,57080,62916,6265136,276899,22.7216421872235,90.7241401233391,6,"Jun",2012
"3743",3743,2012-06-26,58.8073873263301,23579,29510,6265136,276899,10.6573154832628,79.9017282277194,6,"Jun",2012
"3744",3744,2012-06-27,57.1238879736409,18166,24280,6265136,276899,8.76854015363002,74.8187808896211,6,"Jun",2012
"3745",3745,2012-06-28,73.0494648969707,65832,73911,6265136,276899,26.6924040895778,89.0692860332021,6,"Jun",2012
"3746",3746,2012-06-29,71.373845935325,36498,42242,6265136,276899,15.2553819262619,86.4021589886842,6,"Jun",2012
"3747",3747,2012-06-30,65.6850576851507,53290,64488,6265136,276899,23.2893582136447,82.6355290906835,6,"Jun",2012
"3748",3748,2012-07-01,71.1654354543591,110259,131713,6265136,276899,47.5671634783802,83.7115546681041,7,"Jul",2012
"3749",3749,2012-07-02,69.8899164054337,15369,19140,6265136,276899,6.91226764993734,80.2978056426332,7,"Jul",2012
"3750",3750,2012-07-03,51.0941020543406,883,1509,6265136,276899,0.544964048263085,58.5155732273029,7,"Jul",2012
"3751",3751,2012-07-04,72.3374599149825,23735,26818,6265136,276899,9.68511984514209,88.5039898575584,7,"Jul",2012
"3752",3752,2012-07-05,71.4341430800089,53663,67305,6265136,276899,24.3066966655712,79.731074957284,7,"Jul",2012
"3753",3753,2012-07-06,50.4374898916384,7819,12366,6265136,276899,4.46588828417582,63.2298237101731,7,"Jul",2012
"3754",3754,2012-07-07,61.7966304876073,22986,30865,6265136,276899,11.1466635849172,74.4727037097036,7,"Jul",2012
"3755",3755,2012-07-08,57.9086381627593,31563,45982,6265136,276899,16.6060549153301,68.6420773346092,7,"Jul",2012
"3756",3756,2012-07-09,58.9327378431448,18677,25973,6265136,276899,9.37995442381518,71.9092904169715,7,"Jul",2012
"3757",3757,2012-07-10,54.1862889859876,20869,33185,6265136,276899,11.9845142091521,62.8868464667772,7,"Jul",2012
"3758",3758,2012-07-11,69.66023716374,52437,65946,6265136,276899,23.815903993875,79.5150577745428,7,"Jul",2012
"3759",3759,2012-07-12,77.2881921326643,125354,145691,6265136,276899,52.6152134893951,86.0410045919103,7,"Jul",2012
"3760",3760,2012-07-13,77.7940552016985,68709,79599,6265136,276899,28.7465826889949,86.3189236045679,7,"Jul",2012
"3761",3761,2012-07-14,72.0397186697595,65986,80617,6265136,276899,29.114225764629,81.8512224468785,7,"Jul",2012
"3762",3762,2012-07-15,55.2303263444832,48283,78506,6265136,276899,28.3518539250774,61.5023055562632,7,"Jul",2012
"3763",3763,2012-07-16,60.3011078915971,19593,29335,6265136,276899,10.5941155439348,66.7905232657235,7,"Jul",2012
"3764",3764,2012-07-17,52.5951702927441,5623,8779,6265136,276899,3.17047009920585,64.0505752363595,7,"Jul",2012
"3765",3765,2012-07-18,62.1009217127523,6227,8571,6265136,276899,3.09535245703307,72.6519659316299,7,"Jul",2012
"3766",3766,2012-07-19,64.58393089662,39656,54527,6265136,276899,19.6920176670916,72.7272727272727,7,"Jul",2012
"3767",3767,2012-07-20,69.7614888117977,112959,144706,6265136,276899,52.2594881166057,78.0610340967202,7,"Jul",2012
"3768",3768,2012-07-21,47.4603351018097,26450,47687,6265136,276899,17.2218028956406,55.4658502317193,7,"Jul",2012
"3769",3769,2012-07-22,57.9348767174854,18715,21252,6265136,276899,7.67500063199939,88.0623000188218,7,"Jul",2012
"3770",3770,2012-07-23,49.6528534217381,2340,4223,6265136,276899,1.52510482161366,55.4108453705896,7,"Jul",2012
"3771",3771,2012-07-24,40.0528523489933,4625,10728,6265136,276899,3.87433685206519,43.1114839671887,7,"Jul",2012
"3772",3772,2012-07-25,61.3144641211997,7088,9769,6265136,276899,3.52800118454743,72.5560446309755,7,"Jul",2012
"3773",3773,2012-07-26,70.9970023552923,11143,14011,6265136,276899,5.05996771385957,79.530368995789,7,"Jul",2012
"3774",3774,2012-07-27,42.7725292808053,4728,10331,6265136,276899,3.73096327541811,45.7651727809505,7,"Jul",2012
"3775",3775,2012-07-28,43.5074852036672,8393,17234,6265136,276899,6.22393002502718,48.7002437043054,7,"Jul",2012
"3776",3776,2012-07-29,63.615445556175,28630,34081,6265136,276899,12.3080978985117,84.0057510049588,7,"Jul",2012
"3777",3777,2012-07-30,63.3472513345071,25229,35781,6265136,276899,12.92204016627,70.5094882759006,7,"Jul",2012
"3778",3778,2012-07-31,51.3791091818961,20919,36169,6265136,276899,13.0621634603231,57.8368215875473,7,"Jul",2012
"3779",3779,2012-08-01,65.9405752951581,53832,71233,6265136,276899,25.7252644466033,75.5717153566465,8,"Aug",2012
"3780",3780,2012-08-02,85.3046285492026,12054,12855,6265136,276899,4.64248697178394,93.7689614935823,8,"Aug",2012
"3781",3781,2012-08-03,68.2576220503153,12041,15383,6265136,276899,5.55545523819154,78.2747188454788,8,"Aug",2012
"3782",3782,2012-08-04,58.1433268262612,7920,9733,6265136,276899,3.51500005417138,81.372649748279,8,"Aug",2012
"3783",3783,2012-08-05,54.8484547022152,10394,15078,6265136,276899,5.4453067725055,68.9348719989388,8,"Aug",2012
"3784",3784,2012-08-06,49.4657578446398,7151,12397,6265136,276899,4.47708370199965,57.6833104783415,8,"Aug",2012
"3785",3785,2012-08-07,50.2883881569785,23731,35903,6265136,276899,12.9660995525444,66.0975405954934,8,"Aug",2012
"3786",3786,2012-08-08,62.7786783325316,77192,110179,6265136,276899,39.790320658435,70.0605378520408,8,"Aug",2012
"3787",3787,2012-08-09,71.0475681159101,71336,90691,6265136,276899,32.7523754148625,78.6583012647341,8,"Aug",2012
"3788",3788,2012-08-10,40.0252873563218,1109,4350,6265136,276899,1.57096992044031,25.4942528735632,8,"Aug",2012
"3789",3789,2012-08-11,54.3388458677867,13698,22857,6265136,276899,8.2546343612653,59.9291245570285,8,"Aug",2012
"3790",3790,2012-08-12,65.0186899931708,70153,99572,6265136,276899,35.9596820501338,70.4545454545455,8,"Aug",2012
"3791",3791,2012-08-13,54.7022877164056,11843,19408,6265136,276899,7.00905384273688,61.0212283594394,8,"Aug",2012
"3792",3792,2012-08-14,60.136278568593,59954,88165,6265136,276899,31.8401294334757,68.0020416264958,8,"Aug",2012
"3793",3793,2012-08-15,62.3938543977896,132543,191096,6265136,276899,69.0128891761978,69.3593795788504,8,"Aug",2012
"3794",3794,2012-08-16,54.9641441334832,10517,16901,6265136,276899,6.10366956904864,62.2270871546062,8,"Aug",2012
"3795",3795,2012-08-17,56.3789371980676,13554,20700,6265136,276899,7.47564996623318,65.4782608695652,8,"Aug",2012
"3796",3796,2012-08-18,53.7334782025865,89152,141737,6265136,276899,51.1872560030914,62.8995957301199,8,"Aug",2012
"3797",3797,2012-08-19,58.3169136759542,71574,109645,6265136,276899,39.5974705578568,65.2779424506361,8,"Aug",2012
"3798",3798,2012-08-20,51.1988656032807,43645,75106,6265136,276899,27.1239693895608,58.1112028333289,8,"Aug",2012
"3799",3799,2012-08-21,51.0013695427063,17669,29937,6265136,276899,10.8115233352233,59.0206099475565,8,"Aug",2012
"3800",3800,2012-08-22,55.4302392344498,11266,15675,6265136,276899,5.66090885124179,71.8724082934609,8,"Aug",2012
"3801",3801,2012-08-23,53.6803625377644,34432,49650,6265136,276899,17.9307256436462,69.34944612286,8,"Aug",2012
"3802",3802,2012-08-24,58.2140521714408,63611,84414,6265136,276899,30.4854838767926,75.3559836046153,8,"Aug",2012
"3803",3803,2012-08-25,58.69332329857,67860,93010,6265136,276899,33.5898648965868,72.9598967852919,8,"Aug",2012
"3804",3804,2012-08-26,62.1704393052239,47284,61142,6265136,276899,22.0809753736922,77.3347289915279,8,"Aug",2012
"3805",3805,2012-08-27,58.803460579696,15757,20459,6265136,276899,7.38861462121568,77.0174495332128,8,"Aug",2012
"3806",3806,2012-08-28,58.5270195675346,73627,105072,6265136,276899,37.9459658575871,70.0729023907416,8,"Aug",2012
"3807",3807,2012-08-29,46.7646043874784,2344,4057,6265136,276899,1.46515516487961,57.776682277545,8,"Aug",2012
"3808",3808,2012-08-30,54.3700005174109,22794,38654,6265136,276899,13.9596025987815,58.9693175350546,8,"Aug",2012
"3809",3809,2012-08-31,44.9976947535771,17545,37740,6265136,276899,13.6295183442338,46.4891361950185,8,"Aug",2012
"3810",3810,2012-09-01,57.0548916749725,59317,95315,6265136,276899,34.422298383165,62.2325971777789,9,"Sep",2012
"3811",3811,2012-09-02,51.3385143788567,12746,17178,6265136,276899,6.2037060444422,74.1995575736407,9,"Sep",2012
"3812",3812,2012-09-03,32.5872919450857,2086,8231,6265136,276899,2.97256400348141,25.343214676224,9,"Sep",2012
"3813",3813,2012-09-04,39.0616029848307,16063,36719,6265136,276899,13.2607918410684,43.7457447098233,9,"Sep",2012
"3814",3814,2012-09-05,39.3964975534381,7965,19415,6265136,276899,7.01158184031001,41.0249806850373,9,"Sep",2012
"3815",3815,2012-09-06,46.116125676238,27520,48060,6265136,276899,17.356509052037,57.2617561381606,9,"Sep",2012
"3816",3816,2012-09-07,49.8820159151194,6526,9425,6265136,276899,3.40376816095399,69.2413793103448,9,"Sep",2012
"3817",3817,2012-09-08,51.4511686006377,37317,60842,6265136,276899,21.9726326205584,61.3342756648368,9,"Sep",2012
"3818",3818,2012-09-09,56.1021489549603,20067,30573,6265136,276899,11.041209971867,65.6363457953096,9,"Sep",2012
"3819",3819,2012-09-10,54.7290439304677,76728,109992,6265136,276899,39.7227870089816,69.757800567314,9,"Sep",2012
"3820",3820,2012-09-11,53.3236092265943,790,1474,6265136,276899,0.532324060397473,53.59565807327,9,"Sep",2012
"3821",3821,2012-09-12,46.6565243801425,8850,18109,6265136,276899,6.53992972166747,48.8707272626871,9,"Sep",2012
"3822",3822,2012-09-13,44.5181148748159,5005,13580,6265136,276899,4.90431529185732,36.8556701030928,9,"Sep",2012
"3823",3823,2012-09-14,48.2902681869279,11839,24908,6265136,276899,8.99533765019014,47.5309137626465,9,"Sep",2012
"3824",3824,2012-09-15,49.7791274817137,5083,7656,6265136,276899,2.76490705997494,66.3923719958203,9,"Sep",2012
"3825",3825,2012-09-16,52.2614713765652,15505,24997,6265136,276899,9.02747933361984,62.0274432931952,9,"Sep",2012
"3826",3826,2012-09-17,47.5766938207828,11259,20132,6265136,276899,7.27052102029982,55.9258891317306,9,"Sep",2012
"3827",3827,2012-09-18,50.0444453115854,13289,25627,6265136,276899,9.25499911520085,51.8554649393218,9,"Sep",2012
"3828",3828,2012-09-19,50.9224851705388,78782,129472,6265136,276899,46.7578431124706,60.8486777063767,9,"Sep",2012
"3829",3829,2012-09-20,46.3057888535112,20048,39887,6265136,276899,14.4048913141615,50.2619901220949,9,"Sep",2012
"3830",3830,2012-09-21,53.6825755019403,31161,47416,6265136,276899,17.1239332753098,65.7183229289691,9,"Sep",2012
"3831",3831,2012-09-22,51.8183829444891,51051,79552,6265136,276899,28.7296089910039,64.1731194690265,9,"Sep",2012
"3832",3832,2012-09-23,56.9097514029333,80165,110661,6265136,276899,39.96439134847,72.4419623896404,9,"Sep",2012
"3833",3833,2012-09-24,61.2720673578187,40554,50833,6265136,276899,18.3579572335039,79.7788837959593,9,"Sep",2012
"3834",3834,2012-09-25,61.6883051239097,57749,69244,6265136,276899,25.0069519933261,83.3992836924499,9,"Sep",2012
"3835",3835,2012-09-26,67.0683507101071,100274,107519,6265136,276899,38.8296815806485,93.2616560793906,9,"Sep",2012
"3836",3836,2012-09-27,64.8855630605308,105208,115627,6265136,276899,41.7578250553451,90.9891288366904,9,"Sep",2012
"3837",3837,2012-09-28,68.5839112343967,120347,131222,6265136,276899,47.3898425057512,91.7125177180656,9,"Sep",2012
"3838",3838,2012-09-29,70.1442779409564,115630,126991,6265136,276899,45.861848544054,91.0536967186651,9,"Sep",2012
"3839",3839,2012-09-30,65.8084194693671,104160,114354,6265136,276899,41.2980906395473,91.08557636812,9,"Sep",2012
"3840",3840,2012-10-01,72.301899793965,134081,145121,6265136,276899,52.4093622584408,92.3925551780928,10,"Oct",2012
"3841",3841,2012-10-02,72.2370760552579,91092,99099,6265136,276899,35.7888616426928,91.9202010111101,10,"Oct",2012
"3842",3842,2012-10-03,72.3387478025372,157263,168376,6265136,276899,60.8077313388636,93.3998907207678,10,"Oct",2012
"3843",3843,2012-10-04,68.6187665753663,83842,92004,6265136,276899,33.2265555310781,91.1286465805834,10,"Oct",2012
"3844",3844,2012-10-05,55.6672886732599,15337,21436,6265136,276899,7.74145085392147,71.5478634073521,10,"Oct",2012
"3845",3845,2012-10-06,61.5774597446246,62484,72599,6265136,276899,26.2185851158726,86.0673012024959,10,"Oct",2012
"3846",3846,2012-10-07,72.0696755498968,84920,91108,6265136,276899,32.9029718417185,93.2080607630505,10,"Oct",2012
"3847",3847,2012-10-08,63.8762557660401,47269,54847,6265136,276899,19.8075832704343,86.183382865061,10,"Oct",2012
"3848",3848,2012-10-09,61.2687313750532,15130,18792,6265136,276899,6.78659005630212,80.5129842486164,10,"Oct",2012
"3849",3849,2012-10-10,54.1054828305824,10749,15813,6265136,276899,5.71074651768334,67.9757161828875,10,"Oct",2012
"3850",3850,2012-10-11,62.7515053473533,8432,11127,6265136,276899,4.01843271373317,75.7796351217759,10,"Oct",2012
"3851",3851,2012-10-12,62.7138464692016,7954,9757,6265136,276899,3.52366747442208,81.5209593112637,10,"Oct",2012
"3852",3852,2012-10-13,32.3573770491803,356,1220,6265136,276899,0.440593862744177,29.1803278688525,10,"Oct",2012
"3853",3853,2012-10-14,46.7823920265781,580,1204,6265136,276899,0.434815582577041,48.1727574750831,10,"Oct",2012
"3854",3854,2012-10-15,46.1712506486767,789,1927,6265136,276899,0.695921617629533,40.94447327452,10,"Oct",2012
"3855",3855,2012-10-16,58.5444444444444,644,900,6265136,276899,0.325028259401442,71.5555555555555,10,"Oct",2012
"3856",3856,2012-10-17,34.6044921875,364,1024,6265136,276899,0.369809930696752,35.546875,10,"Oct",2012
"3857",3857,2012-10-18,41.8015075376884,163,398,6265136,276899,0.143734719157527,40.9547738693467,10,"Oct",2012
"3858",3858,2012-10-19,75.3629343629344,244,259,6265136,276899,0.0935359102055262,94.2084942084942,10,"Oct",2012
"3859",3859,2012-10-20,54.6666666666667,35,42,6265136,276899,0.015167985438734,83.3333333333333,10,"Oct",2012
"3860",3860,2012-10-21,60.1363636363636,85,110,6265136,276899,0.0397256761490652,77.2727272727273,10,"Oct",2012
"3861",3861,2012-10-22,49.3434650455927,152,329,6265136,276899,0.11881588593675,46.2006079027356,10,"Oct",2012
"3862",3862,2012-10-23,55.9637305699482,137,193,6265136,276899,0.0697005045160871,70.9844559585492,10,"Oct",2012
"3863",3863,2012-10-24,55.9923273657289,276,391,6265136,276899,0.141206721584404,70.5882352941177,10,"Oct",2012
"3864",3864,2012-10-25,62.4823529411765,332,425,6265136,276899,0.15348556693957,78.1176470588235,10,"Oct",2012
"3865",3865,2012-10-26,70.0505617977528,155,178,6265136,276899,0.0642833668593964,87.0786516853933,10,"Oct",2012
"3866",3866,2012-10-27,52.3655462184874,127,238,6265136,276899,0.0859519174861592,53.3613445378151,10,"Oct",2012
"3867",3867,2012-10-28,NA,NA,0,6265136,276899,0,NA,10,"Oct",2012
"3868",3868,2012-10-29,35.3333333333333,22,60,6265136,276899,0.0216685506267628,36.6666666666667,10,"Oct",2012
"3869",3869,2012-10-30,NA,NA,0,6265136,276899,0,NA,10,"Oct",2012
"3870",3870,2012-10-31,NA,NA,0,6265136,276899,0,NA,10,"Oct",2012
"3871",3871,2012-11-01,NA,NA,0,6265136,276899,0,NA,11,"Nov",2012
"3872",3872,2012-11-02,NA,NA,0,6265136,276899,0,NA,11,"Nov",2012
"3873",3873,2012-11-03,NA,NA,0,6265136,276899,0,NA,11,"Nov",2012
"3874",3874,2012-11-04,NA,NA,0,6265136,276899,0,NA,11,"Nov",2012
"3875",3875,2012-11-05,NA,NA,0,6265136,276899,0,NA,11,"Nov",2012
"3876",3876,2012-11-06,NA,NA,0,6265136,276899,0,NA,11,"Nov",2012
"3877",3877,2012-11-07,NA,NA,0,6265136,276899,0,NA,11,"Nov",2012
"3878",3878,2012-11-08,NA,NA,0,6265136,276899,0,NA,11,"Nov",2012
"3879",3879,2012-11-09,NA,NA,0,6265136,276899,0,NA,11,"Nov",2012
"3880",3880,2012-11-10,NA,NA,0,6265136,276899,0,NA,11,"Nov",2012
"3881",3881,2012-11-11,NA,NA,0,6265136,276899,0,NA,11,"Nov",2012
"3882",3882,2012-11-12,NA,NA,0,6265136,276899,0,NA,11,"Nov",2012
"3883",3883,2012-11-13,NA,NA,0,6265136,276899,0,NA,11,"Nov",2012
"3884",3884,2012-11-14,NA,NA,0,6265136,276899,0,NA,11,"Nov",2012
"3885",3885,2012-11-15,NA,NA,0,6265136,276899,0,NA,11,"Nov",2012
"3886",3886,2012-11-16,NA,NA,0,6265136,276899,0,NA,11,"Nov",2012
"3887",3887,2012-11-17,NA,NA,0,6265136,276899,0,NA,11,"Nov",2012
"3888",3888,2012-11-18,NA,NA,0,6265136,276899,0,NA,11,"Nov",2012
"3889",3889,2012-11-19,NA,NA,0,6265136,276899,0,NA,11,"Nov",2012
"3890",3890,2012-11-20,NA,NA,0,6265136,276899,0,NA,11,"Nov",2012
"3891",3891,2012-11-21,NA,NA,0,6265136,276899,0,NA,11,"Nov",2012
"3892",3892,2012-11-22,NA,NA,0,6265136,276899,0,NA,11,"Nov",2012
"3893",3893,2012-11-23,NA,NA,0,6265136,276899,0,NA,11,"Nov",2012
"3894",3894,2012-11-24,NA,NA,0,6265136,276899,0,NA,11,"Nov",2012
"3895",3895,2012-11-25,NA,NA,0,6265136,276899,0,NA,11,"Nov",2012
"3896",3896,2013-01-16,NA,NA,0,6265136,276899,0,NA,1,"Jan",2013
"3897",3897,2013-01-17,NA,NA,0,6265136,276899,0,NA,1,"Jan",2013
"3898",3898,2013-01-18,NA,NA,0,6265136,276899,0,NA,1,"Jan",2013
"3899",3899,2013-01-19,NA,NA,0,6265136,276899,0,NA,1,"Jan",2013
"3900",3900,2013-01-20,NA,NA,0,6265136,276899,0,NA,1,"Jan",2013
"3901",3901,2013-01-21,NA,NA,0,6265136,276899,0,NA,1,"Jan",2013
"3902",3902,2013-01-22,NA,NA,0,6265136,276899,0,NA,1,"Jan",2013
"3903",3903,2013-01-23,NA,NA,0,6265136,276899,0,NA,1,"Jan",2013
"3904",3904,2013-01-24,NA,NA,0,6265136,276899,0,NA,1,"Jan",2013
"3905",3905,2013-01-25,NA,NA,0,6265136,276899,0,NA,1,"Jan",2013
"3906",3906,2013-01-26,NA,NA,0,6265136,276899,0,NA,1,"Jan",2013
"3907",3907,2013-01-27,NA,NA,0,6265136,276899,0,NA,1,"Jan",2013
"3908",3908,2013-01-28,NA,NA,0,6265136,276899,0,NA,1,"Jan",2013
"3909",3909,2013-01-29,NA,NA,0,6265136,276899,0,NA,1,"Jan",2013
"3910",3910,2013-01-30,NA,NA,0,6265136,276899,0,NA,1,"Jan",2013
"3911",3911,2013-01-31,NA,NA,0,6265136,276899,0,NA,1,"Jan",2013
"3912",3912,2013-02-01,NA,NA,0,6265136,276899,0,NA,2,"Feb",2013
"3913",3913,2013-02-02,NA,NA,0,6265136,276899,0,NA,2,"Feb",2013
"3914",3914,2013-02-03,NA,NA,0,6265136,276899,0,NA,2,"Feb",2013
"3915",3915,2013-02-04,NA,NA,0,6265136,276899,0,NA,2,"Feb",2013
"3916",3916,2013-02-05,NA,NA,0,6265136,276899,0,NA,2,"Feb",2013
"3917",3917,2013-02-06,NA,NA,0,6265136,276899,0,NA,2,"Feb",2013
"3918",3918,2013-02-07,NA,NA,0,6265136,276899,0,NA,2,"Feb",2013
"3919",3919,2013-02-08,NA,NA,0,6265136,276899,0,NA,2,"Feb",2013
"3920",3920,2013-02-09,NA,NA,0,6265136,276899,0,NA,2,"Feb",2013
"3921",3921,2013-02-10,NA,NA,0,6265136,276899,0,NA,2,"Feb",2013
"3922",3922,2013-02-11,52.7368421052632,24,38,6265136,276899,0.0137234153969498,63.1578947368421,2,"Feb",2013
"3923",3923,2013-02-12,41.9243697478992,138,357,6265136,276899,0.128927876229239,38.655462184874,2,"Feb",2013
"3924",3924,2013-02-13,46.0381679389313,88,262,6265136,276899,0.0946193377368643,33.587786259542,2,"Feb",2013
"3925",3925,2013-02-14,54.4702815432742,745,959,6265136,276899,0.346335667517759,77.6850886339937,2,"Feb",2013
"3926",3926,2013-02-15,50.7821782178218,241,404,6265136,276899,0.145901574220203,59.6534653465347,2,"Feb",2013
"3927",3927,2013-02-16,55.2092307692308,240,325,6265136,276899,0.117371315894965,73.8461538461539,2,"Feb",2013
"3928",3928,2013-02-17,72.710911136108,815,889,6265136,276899,0.321055691786536,91.6760404949381,2,"Feb",2013
"3929",3929,2013-02-18,51.7011952191235,339,502,6265136,276899,0.181293540243916,67.5298804780876,2,"Feb",2013
"3930",3930,2013-02-19,54.7768595041322,192,242,6265136,276899,0.0873964875279434,79.3388429752066,2,"Feb",2013
"3931",3931,2013-02-20,NA,NA,0,6265136,276899,0,NA,2,"Feb",2013
"3932",3932,2013-02-21,66.2154195011338,687,882,6265136,276899,0.318527694213414,77.891156462585,2,"Feb",2013
"3933",3933,2013-02-22,56.3584905660377,51,53,6265136,276899,0.0191405530536405,96.2264150943396,2,"Feb",2013
"3934",3934,2013-02-23,NA,NA,0,6265136,276899,0,NA,2,"Feb",2013
"3935",3935,2013-02-24,57.1774834437086,673,755,6265136,276899,0.272662595386766,89.1390728476821,2,"Feb",2013
"3936",3936,2013-02-25,NA,NA,0,6265136,276899,0,NA,2,"Feb",2013
"3937",3937,2013-02-26,57.5102040816327,49,49,6265136,276899,0.0176959830118563,100,2,"Feb",2013
"3938",3938,2013-02-27,56.8237885462555,462,681,6265136,276899,0.245938049613758,67.84140969163,2,"Feb",2013
"3939",3939,2013-02-28,62.5518053375196,3606,3822,6265136,276899,1.38028667492479,94.3485086342229,2,"Feb",2013
"3940",3940,2013-03-01,71.0598366200115,18906,19219,6265136,276899,6.94079790826258,98.3714032988189,3,"Mar",2013
"3941",3941,2013-03-02,62.79416101445,21852,23737,6265136,276899,8.57243977045782,92.0588111387286,3,"Mar",2013
"3942",3942,2013-03-03,68.036747279631,36658,39241,6265136,276899,14.1715932524133,93.4175989398843,3,"Mar",2013
"3943",3943,2013-03-04,64.9904367113923,26168,27501,6265136,276899,9.93178017977674,95.1529035307807,3,"Mar",2013
"3944",3944,2013-03-05,59.9309370482324,25964,30436,6265136,276899,10.9917334479359,85.3068734393481,3,"Mar",2013
"3945",3945,2013-03-06,64.516569924406,56484,59264,6265136,276899,21.4027497390745,95.3091252699784,3,"Mar",2013
"3946",3946,2013-03-07,68.3174995703401,98918,104734,6265136,276899,37.8238996890563,94.4468844883228,3,"Mar",2013
"3947",3947,2013-03-08,65.7095121058411,70281,76492,6265136,276899,27.624512909039,91.8801966218689,3,"Mar",2013
"3948",3948,2013-03-09,56.7271937760087,40445,55270,6265136,276899,19.960346552353,73.1771304505156,3,"Mar",2013
"3949",3949,2013-03-10,65.1706790291792,84928,91675,6265136,276899,33.1077396451414,92.6403054267794,3,"Mar",2013
"3950",3950,2013-03-11,68.6560878852609,134158,137634,6265136,276899,49.7054882827312,97.4744612523068,3,"Mar",2013
"3951",3951,2013-03-12,70.1797481629399,136516,139217,6265136,276899,50.2771768767673,98.059863378754,3,"Mar",2013
"3952",3952,2013-03-13,56.5306830532564,38630,47844,6265136,276899,17.2785022697807,80.7415767912382,3,"Mar",2013
"3953",3953,2013-03-14,53.4221700748687,28480,35796,6265136,276899,12.9274573039267,79.5619622304168,3,"Mar",2013
"3954",3954,2013-03-15,57.3377846885576,62442,65598,6265136,276899,23.6902264002398,95.1888777096863,3,"Mar",2013
"3955",3955,2013-03-16,59.6834501557632,23878,25680,6265136,276899,9.27413966825449,92.9828660436137,3,"Mar",2013
"3956",3956,2013-03-17,69.0824134890227,129290,131544,6265136,276899,47.5061303941148,98.2865048957003,3,"Mar",2013
"3957",3957,2013-03-18,69.2676161549828,119435,121820,6265136,276899,43.9943806225375,98.0421934000985,3,"Mar",2013
"3958",3958,2013-03-19,68.3561431431103,121410,121892,6265136,276899,44.0203828832896,99.6045679782102,3,"Mar",2013
"3959",3959,2013-03-20,70.713602171015,209836,210040,6265136,276899,75.8543728940877,99.9028756427347,3,"Mar",2013
"3960",3960,2013-03-21,72.4957578633763,189422,189645,6265136,276899,68.4888713935406,99.8824118748187,3,"Mar",2013
"3961",3961,2013-03-22,64.271548517377,51197,56454,6265136,276899,20.3879392847211,90.6879937648351,3,"Mar",2013
"3962",3962,2013-03-23,63.6836361954964,41267,43254,6265136,276899,15.6208581468333,95.4062052064549,3,"Mar",2013
"3963",3963,2013-03-24,63.2364727608495,75124,75810,6265136,276899,27.3782137169148,99.0951061865189,3,"Mar",2013
"3964",3964,2013-03-25,67.4684064676658,119534,120167,6265136,276899,43.3974120527701,99.4732330839582,3,"Mar",2013
"3965",3965,2013-03-26,68.7459679867252,98246,98834,6265136,276899,35.6931588774246,99.405063034988,3,"Mar",2013
"3966",3966,2013-03-27,62.7264053009387,44216,45275,6265136,276899,16.3507271604448,97.6609607951408,3,"Mar",2013
"3967",3967,2013-03-28,65.6949969015632,84010,85527,6265136,276899,30.8874354909191,98.226291112748,3,"Mar",2013
"3968",3968,2013-03-29,64.797889084344,21488,21602,6265136,276899,7.80140051065551,99.4722710860106,3,"Mar",2013
"3969",3969,2013-03-30,65.6190145732131,90324,90783,6265136,276899,32.7856005258235,99.49439873104,3,"Mar",2013
"3970",3970,2013-03-31,67.5733359693283,141378,141629,6265136,276899,51.1482526119632,99.8227764087863,3,"Mar",2013
"3971",3971,2013-04-01,70.5665141980714,183659,183863,6265136,276899,66.4007453981416,99.8890478236513,4,"Apr",2013
"3972",3972,2013-04-02,72.0578066295715,167966,168216,6265136,276899,60.7499485371923,99.8513815570457,4,"Apr",2013
"3973",3973,2013-04-03,73.9345566773838,154377,155203,6265136,276899,56.0504010487578,99.4677937926458,4,"Apr",2013
"3974",3974,2013-04-04,61.9325868243051,16544,17593,6265136,276899,6.35358018627731,94.0374012391292,4,"Apr",2013
"3975",3975,2013-04-05,59.3433507288105,9843,11114,6265136,276899,4.01373786109737,88.5639733669246,4,"Apr",2013
"3976",3976,2013-04-06,67.4000044432596,44849,45012,6265136,276899,16.2557466801975,99.6378743446192,4,"Apr",2013
"3977",3977,2013-04-07,71.9028494460464,105269,105424,6265136,276899,38.0730880212641,99.8529746547276,4,"Apr",2013
"3978",3978,2013-04-08,68.7961843846493,90448,90680,6265136,276899,32.7484028472476,99.7441552712836,4,"Apr",2013
"3979",3979,2013-04-09,70.6807529901474,149820,149909,6265136,276899,54.1385125984565,99.9406306492606,4,"Apr",2013
"3980",3980,2013-04-10,71.1591934250765,104418,104640,6265136,276899,37.7899522930744,99.7878440366973,4,"Apr",2013
"3981",3981,2013-04-11,73.9164023183152,209612,209635,6265136,276899,75.7081101773571,99.989028549622,4,"Apr",2013
"3982",3982,2013-04-12,74.8010963504371,202009,202490,6265136,276899,73.1277469402201,99.762457405304,4,"Apr",2013
"3983",3983,2013-04-13,75.8973478309607,222949,223025,6265136,276899,80.5438083922296,99.9659231027912,4,"Apr",2013
"3984",3984,2013-04-14,74.2380656467108,159790,160922,6265136,276899,58.1157750659988,99.2965536098234,4,"Apr",2013
"3985",3985,2013-04-15,74.2128234426626,177608,177659,6265136,276899,64.1602172633343,99.9712933203497,4,"Apr",2013
"3986",3986,2013-04-16,75.9660987679904,202600,202677,6265136,276899,73.1952805896735,99.9620085160132,4,"Apr",2013
"3987",3987,2013-04-17,76.7059876731269,213286,213355,6265136,276899,77.0515603162164,99.9676595345785,4,"Apr",2013
"3988",3988,2013-04-18,78.474305315844,185381,185408,6265136,276899,66.9587105767807,99.985437521574,4,"Apr",2013
"3989",3989,2013-04-19,76.1217343306343,213548,213777,6265136,276899,77.2039624556246,99.8928790281462,4,"Apr",2013
"3990",3990,2013-04-20,76.7458073002302,167246,167255,6265136,276899,60.4028905846536,99.9946189949478,4,"Apr",2013
"3991",3991,2013-04-21,73.9700662200662,103286,103896,6265136,276899,37.5212622653025,99.4128744128744,4,"Apr",2013
"3992",3992,2013-04-22,74.9997253789117,76303,76469,6265136,276899,27.6162066312988,99.7829185683087,4,"Apr",2013
"3993",3993,2013-04-23,69.7736913796458,20133,20556,6265136,276899,7.42364544472894,97.9422066549913,4,"Apr",2013
"3994",3994,2013-04-24,64.3505278516866,11462,11651,6265136,276899,4.20767138920689,98.3778216462106,4,"Apr",2013
"3995",3995,2013-04-25,63.6985551970823,6928,7129,6265136,276899,2.57458495696987,97.1805302286436,4,"Apr",2013
"3996",3996,2013-04-26,68.5359701187065,19217,19544,6265136,276899,7.05816922415754,98.3268522308637,4,"Apr",2013
"3997",3997,2013-04-27,66.9348628268891,6078,6233,6265136,276899,2.25100126761021,97.5132360019252,4,"Apr",2013
"3998",3998,2013-04-28,67.3880300102308,34941,35188,6265136,276899,12.7078826575755,99.2980561555076,4,"Apr",2013
"3999",3999,2013-04-29,72.3584942084942,124185,124320,6265136,276899,44.8972368986526,99.8914092664093,4,"Apr",2013
"4000",4000,2013-04-30,74.0476647408185,98546,99004,6265136,276899,35.7545531042004,99.5373924285887,4,"Apr",2013
"4001",4001,2013-05-01,77.1156692337478,92896,92972,6265136,276899,33.5761414811899,99.9182549584821,5,"May",2013
"4002",4002,2013-05-02,76.1053610510933,142814,143013,6265136,276899,51.6480738464205,99.8608518106746,5,"May",2013
"4003",4003,2013-05-03,77.4627065483476,130582,130720,6265136,276899,47.2085489655073,99.8944308445532,5,"May",2013
"4004",4004,2013-05-04,77.3059200771056,53925,53952,6265136,276899,19.4843607235851,99.9499555160142,5,"May",2013
"4005",4005,2013-05-05,71.6313521848568,43936,44099,6265136,276899,15.9260235681602,99.6303771060568,5,"May",2013
"4006",4006,2013-05-06,74.3224106444039,76524,76660,6265136,276899,27.685184850794,99.8225932689799,5,"May",2013
"4007",4007,2013-05-07,74.7359848376892,69969,70174,6265136,276899,25.3428145280409,99.7078690113147,5,"May",2013
"4008",4008,2013-05-08,74.9108162100457,35013,35040,6265136,276899,12.6544335660295,99.9229452054795,5,"May",2013
"4009",4009,2013-05-09,72.001821432749,59665,59843,6265136,276899,21.6118512526228,99.7025550189663,5,"May",2013
"4010",4010,2013-05-10,70.9498199103227,40532,40813,6265136,276899,14.7393092788345,99.3114938867518,5,"May",2013
"4011",4011,2013-05-11,76.5500985905207,27222,27386,6265136,276899,9.89024879107545,99.4011538742423,5,"May",2013
"4012",4012,2013-05-12,79.2931790619624,141644,141828,6265136,276899,51.220119971542,99.8702653918831,5,"May",2013
"4013",4013,2013-05-13,79.0336370007008,53994,54226,6265136,276899,19.5833137714474,99.572160955999,5,"May",2013
"4014",4014,2013-05-14,80.389369592089,20135,20225,6265136,276899,7.3041072737713,99.5550061804697,5,"May",2013
"4015",4015,2013-05-15,82.8875871046788,13043,13059,6265136,276899,4.71616004391493,99.8774791331649,5,"May",2013
"4016",4016,2013-05-16,78.5122552574329,13765,13790,6265136,276899,4.98015521905099,99.8187092095721,5,"May",2013
"4017",4017,2013-05-17,70.3758498224252,9720,9855,6265136,276899,3.55905944044579,98.6301369863014,5,"May",2013
"4018",4018,2013-05-18,74.1406402737048,24292,24552,6265136,276899,8.86677091647135,98.9410231345715,5,"May",2013
"4019",4019,2013-05-19,78.6521468718327,43202,43412,6265136,276899,15.6779186634838,99.5162627844836,5,"May",2013
"4020",4020,2013-05-20,78.7934977089243,22876,22915,6265136,276899,8.27558062687117,99.8298058040585,5,"May",2013
"4021",4021,2013-05-21,68.6806328743041,13538,13652,6265136,276899,4.93031755260944,99.1649575153824,5,"May",2013
"4022",4022,2013-05-22,73.0767043400728,41377,41497,6265136,276899,14.9863307559796,99.7108224690942,5,"May",2013
"4023",4023,2013-05-23,66.5323690245193,10861,11338,6265136,276899,4.09463378343728,95.7929088022579,5,"May",2013
"4024",4024,2013-05-24,68.1278439869989,6125,6461,6265136,276899,2.33334175999191,94.7995666305525,5,"May",2013
"4025",4025,2013-05-25,80.0464863559527,57651,57974,6265136,276899,20.9368759005991,99.4428536930348,5,"May",2013
"4026",4026,2013-05-26,76.6557024936671,103581,103823,6265136,276899,37.4948988620399,99.7669109927473,5,"May",2013
"4027",4027,2013-05-27,73.9833585829157,128710,128715,6265136,276899,46.484458232063,99.9961154488599,5,"May",2013
"4028",4028,2013-05-28,78.7538699307616,161370,161760,6265136,276899,58.4184124897526,99.7589020771513,5,"May",2013
"4029",4029,2013-05-29,81.8174334410937,142517,143219,6265136,276899,51.7224692035724,99.5098415712999,5,"May",2013
"4030",4030,2013-05-30,69.7626829268293,3983,4100,6265136,276899,1.48068429282879,97.1463414634146,5,"May",2013
"4031",4031,2013-05-31,90.6745856547181,28260,28539,6265136,276899,10.3066461056197,99.0223904131189,5,"May",2013
"4032",4032,2013-06-01,85.0652023231913,82421,83678,6265136,276899,30.2196829891043,98.4978130452449,6,"Jun",2013
"4033",4033,2013-06-02,84.5668488612232,135098,137033,6265136,276899,49.4884416339532,98.5879313741945,6,"Jun",2013
"4034",4034,2013-06-03,85.35956655857,24921,25286,6265136,276899,9.13184951913875,98.5565134857233,6,"Jun",2013
"4035",4035,2013-06-04,87.0294357555768,109987,112788,6265136,276899,40.7325414681888,97.5165797779906,6,"Jun",2013
"4036",4036,2013-06-05,87.4907967906757,93718,97466,6265136,276899,35.1991159231344,96.1545564607145,6,"Jun",2013
"4037",4037,2013-06-06,86.2398152707114,207274,219348,6265136,276899,79.2158873813195,94.4955048598574,6,"Jun",2013
"4038",4038,2013-06-07,76.693756172972,128169,139722,6265136,276899,50.4595538445426,91.7314381414523,6,"Jun",2013
"4039",4039,2013-06-08,76.0905061528126,109770,122058,6265136,276899,44.0803325400236,89.9326549673106,6,"Jun",2013
"4040",4040,2013-06-09,66.0893823474529,9054,10718,6265136,276899,3.87072542696073,84.4747154319836,6,"Jun",2013
"4041",4041,2013-06-10,64.7326630992919,15930,18501,6265136,276899,6.68149758576232,86.1034538673585,6,"Jun",2013
"4042",4042,2013-06-11,69.9593508997429,65591,74688,6265136,276899,26.9730118201944,87.8199978577549,6,"Jun",2013
"4043",4043,2013-06-12,69.2751491901108,21130,23460,6265136,276899,8.47240329506426,90.0682011935209,6,"Jun",2013
"4044",4044,2013-06-13,65.5217622578929,28408,31959,6265136,276899,11.5417534913452,88.8888888888889,6,"Jun",2013
"4045",4045,2013-06-14,68.1625120663222,15678,17611,6265136,276899,6.36008075146534,89.0239055135995,6,"Jun",2013
"4046",4046,2013-06-15,67.4876682336274,14000,15529,6265136,276899,5.60818204471667,90.1539055959817,6,"Jun",2013
"4047",4047,2013-06-16,67.1652651083238,27389,28064,6265136,276899,10.1351034131579,97.5947833523375,6,"Jun",2013
"4048",4048,2013-06-17,65.1665925190787,24814,29221,6265136,276899,10.5529452977439,84.9183806166798,6,"Jun",2013
"4049",4049,2013-06-18,75.2714753610243,24631,26868,6265136,276899,9.70317697066439,91.6741104659818,6,"Jun",2013
"4050",4050,2013-06-19,73.8645398611088,52052,60623,6265136,276899,21.8935424107707,85.8618016264454,6,"Jun",2013
"4051",4051,2013-06-20,76.314631857821,32271,36236,6265136,276899,13.086360008523,89.0578430290319,6,"Jun",2013
"4052",4052,2013-06-21,78.0584117260993,16225,18284,6265136,276899,6.60312966099553,88.7387880113761,6,"Jun",2013
"4053",4053,2013-06-22,67.651418115279,13095,16395,6265136,276899,5.92093145876294,79.871912168344,6,"Jun",2013
"4054",4054,2013-06-23,78.9982823892316,25139,28528,6265136,276899,10.3026735380048,88.1204430734717,6,"Jun",2013
"4055",4055,2013-06-24,62.5036888865797,28124,38494,6265136,276899,13.9018197971101,73.060736738193,6,"Jun",2013
"4056",4056,2013-06-25,76.0727657646176,121522,141234,6265136,276899,51.005601320337,86.0430208023564,6,"Jun",2013
"4057",4057,2013-06-26,75.6866461582106,93434,112799,6265136,276899,40.7365140358037,82.8322946125409,6,"Jun",2013
"4058",4058,2013-06-27,74.9506112886049,95438,117375,6265136,276899,42.3891021636048,81.3103301384452,6,"Jun",2013
"4059",4059,2013-06-28,62.7470615260921,37329,52238,6265136,276899,18.8653624606806,71.4594739461695,6,"Jun",2013
"4060",4060,2013-06-29,62.2281085814361,14319,18272,6265136,276899,6.59879595087017,78.3658056042032,6,"Jun",2013
"4061",4061,2013-06-30,51.9045834534448,4534,6938,6265136,276899,2.50560673747467,65.3502450273854,6,"Jun",2013
"4062",4062,2013-07-01,52.8120254088785,15951,27392,6265136,276899,9.89241564613812,58.2323306074766,7,"Jul",2013
"4063",4063,2013-07-02,69.4409221902017,26201,35047,6265136,276899,12.6569615636026,74.7596085256941,7,"Jul",2013
"4064",4064,2013-07-03,57.3064363143631,18977,29520,6265136,276899,10.6609269083673,64.2852303523035,7,"Jul",2013
"4065",4065,2013-07-04,45.8870673952641,1387,2745,6265136,276899,0.991336191174399,50.528233151184,7,"Jul",2013
"4066",4066,2013-07-05,65.6412190591714,19239,26381,6265136,276899,9.52730056807717,72.927485690459,7,"Jul",2013
"4067",4067,2013-07-06,54.0979457079971,13105,21808,6265136,276899,7.8757958678074,60.0926265590609,7,"Jul",2013
"4068",4068,2013-07-07,47.8960799385088,4461,6505,6265136,276899,2.34923203045154,68.5780169100692,7,"Jul",2013
"4069",4069,2013-07-08,38.42027238761,6969,16594,6265136,276899,5.99279881834171,41.9971073882126,7,"Jul",2013
"4070",4070,2013-07-09,28.461117196057,2530,8217,6265136,276899,2.96750800833517,30.7898259705489,7,"Jul",2013
"4071",4071,2013-07-10,52.5932406519655,14619,20860,6265136,276899,7.53343276790454,70.0814956855225,7,"Jul",2013
"4072",4072,2013-07-11,52.0083379655364,991,1799,6265136,276899,0.649695376292439,55.0861589772096,7,"Jul",2013
"4073",4073,2013-07-12,67.757958395162,53961,71434,6265136,276899,25.7978540912029,75.5396589859171,7,"Jul",2013
"4074",4074,2013-07-13,59.1116571604748,105541,162175,6265136,276899,58.5682866315877,65.0784646215508,7,"Jul",2013
"4075",4075,2013-07-14,50.7700367177308,84355,148702,6265136,276899,53.7026135883481,56.7275490578472,7,"Jul",2013
"4076",4076,2013-07-15,65.8215711087316,7890,10273,6265136,276899,3.71001700981224,76.8032707096272,7,"Jul",2013
"4077",4077,2013-07-16,37.2449683726279,3501,8695,6265136,276899,3.14013412832838,40.2645198389879,7,"Jul",2013
"4078",4078,2013-07-17,46.7862805384743,62425,120340,6265136,276899,43.4598897070773,51.8738574040219,7,"Jul",2013
"4079",4079,2013-07-18,53.9312057954186,89959,151568,6265136,276899,54.7376480232865,59.3522379394067,7,"Jul",2013
"4080",4080,2013-07-19,64.4055704898447,93237,133920,6265136,276899,48.3642049989346,69.6214157706093,7,"Jul",2013
"4081",4081,2013-07-20,58.4209320091673,1065,1309,6265136,276899,0.472735546173876,81.3598166539343,7,"Jul",2013
"4082",4082,2013-07-21,57.3110101329186,25952,41153,6265136,276899,14.8620977323862,63.0622311860618,7,"Jul",2013
"4083",4083,2013-07-22,52.7189911752255,35391,61418,6265136,276899,22.1806507065753,57.6231723598945,7,"Jul",2013
"4084",4084,2013-07-23,45.8011073090084,12846,26009,6265136,276899,9.39295555419124,49.3905955630743,7,"Jul",2013
"4085",4085,2013-07-24,57.2467288884919,15074,22393,6265136,276899,8.08706423641833,67.3156790068325,7,"Jul",2013
"4086",4086,2013-07-25,40.7676359183208,16166,35113,6265136,276899,12.6807969692921,46.0399282317091,7,"Jul",2013
"4087",4087,2013-07-26,58.6998107922155,53480,81392,6265136,276899,29.3941112102247,65.7067033615097,7,"Jul",2013
"4088",4088,2013-07-27,50.716896373154,89999,160277,6265136,276899,57.8828381467611,56.1521615702814,7,"Jul",2013
"4089",4089,2013-07-28,49.7926955515635,35954,65686,6265136,276899,23.7220069411591,54.7361690466766,7,"Jul",2013
"4090",4090,2013-07-29,57.4315050077301,18916,29754,6265136,276899,10.7454342558117,63.5746454258251,7,"Jul",2013
"4091",4091,2013-07-30,43.7272970592806,57340,115822,6265136,276899,41.8282478448821,49.5070021239488,7,"Jul",2013
"4092",4092,2013-07-31,32.154114713217,2770,8020,6265136,276899,2.8963629337773,34.5386533665835,7,"Jul",2013
"4093",4093,2013-08-01,40.9367834916476,1489,3053,6265136,276899,1.10256808439178,48.7716999672453,8,"Aug",2013
"4094",4094,2013-08-02,72.8027234636871,27559,34368,6265136,276899,12.4117457990097,80.1879655493482,8,"Aug",2013
"4095",4095,2013-08-03,64.2929953141896,87838,124845,6265136,276899,45.0868367166368,70.3576434779126,8,"Aug",2013
"4096",4096,2013-08-04,65.8486068273302,54657,76516,6265136,276899,27.6331803292897,71.4321187725443,8,"Aug",2013
"4097",4097,2013-08-05,48.3597903763697,6401,10495,6265136,276899,3.79019064713126,60.9909480705098,8,"Aug",2013
"4098",4098,2013-08-06,41.8298705434925,24287,53377,6265136,276899,19.2767037800787,45.5008711617363,8,"Aug",2013
"4099",4099,2013-08-07,41.5005384449709,2582,4643,6265136,276899,1.676784676001,55.6105965970278,8,"Aug",2013
"4100",4100,2013-08-08,56.2731055840511,13590,20666,6265136,276899,7.46337112087801,65.7601858124456,8,"Aug",2013
"4101",4101,2013-08-09,51.9481809742728,57890,90488,6265136,276899,32.6790634852419,63.9753337459111,8,"Aug",2013
"4102",4102,2013-08-10,56.6786767992848,48076,67110,6265136,276899,24.2362738760342,71.6376098942035,8,"Aug",2013
"4103",4103,2013-08-11,46.7399606637515,28405,52369,6265136,276899,18.912672129549,54.2401038782486,8,"Aug",2013
"4104",4104,2013-08-12,33.3638159194154,7477,20252,6265136,276899,7.31385812155335,36.9198103890974,8,"Aug",2013
"4105",4105,2013-08-13,49.187411870273,5188,7801,6265136,276899,2.81727272398961,66.5042943212409,8,"Aug",2013
"4106",4106,2013-08-14,60.6443568945539,19129,21575,6265136,276899,7.79164966287347,88.6628041714948,8,"Aug",2013
"4107",4107,2013-08-15,54.0587915774675,21527,31297,6265136,276899,11.3026771494299,68.7829504425344,8,"Aug",2013
"4108",4108,2013-08-16,58.0533540072698,24446,39341,6265136,276899,14.2077075034579,62.138735670166,8,"Aug",2013
"4109",4109,2013-08-17,44.3448301384057,60296,121599,6265136,276899,43.9145681277289,49.5859340948528,8,"Aug",2013
"4110",4110,2013-08-18,29.7094197791872,6804,25542,6265136,276899,9.22430200181294,26.6384778012685,8,"Aug",2013
"4111",4111,2013-08-19,40.4942618305469,31444,70580,6265136,276899,25.489438387282,44.5508642674979,8,"Aug",2013
"4112",4112,2013-08-20,38.8272787561712,6701,13571,6265136,276899,4.90106500926331,49.3773487583818,8,"Aug",2013
"4113",4113,2013-08-21,41.1787929650442,36075,82218,6265136,276899,29.6924149238531,43.8772531562432,8,"Aug",2013
"4114",4114,2013-08-22,48.3610688911668,28959,56582,6265136,276899,20.4341655260582,51.1805874659786,8,"Aug",2013
"4115",4115,2013-08-23,48.2866507747318,33174,63764,6265136,276899,23.0278910360817,52.0262216924911,8,"Aug",2013
"4116",4116,2013-08-24,46.1300979927037,63978,122254,6265136,276899,44.151116472071,52.332030035827,8,"Aug",2013
"4117",4117,2013-08-25,44.1337053081816,35211,72944,6265136,276899,26.3431792819765,48.2712765957447,8,"Aug",2013
"4118",4118,2013-08-26,39.6065372327353,3757,8138,6265136,276899,2.93897775000993,46.1661341853035,8,"Aug",2013
"4119",4119,2013-08-27,40.5366238449403,8814,22185,6265136,276899,8.01194659424556,39.7295469912103,8,"Aug",2013
"4120",4120,2013-08-28,48.2154304597811,27371,52351,6265136,276899,18.906171564361,52.2836239995416,8,"Aug",2013
"4121",4121,2013-08-29,52.5379000561482,8677,14248,6265136,276899,5.14555848883528,60.8997754070747,8,"Aug",2013
"4122",4122,2013-08-30,48.1444799250026,76508,136538,6265136,276899,49.3096760912824,56.0342175804538,8,"Aug",2013
"4123",4123,2013-08-31,51.4530755593456,54831,89122,6265136,276899,32.1857428159726,61.5235295437715,8,"Aug",2013
"4124",4124,2013-09-01,61.4940101845958,115296,157100,6265136,276899,56.735488391074,73.3901973265436,9,"Sep",2013
"4125",4125,2013-09-02,61.8467854126298,115495,161016,6265136,276899,58.1497224619807,71.7288965071794,9,"Sep",2013
"4126",4126,2013-09-03,50.5458453724718,58876,100021,6265136,276899,36.1218350373241,58.8636386358865,9,"Sep",2013
"4127",4127,2013-09-04,42.2831331527918,44175,96746,6265136,276899,34.9390933156133,45.660802513799,9,"Sep",2013
"4128",4128,2013-09-05,48.5506216383035,30363,56705,6265136,276899,20.4785860548431,53.5455427211004,9,"Sep",2013
"4129",4129,2013-09-06,47.2671532276949,13852,25622,6265136,276899,9.25319340264862,54.0629146826946,9,"Sep",2013
"4130",4130,2013-09-07,51.7992933791013,78244,129348,6265136,276899,46.7130614411753,60.4910783313233,9,"Sep",2013
"4131",4131,2013-09-08,40.1418988309844,20382,45765,6265136,276899,16.5276869905633,44.5362176335628,9,"Sep",2013
"4132",4132,2013-09-09,43.1907035738268,27401,53612,6265136,276899,19.3615722700335,51.1098261583228,9,"Sep",2013
"4133",4133,2013-09-10,53.5877675664775,47762,69422,6265136,276899,25.0712353601855,68.7995160035724,9,"Sep",2013
"4134",4134,2013-09-11,50.0061252751935,36099,56324,6265136,276899,20.3409907583632,64.0916838292735,9,"Sep",2013
"4135",4135,2013-09-12,53.0297656563342,22187,34906,6265136,276899,12.6060404696297,63.5621383143299,9,"Sep",2013
"4136",4136,2013-09-13,55.7411325451151,1426,1607,6265136,276899,0.580356014286798,88.7367766023647,9,"Sep",2013
"4137",4137,2013-09-14,50.3059341038468,58355,104346,6265136,276899,37.6837763950032,55.9245203457727,9,"Sep",2013
"4138",4138,2013-09-15,53.8403632559485,115743,179708,6265136,276899,64.9001982672382,64.4061477507957,9,"Sep",2013
"4139",4139,2013-09-16,54.3191049834041,114521,172332,6265136,276899,62.2364111101882,66.4537056379546,9,"Sep",2013
"4140",4140,2013-09-17,41.8235874860408,28658,61787,6265136,276899,22.3139122929299,46.3819250004046,9,"Sep",2013
"4141",4141,2013-09-18,50.1989706265801,47653,88209,6265136,276899,31.8560197039354,54.0228321373103,9,"Sep",2013
"4142",4142,2013-09-19,54.5080760238228,89851,149269,6265136,276899,53.907381391771,60.1940121525568,9,"Sep",2013
"4143",4143,2013-09-20,38.9177972865124,39880,95228,6265136,276899,34.3908789847562,41.8784391145461,9,"Sep",2013
"4144",4144,2013-09-21,45.3284017786133,56209,110648,6265136,276899,39.9596964958342,50.7998337068903,9,"Sep",2013
"4145",4145,2013-09-22,45.0541414570823,68532,131729,6265136,276899,47.5729417585473,52.024990700605,9,"Sep",2013
"4146",4146,2013-09-23,48.9607298198046,104321,177030,6265136,276899,63.9330586242637,58.928430209569,9,"Sep",2013
"4147",4147,2013-09-24,53.5771732496294,109344,172035,6265136,276899,62.1291517845857,63.559159473363,9,"Sep",2013
"4148",4148,2013-09-25,59.280564002777,150500,204538,6265136,276899,73.8673668016136,73.5804593767417,9,"Sep",2013
"4149",4149,2013-09-26,60.7751651063212,143678,192906,6265136,276899,69.6665571201052,74.4808352254466,9,"Sep",2013
"4150",4150,2013-09-27,54.4821689065458,84818,128876,6265136,276899,46.5426021762448,65.8136503305503,9,"Sep",2013
"4151",4151,2013-09-28,52.7801919260245,85973,134531,6265136,276899,48.5848630728172,63.905716897964,9,"Sep",2013
"4152",4152,2013-09-29,54.3714376804407,38043,56459,6265136,276899,20.3897449972734,67.3816397739953,9,"Sep",2013
"4153",4153,2013-09-30,43.5532682849437,20765,50424,6265136,276899,18.2102499467315,41.1807869268602,9,"Sep",2013
"4154",4154,2013-10-01,54.5007511156276,30316,45266,6265136,276899,16.3474768778508,66.9730040206778,10,"Oct",2013
"4155",4155,2013-10-02,58.6707846055709,35998,47030,6265136,276899,16.9845322662776,76.5426323623219,10,"Oct",2013
"4156",4156,2013-10-03,58.100914883189,47329,61210,6265136,276899,22.1055330644025,77.322332952132,10,"Oct",2013
"4157",4157,2013-10-04,69.2446385126002,118688,133172,6265136,276899,48.094070401121,89.1238398462139,10,"Oct",2013
"4158",4158,2013-10-05,66.931284006957,107662,125342,6265136,276899,45.2663245443284,85.8945923952067,10,"Oct",2013
"4159",4159,2013-10-06,70.4357246649804,85103,92905,6265136,276899,33.55194493299,91.6021742640332,10,"Oct",2013
"4160",4160,2013-10-07,70.6793429744688,45642,50409,6265136,276899,18.2048328090748,90.5433553532107,10,"Oct",2013
"4161",4161,2013-10-08,60.4384508990318,22850,30366,6265136,276899,10.9664534722047,75.2486333399196,10,"Oct",2013
"4162",4162,2013-10-09,49.0481700941094,7832,14345,6265136,276899,5.18058931234855,54.5974207040781,10,"Oct",2013
"4163",4163,2013-10-10,60.0724964161376,12334,14649,6265136,276899,5.29037663552414,84.196873506724,10,"Oct",2013
"4164",4164,2013-10-11,66.2354088766054,10720,12302,6265136,276899,4.44277516350727,87.1403023898553,10,"Oct",2013
"4165",4165,2013-10-12,59.7440347071583,4303,5071,6265136,276899,1.8313536704719,84.8550581739302,10,"Oct",2013
"4166",4166,2013-10-13,50.8181105448844,1539,2551,6265136,276899,0.921274544147866,60.3292826342611,10,"Oct",2013
"4167",4167,2013-10-14,48.501872659176,307,534,6265136,276899,0.192850100578189,57.4906367041198,10,"Oct",2013
"4168",4168,2013-10-15,56.4228855721393,156,201,6265136,276899,0.0725896445996555,77.6119402985075,10,"Oct",2013
"4169",4169,2013-10-16,52.4430555555556,447,720,6265136,276899,0.260022607521154,62.0833333333333,10,"Oct",2013
"4170",4170,2013-10-17,54.1585623678647,359,473,6265136,276899,0.17082040744098,75.8985200845666,10,"Oct",2013
"4171",4171,2013-10-18,69.536044362292,490,541,6265136,276899,0.195378098151311,90.5730129390019,10,"Oct",2013
"4172",4172,2013-10-19,52.4502369668246,129,211,6265136,276899,0.0762010697041159,61.1374407582938,10,"Oct",2013
"4173",4173,2013-10-20,NA,NA,0,6265136,276899,0,NA,10,"Oct",2013
"4174",4174,2013-10-21,NA,NA,0,6265136,276899,0,NA,10,"Oct",2013
"4175",4175,2013-10-22,NA,NA,0,6265136,276899,0,NA,10,"Oct",2013
"4176",4176,2013-10-23,51.7241379310345,56,87,6265136,276899,0.0314193984088061,64.367816091954,10,"Oct",2013
"4177",4177,2013-10-24,65.3942857142857,556,700,6265136,276899,0.252799757312233,79.4285714285714,10,"Oct",2013
"4178",4178,2013-10-25,56.1163210099188,755,1109,6265136,276899,0.400507044084666,68.0793507664563,10,"Oct",2013
"4179",4179,2013-10-26,66.4103114930183,839,931,6265136,276899,0.33622367722527,90.1181525241676,10,"Oct",2013
"4180",4180,2013-10-27,46.8508287292818,53,181,6265136,276899,0.0653667943907345,29.2817679558011,10,"Oct",2013
"4181",4181,2013-10-28,46.2470588235294,109,170,6265136,276899,0.061394226775828,64.1176470588235,10,"Oct",2013
"4182",4182,2013-10-29,62.168776371308,187,237,6265136,276899,0.0855907749757132,78.9029535864979,10,"Oct",2013
"4183",4183,2013-10-30,52.1666666666667,20,24,6265136,276899,0.00866742025070513,83.3333333333333,10,"Oct",2013
"4184",4184,2013-10-31,NA,NA,0,6265136,276899,0,NA,10,"Oct",2013
"4185",4185,2013-11-01,NA,NA,0,6265136,276899,0,NA,11,"Nov",2013
"4186",4186,2013-11-02,NA,NA,0,6265136,276899,0,NA,11,"Nov",2013
"4187",4187,2013-11-03,NA,NA,0,6265136,276899,0,NA,11,"Nov",2013
"4188",4188,2013-11-04,NA,NA,0,6265136,276899,0,NA,11,"Nov",2013
"4189",4189,2013-11-05,NA,NA,0,6265136,276899,0,NA,11,"Nov",2013
"4190",4190,2013-11-06,NA,NA,0,6265136,276899,0,NA,11,"Nov",2013
"4191",4191,2013-11-07,NA,NA,0,6265136,276899,0,NA,11,"Nov",2013
"4192",4192,2013-11-08,NA,NA,0,6265136,276899,0,NA,11,"Nov",2013
"4193",4193,2013-11-09,NA,NA,0,6265136,276899,0,NA,11,"Nov",2013
"4194",4194,2013-11-10,NA,NA,0,6265136,276899,0,NA,11,"Nov",2013
"4195",4195,2013-11-11,NA,NA,0,6265136,276899,0,NA,11,"Nov",2013
"4196",4196,2013-11-12,NA,NA,0,6265136,276899,0,NA,11,"Nov",2013
"4197",4197,2013-11-13,NA,NA,0,6265136,276899,0,NA,11,"Nov",2013
"4198",4198,2013-11-14,NA,NA,0,6265136,276899,0,NA,11,"Nov",2013
"4199",4199,2013-11-15,NA,NA,0,6265136,276899,0,NA,11,"Nov",2013
"4200",4200,2013-11-16,NA,NA,0,6265136,276899,0,NA,11,"Nov",2013
"4201",4201,2013-11-17,NA,NA,0,6265136,276899,0,NA,11,"Nov",2013
"4202",4202,2013-11-18,NA,NA,0,6265136,276899,0,NA,11,"Nov",2013
"4203",4203,2013-11-19,NA,NA,0,6265136,276899,0,NA,11,"Nov",2013
"4204",4204,2013-11-20,NA,NA,0,6265136,276899,0,NA,11,"Nov",2013
"4205",4205,2013-11-21,NA,NA,0,6265136,276899,0,NA,11,"Nov",2013
"4206",4206,2013-11-22,NA,NA,0,6265136,276899,0,NA,11,"Nov",2013
"4207",4207,2013-11-23,NA,NA,0,6265136,276899,0,NA,11,"Nov",2013
"4208",4208,2013-11-24,NA,NA,0,6265136,276899,0,NA,11,"Nov",2013
"4209",4209,2013-11-25,NA,NA,0,6265136,276899,0,NA,11,"Nov",2013
"4210",4210,2014-01-17,NA,NA,0,6265136,276899,0,NA,1,"Jan",2014
"4211",4211,2014-01-18,NA,NA,0,6265136,276899,0,NA,1,"Jan",2014
"4212",4212,2014-01-19,NA,NA,0,6265136,276899,0,NA,1,"Jan",2014
"4213",4213,2014-01-20,NA,NA,0,6265136,276899,0,NA,1,"Jan",2014
"4214",4214,2014-01-21,NA,NA,0,6265136,276899,0,NA,1,"Jan",2014
"4215",4215,2014-01-22,NA,NA,0,6265136,276899,0,NA,1,"Jan",2014
"4216",4216,2014-01-23,NA,NA,0,6265136,276899,0,NA,1,"Jan",2014
"4217",4217,2014-01-24,NA,NA,0,6265136,276899,0,NA,1,"Jan",2014
"4218",4218,2014-01-25,NA,NA,0,6265136,276899,0,NA,1,"Jan",2014
"4219",4219,2014-01-26,NA,NA,0,6265136,276899,0,NA,1,"Jan",2014
"4220",4220,2014-01-27,NA,NA,0,6265136,276899,0,NA,1,"Jan",2014
"4221",4221,2014-01-28,NA,NA,0,6265136,276899,0,NA,1,"Jan",2014
"4222",4222,2014-01-29,NA,NA,0,6265136,276899,0,NA,1,"Jan",2014
"4223",4223,2014-01-30,NA,NA,0,6265136,276899,0,NA,1,"Jan",2014
"4224",4224,2014-01-31,NA,NA,0,6265136,276899,0,NA,1,"Jan",2014
"4225",4225,2014-02-01,NA,NA,0,6265136,276899,0,NA,2,"Feb",2014
"4226",4226,2014-02-02,NA,NA,0,6265136,276899,0,NA,2,"Feb",2014
"4227",4227,2014-02-03,NA,NA,0,6265136,276899,0,NA,2,"Feb",2014
"4228",4228,2014-02-04,NA,NA,0,6265136,276899,0,NA,2,"Feb",2014
"4229",4229,2014-02-05,NA,NA,0,6265136,276899,0,NA,2,"Feb",2014
"4230",4230,2014-02-06,NA,NA,0,6265136,276899,0,NA,2,"Feb",2014
"4231",4231,2014-02-07,NA,NA,0,6265136,276899,0,NA,2,"Feb",2014
"4232",4232,2014-02-08,NA,NA,0,6265136,276899,0,NA,2,"Feb",2014
"4233",4233,2014-02-09,NA,NA,0,6265136,276899,0,NA,2,"Feb",2014
"4234",4234,2014-02-10,NA,NA,0,6265136,276899,0,NA,2,"Feb",2014
"4235",4235,2014-02-11,45.3,46,90,6265136,276899,0.0325028259401442,51.1111111111111,2,"Feb",2014
"4236",4236,2014-02-12,NA,NA,0,6265136,276899,0,NA,2,"Feb",2014
"4237",4237,2014-02-13,NA,NA,0,6265136,276899,0,NA,2,"Feb",2014
"4238",4238,2014-02-14,66.0653846153846,235,260,6265136,276899,0.0938970527159722,90.3846153846154,2,"Feb",2014
"4239",4239,2014-02-15,64.2262996941896,270,327,6265136,276899,0.118093600915857,82.5688073394495,2,"Feb",2014
"4240",4240,2014-02-16,61.786350148368,583,674,6265136,276899,0.243410052040636,86.4985163204748,2,"Feb",2014
"4241",4241,2014-02-17,57.3818181818182,206,275,6265136,276899,0.099314190372663,74.9090909090909,2,"Feb",2014
"4242",4242,2014-02-18,69.5864583333333,888,960,6265136,276899,0.346696810028205,92.5,2,"Feb",2014
"4243",4243,2014-02-19,66.1727861771058,414,463,6265136,276899,0.16720898233652,89.4168466522678,2,"Feb",2014
"4244",4244,2014-02-20,70.5539956803456,810,926,6265136,276899,0.33441796467304,87.4730021598272,2,"Feb",2014
"4245",4245,2014-02-21,70.9139922978177,707,779,6265136,276899,0.281330015637471,90.7573812580231,2,"Feb",2014
"4246",4246,2014-02-22,63.5174603174603,266,315,6265136,276899,0.113759890790505,84.4444444444444,2,"Feb",2014
"4247",4247,2014-02-23,54.3112391930836,250,347,6265136,276899,0.125316451124778,72.0461095100865,2,"Feb",2014
"4248",4248,2014-02-24,60.8880407124682,727,786,6265136,276899,0.283858013210593,92.4936386768448,2,"Feb",2014
"4249",4249,2014-02-25,64.9188861985472,720,826,6265136,276899,0.298303713628435,87.1670702179177,2,"Feb",2014
"4250",4250,2014-02-26,28.2511627906977,0,215,6265136,276899,0.0776456397459001,0,2,"Feb",2014
"4251",4251,2014-02-27,74.0890868596882,1094,1347,6265136,276899,0.486458961570825,81.2175204157387,2,"Feb",2014
"4252",4252,2014-02-28,72.6270535523789,4516,4687,6265136,276899,1.69267494646062,96.3516108384894,2,"Feb",2014
"4253",4253,2014-03-01,64.5423053341508,2787,3262,6265136,276899,1.17804686907501,85.4383813611282,3,"Mar",2014
"4254",4254,2014-03-02,58.2819877396635,6583,7667,6265136,276899,2.76887962758984,85.861484283292,3,"Mar",2014
"4255",4255,2014-03-03,52.3594704684318,579,982,6265136,276899,0.354641945258018,58.9613034623218,3,"Mar",2014
"4256",4256,2014-03-04,65.7580455652672,32112,34895,6265136,276899,12.6020679020148,92.0246453646654,3,"Mar",2014
"4257",4257,2014-03-05,68.4708370777897,43743,45623,6265136,276899,16.47640475408,95.879271420117,3,"Mar",2014
"4258",4258,2014-03-06,62.0539941126658,19828,24799,6265136,276899,8.95597311655152,79.9548368885842,3,"Mar",2014
"4259",4259,2014-03-07,66.3314131953969,66963,76557,6265136,276899,27.647987172218,87.4681609780948,3,"Mar",2014
"4260",4260,2014-03-08,71.9929596438822,78670,85365,6265136,276899,30.8289304042268,92.1572072863586,3,"Mar",2014
"4261",4261,2014-03-09,67.8849559978901,32707,36021,6265136,276899,13.0087143687771,90.7998112212321,3,"Mar",2014
"4262",4262,2014-03-10,66.6375964362502,67112,71161,6265136,276899,25.6992621858512,94.3100855805849,3,"Mar",2014
"4263",4263,2014-03-11,64.3284259657026,75890,86129,6265136,276899,31.1048432822076,88.1120180194824,3,"Mar",2014
"4264",4264,2014-03-12,69.3392438569356,121773,125426,6265136,276899,45.2966605152059,97.0875257123722,3,"Mar",2014
"4265",4265,2014-03-13,70.3905413642157,179234,180470,6265136,276899,65.1753888601981,99.3151216268632,3,"Mar",2014
"4266",4266,2014-03-14,67.0997700190808,157289,158274,6265136,276899,57.1594696983377,99.3776615236868,3,"Mar",2014
"4267",4267,2014-03-15,66.0743233336266,134539,136404,6265136,276899,49.2612829948826,98.6327380428726,3,"Mar",2014
"4268",4268,2014-03-16,73.2357738448148,155854,158546,6265136,276899,57.257700461179,98.3020700616856,3,"Mar",2014
"4269",4269,2014-03-17,58.8421202351603,15762,21092,6265136,276899,7.61721783032803,74.7297553574815,3,"Mar",2014
"4270",4270,2014-03-18,65.8610172973945,71811,77873,6265136,276899,28.123250715965,92.2155304149063,3,"Mar",2014
"4271",4271,2014-03-19,71.9121378617395,121597,125401,6265136,276899,45.2876319524448,96.9665313673735,3,"Mar",2014
"4272",4272,2014-03-20,62.616974226018,49862,52456,6265136,276899,18.9440915279578,95.0549031569315,3,"Mar",2014
"4273",4273,2014-03-21,63.8048481505317,62618,65262,6265136,276899,23.5688825167299,95.9486377984125,3,"Mar",2014
"4274",4274,2014-03-22,66.7212499190747,90747,92678,6265136,276899,33.4699655831188,97.9164418740154,3,"Mar",2014
"4275",4275,2014-03-23,66.5639082729623,87936,90137,6265136,276899,32.5523024640754,97.558161465325,3,"Mar",2014
"4276",4276,2014-03-24,68.1339006998981,60219,60866,6265136,276899,21.9813000408091,98.9370091676798,3,"Mar",2014
"4277",4277,2014-03-25,66.7841354805962,20780,21671,6265136,276899,7.82631934387629,95.8885146047714,3,"Mar",2014
"4278",4278,2014-03-26,68.5939860407305,125089,125508,6265136,276899,45.3262742010625,99.6661567390127,3,"Mar",2014
"4279",4279,2014-03-27,59.4745762711864,58,59,6265136,276899,0.0213074081163168,98.3050847457627,3,"Mar",2014
"4280",4280,2014-03-28,69.6362075512192,57855,60573,6265136,276899,21.8754852852484,95.5128522609083,3,"Mar",2014
"4281",4281,2014-03-29,66.9668222992018,44738,46477,6265136,276899,16.7848204580009,96.2583643522603,3,"Mar",2014
"4282",4282,2014-03-30,72.0126550265065,100437,102805,6265136,276899,37.1272557864059,97.696610087058,3,"Mar",2014
"4283",4283,2014-03-31,73.9550733088385,141730,142343,6265136,276899,51.4061083644217,99.5693500909774,3,"Mar",2014
"4284",4284,2014-04-01,72.4242039820267,102728,103264,6265136,276899,37.2930201987006,99.480942051441,4,"Apr",2014
"4285",4285,2014-04-02,72.4284602084871,98420,98903,6265136,276899,35.7180777106454,99.5116427206455,4,"Apr",2014
"4286",4286,2014-04-03,72.5241528309419,84825,85166,6265136,276899,30.757063044648,99.5996054763638,4,"Apr",2014
"4287",4287,2014-04-04,70.6019516908213,102999,103500,6265136,276899,37.3782498311659,99.5159420289855,4,"Apr",2014
"4288",4288,2014-04-05,72.470225761698,110744,111002,6265136,276899,40.0875409445321,99.7675717554639,4,"Apr",2014
"4289",4289,2014-04-06,73.3820122251799,161899,162288,6265136,276899,58.6090957352681,99.7603026717934,4,"Apr",2014
"4290",4290,2014-04-07,74.7648422484402,169005,169095,6265136,276899,61.0673928038743,99.9467754812384,4,"Apr",2014
"4291",4291,2014-04-08,67.9979466119097,1436,1461,6265136,276899,0.527629207761675,98.2888432580424,4,"Apr",2014
"4292",4292,2014-04-09,66.7260606060606,1609,1650,6265136,276899,0.595885142235978,97.5151515151515,4,"Apr",2014
"4293",4293,2014-04-10,65.792242919112,38733,39190,6265136,276899,14.1531749843806,98.833886195458,4,"Apr",2014
"4294",4294,2014-04-11,65.8317912657291,5264,5404,6265136,276899,1.95161412645044,97.4093264248705,4,"Apr",2014
"4295",4295,2014-04-12,69.3235640374249,112795,112973,6265136,276899,40.7993528326213,99.8424402290813,4,"Apr",2014
"4296",4296,2014-04-13,67.7156609339751,109144,109489,6265136,276899,39.5411323262272,99.6848998529533,4,"Apr",2014
"4297",4297,2014-04-14,70.9605327197912,112732,113005,6265136,276899,40.8109093929556,99.7584177691253,4,"Apr",2014
"4298",4298,2014-04-15,72.6737612414036,168909,170130,6265136,276899,61.441175302186,99.2823135249515,4,"Apr",2014
"4299",4299,2014-04-16,63.6033167158409,9596,9829,6265136,276899,3.5496697351742,97.629463831519,4,"Apr",2014
"4300",4300,2014-04-17,64.806960992329,23201,24508,6265136,276899,8.85088064601172,94.6670474946956,4,"Apr",2014
"4301",4301,2014-04-18,71.575436025474,110320,110544,6265136,276899,39.9221376747478,99.7973657548126,4,"Apr",2014
"4302",4302,2014-04-19,72.5402353982954,108152,108412,6265136,276899,39.1521818424769,99.760174150463,4,"Apr",2014
"4303",4303,2014-04-20,68.4243530719162,18462,18897,6265136,276899,6.82451001989895,97.6980473090967,4,"Apr",2014
"4304",4304,2014-04-21,69.08965847536,60454,60552,6265136,276899,21.867901292529,99.8381556348263,4,"Apr",2014
"4305",4305,2014-04-22,70.8143846392817,99430,99787,6265136,276899,36.0373276898797,99.6422379668694,4,"Apr",2014
"4306",4306,2014-04-23,73.2139473578569,149364,149462,6265136,276899,53.9770818962871,99.9344314942929,4,"Apr",2014
"4307",4307,2014-04-24,74.5299168696507,178834,178996,6265136,276899,64.6430647998007,99.9094951842499,4,"Apr",2014
"4308",4308,2014-04-25,77.2681691548315,131945,132092,6265136,276899,47.7040364898393,99.8887139266572,4,"Apr",2014
"4309",4309,2014-04-26,76.5317014603823,178108,178241,6265136,276899,64.3704022044139,99.9253819267172,4,"Apr",2014
"4310",4310,2014-04-27,68.8342949175348,48927,49051,6265136,276899,17.7144012798891,99.7472018919084,4,"Apr",2014
"4311",4311,2014-04-28,73.3837944621595,93087,93141,6265136,276899,33.6371745654553,99.9420233839018,4,"Apr",2014
"4312",4312,2014-04-29,73.842277486911,45328,45840,6265136,276899,16.5547726788468,98.8830715532286,4,"Apr",2014
"4313",4313,2014-04-30,74.9295599780902,27276,27385,6265136,276899,9.889887648565,99.6019718824174,4,"Apr",2014
"4314",4314,2014-05-01,76.5103875968992,3190,3225,6265136,276899,1.1646845961885,98.9147286821705,5,"May",2014
"4315",4315,2014-05-02,74.9938215773449,78470,78499,6265136,276899,28.3493259275043,99.9630568542274,5,"May",2014
"4316",4316,2014-05-03,72.7486506553959,140011,140068,6265136,276899,50.5845091531569,99.9593054801953,5,"May",2014
"4317",4317,2014-05-04,75.5228618133917,188946,189027,6265136,276899,68.2656853220849,99.9571489787173,5,"May",2014
"4318",4318,2014-05-05,77.9287627768462,143489,143717,6265136,276899,51.9023181737746,99.8413548849475,5,"May",2014
"4319",4319,2014-05-06,71.1410322271311,29095,29199,6265136,276899,10.5450001625141,99.6438234186102,5,"May",2014
"4320",4320,2014-05-07,76.1047285375813,39525,39674,6265136,276899,14.3279679594365,99.6244391793114,5,"May",2014
"4321",4321,2014-05-08,74.1805628914208,92504,92771,6265136,276899,33.5035518365902,99.7121945435535,5,"May",2014
"4322",4322,2014-05-09,74.5167186881787,113693,113735,6265136,276899,41.0745434255812,99.9630720534576,5,"May",2014
"4323",4323,2014-05-10,72.0905751696124,45990,46282,6265136,276899,16.714397668464,99.3690851735016,5,"May",2014
"4324",4324,2014-05-11,72.6698159150677,51306,51335,6265136,276899,18.5392507737478,99.9435083276517,5,"May",2014
"4325",4325,2014-05-12,71.9249218630889,104620,104944,6265136,276899,37.89973961625,99.6912639121817,5,"May",2014
"4326",4326,2014-05-13,73.0437301696786,28780,28996,6265136,276899,10.4716882328936,99.2550696647813,5,"May",2014
"4327",4327,2014-05-14,72.7909940850983,26173,26205,6265136,276899,9.46373948623867,99.8778858996375,5,"May",2014
"4328",4328,2014-05-15,72.5721821341863,147813,147869,6265136,276899,53.4017818771465,99.9621286408916,5,"May",2014
"4329",4329,2014-05-16,72.446404544775,46671,46823,6265136,276899,16.9097757666153,99.6753732140187,5,"May",2014
"4330",4330,2014-05-17,76.9472187031237,128429,128663,6265136,276899,46.4656788215198,99.8181295321887,5,"May",2014
"4331",4331,2014-05-18,76.7807797318617,171658,171777,6265136,276899,62.0359770168906,99.9307241365258,5,"May",2014
"4332",4332,2014-05-19,72.9505052994824,40497,40570,6265136,276899,14.6515516487961,99.8200640867636,5,"May",2014
"4333",4333,2014-05-20,73.2556690842995,56286,56667,6265136,276899,20.4648626394462,99.3276510138176,5,"May",2014
"4334",4334,2014-05-21,73.3605972870087,36745,37302,6265136,276899,13.4713379246584,98.5067824781513,5,"May",2014
"4335",4335,2014-05-22,76.8008897165322,96205,96660,6265136,276899,34.9080350597149,99.5292778812332,5,"May",2014
"4336",4336,2014-05-23,80.5832631905374,112673,112865,6265136,276899,40.7603494414931,99.8298852611527,5,"May",2014
"4337",4337,2014-05-24,78.646688834582,99443,99844,6265136,276899,36.0579128129751,99.5983734626017,5,"May",2014
"4338",4338,2014-05-25,79.6372622427699,198584,198995,6265136,276899,71.8655538662111,99.7934621472901,5,"May",2014
"4339",4339,2014-05-26,79.5113820876807,123919,124406,6265136,276899,44.9282951545509,99.6085397810395,5,"May",2014
"4340",4340,2014-05-27,73.3339925715113,20650,20731,6265136,276899,7.486845384057,99.6092807872269,5,"May",2014
"4341",4341,2014-05-28,79.6996563573883,30276,30555,6265136,276899,11.034709406679,99.0868924889543,5,"May",2014
"4342",4342,2014-05-29,75.9655616031667,9750,10105,6265136,276899,3.64934506805731,96.4868876793666,5,"May",2014
"4343",4343,2014-05-30,73.46110783736,9979,10182,6265136,276899,3.67715304136165,98.0062856020428,5,"May",2014
"4344",4344,2014-05-31,78.0270774448841,17604,17690,6265136,276899,6.38861100979057,99.5138496325608,5,"May",2014
"4345",4345,2014-06-01,78.0053509243793,70080,70642,6265136,276899,25.5118292229297,99.204439285411,6,"Jun",2014
"4346",4346,2014-06-02,73.4343040707778,18835,18989,6265136,276899,6.85773513085999,99.1890041603033,6,"Jun",2014
"4347",4347,2014-06-03,78.6365790424379,92606,94114,6265136,276899,33.9885662281193,98.3976879104065,6,"Jun",2014
"4348",4348,2014-06-04,80.5762958648806,176584,178568,6265136,276899,64.4884958053297,98.8889386676224,6,"Jun",2014
"4349",4349,2014-06-05,77.8635149356432,11651,12353,6265136,276899,4.46119343154002,94.3171699182385,6,"Jun",2014
"4350",4350,2014-06-06,85.0878543927196,27232,28570,6265136,276899,10.3178415234436,95.3167658382919,6,"Jun",2014
"4351",4351,2014-06-07,83.9169818913481,49095,49700,6265136,276899,17.9487827691685,98.7826961770624,6,"Jun",2014
"4352",4352,2014-06-08,84.6935693649935,83583,86881,6265136,276899,31.376422450063,96.204003176759,6,"Jun",2014
"4353",4353,2014-06-09,75.0557986870897,9869,10054,6265136,276899,3.63092680002456,98.1599363437438,6,"Jun",2014
"4354",4354,2014-06-10,68.6988146551724,7251,7424,6265136,276899,2.68112199755145,97.6697198275862,6,"Jun",2014
"4355",4355,2014-06-11,74.6683189504237,124291,128509,6265136,276899,46.4100628749111,96.7177396135679,6,"Jun",2014
"4356",4356,2014-06-12,75.1974262547405,59541,63021,6265136,276899,22.7595621508203,94.4780311324796,6,"Jun",2014
"4357",4357,2014-06-13,74.493865072728,68402,72943,6265136,276899,26.342818139466,93.774591119093,6,"Jun",2014
"4358",4358,2014-06-14,65.8968975609756,21799,25625,6265136,276899,9.25427683017996,85.0692682926829,6,"Jun",2014
"4359",4359,2014-06-15,69.3456388676358,61629,67964,6265136,276899,24.5446895799551,90.6788888234948,6,"Jun",2014
"4360",4360,2014-06-16,71.6117998608561,80520,87679,6265136,276899,31.664614173399,91.8349889939438,6,"Jun",2014
"4361",4361,2014-06-17,72.2823449216087,14279,14670,6265136,276899,5.29796062824351,97.33469665985,6,"Jun",2014
"4362",4362,2014-06-18,63.4447662936142,6858,7595,6265136,276899,2.74287736683773,90.2962475312706,6,"Jun",2014
"4363",4363,2014-06-19,64.2750647428783,9725,10812,6265136,276899,3.90467282294266,89.9463559008509,6,"Jun",2014
"4364",4364,2014-06-20,72.7114081814995,82092,88419,6265136,276899,31.931859631129,92.8442981712076,6,"Jun",2014
"4365",4365,2014-06-21,74.946720984529,174846,188029,6265136,276899,67.9052650966598,92.9888474650187,6,"Jun",2014
"4366",4366,2014-06-22,77.2025767369798,143920,157486,6265136,276899,56.8748894001062,91.385900968975,6,"Jun",2014
"4367",4367,2014-06-23,76.5268709749056,15954,18012,6265136,276899,6.5048988981542,88.5742838107928,6,"Jun",2014
"4368",4368,2014-06-24,78.131971131315,18882,21338,6265136,276899,7.70605888789775,88.4900178086044,6,"Jun",2014
"4369",4369,2014-06-25,83.2426041868371,88300,92958,6265136,276899,33.5710854860436,94.989134878117,6,"Jun",2014
"4370",4370,2014-06-26,80.0936169238518,40483,43678,6265136,276899,15.7739825712624,92.6851046293329,6,"Jun",2014
"4371",4371,2014-06-27,78.1183884762548,28659,31101,6265136,276899,11.2318932173825,92.1481624385068,6,"Jun",2014
"4372",4372,2014-06-28,79.6356867668066,21415,23101,6265136,276899,8.34275313381413,92.7016146487165,6,"Jun",2014
"4373",4373,2014-06-29,77.842993767663,46688,53431,6265136,276899,19.2962054756427,87.3799854017331,6,"Jun",2014
"4374",4374,2014-06-30,71.7618749129405,13792,14358,6265136,276899,5.18528416498434,96.0579467892464,6,"Jun",2014
"4375",4375,2014-07-01,69.9528301886792,16840,20458,6265136,276899,7.38825347870523,82.314986802229,7,"Jul",2014
"4376",4376,2014-07-02,75.6875367116997,35714,37454,6265136,276899,13.5262315862462,95.3543012762322,7,"Jul",2014
"4377",4377,2014-07-03,75.768115942029,2753,3243,6265136,276899,1.17118516137653,84.8905334566759,7,"Jul",2014
"4378",4378,2014-07-04,81.2424031007752,12024,12900,6265136,276899,4.65873838475401,93.2093023255814,7,"Jul",2014
"4379",4379,2014-07-05,77.5818883906328,74513,80280,6265136,276899,28.9925207386087,92.8163926258097,7,"Jul",2014
"4380",4380,2014-07-06,76.0973999018831,24376,26499,6265136,276899,9.5699153843098,91.9883769198838,7,"Jul",2014
"4381",4381,2014-07-07,73.3009886437693,58413,72119,6265136,276899,26.0452367108585,80.995299435655,7,"Jul",2014
"4382",4382,2014-07-08,73.0756746534324,141569,174497,6265136,276899,63.0182846453039,81.1297615431784,7,"Jul",2014
"4383",4383,2014-07-09,68.1292719167905,27038,32304,6265136,276899,11.6663476574491,83.698613174839,7,"Jul",2014
"4384",4384,2014-07-10,48.361310951239,2598,3753,6265136,276899,1.35536784170401,69.224620303757,7,"Jul",2014
"4385",4385,2014-07-11,41.8004628584331,8122,17716,6265136,276899,6.39800071506217,45.8455633325807,7,"Jul",2014
"4386",4386,2014-07-12,61.4464406779661,18183,26550,6265136,276899,9.58833365234255,68.4858757062147,7,"Jul",2014
"4387",4387,2014-07-13,57.6341361693254,43234,67137,6265136,276899,24.2460247238163,64.3966814126339,7,"Jul",2014
"4388",4388,2014-07-14,60.8887390983446,90015,132778,6265136,276899,47.9517802520052,67.7936103872629,7,"Jul",2014
"4389",4389,2014-07-15,65.6188654856755,140407,188768,6265136,276899,68.1721494118794,74.3807213086964,7,"Jul",2014
"4390",4390,2014-07-16,63.3883298423136,114057,160889,6265136,276899,58.1038573631541,70.8917328095768,7,"Jul",2014
"4391",4391,2014-07-17,73.1969019482593,20938,25048,6265136,276899,9.04589760165259,83.5915043117215,7,"Jul",2014
"4392",4392,2014-07-18,63.6314710042433,10078,14140,6265136,276899,5.10655509770711,71.2729844413013,7,"Jul",2014
"4393",4393,2014-07-19,68.3921700057099,31550,40281,6265136,276899,14.5471814632772,78.3247685012785,7,"Jul",2014
"4394",4394,2014-07-20,63.7005687984422,90316,129923,6265136,276899,46.9207183846818,69.5150204351808,7,"Jul",2014
"4395",4395,2014-07-21,62.6407934951848,49041,69364,6265136,276899,25.0502890945796,70.7009399688599,7,"Jul",2014
"4396",4396,2014-07-22,64.7136968420088,93842,131001,6265136,276899,47.3100300109426,71.6345676750559,7,"Jul",2014
"4397",4397,2014-07-23,51.1284997278829,9222,16537,6265136,276899,5.97221369524628,55.7658583781823,7,"Jul",2014
"4398",4398,2014-07-24,52.8575975333814,23312,40217,6265136,276899,14.5240683426087,57.9655369619813,7,"Jul",2014
"4399",4399,2014-07-25,69.5180630163667,49676,63666,6265136,276899,22.992499070058,78.025947915685,7,"Jul",2014
"4400",4400,2014-07-26,51.1318090114324,5277,8922,6265136,276899,3.22211347819963,59.1459314055145,7,"Jul",2014
"4401",4401,2014-07-27,30.5801997025706,3133,9414,6265136,276899,3.39979559333909,33.280220947525,7,"Jul",2014
"4402",4402,2014-07-28,53.9247105468503,30607,47417,6265136,276899,17.1242944178202,64.5485796233418,7,"Jul",2014
"4403",4403,2014-07-29,52.1490097096209,25522,43977,6265136,276899,15.8819641818858,58.0348818700684,7,"Jul",2014
"4404",4404,2014-07-30,50.0498660535364,27858,47407,6265136,276899,17.1206829927158,58.7634737486025,7,"Jul",2014
"4405",4405,2014-07-31,41.0522672662743,21133,45363,6265136,276899,16.382507701364,46.586425060071,7,"Jul",2014
"4406",4406,2014-08-01,61.5935841316162,35782,47289,6265136,276899,17.0780681764831,75.6666455200998,8,"Aug",2014
"4407",4407,2014-08-02,46.1451211932878,8040,16090,6265136,276899,5.8107829930769,49.9689247980112,8,"Aug",2014
"4408",4408,2014-08-03,42.4936996019716,23464,48489,6265136,276899,17.5114391890184,48.3903565757182,8,"Aug",2014
"4409",4409,2014-08-04,51.418330678324,76656,134965,6265136,276899,48.7415989223507,56.7969473567221,8,"Aug",2014
"4410",4410,2014-08-05,41.4162197667722,52253,111136,6265136,276899,40.1359340409319,47.0171681543334,8,"Aug",2014
"4411",4411,2014-08-06,52.4721030563029,97455,165036,6265136,276899,59.6015153539738,59.0507525630771,8,"Aug",2014
"4412",4412,2014-08-07,64.9679861804395,66080,89149,6265136,276899,32.1954936637547,74.1230972865652,8,"Aug",2014
"4413",4413,2014-08-08,60.7949286928537,52873,77061,6265136,276899,27.8300029974828,68.6118789011303,8,"Aug",2014
"4414",4414,2014-08-09,58.4568803604637,141334,216166,6265136,276899,78.0667319130802,65.3821600066616,8,"Aug",2014
"4415",4415,2014-08-10,55.7704628837974,57705,92399,6265136,276899,33.3692068227043,62.4519745884696,8,"Aug",2014
"4416",4416,2014-08-11,56.6993213800986,45313,69995,6265136,276899,25.2781700186711,64.7374812486606,8,"Aug",2014
"4417",4417,2014-08-12,41.3184256623604,25102,54804,6265136,276899,19.7920541424852,45.8032260418948,8,"Aug",2014
"4418",4418,2014-08-13,57.9950140230601,16923,25672,6265136,276899,9.27125052817092,65.9200685571829,8,"Aug",2014
"4419",4419,2014-08-14,50.3618398599628,51297,90833,6265136,276899,32.8036576513458,56.4739687118118,8,"Aug",2014
"4420",4420,2014-08-15,56.9646494435925,33276,50862,6265136,276899,18.3684303663068,65.4240887106288,8,"Aug",2014
"4421",4421,2014-08-16,55.753603395386,30077,47594,6265136,276899,17.1882166421692,63.1949405387234,8,"Aug",2014
"4422",4422,2014-08-17,41.8883682779388,41976,88998,6265136,276899,32.1409611446773,47.1651048338165,8,"Aug",2014
"4423",4423,2014-08-18,47.5973550928531,18388,31986,6265136,276899,11.5515043391273,57.4876508472457,8,"Aug",2014
"4424",4424,2014-08-19,57.2255554712975,44323,65935,6265136,276899,23.8119314262601,67.222264351255,8,"Aug",2014
"4425",4425,2014-08-20,52.4874642475371,108827,173065,6265136,276899,62.5011285703451,62.8821541039494,8,"Aug",2014
"4426",4426,2014-08-21,53.1042689190732,75379,122654,6265136,276899,44.2955734762495,61.4566178029253,8,"Aug",2014
"4427",4427,2014-08-22,49.3837004860896,59967,106359,6265136,276899,38.4107562685311,56.3816884325727,8,"Aug",2014
"4428",4428,2014-08-23,48.2293825931773,63413,116552,6265136,276899,42.0918818775077,54.4074747752076,8,"Aug",2014
"4429",4429,2014-08-24,55.0566440514819,80608,128822,6265136,276899,46.5231004806807,62.5731629690581,8,"Aug",2014
"4430",4430,2014-08-25,54.4429667277826,96796,148352,6265136,276899,53.576213709692,65.2475194132873,8,"Aug",2014
"4431",4431,2014-08-26,54.3883861623451,100004,156038,6265136,276899,56.3519550449803,64.0895166561991,8,"Aug",2014
"4432",4432,2014-08-27,50.3199990278757,23462,41147,6265136,276899,14.8599308773235,57.0199528519698,8,"Aug",2014
"4433",4433,2014-08-28,45.6435398230089,9476,19775,6265136,276899,7.14159314407058,47.9190897597977,8,"Aug",2014
"4434",4434,2014-08-29,57.6978396319804,32028,51519,6265136,276899,18.6057009956699,62.1673557328364,8,"Aug",2014
"4435",4435,2014-08-30,47.197897773213,25180,45761,6265136,276899,16.5262424205216,55.0250213063526,8,"Aug",2014
"4436",4436,2014-08-31,40.6864703553701,31311,65678,6265136,276899,23.7191178010755,47.6734979749688,8,"Aug",2014
"4437",4437,2014-09-01,46.3689131206865,59981,104179,6265136,276899,37.6234655957587,57.5749431267338,9,"Sep",2014
"4438",4438,2014-09-02,61.0406383982604,37065,48747,6265136,276899,17.6046139567135,76.0354483352822,9,"Sep",2014
"4439",4439,2014-09-03,51.0036146191262,13894,22409,6265136,276899,8.09284251658547,62.0018742469543,9,"Sep",2014
"4440",4440,2014-09-04,45.8552405109158,11911,22078,6265136,276899,7.97330434562783,53.9496331189419,9,"Sep",2014
"4441",4441,2014-09-05,57.7177367340956,12345,17055,6265136,276899,6.15928551565733,72.3834652594547,9,"Sep",2014
"4442",4442,2014-09-06,56.7047104096644,16680,20529,6265136,276899,7.4138945969469,81.2509133421014,9,"Sep",2014
"4443",4443,2014-09-07,53.4633526804425,53910,78737,6265136,276899,28.4352778449904,68.4684455846679,9,"Sep",2014
"4444",4444,2014-09-08,58.2077387946953,33846,47656,6265136,276899,17.2106074778168,71.0214873258352,9,"Sep",2014
"4445",4445,2014-09-09,60.3293487667676,13898,18488,6265136,276899,6.67680273312652,75.1730852444829,9,"Sep",2014
"4446",4446,2014-09-10,58.320504263997,18674,26970,6265136,276899,9.74001350672989,69.2398961809418,9,"Sep",2014
"4447",4447,2014-09-11,49.9847971851557,8746,15063,6265136,276899,5.43988963484881,58.0628028945097,9,"Sep",2014
"4448",4448,2014-09-12,59.448037986024,28184,33486,6265136,276899,12.0932181047963,84.1665173505345,9,"Sep",2014
"4449",4449,2014-09-13,56.8438323668951,12820,15176,6265136,276899,5.48069873852921,84.475487612019,9,"Sep",2014
"4450",4450,2014-09-14,50.9834263120836,45599,73852,6265136,276899,26.6710966814615,61.743757785842,9,"Sep",2014
"4451",4451,2014-09-15,58.4581054181987,136803,187387,6265136,276899,67.6734116049534,73.005598040419,9,"Sep",2014
"4452",4452,2014-09-16,51.9511731737437,14306,21054,6265136,276899,7.60349441493108,67.9490833095849,9,"Sep",2014
"4453",4453,2014-09-17,49.7786966930505,51462,87301,6265136,276899,31.5281023044504,58.9477783759636,9,"Sep",2014
"4454",4454,2014-09-18,48.7555426850458,25970,43165,6265136,276899,15.5887164634036,60.1644851152554,9,"Sep",2014
"4455",4455,2014-09-19,51.5124291719978,28101,43768,6265136,276899,15.8064853972026,64.2044416011698,9,"Sep",2014
"4456",4456,2014-09-20,62.9369666990549,50186,56605,6265136,276899,20.4424718037985,88.6600123663987,9,"Sep",2014
"4457",4457,2014-09-21,61.0932909495736,60958,71411,6265136,276899,25.7895478134627,85.3621991009788,9,"Sep",2014
"4458",4458,2014-09-22,62.8248291902893,38461,41274,6265136,276899,14.9057959761501,93.1845714008819,9,"Sep",2014
"4459",4459,2014-09-23,59.139746309364,19627,23099,6265136,276899,8.34203084879324,84.9690462790597,9,"Sep",2014
"4460",4460,2014-09-24,47.606096689688,7107,12597,6265136,276899,4.54931220408886,56.4181948082877,9,"Sep",2014
"4461",4461,2014-09-25,58.1215379760662,28371,41197,6265136,276899,14.8779880028458,68.8666650484259,9,"Sep",2014
"4462",4462,2014-09-26,57.3919034546686,42616,56098,6265136,276899,20.2593725510024,75.9670576491141,9,"Sep",2014
"4463",4463,2014-09-27,59.6008546884312,52373,68797,6265136,276899,24.8455212911567,76.1268659970638,9,"Sep",2014
"4464",4464,2014-09-28,67.0700039992349,50445,57511,6265136,276899,20.7696669182626,87.7136547790857,9,"Sep",2014
"4465",4465,2014-09-29,57.0137113445555,18163,23703,6265136,276899,8.56016092510265,76.6274311268616,9,"Sep",2014
"4466",4466,2014-09-30,60.9671622547242,18968,24819,6265136,276899,8.96319596676044,76.4253193118176,9,"Sep",2014
"4467",4467,2014-10-01,65.8576063059681,100286,111894,6265136,276899,40.40968006385,89.6258959372263,10,"Oct",2014
"4468",4468,2014-10-02,50.6242175273865,3076,5112,6265136,276899,1.84616051340019,60.1721439749609,10,"Oct",2014
"4469",4469,2014-10-03,68.7884098536436,128740,143622,6265136,276899,51.8680096352822,89.6380777318238,10,"Oct",2014
"4470",4470,2014-10-04,58.6629314938718,48338,67556,6265136,276899,24.3973434356932,71.5524897862514,10,"Oct",2014
"4471",4471,2014-10-05,48.529501139529,2911,3949,6265136,276899,1.42615177375144,73.714864522664,10,"Oct",2014
"4472",4472,2014-10-06,67.4046046679935,92648,110540,6265136,276899,39.920693104706,83.8140039804596,10,"Oct",2014
"4473",4473,2014-10-07,66.3669041450777,74363,86464,6265136,276899,31.225826023207,86.0045799407846,10,"Oct",2014
"4474",4474,2014-10-08,54.9365517241379,18230,23925,6265136,276899,8.64033456242168,76.19644723093,10,"Oct",2014
"4475",4475,2014-10-09,50.3087494273935,1234,2183,6265136,276899,0.788374100303721,56.5277141548328,10,"Oct",2014
"4476",4476,2014-10-10,63.0661266531663,36461,39999,6265136,276899,14.4453392753314,91.1547788694717,10,"Oct",2014
"4477",4477,2014-10-11,41.9888169511477,666,1699,6265136,276899,0.613581125247834,39.1995291347852,10,"Oct",2014
"4478",4478,2014-10-12,57.0458237867111,3575,4801,6265136,276899,1.73384519265147,74.4636534055405,10,"Oct",2014
"4479",4479,2014-10-13,64.1372750642674,1630,1945,6265136,276899,0.702422182817562,83.8046272493573,10,"Oct",2014
"4480",4480,2014-10-14,63.9026870007262,1065,1377,6265136,276899,0.497293236884207,77.3420479302832,10,"Oct",2014
"4481",4481,2014-10-15,57.1432360742706,250,377,6265136,276899,0.13615072643816,66.3129973474801,10,"Oct",2014
"4482",4482,2014-10-16,49.8530183727034,189,381,6265136,276899,0.137595296479944,49.6062992125984,10,"Oct",2014
"4483",4483,2014-10-17,62.2906666666667,973,1125,6265136,276899,0.406285324251803,86.4888888888889,10,"Oct",2014
"4484",4484,2014-10-18,64.078125,857,1024,6265136,276899,0.369809930696752,83.69140625,10,"Oct",2014
"4485",4485,2014-10-19,65.7229080932785,715,729,6265136,276899,0.263272890115168,98.079561042524,10,"Oct",2014
"4486",4486,2014-10-20,69.8185654008439,442,474,6265136,276899,0.171181549951426,93.2489451476793,10,"Oct",2014
"4487",4487,2014-10-21,NA,NA,0,6265136,276899,0,NA,10,"Oct",2014
"4488",4488,2014-10-22,53.4183673469388,287,490,6265136,276899,0.176959830118563,58.5714285714286,10,"Oct",2014
"4489",4489,2014-10-23,NA,NA,0,6265136,276899,0,NA,10,"Oct",2014
"4490",4490,2014-10-24,46.0714285714286,16,28,6265136,276899,0.0101119902924893,57.1428571428571,10,"Oct",2014
"4491",4491,2014-10-25,57.422131147541,522,732,6265136,276899,0.264356317646507,71.3114754098361,10,"Oct",2014
"4492",4492,2014-10-27,54.6631853785901,280,383,6265136,276899,0.138317581500836,73.1070496083551,10,"Oct",2014
"4493",4493,2014-10-28,38.7,3,110,6265136,276899,0.0397256761490652,2.72727272727273,10,"Oct",2014
"4494",4494,2014-10-29,64.475138121547,1192,1267,6265136,276899,0.457567560735142,94.0805051302289,10,"Oct",2014
"4495",4495,2014-10-30,57.8169642857143,156,224,6265136,276899,0.0808959223399146,69.6428571428571,10,"Oct",2014
"4496",4496,2014-10-31,NA,NA,0,6265136,276899,0,NA,10,"Oct",2014
"4497",4497,2014-11-01,NA,NA,0,6265136,276899,0,NA,11,"Nov",2014
"4498",4498,2014-11-02,NA,NA,0,6265136,276899,0,NA,11,"Nov",2014
"4499",4499,2014-11-03,NA,NA,0,6265136,276899,0,NA,11,"Nov",2014
"4500",4500,2014-11-04,NA,NA,0,6265136,276899,0,NA,11,"Nov",2014
"4501",4501,2014-11-05,NA,NA,0,6265136,276899,0,NA,11,"Nov",2014
"4502",4502,2014-11-06,NA,NA,0,6265136,276899,0,NA,11,"Nov",2014
"4503",4503,2014-11-07,NA,NA,0,6265136,276899,0,NA,11,"Nov",2014
"4504",4504,2014-11-08,NA,NA,0,6265136,276899,0,NA,11,"Nov",2014
"4505",4505,2014-11-09,NA,NA,0,6265136,276899,0,NA,11,"Nov",2014
"4506",4506,2014-11-10,NA,NA,0,6265136,276899,0,NA,11,"Nov",2014
"4507",4507,2014-11-11,NA,NA,0,6265136,276899,0,NA,11,"Nov",2014
"4508",4508,2014-11-12,NA,NA,0,6265136,276899,0,NA,11,"Nov",2014
"4509",4509,2014-11-13,NA,NA,0,6265136,276899,0,NA,11,"Nov",2014
"4510",4510,2014-11-14,NA,NA,0,6265136,276899,0,NA,11,"Nov",2014
"4511",4511,2014-11-15,NA,NA,0,6265136,276899,0,NA,11,"Nov",2014
"4512",4512,2014-11-16,NA,NA,0,6265136,276899,0,NA,11,"Nov",2014
"4513",4513,2014-11-17,NA,NA,0,6265136,276899,0,NA,11,"Nov",2014
"4514",4514,2014-11-18,NA,NA,0,6265136,276899,0,NA,11,"Nov",2014
"4515",4515,2014-11-19,NA,NA,0,6265136,276899,0,NA,11,"Nov",2014
"4516",4516,2014-11-20,NA,NA,0,6265136,276899,0,NA,11,"Nov",2014
"4517",4517,2014-11-21,NA,NA,0,6265136,276899,0,NA,11,"Nov",2014
"4518",4518,2014-11-22,NA,NA,0,6265136,276899,0,NA,11,"Nov",2014
"4519",4519,2014-11-23,NA,NA,0,6265136,276899,0,NA,11,"Nov",2014
"4520",4520,2014-11-24,NA,NA,0,6265136,276899,0,NA,11,"Nov",2014
"4521",4521,2014-11-26,NA,NA,0,6265136,276899,0,NA,11,"Nov",2014
"4522",4522,2015-01-17,NA,NA,0,6265136,276899,0,NA,1,"Jan",2015
"4523",4523,2015-01-18,NA,NA,0,6265136,276899,0,NA,1,"Jan",2015
"4524",4524,2015-01-20,NA,NA,0,6265136,276899,0,NA,1,"Jan",2015
"4525",4525,2015-01-21,NA,NA,0,6265136,276899,0,NA,1,"Jan",2015
"4526",4526,2015-01-22,NA,NA,0,6265136,276899,0,NA,1,"Jan",2015
"4527",4527,2015-01-23,NA,NA,0,6265136,276899,0,NA,1,"Jan",2015
"4528",4528,2015-01-24,NA,NA,0,6265136,276899,0,NA,1,"Jan",2015
"4529",4529,2015-01-25,NA,NA,0,6265136,276899,0,NA,1,"Jan",2015
"4530",4530,2015-01-26,NA,NA,0,6265136,276899,0,NA,1,"Jan",2015
"4531",4531,2015-01-27,NA,NA,0,6265136,276899,0,NA,1,"Jan",2015
"4532",4532,2015-01-28,NA,NA,0,6265136,276899,0,NA,1,"Jan",2015
"4533",4533,2015-01-29,NA,NA,0,6265136,276899,0,NA,1,"Jan",2015
"4534",4534,2015-01-30,NA,NA,0,6265136,276899,0,NA,1,"Jan",2015
"4535",4535,2015-01-31,NA,NA,0,6265136,276899,0,NA,1,"Jan",2015
"4536",4536,2015-02-01,NA,NA,0,6265136,276899,0,NA,2,"Feb",2015
"4537",4537,2015-02-02,NA,NA,0,6265136,276899,0,NA,2,"Feb",2015
"4538",4538,2015-02-03,NA,NA,0,6265136,276899,0,NA,2,"Feb",2015
"4539",4539,2015-02-04,NA,NA,0,6265136,276899,0,NA,2,"Feb",2015
"4540",4540,2015-02-05,NA,NA,0,6265136,276899,0,NA,2,"Feb",2015
"4541",4541,2015-02-06,NA,NA,0,6265136,276899,0,NA,2,"Feb",2015
"4542",4542,2015-02-07,NA,NA,0,6265136,276899,0,NA,2,"Feb",2015
"4543",4543,2015-02-08,NA,NA,0,6265136,276899,0,NA,2,"Feb",2015
"4544",4544,2015-02-09,NA,NA,0,6265136,276899,0,NA,2,"Feb",2015
"4545",4545,2015-02-10,NA,NA,0,6265136,276899,0,NA,2,"Feb",2015
"4546",4546,2015-02-11,NA,NA,0,6265136,276899,0,NA,2,"Feb",2015
"4547",4547,2015-02-12,55.2428571428571,261,350,6265136,276899,0.126399878656116,74.5714285714286,2,"Feb",2015
"4548",4548,2015-02-13,61.0827338129496,428,556,6265136,276899,0.200795235808002,76.9784172661871,2,"Feb",2015
"4549",4549,2015-02-14,NA,NA,0,6265136,276899,0,NA,2,"Feb",2015
"4550",4550,2015-02-15,NA,NA,0,6265136,276899,0,NA,2,"Feb",2015
"4551",4551,2015-02-16,68.8096357226792,665,851,6265136,276899,0.307332276389586,78.1433607520564,2,"Feb",2015
"4552",4552,2015-02-17,56.9026128266033,252,421,6265136,276899,0.152040996897786,59.8574821852732,2,"Feb",2015
"4553",4553,2015-02-18,NA,NA,0,6265136,276899,0,NA,2,"Feb",2015
"4554",4554,2015-02-19,NA,NA,0,6265136,276899,0,NA,2,"Feb",2015
"4555",4555,2015-02-20,48.7171717171717,102,198,6265136,276899,0.0715062170683173,51.5151515151515,2,"Feb",2015
"4556",4556,2015-02-21,46.4473684210526,97,228,6265136,276899,0.0823404923816987,42.5438596491228,2,"Feb",2015
"4557",4557,2015-02-22,52.0385756676558,226,337,6265136,276899,0.121705026020318,67.0623145400593,2,"Feb",2015
"4558",4558,2015-02-23,64.8882978723404,502,564,6265136,276899,0.203684375891571,89.0070921985816,2,"Feb",2015
"4559",4559,2015-02-24,25.8947368421053,7,133,6265136,276899,0.0480319538893243,5.26315789473684,2,"Feb",2015
"4560",4560,2015-02-25,44.5,3,6,6265136,276899,0.00216685506267628,50,2,"Feb",2015
"4561",4561,2015-02-26,62.8978723404255,204,235,6265136,276899,0.0848684899548211,86.8085106382979,2,"Feb",2015
"4562",4562,2015-02-27,50.1060070671378,214,283,6265136,276899,0.102203330456231,75.6183745583039,2,"Feb",2015
"4563",4563,2015-02-28,57.9627434377646,1644,2362,6265136,276899,0.853018609673563,69.6020321761219,2,"Feb",2015
"4564",4564,2015-03-01,73.8656957928803,1089,1236,6265136,276899,0.446372142911314,88.1067961165049,3,"Mar",2015
"4565",4565,2015-03-02,NA,NA,0,6265136,276899,0,NA,3,"Mar",2015
"4566",4566,2015-03-03,56.3328813559322,3072,4425,6265136,276899,1.59805560872376,69.4237288135593,3,"Mar",2015
"4567",4567,2015-03-04,68.8423741826172,35208,37773,6265136,276899,13.6414360470785,93.2094353109364,3,"Mar",2015
"4568",4568,2015-03-05,68.1930648092065,61258,66040,6265136,276899,23.849851389857,92.7589339794064,3,"Mar",2015
"4569",4569,2015-03-06,52.7719548425431,4027,8415,6265136,276899,3.03901422540349,47.8550207961973,3,"Mar",2015
"4570",4570,2015-03-07,54.5416793480099,21467,29571,6265136,276899,10.6793451764001,72.5947719049068,3,"Mar",2015
"4571",4571,2015-03-08,61.3447608884146,48623,59972,6265136,276899,21.6584386364703,81.0761688788101,3,"Mar",2015
"4572",4572,2015-03-09,61.8843807380205,68885,84415,6265136,276899,30.4858450193031,81.6027957116626,3,"Mar",2015
"4573",4573,2015-03-10,60.3582269185264,39764,49022,6265136,276899,17.7039281470861,81.1146016074416,3,"Mar",2015
"4574",4574,2015-03-11,65.4181767779957,88844,97399,6265136,276899,35.1749193749345,91.2165422642943,3,"Mar",2015
"4575",4575,2015-03-12,55.0772138228942,16136,24076,6265136,276899,8.69486708149903,67.0210998504735,3,"Mar",2015
"4576",4576,2015-03-13,56.1551231702963,17148,22408,6265136,276899,8.09248137407502,76.526240628347,3,"Mar",2015
"4577",4577,2015-03-14,60.5090859369659,60289,73135,6265136,276899,26.4121575014717,82.4352225336706,3,"Mar",2015
"4578",4578,2015-03-15,65.385691936197,55015,58806,6265136,276899,21.2373464692902,93.5533789069143,3,"Mar",2015
"4579",4579,2015-03-16,62.3336642599278,57102,66480,6265136,276899,24.0087540944532,85.8935018050542,3,"Mar",2015
"4580",4580,2015-03-17,69.7490352660475,77377,82147,6265136,276899,29.6667738056114,94.1933363360804,3,"Mar",2015
"4581",4581,2015-03-18,54.3159253375695,6738,10072,6265136,276899,3.63742736521259,66.8983320095314,3,"Mar",2015
"4582",4582,2015-03-19,67.596355643789,109739,112832,6265136,276899,40.7484317386484,97.2587563811685,3,"Mar",2015
"4583",4583,2015-03-20,68.9323069937215,112773,114517,6265136,276899,41.35695686875,98.4770820052918,3,"Mar",2015
"4584",4584,2015-03-21,68.8597383523268,146413,147068,6265136,276899,53.1125067262792,99.5546277912258,3,"Mar",2015
"4585",4585,2015-03-22,62.2831354460294,68890,70242,6265136,276899,25.3673722187512,98.0752256484724,3,"Mar",2015
"4586",4586,2015-03-23,71.6114074829297,138612,139277,6265136,276899,50.2988454273941,99.5225342303467,3,"Mar",2015
"4587",4587,2015-03-24,71.9408275286489,155230,155765,6265136,276899,56.2533631396285,99.6565338811671,3,"Mar",2015
"4588",4588,2015-03-25,65.8433997234562,101469,101973,6265136,276899,36.8267852177148,99.5057515224618,3,"Mar",2015
"4589",4589,2015-03-26,57.4722296395194,13666,14980,6265136,276899,5.40991480648179,91.2283044058745,3,"Mar",2015
"4590",4590,2015-03-27,65.0958675285061,27205,27538,6265136,276899,9.94514245266325,98.790761856344,3,"Mar",2015
"4591",4591,2015-03-28,63.0526503786255,26662,27996,6265136,276899,10.1105457224475,95.2350335762252,3,"Mar",2015
"4592",4592,2015-03-29,69.6654119615224,104829,105204,6265136,276899,37.9936366689659,99.6435496749173,3,"Mar",2015
"4593",4593,2015-03-30,62.3312572985597,35254,35966,6265136,276899,12.9888515307025,98.020352555191,3,"Mar",2015
"4594",4594,2015-03-31,59.4845012878586,10806,11259,6265136,276899,4.06610352511204,95.97655209166,3,"Mar",2015
"4595",4595,2015-04-01,70.6133468865992,64271,64929,6265136,276899,23.4486220607514,98.9865853470714,4,"Apr",2015
"4596",4596,2015-04-02,70.5364296025775,104189,104599,6265136,276899,37.7751454501461,99.6080268453809,4,"Apr",2015
"4597",4597,2015-04-03,73.2139713411136,186422,186539,6265136,276899,67.3671627560952,99.9372785315671,4,"Apr",2015
"4598",4598,2015-04-04,68.3601151239439,53498,53855,6265136,276899,19.4493299000719,99.3371089035373,4,"Apr",2015
"4599",4599,2015-04-05,72.6681775119351,53513,53833,6265136,276899,19.4413847648421,99.4055690747311,4,"Apr",2015
"4600",4600,2015-04-06,70.4094939046915,21557,21656,6265136,276899,7.8209022062196,99.5428518655338,4,"Apr",2015
"4601",4601,2015-04-07,77.0082165658681,106256,106979,6265136,276899,38.6346646250077,99.3241664251862,4,"Apr",2015
"4602",4602,2015-04-08,77.9429822820319,75259,75573,6265136,276899,27.2926229419391,99.584507694547,4,"Apr",2015
"4603",4603,2015-04-09,73.5695536393609,46902,47316,6265136,276899,17.0878190242652,99.1250317017499,4,"Apr",2015
"4604",4604,2015-04-10,66.4168444146505,47766,49227,6265136,276899,17.7779623617276,97.0321165214212,4,"Apr",2015
"4605",4605,2015-04-11,70.4415442923539,85841,86279,6265136,276899,31.1590146587745,99.4923446029741,4,"Apr",2015
"4606",4606,2015-04-12,70.6378858639936,52524,52674,6265136,276899,19.0228205952351,99.7152295250028,4,"Apr",2015
"4607",4607,2015-04-13,61.3583662714097,526,759,6265136,276899,0.27410716542855,69.3017127799736,4,"Apr",2015
"4608",4608,2015-04-14,74.1895013365287,107808,108490,6265136,276899,39.1803509582916,99.3713706332381,4,"Apr",2015
"4609",4609,2015-04-15,71.9349886096062,50037,52237,6265136,276899,18.8650013181702,95.7884258284358,4,"Apr",2015
"4610",4610,2015-04-16,71.9836894436217,44414,47270,6265136,276899,17.0712064687846,93.9581129680559,4,"Apr",2015
"4611",4611,2015-04-17,74.266379987978,107713,108135,6265136,276899,39.0521453670833,99.609747075415,4,"Apr",2015
"4612",4612,2015-04-18,62.7857713828937,26031,27522,6265136,276899,9.93936417249611,94.5825158055374,4,"Apr",2015
"4613",4613,2015-04-19,72.1261214557766,94285,94520,6265136,276899,34.1351900873604,99.751375370292,4,"Apr",2015
"4614",4614,2015-04-20,72.4466914420034,75711,76151,6265136,276899,27.5013633129769,99.4222006277002,4,"Apr",2015
"4615",4615,2015-04-21,70.9186616283372,89047,89183,6265136,276899,32.2077725091098,99.8475045692565,4,"Apr",2015
"4616",4616,2015-04-22,69.7763090399716,50139,50686,6265136,276899,18.3048692844683,98.9208065343487,4,"Apr",2015
"4617",4617,2015-04-23,74.3181517277903,37549,37765,6265136,276899,13.638546906995,99.4280418376804,4,"Apr",2015
"4618",4618,2015-04-24,65.9845139856393,18582,18662,6265136,276899,6.73964152994413,99.571321401779,4,"Apr",2015
"4619",4619,2015-04-25,74.804766788521,158404,158933,6265136,276899,57.3974626127216,99.6671553421882,4,"Apr",2015
"4620",4620,2015-04-26,76.497692025625,92623,92722,6265136,276899,33.4858558535784,99.8932292228382,4,"Apr",2015
"4621",4621,2015-04-27,71.0993553280243,51784,52740,6265136,276899,19.0466560009245,98.1873340917709,4,"Apr",2015
"4622",4622,2015-04-28,72.7500309018029,56424,56631,6265136,276899,20.4518615090701,99.634475817132,4,"Apr",2015
"4623",4623,2015-04-29,75.1177544576679,118846,119401,6265136,276899,43.1207768897685,99.5351797723637,4,"Apr",2015
"4624",4624,2015-04-30,75.8032594883415,130557,130634,6265136,276899,47.1774907096089,99.9410566927446,4,"Apr",2015
"4625",4625,2015-05-01,73.7047213024058,122805,122911,6265136,276899,44.3883871014341,99.913758735996,5,"May",2015
"4626",4626,2015-05-02,71.0591684047146,164821,164936,6265136,276899,59.5654011029292,99.9302759858369,5,"May",2015
"4627",4627,2015-05-03,76.1264070833118,193008,193130,6265136,276899,69.7474530424451,99.9368301144307,5,"May",2015
"4628",4628,2015-05-04,75.0468045657338,86078,86295,6265136,276899,31.1647929389416,99.7485369951909,5,"May",2015
"4629",4629,2015-05-05,70.5157497303128,37040,37080,6265136,276899,13.3911642873394,99.8921251348436,5,"May",2015
"4630",4630,2015-05-06,65.6201177581015,22037,22249,6265136,276899,8.0350597149141,99.0471481864353,5,"May",2015
"4631",4631,2015-05-07,74.5160594757549,97669,97855,6265136,276899,35.3396003596979,99.8099228450258,5,"May",2015
"4632",4632,2015-05-08,74.539037301256,105281,105412,6265136,276899,38.0687543111387,99.8757257238265,5,"May",2015
"4633",4633,2015-05-09,72.0126463548742,61766,61836,6265136,276899,22.3316082759418,99.8867973348858,5,"May",2015
"4634",4634,2015-05-10,72.000703064391,41212,41248,6265136,276899,14.8964062708786,99.9127230411171,5,"May",2015
"4635",4635,2015-05-11,73.9780241800815,44864,44913,6265136,276899,16.2199935716633,99.8909001848017,5,"May",2015
"4636",4636,2015-05-12,75.1633187855251,105977,106087,6265136,276899,38.3125255056898,99.8963115179051,5,"May",2015
"4637",4637,2015-05-13,77.6551056808417,138359,138483,6265136,276899,50.0120982740999,99.9104583234043,5,"May",2015
"4638",4638,2015-05-14,75.8213432706972,69459,69502,6265136,276899,25.1001267610212,99.9381312767978,5,"May",2015
"4639",4639,2015-05-15,75.8133220195163,68268,68353,6265136,276899,24.6851740165187,99.8756455459161,5,"May",2015
"4640",4640,2015-05-16,73.4374921525133,23802,23893,6265136,276899,8.6287780020874,99.6191353115975,5,"May",2015
"4641",4641,2015-05-17,75.6511861009021,5901,5986,6265136,276899,2.16179906753004,98.5800200467758,5,"May",2015
"4642",4642,2015-05-18,79.367708429936,21364,21566,6265136,276899,7.78839938027945,99.0633404432904,5,"May",2015
"4643",4643,2015-05-19,75.4532710280374,59947,60134,6265136,276899,21.7169437231626,99.6890278378288,5,"May",2015
"4644",4644,2015-05-20,75.023103899632,80738,80982,6265136,276899,29.2460427809418,99.6986984762046,5,"May",2015
"4645",4645,2015-05-21,67.3054151624549,1184,1385,6265136,276899,0.500182376967775,85.4873646209386,5,"May",2015
"4646",4646,2015-05-22,67.8287614297589,8171,8421,6265136,276899,3.04118108046616,97.0312314451965,5,"May",2015
"4647",4647,2015-05-23,81.9041502574977,32911,33010,6265136,276899,11.921314269824,99.700090881551,5,"May",2015
"4648",4648,2015-05-24,78.5141651683362,209771,210234,6265136,276899,75.9244345411143,99.7797692095475,5,"May",2015
"4649",4649,2015-05-25,81.4540444771008,168473,168761,6265136,276899,60.9467712053854,99.8293444575465,5,"May",2015
"4650",4650,2015-05-26,78.2846566138659,91900,91981,6265136,276899,33.2182492533379,99.9119383350909,5,"May",2015
"4651",4651,2015-05-27,82.3044231473975,89522,90049,6265136,276899,32.5205219231561,99.4147630734378,5,"May",2015
"4652",4652,2015-05-28,81.1613032180692,84418,85051,6265136,276899,30.7155316559468,99.2557406732431,5,"May",2015
"4653",4653,2015-05-29,81.6229001221747,51918,52384,6265136,276899,18.9180892672057,99.1104153940134,5,"May",2015
"4654",4654,2015-05-30,82.7088115726432,154565,155954,6265136,276899,56.3216190741028,99.1093527578645,5,"May",2015
"4655",4655,2015-05-31,80.8703791193897,127610,129115,6265136,276899,46.6289152362414,98.8343724586609,5,"May",2015
"4656",4656,2015-06-01,82.3830631155531,87657,89249,6265136,276899,32.2316079147993,98.2162265123419,6,"Jun",2015
"4657",4657,2015-06-02,81.0819072192091,37030,37982,6265136,276899,13.7169148317618,97.493549576115,6,"Jun",2015
"4658",4658,2015-06-03,72.0112983216737,29622,30447,6265136,276899,10.9957060155508,97.2903734358065,6,"Jun",2015
"4659",4659,2015-06-04,72.4067450980392,18431,19125,6265136,276899,6.90685051228065,96.3712418300654,6,"Jun",2015
"4660",4660,2015-06-05,75.3619930123044,25278,26332,6265136,276899,9.50960458506531,95.9972656843384,6,"Jun",2015
"4661",4661,2015-06-06,75.5212299870186,35897,36976,6265136,276899,13.353605466253,97.081890956296,6,"Jun",2015
"4662",4662,2015-06-07,76.5577748125632,164717,167123,6265136,276899,60.3552197732747,98.5603417841949,6,"Jun",2015
"4663",4663,2015-06-08,79.8307907639303,118830,120744,6265136,276899,43.6057912812975,98.4148280659909,6,"Jun",2015
"4664",4664,2015-06-09,75.7511354079058,22852,23780,6265136,276899,8.587968898407,96.0975609756098,6,"Jun",2015
"4665",4665,2015-06-10,73.9853347502657,27295,28230,6265136,276899,10.1950530698919,96.6879206517889,6,"Jun",2015
"4666",4666,2015-06-11,62.6257839721254,2536,2870,6265136,276899,1.03647900498016,88.3623693379791,6,"Jun",2015
"4667",4667,2015-06-12,68.2128005028021,15928,19093,6265136,276899,6.89529395194638,83.423244120882,6,"Jun",2015
"4668",4668,2015-06-13,70.8833488737302,18188,20377,6265136,276899,7.3590009353591,89.2574961966924,6,"Jun",2015
"4669",4669,2015-06-14,74.0647532729104,27415,29790,6265136,276899,10.7584353861877,92.0275260154414,6,"Jun",2015
"4670",4670,2015-06-15,76.6467301283203,44845,50109,6265136,276899,18.096490055941,89.4949011155681,6,"Jun",2015
"4671",4671,2015-06-16,82.4507500496722,38356,40264,6265136,276899,14.5410420405996,95.2612755811643,6,"Jun",2015
"4672",4672,2015-06-17,80.8212891147366,35472,37390,6265136,276899,13.5031184655777,94.8702861727735,6,"Jun",2015
"4673",4673,2015-06-18,62.2949331572867,4606,6059,6265136,276899,2.1881624707926,76.0191450734445,6,"Jun",2015
"4674",4674,2015-06-19,78.6983687408872,100340,102191,6265136,276899,36.905514284992,98.188685892104,6,"Jun",2015
"4675",4675,2015-06-20,84.4802900735181,125201,130036,6265136,276899,46.9615274883622,96.2817988864622,6,"Jun",2015
"4676",4676,2015-06-21,82.8498537536562,101736,107695,6265136,276899,38.893242662487,94.4667811876132,6,"Jun",2015
"4677",4677,2015-06-22,76.968777169188,80407,92016,6265136,276899,33.2308892412035,87.3837158754999,6,"Jun",2015
"4678",4678,2015-06-23,68.4691870629371,7308,9152,6265136,276899,3.30517625560222,79.8513986013986,6,"Jun",2015
"4679",4679,2015-06-24,75.8874060150376,9394,10640,6265136,276899,3.84255631114594,88.2894736842105,6,"Jun",2015
"4680",4680,2015-06-25,54.5162162162162,5364,8510,6265136,276899,3.07332276389586,63.0317273795535,6,"Jun",2015
"4681",4681,2015-06-26,55.8476331360947,4052,6084,6265136,276899,2.19719103355375,66.6009204470743,6,"Jun",2015
"4682",4682,2015-06-27,67.8073241781107,18804,19224,6265136,276899,6.94260362081481,97.8152309612984,6,"Jun",2015
"4683",4683,2015-06-28,59.1780821917808,6320,8687,6265136,276899,3.13724498824481,72.7523886266836,6,"Jun",2015
"4684",4684,2015-06-29,38.0319133362612,3377,6831,6265136,276899,2.46696448885695,49.4363929146538,6,"Jun",2015
"4685",4685,2015-06-30,69.9121140142518,47904,56835,6265136,276899,20.5255345812011,84.2860913169702,6,"Jun",2015
"4686",4686,2015-07-01,76.1453189010411,47347,53214,6265136,276899,19.217837550876,88.9747059044612,7,"Jul",2015
"4687",4687,2015-07-02,69.5504891535517,20501,23510,6265136,276899,8.49046042058657,87.2011909825606,7,"Jul",2015
"4688",4688,2015-07-03,69.0050840276797,12337,14162,6265136,276899,5.11450023293692,87.1134020618557,7,"Jul",2015
"4689",4689,2015-07-04,65.3195119727726,49427,65816,6265136,276899,23.768955467517,75.0987601798955,7,"Jul",2015
"4690",4690,2015-07-05,76.3400989450233,111028,122088,6265136,276899,44.091166815337,90.9409606185702,7,"Jul",2015
"4691",4691,2015-07-06,67.618778828085,110021,140488,6265136,276899,50.7361890075443,78.3134502590969,7,"Jul",2015
"4692",4692,2015-07-07,60.7987574457183,11357,15613,6265136,276899,5.63851801559413,72.7406648305899,7,"Jul",2015
"4693",4693,2015-07-08,62.7788322261625,14200,20021,6265136,276899,7.23043420164031,70.9255281953948,7,"Jul",2015
"4694",4694,2015-07-09,70.7923747827298,155090,193883,6265136,276899,70.019393352811,79.9915412903658,7,"Jul",2015
"4695",4695,2015-07-10,75.0163755590111,143369,165918,6265136,276899,59.9200430481872,86.4095517062645,7,"Jul",2015
"4696",4696,2015-07-11,76.152712129203,172390,200986,6265136,276899,72.5845886045092,85.7721433333665,7,"Jul",2015
"4697",4697,2015-07-12,77.659652341549,187699,214751,6265136,276899,77.5557152607991,87.403085433828,7,"Jul",2015
"4698",4698,2015-07-13,78.2736550495558,114094,132477,6265136,276899,47.843076356361,86.1236290072994,7,"Jul",2015
"4699",4699,2015-07-14,72.0094358508949,61913,74927,6265136,276899,27.059324880191,82.6310942650847,7,"Jul",2015
"4700",4700,2015-07-15,62.8974496057156,58487,82301,6265136,276899,29.7223897522201,71.0647501245428,7,"Jul",2015
"4701",4701,2015-07-16,52.1518999188869,21033,32054,6265136,276899,11.5760620298376,65.6173956448493,7,"Jul",2015
"4702",4702,2015-07-17,62.3062475023312,42383,60056,6265136,276899,21.6887746073478,70.5724656986812,7,"Jul",2015
"4703",4703,2015-07-18,45.3666005599627,8891,17144,6265136,276899,6.19142719908703,51.8607092860476,7,"Jul",2015
"4704",4704,2015-07-19,71.1769308993502,62658,80636,6265136,276899,29.1210874723275,77.7047472592887,7,"Jul",2015
"4705",4705,2015-07-20,63.8304091776641,138240,195954,6265136,276899,70.7673194919447,70.5471692335956,7,"Jul",2015
"4706",4706,2015-07-21,65.2294049764137,37404,49393,6265136,276899,17.8379120184616,75.7273297835726,7,"Jul",2015
"4707",4707,2015-07-22,62.3590351718222,13956,19817,6265136,276899,7.15676112950932,70.4243831054145,7,"Jul",2015
"4708",4708,2015-07-23,59.5870086289549,10013,12516,6265136,276899,4.52005966074273,80.0015979546181,7,"Jul",2015
"4709",4709,2015-07-24,47.6669004585919,11973,18535,6265136,276899,6.69377643111748,64.5967089290532,7,"Jul",2015
"4710",4710,2015-07-25,68.1382574448974,34710,43419,6265136,276899,15.6804466610569,79.9419608926968,7,"Jul",2015
"4711",4711,2015-07-26,75.4245728586482,88664,106288,6265136,276899,38.3851151502895,83.4186361583622,7,"Jul",2015
"4712",4712,2015-07-27,49.4026284348865,30964,54405,6265136,276899,19.6479582808172,56.913886591306,7,"Jul",2015
"4713",4713,2015-07-28,71.3121048778865,13743,15027,6265136,276899,5.42688850447275,91.4553803154322,7,"Jul",2015
"4714",4714,2015-07-29,51.7271499541793,12094,20733,6265136,276899,7.48756766907789,58.332127526166,7,"Jul",2015
"4715",4715,2015-07-30,63.7394476144969,126412,179983,6265136,276899,64.9995124576109,70.2355222437675,7,"Jul",2015
"4716",4716,2015-07-31,63.6213544866467,152689,221368,6265136,276899,79.9453952524206,68.9751906327924,7,"Jul",2015
"4717",4717,2015-08-01,64.1054866604603,141623,200869,6265136,276899,72.542334930787,70.5051551010858,8,"Aug",2015
"4718",4718,2015-08-02,63.748372646829,132302,190647,6265136,276899,68.8507361890075,69.3963188510703,8,"Aug",2015
"4719",4719,2015-08-03,65.6041354285372,95280,133384,6265136,276899,48.1706326133355,71.4328555149043,8,"Aug",2015
"4720",4720,2015-08-04,62.6619320672664,39059,57027,6265136,276899,20.5948739432067,68.4921177687762,8,"Aug",2015
"4721",4721,2015-08-05,37.2306143001007,1693,4965,6265136,276899,1.79307256436462,34.098690835851,8,"Aug",2015
"4722",4722,2015-08-06,54.9309865092749,14541,23720,6265136,276899,8.56630034778024,61.3026981450253,8,"Aug",2015
"4723",4723,2015-08-07,52.6099095880623,21948,36389,6265136,276899,13.1416148126212,60.3149303360906,8,"Aug",2015
"4724",4724,2015-08-08,53.0221452259565,59007,101015,6265136,276899,36.4808106927075,58.4140969162996,8,"Aug",2015
"4725",4725,2015-08-09,56.1313695090439,11797,19350,6265136,276899,6.98810757713101,60.9664082687339,8,"Aug",2015
"4726",4726,2015-08-10,47.9166210908368,11126,20113,6265136,276899,7.26365931260135,55.317456371501,8,"Aug",2015
"4727",4727,2015-08-11,56.892642702746,22422,37473,6265136,276899,13.5330932939447,59.8350812585061,8,"Aug",2015
"4728",4728,2015-08-12,61.6511303775241,62085,91120,6265136,276899,32.9073055518438,68.1354258121159,8,"Aug",2015
"4729",4729,2015-08-13,64.4880451513597,103770,146175,6265136,276899,52.7900064644509,70.99025141098,8,"Aug",2015
"4730",4730,2015-08-14,66.9002633789562,115935,158327,6265136,276899,57.1786102513913,73.2250342645285,8,"Aug",2015
"4731",4731,2015-08-15,65.8069335598193,63792,77709,6265136,276899,28.0640233442519,82.0908775045362,8,"Aug",2015
"4732",4732,2015-08-16,58.9024820320521,33242,44802,6265136,276899,16.1799067530038,74.1975804651578,8,"Aug",2015
"4733",4733,2015-08-17,35.7648284313725,2966,8160,6265136,276899,2.94692288523974,36.3480392156863,8,"Aug",2015
"4734",4734,2015-08-18,63.5438292654067,62157,92963,6265136,276899,33.5728911985959,66.862084915504,8,"Aug",2015
"4735",4735,2015-08-19,53.872481379851,29100,51020,6265136,276899,18.4254908829573,57.0364562916503,8,"Aug",2015
"4736",4736,2015-08-20,42.7170352510808,24893,48112,6265136,276899,17.3752884625802,51.7396907216495,8,"Aug",2015
"4737",4737,2015-08-21,46.422951567992,57587,109535,6265136,276899,39.5577448817078,52.5740630848587,8,"Aug",2015
"4738",4738,2015-08-22,50.1919233259169,77602,134387,6265136,276899,48.5328585513129,57.7451688035301,8,"Aug",2015
"4739",4739,2015-08-23,44.3191209945719,6673,11422,6265136,276899,4.12496975431475,58.4223428471371,8,"Aug",2015
"4740",4740,2015-08-24,56.6832654466181,13038,17431,6265136,276899,6.29507509958505,74.7977740806609,8,"Aug",2015
"4741",4741,2015-08-25,57.4116778562929,92368,136138,6265136,276899,49.165219087104,67.848800481864,8,"Aug",2015
"4742",4742,2015-08-26,56.6397149460709,101528,155760,6265136,276899,56.2515574270763,65.1823317925013,8,"Aug",2015
"4743",4743,2015-08-27,58.630334522199,67781,97572,6265136,276899,35.2373970292417,69.4676751527077,8,"Aug",2015
"4744",4744,2015-08-28,51.7721301944245,64057,101479,6265136,276899,36.6483808175544,63.1234048423812,8,"Aug",2015
"4745",4745,2015-08-29,47.4213160875443,17048,27369,6265136,276899,9.88410936839786,62.2894515692937,8,"Aug",2015
"4746",4746,2015-08-30,56.3239374448228,46592,63432,6265136,276899,22.9079917226137,73.4518854836675,8,"Aug",2015
"4747",4747,2015-08-31,45.8237125070741,13313,21204,6265136,276899,7.65766579149798,62.7853235238634,8,"Aug",2015
"4748",4748,2015-09-01,55.7508192602054,68166,95513,6265136,276899,34.4938046002333,71.3682954152838,9,"Sep",2015
"4749",4749,2015-09-02,61.203431372549,37228,46512,6265136,276899,16.7974604458665,80.0395596835225,9,"Sep",2015
"4750",4750,2015-09-03,41.9917682926829,6506,13120,6265136,276899,4.73818973705214,49.5884146341463,9,"Sep",2015
"4751",4751,2015-09-04,67.1975680157219,15249,16283,6265136,276899,5.88048349759299,93.649818829454,9,"Sep",2015
"4752",4752,2015-09-05,48.384274952919,6482,10620,6265136,276899,3.83533346093702,61.0357815442561,9,"Sep",2015
"4753",4753,2015-09-06,50.8189300411523,6927,9963,6265136,276899,3.59806283157397,69.5272508280638,9,"Sep",2015
"4754",4754,2015-09-07,56.5418283220175,12609,16496,6265136,276899,5.95740685231799,76.4367119301649,9,"Sep",2015
"4755",4755,2015-09-08,62.6713886021622,56418,73628,6265136,276899,26.5902007591216,76.6257402075297,9,"Sep",2015
"4756",4756,2015-09-09,65.0640559665487,149185,186540,6265136,276899,67.3675238986056,79.9748043315107,9,"Sep",2015
"4757",4757,2015-09-10,55.6052062204192,19491,29580,6265136,276899,10.6825954589941,65.8924949290061,9,"Sep",2015
"4758",4758,2015-09-11,58.0360793544048,22494,29740,6265136,276899,10.7403782606654,75.635507733692,9,"Sep",2015
"4759",4759,2015-09-12,51.277932184547,5873,10794,6265136,276899,3.89817225775463,54.4098573281453,9,"Sep",2015
"4760",4760,2015-09-13,59.9436667515059,39504,58935,6265136,276899,21.2839338531378,67.0297785696106,9,"Sep",2015
"4761",4761,2015-09-14,53.1713787295476,11912,16624,6265136,276899,6.00363309365509,71.655437921078,9,"Sep",2015
"4762",4762,2015-09-15,56.9417650058006,92285,135331,6265136,276899,48.873777081174,68.1920624247216,9,"Sep",2015
"4763",4763,2015-09-16,62.739990877762,61203,78928,6265136,276899,28.5042560644856,77.5428238394486,9,"Sep",2015
"4764",4764,2015-09-17,57.5551736543248,137728,205696,6265136,276899,74.2855698287101,66.9570628500311,9,"Sep",2015
"4765",4765,2015-09-18,58.6406809504477,149817,219223,6265136,276899,79.1707445675138,68.3400008210817,9,"Sep",2015
"4766",4766,2015-09-19,49.6754366668133,27009,45458,6265136,276899,16.4168162398564,59.4152844383827,9,"Sep",2015
"4767",4767,2015-09-20,47.1312588921015,22279,43578,6265136,276899,15.7378683202178,51.1244205791913,9,"Sep",2015
"4768",4768,2015-09-21,51.7996352482799,15248,24126,6265136,276899,8.71292420702133,63.2015253253751,9,"Sep",2015
"4769",4769,2015-09-22,45.8990815412186,4401,8928,6265136,276899,3.22428033326231,49.2943548387097,9,"Sep",2015
"4770",4770,2015-09-23,45.9144557348171,20406,46549,6265136,276899,16.810822718753,43.8376764269909,9,"Sep",2015
"4771",4771,2015-09-24,44.7859128194699,13654,29502,6265136,276899,10.6544263431793,46.2816080265745,9,"Sep",2015
"4772",4772,2015-09-25,56.6938563151035,58413,91297,6265136,276899,32.9712277761928,63.9812918277709,9,"Sep",2015
"4773",4773,2015-09-26,50.507622925992,51689,89139,6265136,276899,32.1918822386502,57.9869641795398,9,"Sep",2015
"4774",4774,2015-09-27,50.1330808820453,27757,47798,6265136,276899,17.2618897143002,58.0714674254153,9,"Sep",2015
"4775",4775,2015-09-28,59.8663847595798,47630,68817,6265136,276899,24.8527441413656,69.2125492247555,9,"Sep",2015
"4776",4776,2015-09-29,49.3717870876341,2502,4941,6265136,276899,1.78440514411392,50.6375227686703,9,"Sep",2015
"4777",4777,2015-09-30,52.860265927074,14422,24518,6265136,276899,8.85449207111618,58.8220898931397,9,"Sep",2015
"4778",4778,2015-10-01,59.3854873734959,56051,73219,6265136,276899,26.4424934723491,76.5525341782871,10,"Oct",2015
"4779",4779,2015-10-02,61.7574342747194,90286,109661,6265136,276899,39.603248838024,82.3319138070964,10,"Oct",2015
"4780",4780,2015-10-03,58.6043636463875,56822,72554,6265136,276899,26.2023337029025,78.3168398709926,10,"Oct",2015
"4781",4781,2015-10-04,65.651042966908,125554,144204,6265136,276899,52.0781945763618,87.06693295609,10,"Oct",2015
"4782",4782,2015-10-05,68.3155469625239,153202,166026,6265136,276899,59.9590464393154,92.2759085926301,10,"Oct",2015
"4783",4783,2015-10-06,58.652399893041,48756,59836,6265136,276899,21.6093232550497,81.4827194331172,10,"Oct",2015
"4784",4784,2015-10-07,64.7752568355287,54463,62102,6265136,276899,22.4276721837204,87.6992689446395,10,"Oct",2015
"4785",4785,2015-10-08,69.9168942645338,81378,92268,6265136,276899,33.3218971538359,88.1974248927039,10,"Oct",2015
"4786",4786,2015-10-09,69.5797273154678,46544,53175,6265136,276899,19.2037529929686,87.529854254819,10,"Oct",2015
"4787",4787,2015-10-10,50.1224379719525,6439,11124,6265136,276899,4.01734928620183,57.8838547285149,10,"Oct",2015
"4788",4788,2015-10-11,57.5454976865583,11707,16858,6265136,276899,6.08814044109946,69.4447739945427,10,"Oct",2015
"4789",4789,2015-10-12,61.6802171290712,13480,16580,6265136,276899,5.98774282319546,81.3027744270205,10,"Oct",2015
"4790",4790,2015-10-13,63.1114155251142,3379,4380,6265136,276899,1.58180419575369,77.1461187214612,10,"Oct",2015
"4791",4791,2015-10-14,47.962,231,500,6265136,276899,0.180571255223024,46.2,10,"Oct",2015
"4792",4792,2015-10-15,31.5346687211094,373,1298,6265136,276899,0.468762978558969,28.7365177195686,10,"Oct",2015
"4793",4793,2015-10-16,43.7249357326478,319,778,6265136,276899,0.280968873127025,41.0025706940874,10,"Oct",2015
"4794",4794,2015-10-17,50.5299145299145,74,117,6265136,276899,0.0422536737221875,63.2478632478632,10,"Oct",2015
"4795",4795,2015-10-18,39.9510791366906,237,695,6265136,276899,0.250994044760003,34.1007194244604,10,"Oct",2015
"4796",4796,2015-10-19,34.1436426116839,405,1455,6265136,276899,0.525462352698999,27.8350515463918,10,"Oct",2015
"4797",4797,2015-10-20,52.8411214953271,230,428,6265136,276899,0.154568994470908,53.7383177570093,10,"Oct",2015
"4798",4798,2015-10-21,55.8537886872999,708,937,6265136,276899,0.338390532287946,75.5602988260406,10,"Oct",2015
"4799",4799,2015-10-22,54.3305954825462,345,487,6265136,276899,0.175876402587225,70.8418891170431,10,"Oct",2015
"4800",4800,2015-10-23,46.9450549450549,117,364,6265136,276899,0.131455873802361,32.1428571428571,10,"Oct",2015
"4801",4801,2015-10-24,46.7604562737643,65,263,6265136,276899,0.0949804802473104,24.7148288973384,10,"Oct",2015
"4802",4802,2015-10-25,45.4251207729469,103,207,6265136,276899,0.0747564996623317,49.7584541062802,10,"Oct",2015
"4803",4803,2015-10-26,70.4971209213052,426,521,6265136,276899,0.188155247942391,81.7658349328215,10,"Oct",2015
"4804",4804,2015-10-27,60.1538461538462,469,611,6265136,276899,0.220658073882535,76.759410801964,10,"Oct",2015
"4805",4805,2015-10-28,70.9654643131236,1251,1303,6265136,276899,0.470568691111199,96.0092095165004,10,"Oct",2015
"4806",4806,2015-10-29,63.640873015873,438,504,6265136,276899,0.182015825264808,86.9047619047619,10,"Oct",2015
"4807",4807,2015-10-30,63.5120711562897,577,787,6265136,276899,0.284219155721039,73.3163913595934,10,"Oct",2015
"4808",4808,2015-10-31,NA,NA,0,6265136,276899,0,NA,10,"Oct",2015
"4809",4809,2015-11-01,NA,NA,0,6265136,276899,0,NA,11,"Nov",2015
"4810",4810,2015-11-02,NA,NA,0,6265136,276899,0,NA,11,"Nov",2015
"4811",4811,2015-11-03,NA,NA,0,6265136,276899,0,NA,11,"Nov",2015
"4812",4812,2015-11-04,NA,NA,0,6265136,276899,0,NA,11,"Nov",2015
"4813",4813,2015-11-05,NA,NA,0,6265136,276899,0,NA,11,"Nov",2015
"4814",4814,2015-11-06,NA,NA,0,6265136,276899,0,NA,11,"Nov",2015
"4815",4815,2015-11-07,NA,NA,0,6265136,276899,0,NA,11,"Nov",2015
"4816",4816,2015-11-08,NA,NA,0,6265136,276899,0,NA,11,"Nov",2015
"4817",4817,2015-11-09,NA,NA,0,6265136,276899,0,NA,11,"Nov",2015
"4818",4818,2015-11-10,NA,NA,0,6265136,276899,0,NA,11,"Nov",2015
"4819",4819,2015-11-11,NA,NA,0,6265136,276899,0,NA,11,"Nov",2015
"4820",4820,2015-11-12,NA,NA,0,6265136,276899,0,NA,11,"Nov",2015
"4821",4821,2015-11-13,NA,NA,0,6265136,276899,0,NA,11,"Nov",2015
"4822",4822,2015-11-14,NA,NA,0,6265136,276899,0,NA,11,"Nov",2015
"4823",4823,2015-11-15,NA,NA,0,6265136,276899,0,NA,11,"Nov",2015
"4824",4824,2015-11-16,NA,NA,0,6265136,276899,0,NA,11,"Nov",2015
"4825",4825,2015-11-17,NA,NA,0,6265136,276899,0,NA,11,"Nov",2015
"4826",4826,2015-11-18,NA,NA,0,6265136,276899,0,NA,11,"Nov",2015
"4827",4827,2015-11-19,NA,NA,0,6265136,276899,0,NA,11,"Nov",2015
"4828",4828,2015-11-20,NA,NA,0,6265136,276899,0,NA,11,"Nov",2015
"4829",4829,2015-11-21,NA,NA,0,6265136,276899,0,NA,11,"Nov",2015
"4830",4830,2015-11-22,NA,NA,0,6265136,276899,0,NA,11,"Nov",2015
"4831",4831,2015-11-23,NA,NA,0,6265136,276899,0,NA,11,"Nov",2015
"4832",4832,2015-11-24,NA,NA,0,6265136,276899,0,NA,11,"Nov",2015
"4833",4833,2015-11-25,NA,NA,0,6265136,276899,0,NA,11,"Nov",2015
"4834",4834,2016-01-16,NA,NA,0,6265136,276899,0,NA,1,"Jan",2016
"4835",4835,2016-01-18,NA,NA,0,6265136,276899,0,NA,1,"Jan",2016
"4836",4836,2016-01-19,NA,NA,0,6265136,276899,0,NA,1,"Jan",2016
"4837",4837,2016-01-20,NA,NA,0,6265136,276899,0,NA,1,"Jan",2016
"4838",4838,2016-01-21,NA,NA,0,6265136,276899,0,NA,1,"Jan",2016
"4839",4839,2016-01-22,NA,NA,0,6265136,276899,0,NA,1,"Jan",2016
"4840",4840,2016-01-23,NA,NA,0,6265136,276899,0,NA,1,"Jan",2016
"4841",4841,2016-01-24,NA,NA,0,6265136,276899,0,NA,1,"Jan",2016
"4842",4842,2016-01-25,NA,NA,0,6265136,276899,0,NA,1,"Jan",2016
"4843",4843,2016-01-26,NA,NA,0,6265136,276899,0,NA,1,"Jan",2016
"4844",4844,2016-01-27,NA,NA,0,6265136,276899,0,NA,1,"Jan",2016
"4845",4845,2016-01-28,NA,NA,0,6265136,276899,0,NA,1,"Jan",2016
"4846",4846,2016-01-29,NA,NA,0,6265136,276899,0,NA,1,"Jan",2016
"4847",4847,2016-01-30,NA,NA,0,6265136,276899,0,NA,1,"Jan",2016
"4848",4848,2016-01-31,NA,NA,0,6265136,276899,0,NA,1,"Jan",2016
"4849",4849,2016-02-01,NA,NA,0,6265136,276899,0,NA,2,"Feb",2016
"4850",4850,2016-02-02,NA,NA,0,6265136,276899,0,NA,2,"Feb",2016
"4851",4851,2016-02-03,NA,NA,0,6265136,276899,0,NA,2,"Feb",2016
"4852",4852,2016-02-04,NA,NA,0,6265136,276899,0,NA,2,"Feb",2016
"4853",4853,2016-02-05,NA,NA,0,6265136,276899,0,NA,2,"Feb",2016
"4854",4854,2016-02-06,NA,NA,0,6265136,276899,0,NA,2,"Feb",2016
"4855",4855,2016-02-07,NA,NA,0,6265136,276899,0,NA,2,"Feb",2016
"4856",4856,2016-02-08,NA,NA,0,6265136,276899,0,NA,2,"Feb",2016
"4857",4857,2016-02-09,NA,NA,0,6265136,276899,0,NA,2,"Feb",2016
"4858",4858,2016-02-10,NA,NA,0,6265136,276899,0,NA,2,"Feb",2016
"4859",4859,2016-02-11,NA,NA,0,6265136,276899,0,NA,2,"Feb",2016
"4860",4860,2016-02-12,NA,NA,0,6265136,276899,0,NA,2,"Feb",2016
"4861",4861,2016-02-13,60.6247288503254,359,461,6265136,276899,0.166486697315628,77.8741865509761,2,"Feb",2016
"4862",4862,2016-02-14,63.3308270676692,235,266,6265136,276899,0.0960639077786485,88.3458646616541,2,"Feb",2016
"4863",4863,2016-02-15,47.2901408450704,237,355,6265136,276899,0.128205591208347,66.7605633802817,2,"Feb",2016
"4864",4864,2016-02-16,60.3505154639175,156,194,6265136,276899,0.0700616470265331,80.4123711340206,2,"Feb",2016
"4865",4865,2016-02-17,58.5178571428571,388,448,6265136,276899,0.161791844679829,86.6071428571429,2,"Feb",2016
"4866",4866,2016-02-18,47.9520295202952,123,271,6265136,276899,0.0978696203308788,45.3874538745387,2,"Feb",2016
"4867",4867,2016-02-28,63.1591591591592,597,666,6265136,276899,0.240520911957067,89.6396396396396,2,"Feb",2016
"4868",4868,2016-02-29,55.9122632103689,836,1003,6265136,276899,0.362225937977385,83.3499501495513,2,"Feb",2016
"4869",4869,2016-03-01,61.1146307040928,11108,12754,6265136,276899,4.60601157822888,87.0942449427631,3,"Mar",2016
"4870",4870,2016-03-02,48.665,93,200,6265136,276899,0.0722285020892094,46.5,3,"Mar",2016
"4871",4871,2016-03-03,58.3225324027916,7002,8024,6265136,276899,2.89780750381908,87.2632103688933,3,"Mar",2016
"4872",4872,2016-03-04,61.8035101480537,24783,30597,6265136,276899,11.0498773921177,80.998137072262,3,"Mar",2016
"4873",4873,2016-03-05,66.1430652423413,42383,45308,6265136,276899,16.3626448632895,93.5441864571378,3,"Mar",2016
"4874",4874,2016-03-06,62.5513740050066,33259,35553,6265136,276899,12.8396996738883,93.5476612381515,3,"Mar",2016
"4875",4875,2016-03-07,63.1028726708075,66061,72128,6265136,276899,26.0484869934525,91.5885647737356,3,"Mar",2016
"4876",4876,2016-03-08,73.6472989486547,186982,189852,6265136,276899,68.5636278932029,98.488296146472,3,"Mar",2016
"4877",4877,2016-03-09,72.9587478385844,128716,133593,6265136,276899,48.2461113980188,96.3493596221359,3,"Mar",2016
"4878",4878,2016-03-10,67.3172210388334,94385,97648,6265136,276899,35.2648438600356,96.6584057021137,3,"Mar",2016
"4879",4879,2016-03-11,70.4102203112515,150517,157686,6265136,276899,56.9471179021954,95.4536230229697,3,"Mar",2016
"4880",4880,2016-03-12,70.4354782095923,131947,142448,6265136,276899,51.4440283280185,92.6281871279344,3,"Mar",2016
"4881",4881,2016-03-13,64.1668038737296,56051,66809,6265136,276899,24.12756998039,83.8973790956308,3,"Mar",2016
"4882",4882,2016-03-14,56.3186651256862,24963,34610,6265136,276899,12.4991422865377,72.1265530193586,3,"Mar",2016
"4883",4883,2016-03-15,54.4105893561998,27671,36735,6265136,276899,13.2665701212355,75.3259833945828,3,"Mar",2016
"4884",4884,2016-03-16,61.9849050576044,44679,50083,6265136,276899,18.0871003506694,89.2099115468323,3,"Mar",2016
"4885",4885,2016-03-17,62.1188208162038,64290,69811,6265136,276899,25.211719796749,92.0915042042085,3,"Mar",2016
"4886",4886,2016-03-18,69.4714486762248,110949,113690,6265136,276899,41.0582920126111,97.5890579646407,3,"Mar",2016
"4887",4887,2016-03-19,70.4848315435564,125473,128787,6265136,276899,46.5104604928151,97.426758912002,3,"Mar",2016
"4888",4888,2016-03-20,72.3454288757338,120249,121119,6265136,276899,43.7412197227148,99.281698164615,3,"Mar",2016
"4889",4889,2016-03-21,70.0733963212804,93160,95468,6265136,276899,34.4775531872632,97.5824359994972,3,"Mar",2016
"4890",4890,2016-03-22,67.2251982693403,116061,117643,6265136,276899,42.4858883564043,98.6552536062494,3,"Mar",2016
"4891",4891,2016-03-23,65.9772018847409,108506,110360,6265136,276899,39.8556874528258,98.3200434940196,3,"Mar",2016
"4892",4892,2016-03-24,68.6021259890077,165086,165570,6265136,276899,59.794365454552,99.7076765114453,3,"Mar",2016
"4893",4893,2016-03-25,72.9200446825833,157808,158451,6265136,276899,57.2233919226866,99.5941963130558,3,"Mar",2016
"4894",4894,2016-03-26,72.0125458385432,93985,95171,6265136,276899,34.3702938616607,98.7538220676467,3,"Mar",2016
"4895",4895,2016-03-27,57.910477322242,4425,5049,6265136,276899,1.82340853524209,87.6411170528818,3,"Mar",2016
"4896",4896,2016-03-28,59.7758956386293,18725,20544,6265136,276899,7.41931173460359,91.1458333333333,3,"Mar",2016
"4897",4897,2016-03-29,69.7407231359128,93078,94671,6265136,276899,34.1897226064377,98.3173305447286,3,"Mar",2016
"4898",4898,2016-03-30,68.5396923739999,73044,74246,6265136,276899,26.8133868305772,98.3810575653907,3,"Mar",2016
"4899",4899,2016-03-31,71.6761266679721,70287,71494,6265136,276899,25.8195226418297,98.3117464402607,3,"Mar",2016
"4900",4900,2016-04-01,72.017430656192,196310,196665,6265136,276899,71.0240918168719,99.8194899956779,4,"Apr",2016
"4901",4901,2016-04-02,72.5814914295087,97228,97544,6265136,276899,35.2272850389492,99.6760436315919,4,"Apr",2016
"4902",4902,2016-04-03,72.5816411620202,43835,44371,6265136,276899,16.0242543310016,98.7920037862568,4,"Apr",2016
"4903",4903,2016-04-04,74.3854587542088,47209,47520,6265136,276899,17.1614920963962,99.3455387205387,4,"Apr",2016
"4904",4904,2016-04-05,72.5757586770852,27411,27515,6265136,276899,9.93683617492299,99.6220243503544,4,"Apr",2016
"4905",4905,2016-04-06,72.2425565081839,70238,70565,6265136,276899,25.4840212496253,99.5365974633317,4,"Apr",2016
"4906",4906,2016-04-07,74.7100726844121,40382,40724,6265136,276899,14.7071675954048,99.1602003732443,4,"Apr",2016
"4907",4907,2016-04-08,66.8359020116807,12174,12328,6265136,276899,4.45216486877887,98.7508111615834,4,"Apr",2016
"4908",4908,2016-04-09,62.6903803131991,8896,8940,6265136,276899,3.22861404338766,99.5078299776286,4,"Apr",2016
"4909",4909,2016-04-10,69.5051108968177,20422,20740,6265136,276899,7.49009566665102,98.4667309546769,4,"Apr",2016
"4910",4910,2016-04-11,68.1830667200473,57087,57449,6265136,276899,20.747276082615,99.3698758899198,4,"Apr",2016
"4911",4911,2016-04-12,71.1123034040525,68776,69241,6265136,276899,25.0058685657947,99.3284325760749,4,"Apr",2016
"4912",4912,2016-04-13,73.9605166843354,157895,158472,6265136,276899,57.230975915406,99.6358978242213,4,"Apr",2016
"4913",4913,2016-04-14,74.2303133406637,143986,144603,6265136,276899,52.2222904380298,99.5733145232118,4,"Apr",2016
"4914",4914,2016-04-15,74.3866171003718,128203,128582,6265136,276899,46.4364262781736,99.7052464575135,4,"Apr",2016
"4915",4915,2016-04-16,74.3080919784974,133255,133379,6265136,276899,48.1688269007833,99.9070318415942,4,"Apr",2016
"4916",4916,2016-04-17,74.1048686473344,168490,168630,6265136,276899,60.8994615365169,99.9169779991698,4,"Apr",2016
"4917",4917,2016-04-18,75.7353342227629,203672,203876,6265136,276899,73.6282904596983,99.8999391787165,4,"Apr",2016
"4918",4918,2016-04-19,75.3394894771149,133070,133471,6265136,276899,48.2020520117444,99.6995602040893,4,"Apr",2016
"4919",4919,2016-04-20,76.2707762267679,125695,126226,6265136,276899,45.5855745235627,99.5793259708776,4,"Apr",2016
"4920",4920,2016-04-21,74.6824945324764,74442,74531,6265136,276899,26.9163124460543,99.8805866015483,4,"Apr",2016
"4921",4921,2016-04-22,64.4127971254837,21300,21708,6265136,276899,7.83968161676279,98.1205085682698,4,"Apr",2016
"4922",4922,2016-04-23,71.7510411846367,51744,51864,6265136,276899,18.7302951617738,99.7686256362795,4,"Apr",2016
"4923",4923,2016-04-24,72.3945859002762,65791,65902,6265136,276899,23.8000137234154,99.8315680859458,4,"Apr",2016
"4924",4924,2016-04-25,75.7699770780937,125468,125644,6265136,276899,45.3753895824831,99.8599216834867,4,"Apr",2016
"4925",4925,2016-04-26,73.9702071619522,126740,126809,6265136,276899,45.7961206071528,99.9455874583034,4,"Apr",2016
"4926",4926,2016-04-27,76.6824184438504,149145,149253,6265136,276899,53.9016031116039,99.9276396454343,4,"Apr",2016
"4927",4927,2016-04-28,78.5486962742009,213831,213887,6265136,276899,77.2436881317737,99.9738179506001,4,"Apr",2016
"4928",4928,2016-04-29,81.5238563597755,242835,242996,6265136,276899,87.7561854683477,99.9337437653295,4,"Apr",2016
"4929",4929,2016-04-30,82.3530068724745,227179,227429,6265136,276899,82.1342800082341,99.8900755840284,4,"Apr",2016
"4930",4930,2016-05-01,79.5842560027789,22400,23031,6265136,276899,8.31747315808291,97.2602144935087,5,"May",2016
"4931",4931,2016-05-02,77.3698416436098,32764,33974,6265136,276899,12.269455649894,96.438452934597,5,"May",2016
"4932",4932,2016-05-03,71.9227178986215,8994,9213,6265136,276899,3.32720594873943,97.6229241289482,5,"May",2016
"4933",4933,2016-05-04,79.7687946479193,79282,79371,6265136,276899,28.6642421966132,99.88786836502,5,"May",2016
"4934",4934,2016-05-05,74.7796694881096,61542,62025,6265136,276899,22.3998642104161,99.2212817412334,5,"May",2016
"4935",4935,2016-05-06,80.1026761715555,42238,42785,6265136,276899,15.4514823094341,98.7215145494916,5,"May",2016
"4936",4936,2016-05-07,82.9034997046663,40470,40632,6265136,276899,14.6739424844438,99.6012994683993,5,"May",2016
"4937",4937,2016-05-08,67.5344889635317,16023,16672,6265136,276899,6.0209679341565,96.107245681382,5,"May",2016
"4938",4938,2016-05-09,71.4928288822948,3933,4044,6265136,276899,1.46046031224381,97.2551928783383,5,"May",2016
"4939",4939,2016-05-10,73.5236120709514,12807,13023,6265136,276899,4.70315891353887,98.341395991707,5,"May",2016
"4940",4940,2016-05-11,69.1923133128745,6815,6843,6265136,276899,2.4712981989823,99.590822738565,5,"May",2016
"4941",4941,2016-05-12,65.3893942755713,4437,4507,6265136,276899,1.62766929458033,98.4468604393166,5,"May",2016
"4942",4942,2016-05-13,78.5602208048508,34550,34963,6265136,276899,12.6266255927251,98.8187512513228,5,"May",2016
"4943",4943,2016-05-14,69.4778004469057,9738,10293,6265136,276899,3.71723986002116,94.6079860099097,5,"May",2016
"4944",4944,2016-05-15,68.3726162260711,26352,27425,6265136,276899,9.90433334898284,96.0875113947128,5,"May",2016
"4945",4945,2016-05-16,73.4040387851591,11827,12479,6265136,276899,4.50669738785622,94.7752223735876,5,"May",2016
"4946",4946,2016-05-17,70.536535633106,28674,29916,6265136,276899,10.8039393425039,95.8483754512635,5,"May",2016
"4947",4947,2016-05-18,68.5859970393114,17261,18239,6265136,276899,6.58687824802545,94.637863917978,5,"May",2016
"4948",4948,2016-05-19,67.3026949395962,23245,23674,6265136,276899,8.54968779229972,98.1878854439469,5,"May",2016
"4949",4949,2016-05-20,69.0310313025552,17929,18433,6265136,276899,6.65693989505199,97.2657733412901,5,"May",2016
"4950",4950,2016-05-21,72.7473095555483,30078,30757,6265136,276899,11.1076601937891,97.7923724680561,5,"May",2016
"4951",4951,2016-05-22,76.3670231608143,131018,132681,6265136,276899,47.916749428492,98.7466178277221,5,"May",2016
"4952",4952,2016-05-23,78.0294322132097,34173,34520,6265136,276899,12.4666394605975,98.994785631518,5,"May",2016
"4953",4953,2016-05-24,78.5240513606746,50828,52180,6265136,276899,18.8444161950747,97.4089689536221,5,"May",2016
"4954",4954,2016-05-25,72.6952819653825,21163,21492,6265136,276899,7.76167483450644,98.4691978410571,5,"May",2016
"4955",4955,2016-05-26,77.720342975596,31673,31839,6265136,276899,11.4984163900917,99.4786268412953,5,"May",2016
"4956",4956,2016-05-27,83.1249108765151,42098,43479,6265136,276899,15.7021152116837,96.8237539961821,5,"May",2016
"4957",4957,2016-05-28,84.9447664156272,65974,67984,6265136,276899,24.5519124301641,97.0434219816427,5,"May",2016
"4958",4958,2016-05-29,80.208927538762,87277,91649,6265136,276899,33.0983499398698,95.2296260733887,5,"May",2016
"4959",4959,2016-05-30,79.6565100199226,23306,25599,6265136,276899,9.24488712490836,91.0426188522989,5,"May",2016
"4960",4960,2016-05-31,67.0999405116002,7906,8405,6265136,276899,3.03540280029903,94.0630577037478,5,"May",2016
"4961",4961,2016-06-01,76.5389520214368,48567,51127,6265136,276899,18.464133131575,94.9928609149764,6,"Jun",2016
"4962",4962,2016-06-02,71.7540557667934,14402,15780,6265136,276899,5.69882881483862,91.2674271229404,6,"Jun",2016
"4963",4963,2016-06-03,70.2768571033338,62426,72290,6265136,276899,26.1069920801447,86.3549591921428,6,"Jun",2016
"4964",4964,2016-06-04,72.6342404483483,82708,92785,6265136,276899,33.5086078317365,89.1394083095328,6,"Jun",2016
"4965",4965,2016-06-05,75.1407053980728,19886,21378,6265136,276899,7.7205045883156,93.0208625689962,6,"Jun",2016
"4966",4966,2016-06-06,77.305479627965,53778,54511,6265136,276899,19.6862393869245,98.6553172754123,6,"Jun",2016
"4967",4967,2016-06-07,68.5715773809524,11946,13440,6265136,276899,4.85375534039487,88.8839285714286,6,"Jun",2016
"4968",4968,2016-06-08,63.4909957333629,14480,18047,6265136,276899,6.51753888601981,80.2349420956392,6,"Jun",2016
"4969",4969,2016-06-09,59.9506739317465,5729,6974,6265136,276899,2.51860786785073,82.1479782047605,6,"Jun",2016
"4970",4970,2016-06-10,78.6281830963912,23355,25604,6265136,276899,9.24669283746059,91.2162162162162,6,"Jun",2016
"4971",4971,2016-06-11,65.9692262043533,40544,47183,6265136,276899,17.0397870703758,85.9292541805311,6,"Jun",2016
"4972",4972,2016-06-12,70.2886036561649,2252,2571,6265136,276899,0.928497394356787,87.5923765071957,6,"Jun",2016
"4973",4973,2016-06-13,73.3561896135266,60453,66240,6265136,276899,23.9220798919462,91.2635869565217,6,"Jun",2016
"4974",4974,2016-06-14,75.5219653179191,139907,155700,6265136,276899,56.2298888764495,89.8567758509955,6,"Jun",2016
"4975",4975,2016-06-15,55.4626038781163,488,722,6265136,276899,0.260744892542046,67.590027700831,6,"Jun",2016
"4976",4976,2016-06-16,73.6189570454906,10980,12618,6265136,276899,4.55689619680822,87.018544935806,6,"Jun",2016
"4977",4977,2016-06-17,75.742925257163,19846,22651,6265136,276899,8.18023900411341,87.6164407752417,6,"Jun",2016
"4978",4978,2016-06-18,69.1328423167057,12336,14935,6265136,276899,5.39366339351171,82.5979243388015,6,"Jun",2016
"4979",4979,2016-06-19,70.9444193742479,21359,26592,6265136,276899,9.60350163778129,80.3211492178099,6,"Jun",2016
"4980",4980,2016-06-20,78.2767106045647,157253,173199,6265136,276899,62.5495216667449,90.7932493836569,6,"Jun",2016
"4981",4981,2016-06-21,79.1103088648215,57358,64818,6265136,276899,23.4085352420919,88.4908513067358,6,"Jun",2016
"4982",4982,2016-06-22,70.5231542736174,3018,3779,6265136,276899,1.36475754697561,79.8623974596454,6,"Jun",2016
"4983",4983,2016-06-23,77.8767139934782,42700,49373,6265136,276899,17.8306891682527,86.4845158284893,6,"Jun",2016
"4984",4984,2016-06-24,81.2362781354152,97813,109515,6265136,276899,39.5505220314988,89.314705748071,6,"Jun",2016
"4985",4985,2016-06-25,80.4248451379334,139286,157721,6265136,276899,56.959757890061,88.311638906677,6,"Jun",2016
"4986",4986,2016-06-26,73.7444008541491,17778,20137,6265136,276899,7.27232673285205,88.2852460644585,6,"Jun",2016
"4987",4987,2016-06-27,78.134989907031,29995,35173,6265136,276899,12.7024655199188,85.2784806527734,6,"Jun",2016
"4988",4988,2016-06-28,72.8915760158054,100309,126033,6265136,276899,45.5158740190467,79.5894725984464,6,"Jun",2016
"4989",4989,2016-06-29,79.2356059351113,73026,84514,6265136,276899,30.5215981278372,86.4069858248338,6,"Jun",2016
"4990",4990,2016-06-30,81.758479613959,50699,57196,6265136,276899,20.6559070274721,88.6408140429401,6,"Jun",2016
"4991",4991,2016-07-01,72.7486065408636,94702,119128,6265136,276899,43.0221849844167,79.4960042978981,7,"Jul",2016
"4992",4992,2016-07-02,68.0734216081366,136431,182385,6265136,276899,65.8669767677023,74.8038490007402,7,"Jul",2016
"4993",4993,2016-07-03,54.6039263803681,8074,12225,6265136,276899,4.41496719020293,66.0449897750511,7,"Jul",2016
"4994",4994,2016-07-04,55.0387622149837,9546,12280,6265136,276899,4.43483002827746,77.7361563517915,7,"Jul",2016
"4995",4995,2016-07-05,59.0945095694992,66841,98699,6265136,276899,35.6444046385144,67.7220640533339,7,"Jul",2016
"4996",4996,2016-07-06,66.9468352966532,144651,190239,6265136,276899,68.7033900447456,76.0364594010692,7,"Jul",2016
"4997",4997,2016-07-07,45.1152881399537,16153,31096,6265136,276899,11.2300875048303,51.9455878569591,7,"Jul",2016
"4998",4998,2016-07-08,57.5121500306778,78225,123868,6265136,276899,44.734000483931,63.151903639358,7,"Jul",2016
"4999",4999,2016-07-09,66.0726123731484,163192,227234,6265136,276899,82.0638572186971,71.8167175686737,7,"Jul",2016
"5000",5000,2016-07-10,62.7104095865086,113440,163897,6265136,276899,59.1901740345758,69.2142016022258,7,"Jul",2016
"5001",5001,2016-07-11,51.7275706774186,24302,42411,6265136,276899,15.3164150105273,57.3011718657895,7,"Jul",2016
"5002",5002,2016-07-12,53.3854371661512,7435,10671,6265136,276899,3.85375172896977,69.6748196045357,7,"Jul",2016
"5003",5003,2016-07-13,66.5778488469955,8965,11882,6265136,276899,4.29109530911993,75.4502608988386,7,"Jul",2016
"5004",5004,2016-07-14,70.0098447622124,44616,58813,6265136,276899,21.2398744668634,75.8607790794552,7,"Jul",2016
"5005",5005,2016-07-15,55.1302996892854,6264,9977,6265136,276899,3.60311882672021,62.7844041294979,7,"Jul",2016
"5006",5006,2016-07-16,48.4476067270375,1205,2319,6265136,276899,0.837489481724383,51.9620526088831,7,"Jul",2016
"5007",5007,2016-07-17,27.4437067773167,1060,3615,6265136,276899,1.30553017526246,29.3222683264177,7,"Jul",2016
"5008",5008,2016-07-18,55.6611992945326,8426,11340,6265136,276899,4.09535606845817,74.3033509700176,7,"Jul",2016
"5009",5009,2016-07-19,53.3053269028538,16286,27577,6265136,276899,9.95922701057064,59.0564600935562,7,"Jul",2016
"5010",5010,2016-07-20,40.7557125051932,2152,4814,6265136,276899,1.73854004528727,44.7029497299543,7,"Jul",2016
"5011",5011,2016-07-21,48.8126454014372,10433,19343,6265136,276899,6.98557957955789,53.9368246911027,7,"Jul",2016
"5012",5012,2016-07-22,60.2094390779234,57368,85199,6265136,276899,30.7689807474928,67.3341236399488,7,"Jul",2016
"5013",5013,2016-07-23,67.0528866432732,81069,111427,6265136,276899,40.2410265114717,72.7552568049037,7,"Jul",2016
"5014",5014,2016-07-24,61.8737297704178,26043,37198,6265136,276899,13.4337791035721,70.0118285929351,7,"Jul",2016
"5015",5015,2016-07-25,48.9800572966832,43734,80982,6265136,276899,29.2460427809418,54.0045936133956,7,"Jul",2016
"5016",5016,2016-07-26,60.1841818676831,73562,110190,6265136,276899,39.7942932260499,66.7592340502768,7,"Jul",2016
"5017",5017,2016-07-27,54.5499728197562,77962,128770,6265136,276899,46.5043210701375,60.5436048769123,7,"Jul",2016
"5018",5018,2016-07-28,50.9675070028011,27548,46410,6265136,276899,16.760623909801,59.3578970049558,7,"Jul",2016
"5019",5019,2016-07-29,45.7004082804376,33875,62702,6265136,276899,22.644357689988,54.0253899397148,7,"Jul",2016
"5020",5020,2016-07-30,50.2072257710008,49979,87354,6265136,276899,31.547242857504,57.2143233280674,7,"Jul",2016
"5021",5021,2016-07-31,49.8629753694581,14382,25375,6265136,276899,9.16399120256845,56.6778325123153,7,"Jul",2016
"5022",5022,2016-08-01,41.5987256295695,18006,39392,6265136,276899,14.2261257714907,45.709788789602,8,"Aug",2016
"5023",5023,2016-08-02,54.430873254246,122455,205427,6265136,276899,74.1884224934001,59.6099831083548,8,"Aug",2016
"5024",5024,2016-08-03,56.5830529595016,118449,192600,6265136,276899,69.5560475119087,61.5,8,"Aug",2016
"5025",5025,2016-08-04,58.6020934929314,129641,203010,6265136,276899,73.315541045652,63.8594157923255,8,"Aug",2016
"5026",5026,2016-08-05,66.8238126933166,56299,76623,6265136,276899,27.6718225779075,73.4753272516085,8,"Aug",2016
"5027",5027,2016-08-06,35.0874107907508,13224,35030,6265136,276899,12.650822140925,37.7504995717956,8,"Aug",2016
"5028",5028,2016-08-07,59.583797038574,8655,10603,6265136,276899,3.82919403825944,81.6278411770254,8,"Aug",2016
"5029",5029,2016-08-08,44.7956246401842,28061,50373,6265136,276899,18.1918316786987,55.7064300319616,8,"Aug",2016
"5030",5030,2016-08-09,49.961349522662,44580,75523,6265136,276899,27.2745658164168,59.0283754617799,8,"Aug",2016
"5031",5031,2016-08-10,54.5593544008191,56216,86927,6265136,276899,31.3930350055435,64.6703555857214,8,"Aug",2016
"5032",5032,2016-08-11,37.9762969403387,22008,48306,6265136,276899,17.4453501096068,45.5595578189045,8,"Aug",2016
"5033",5033,2016-08-12,51.0717558610258,14327,22479,6265136,276899,8.11812249231669,63.735041594377,8,"Aug",2016
"5034",5034,2016-08-13,46.6905039240772,29168,52369,6265136,276899,18.912672129549,55.6970726956787,8,"Aug",2016
"5035",5035,2016-08-14,52.9981625753344,7837,13606,6265136,276899,4.91370499712892,57.5995884168749,8,"Aug",2016
"5036",5036,2016-08-15,52.690439516867,80959,131144,6265136,276899,47.3616733899364,61.7329042884158,8,"Aug",2016
"5037",5037,2016-08-16,59.0570395315908,104186,156786,6265136,276899,56.6220896427939,66.4510861939204,8,"Aug",2016
"5038",5038,2016-08-17,41.4227099236641,1498,4192,6265136,276899,1.51390940378983,35.7347328244275,8,"Aug",2016
"5039",5039,2016-08-18,57.5698684432451,17860,23716,6265136,276899,8.56485577773845,75.3078090740428,8,"Aug",2016
"5040",5040,2016-08-19,60.8526147784234,77501,120297,6265136,276899,43.4443605791281,64.4247154958145,8,"Aug",2016
"5041",5041,2016-08-20,42.1906345616602,24987,52619,6265136,276899,19.0029577571606,47.4866493091849,8,"Aug",2016
"5042",5042,2016-08-21,51.0202873349066,81886,144918,6265136,276899,52.3360503288203,56.5050580328186,8,"Aug",2016
"5043",5043,2016-08-22,51.7798727128083,58341,100560,6265136,276899,36.3164908504545,58.0161097852029,8,"Aug",2016
"5044",5044,2016-08-23,42.0408368973378,50733,106154,6265136,276899,38.3367220538897,47.7918872581344,8,"Aug",2016
"5045",5045,2016-08-24,45.9419522271066,20384,37762,6265136,276899,13.6374634794636,53.9801917271331,8,"Aug",2016
"5046",5046,2016-08-25,40.4055072559585,13763,30251,6265136,276899,10.9249220835034,45.4960166606063,8,"Aug",2016
"5047",5047,2016-08-26,51.1824636137735,39861,61974,6265136,276899,22.3814459423833,64.3189079291316,8,"Aug",2016
"5048",5048,2016-08-27,60.8442479778572,29332,37213,6265136,276899,13.4391962412288,78.821917071991,8,"Aug",2016
"5049",5049,2016-08-28,56.0535697620159,8335,10715,6265136,276899,3.86964199942939,77.7881474568362,8,"Aug",2016
"5050",5050,2016-08-29,41.3156114718615,6827,14784,6265136,276899,5.33913087443436,46.1783008658009,8,"Aug",2016
"5051",5051,2016-08-30,50.4831847037485,17444,26464,6265136,276899,9.55727539644419,65.915961305925,8,"Aug",2016
"5052",5052,2016-08-31,63.396723679918,70988,85828,6265136,276899,30.9961393865633,82.7096052570257,8,"Aug",2016
"5053",5053,2016-09-01,54.1374130695888,45454,67439,6265136,276899,24.355089761971,67.4001690416525,9,"Sep",2016
"5054",5054,2016-09-02,55.3601421254024,73076,98786,6265136,276899,35.6758240369232,73.9740449051485,9,"Sep",2016
"5055",5055,2016-09-03,59.1928291499087,88920,116611,6265136,276899,42.113189285624,76.2535266827315,9,"Sep",2016
"5056",5056,2016-09-04,61.9232056400238,92573,117730,6265136,276899,42.5173077548131,78.6316147116283,9,"Sep",2016
"5057",5057,2016-09-05,64.303768553188,147442,185615,6265136,276899,67.033467076443,79.4343129596207,9,"Sep",2016
"5058",5058,2016-09-06,52.1071007199441,29390,41531,6265136,276899,14.9986096013348,70.766415448701,9,"Sep",2016
"5059",5059,2016-09-07,55.3002298505971,57472,80052,6265136,276899,28.910180246227,71.7933343326838,9,"Sep",2016
"5060",5060,2016-09-08,64.7544778798718,60193,75203,6265136,276899,27.1590002130741,80.0406898660958,9,"Sep",2016
"5061",5061,2016-09-09,67.6348078325574,148525,182367,6265136,276899,65.8604762025143,81.4429145623934,9,"Sep",2016
"5062",5062,2016-09-10,63.7246178741417,163900,210729,6265136,276899,76.1032000837851,77.7776195967332,9,"Sep",2016
"5063",5063,2016-09-11,66.2857166707013,98290,119797,6265136,276899,43.2637893239051,82.0471297277895,9,"Sep",2016
"5064",5064,2016-09-12,61.0474801854344,104728,147114,6265136,276899,53.1291192817598,71.188330138532,9,"Sep",2016
"5065",5065,2016-09-13,68.7987355110643,1590,1898,6265136,276899,0.685448484826597,83.7723919915701,9,"Sep",2016
"5066",5066,2016-09-14,44.7776827149931,17922,38571,6265136,276899,13.9296277704145,46.4649607217858,9,"Sep",2016
"5067",5067,2016-09-15,42.7299530323288,41704,87507,6265136,276899,31.6024976616022,47.657901653582,9,"Sep",2016
"5068",5068,2016-09-16,51.3955196474477,37376,62629,6265136,276899,22.6179942867255,59.6784237334142,9,"Sep",2016
"5069",5069,2016-09-17,60.9191946516211,16870,25877,6265136,276899,9.34528474281236,65.1930285581791,9,"Sep",2016
"5070",5070,2016-09-18,50.4907256069217,38144,66689,6265136,276899,24.0842328791364,57.1968390589153,9,"Sep",2016
"5071",5071,2016-09-19,51.9408983451537,20061,34686,6265136,276899,12.5265891173316,57.8360145303581,9,"Sep",2016
"5072",5072,2016-09-20,51.8947622107969,23154,37344,6265136,276899,13.4865059100972,62.0019280205656,9,"Sep",2016
"5073",5073,2016-09-21,62.4853154334622,82389,115904,6265136,276899,41.8578615307386,71.0838279955826,9,"Sep",2016
"5074",5074,2016-09-22,51.1872866740271,82262,138579,6265136,276899,50.0467679551028,59.3610864561008,9,"Sep",2016
"5075",5075,2016-09-23,45.1317318142638,12066,26683,6265136,276899,9.63636560623187,45.2198028707417,9,"Sep",2016
"5076",5076,2016-09-24,48.2684729947963,28602,55730,6265136,276899,20.1264721071582,51.3224475148035,9,"Sep",2016
"5077",5077,2016-09-25,49.0347154654093,44848,80166,6265136,276899,28.9513504924178,55.9439163735249,9,"Sep",2016
"5078",5078,2016-09-26,49.7602913800081,65452,123550,6265136,276899,44.6191571656091,52.9761230271145,9,"Sep",2016
"5079",5079,2016-09-27,62.6227603503639,71870,105262,6265136,276899,38.0145829345718,68.2772510497615,9,"Sep",2016
"5080",5080,2016-09-28,49.8391474735794,66738,124524,6265136,276899,44.9709099707836,53.5944878095789,9,"Sep",2016
"5081",5081,2016-09-29,52.0784515636918,15679,26220,6265136,276899,9.46915662389535,59.7978642257819,9,"Sep",2016
"5082",5082,2016-09-30,49.904164259833,22680,38086,6265136,276899,13.7544736528482,59.5494407393793,9,"Sep",2016
"5083",5083,2016-10-01,54.9880155093409,26650,39718,6265136,276899,14.3438582298961,67.0980411903923,10,"Oct",2016
"5084",5084,2016-10-02,51.0644566810249,27413,45038,6265136,276899,16.2651363854691,60.8663795017541,10,"Oct",2016
"5085",5085,2016-10-03,62.0858451721003,91660,112202,6265136,276899,40.5209119570674,81.6919484501168,10,"Oct",2016
"5086",5086,2016-10-04,63.4517591378229,58477,70148,6265136,276899,25.3334248227693,83.3623196669898,10,"Oct",2016
"5087",5087,2016-10-05,55.1928315102253,14877,23129,6265136,276899,8.35286512410662,64.3218470318647,10,"Oct",2016
"5088",5088,2016-10-06,59.4225844335423,76767,105586,6265136,276899,38.1315931079563,72.7056617354574,10,"Oct",2016
"5089",5089,2016-10-07,62.1238284296349,51821,70525,6265136,276899,25.4695755492075,73.4789081885856,10,"Oct",2016
"5090",5090,2016-10-08,54.1044928383911,44573,73517,6265136,276899,26.550113940462,60.6295142620074,10,"Oct",2016
"5091",5091,2016-10-09,51.4974977373157,22424,37566,6265136,276899,13.5666795474162,59.6922749294575,10,"Oct",2016
"5092",5092,2016-10-10,55.79014579121,12829,18794,6265136,276899,6.78731234132301,68.2611471746302,10,"Oct",2016
"5093",5093,2016-10-11,55.6629601640937,6453,9263,6265136,276899,3.34526307426173,69.6642556407212,10,"Oct",2016
"5094",5094,2016-10-12,56.4109663409338,2194,3684,6265136,276899,1.33044900848324,59.5548317046688,10,"Oct",2016
"5095",5095,2016-10-13,51.0156931124673,1218,2294,6265136,276899,0.828460918963232,53.0950305143854,10,"Oct",2016
"5096",5096,2016-10-14,37.1806282722513,140,382,6265136,276899,0.13795643899039,36.6492146596859,10,"Oct",2016
"5097",5097,2016-10-15,42.9762808349146,411,1054,6265136,276899,0.380644206010134,38.9943074003795,10,"Oct",2016
"5098",5098,2016-10-16,48.8367729831144,272,533,6265136,276899,0.192488958067743,51.031894934334,10,"Oct",2016
"5099",5099,2016-10-17,39.9527302363488,355,1227,6265136,276899,0.4431218603173,28.9323553382233,10,"Oct",2016
"5100",5100,2016-10-18,3.80547945205479,0,365,6265136,276899,0.131817016312807,0,10,"Oct",2016
"5101",5101,2016-10-19,16.5777777777778,0,90,6265136,276899,0.0325028259401442,0,10,"Oct",2016
"5102",5102,2016-10-20,61.0234113712375,457,598,6265136,276899,0.215963221246736,76.4214046822743,10,"Oct",2016
"5103",5103,2016-10-21,47.4954954954955,259,666,6265136,276899,0.240520911957067,38.8888888888889,10,"Oct",2016
"5104",5104,2016-10-22,56.5433526011561,267,346,6265136,276899,0.124955308614332,77.1676300578035,10,"Oct",2016
"5105",5105,2016-10-23,39.9701492537313,15,67,6265136,276899,0.0241965481998852,22.3880597014925,10,"Oct",2016
"5106",5106,2016-10-24,50.4,3,5,6265136,276899,0.00180571255223024,60,10,"Oct",2016
"5107",5107,2016-10-25,59.4370078740157,817,1016,6265136,276899,0.366920790613184,80.4133858267717,10,"Oct",2016
"5108",5108,2016-10-26,47.7563025210084,62,119,6265136,276899,0.0429759587430796,52.1008403361345,10,"Oct",2016
"5109",5109,2016-10-27,47.7159090909091,79,176,6265136,276899,0.0635610818385043,44.8863636363636,10,"Oct",2016
"5110",5110,2016-10-28,50.4702380952381,280,504,6265136,276899,0.182015825264808,55.5555555555556,10,"Oct",2016
"5111",5111,2016-10-29,50.9592850049652,594,1007,6265136,276899,0.363670508019169,58.987090367428,10,"Oct",2016
"5112",5112,2016-10-30,NA,NA,0,6265136,276899,0,NA,10,"Oct",2016
"5113",5113,2016-10-31,NA,NA,0,6265136,276899,0,NA,10,"Oct",2016
"5114",5114,2016-11-01,NA,NA,0,6265136,276899,0,NA,11,"Nov",2016
"5115",5115,2016-11-02,NA,NA,0,6265136,276899,0,NA,11,"Nov",2016
"5116",5116,2016-11-03,NA,NA,0,6265136,276899,0,NA,11,"Nov",2016
"5117",5117,2016-11-04,NA,NA,0,6265136,276899,0,NA,11,"Nov",2016
"5118",5118,2016-11-05,NA,NA,0,6265136,276899,0,NA,11,"Nov",2016
"5119",5119,2016-11-06,NA,NA,0,6265136,276899,0,NA,11,"Nov",2016
"5120",5120,2016-11-07,NA,NA,0,6265136,276899,0,NA,11,"Nov",2016
"5121",5121,2016-11-08,NA,NA,0,6265136,276899,0,NA,11,"Nov",2016
"5122",5122,2016-11-09,NA,NA,0,6265136,276899,0,NA,11,"Nov",2016
"5123",5123,2016-11-10,NA,NA,0,6265136,276899,0,NA,11,"Nov",2016
"5124",5124,2016-11-11,NA,NA,0,6265136,276899,0,NA,11,"Nov",2016
"5125",5125,2016-11-12,NA,NA,0,6265136,276899,0,NA,11,"Nov",2016
"5126",5126,2016-11-13,NA,NA,0,6265136,276899,0,NA,11,"Nov",2016
"5127",5127,2016-11-14,NA,NA,0,6265136,276899,0,NA,11,"Nov",2016
"5128",5128,2016-11-15,NA,NA,0,6265136,276899,0,NA,11,"Nov",2016
"5129",5129,2016-11-16,NA,NA,0,6265136,276899,0,NA,11,"Nov",2016
"5130",5130,2016-11-17,NA,NA,0,6265136,276899,0,NA,11,"Nov",2016
"5131",5131,2016-11-18,NA,NA,0,6265136,276899,0,NA,11,"Nov",2016
"5132",5132,2016-11-19,NA,NA,0,6265136,276899,0,NA,11,"Nov",2016
"5133",5133,2016-11-20,NA,NA,0,6265136,276899,0,NA,11,"Nov",2016
"5134",5134,2016-11-21,NA,NA,0,6265136,276899,0,NA,11,"Nov",2016
"5135",5135,2016-11-22,NA,NA,0,6265136,276899,0,NA,11,"Nov",2016
"5136",5136,2016-11-23,NA,NA,0,6265136,276899,0,NA,11,"Nov",2016
"5137",5137,2016-11-24,NA,NA,0,6265136,276899,0,NA,11,"Nov",2016
"5138",5138,2017-01-16,NA,NA,0,6265136,276899,0,NA,1,"Jan",2017
"5139",5139,2017-01-18,NA,NA,0,6265136,276899,0,NA,1,"Jan",2017
"5140",5140,2017-01-19,NA,NA,0,6265136,276899,0,NA,1,"Jan",2017
"5141",5141,2017-01-20,NA,NA,0,6265136,276899,0,NA,1,"Jan",2017
"5142",5142,2017-01-21,NA,NA,0,6265136,276899,0,NA,1,"Jan",2017
"5143",5143,2017-01-22,NA,NA,0,6265136,276899,0,NA,1,"Jan",2017
"5144",5144,2017-01-23,NA,NA,0,6265136,276899,0,NA,1,"Jan",2017
"5145",5145,2017-01-24,NA,NA,0,6265136,276899,0,NA,1,"Jan",2017
"5146",5146,2017-01-25,NA,NA,0,6265136,276899,0,NA,1,"Jan",2017
"5147",5147,2017-01-26,NA,NA,0,6265136,276899,0,NA,1,"Jan",2017
"5148",5148,2017-01-27,NA,NA,0,6265136,276899,0,NA,1,"Jan",2017
"5149",5149,2017-01-28,NA,NA,0,6265136,276899,0,NA,1,"Jan",2017
"5150",5150,2017-01-29,NA,NA,0,6265136,276899,0,NA,1,"Jan",2017
"5151",5151,2017-01-30,NA,NA,0,6265136,276899,0,NA,1,"Jan",2017
"5152",5152,2017-01-31,NA,NA,0,6265136,276899,0,NA,1,"Jan",2017
"5153",5153,2017-02-01,NA,NA,0,6265136,276899,0,NA,2,"Feb",2017
"5154",5154,2017-02-02,NA,NA,0,6265136,276899,0,NA,2,"Feb",2017
"5155",5155,2017-02-03,NA,NA,0,6265136,276899,0,NA,2,"Feb",2017
"5156",5156,2017-02-04,NA,NA,0,6265136,276899,0,NA,2,"Feb",2017
"5157",5157,2017-02-05,NA,NA,0,6265136,276899,0,NA,2,"Feb",2017
"5158",5158,2017-02-06,NA,NA,0,6265136,276899,0,NA,2,"Feb",2017
"5159",5159,2017-02-07,NA,NA,0,6265136,276899,0,NA,2,"Feb",2017
"5160",5160,2017-02-08,NA,NA,0,6265136,276899,0,NA,2,"Feb",2017
"5161",5161,2017-02-09,NA,NA,0,6265136,276899,0,NA,2,"Feb",2017
"5162",5162,2017-02-10,NA,NA,0,6265136,276899,0,NA,2,"Feb",2017
"5163",5163,2017-02-11,NA,NA,0,6265136,276899,0,NA,2,"Feb",2017
"5164",5164,2017-02-12,NA,NA,0,6265136,276899,0,NA,2,"Feb",2017
"5165",5165,2017-02-13,80.0548523206751,1069,1185,6265136,276899,0.427953874878566,90.210970464135,2,"Feb",2017
"5166",5166,2017-02-14,NA,NA,0,6265136,276899,0,NA,2,"Feb",2017
"5167",5167,2017-02-15,NA,NA,0,6265136,276899,0,NA,2,"Feb",2017
"5168",5168,2017-02-16,47.9230769230769,15,39,6265136,276899,0.0140845579073958,38.4615384615385,2,"Feb",2017
"5169",5169,2017-02-17,53.7857142857143,147,196,6265136,276899,0.0707839320474252,75,2,"Feb",2017
"5170",5170,2017-02-18,36.8245614035088,14,171,6265136,276899,0.0617553692862741,8.18713450292398,2,"Feb",2017
"5171",5171,2017-02-19,43.1964285714286,18,56,6265136,276899,0.0202239805849786,32.1428571428571,2,"Feb",2017
"5172",5172,2017-02-20,50.920471281296,327,679,6265136,276899,0.245215764592866,48.159057437408,2,"Feb",2017
"5173",5173,2017-02-21,51.5449275362319,228,345,6265136,276899,0.124594166103886,66.0869565217391,2,"Feb",2017
"5174",5174,2017-02-22,56.5041782729805,255,359,6265136,276899,0.129650161250131,71.0306406685237,2,"Feb",2017
"5175",5175,2017-02-23,52.3741935483871,98,155,6265136,276899,0.0559770891191373,63.2258064516129,2,"Feb",2017
"5176",5176,2017-02-24,53.4107692307692,476,650,6265136,276899,0.234742631789931,73.2307692307692,2,"Feb",2017
"5177",5177,2017-02-25,37.8769230769231,49,130,6265136,276899,0.0469485263579861,37.6923076923077,2,"Feb",2017
"5178",5178,2017-02-26,59.8124137931034,608,725,6265136,276899,0.261828320073384,83.8620689655172,2,"Feb",2017
"5179",5179,2017-02-27,52.9914089347079,343,582,6265136,276899,0.210184941079599,58.9347079037801,2,"Feb",2017
"5180",5180,2017-02-28,70.3900697712153,5843,6163,6265136,276899,2.22572129187899,94.807723511277,2,"Feb",2017
"5181",5181,2017-03-01,75.8389154704944,19748,20064,6265136,276899,7.24596332958949,98.4250398724083,3,"Mar",2017
"5182",5182,2017-03-02,66.7937981700996,21179,22187,6265136,276899,8.01266887926645,95.4567990264569,3,"Mar",2017
"5183",5183,2017-03-03,58.2040042335509,10925,11338,6265136,276899,4.09463378343728,96.3573822543659,3,"Mar",2017
"5184",5184,2017-03-04,61.9581910769053,31161,34562,6265136,276899,12.4818074460363,90.1597129795729,3,"Mar",2017
"5185",5185,2017-03-05,73.8851179977083,74499,77671,6265136,276899,28.0502999288549,95.9161076849789,3,"Mar",2017
"5186",5186,2017-03-06,56.2516666666667,19679,27600,6265136,276899,9.9675332883109,71.3007246376812,3,"Mar",2017
"5187",5187,2017-03-07,46.6463432295438,1703,6905,6265136,276899,2.49368903462996,24.6632874728458,3,"Mar",2017
"5188",5188,2017-03-08,65.7050675817048,64949,71691,6265136,276899,25.8906677163876,90.5957512100543,3,"Mar",2017
"5189",5189,2017-03-09,57.133073030798,36865,50198,6265136,276899,18.1286317393707,73.4391808438583,3,"Mar",2017
"5190",5190,2017-03-10,59.3692246730947,30387,37855,6265136,276899,13.6710497329351,80.2720908730683,3,"Mar",2017
"5191",5191,2017-03-11,64.0725702342165,26554,32534,6265136,276899,11.7494104348517,81.6192291141575,3,"Mar",2017
"5192",5192,2017-03-12,72.4529840398519,172266,175249,6265136,276899,63.2898638131593,98.2978504870213,3,"Mar",2017
"5193",5193,2017-03-13,54.0017668382734,23130,32827,6265136,276899,11.8552251904124,70.4602918329424,3,"Mar",2017
"5194",5194,2017-03-14,60.0290039016594,36170,42546,6265136,276899,15.3651692494375,85.0138673435811,3,"Mar",2017
"5195",5195,2017-03-15,57.0078764638823,35826,38596,6265136,276899,13.9386563331756,92.823090475697,3,"Mar",2017
"5196",5196,2017-03-16,60.1907764426251,28755,30292,6265136,276899,10.9397289264317,94.9260530833223,3,"Mar",2017
"5197",5197,2017-03-17,60.709366281387,34330,37635,6265136,276899,13.591598380637,91.2182808555866,3,"Mar",2017
"5198",5198,2017-03-18,66.031364120322,98160,100497,6265136,276899,36.2937388722964,97.6745574494761,3,"Mar",2017
"5199",5199,2017-03-19,62.8842755035737,29845,30780,6265136,276899,11.1159664715293,96.9623131903834,3,"Mar",2017
"5200",5200,2017-03-20,68.31088478676,107793,109970,6265136,276899,39.7148418737518,98.0203691915977,3,"Mar",2017
"5201",5201,2017-03-21,68.7210544060881,143860,145333,6265136,276899,52.4859244706554,98.986465565288,3,"Mar",2017
"5202",5202,2017-03-22,63.0609634787551,81954,84444,6265136,276899,30.496318152106,97.0513002700014,3,"Mar",2017
"5203",5203,2017-03-23,61.7025723472669,8756,9330,6265136,276899,3.36945962246162,93.8478027867096,3,"Mar",2017
"5204",5204,2017-03-24,68.9692231731402,78343,78988,6265136,276899,28.5259246151124,99.1834202663696,3,"Mar",2017
"5205",5205,2017-03-25,62.0383594372179,51727,52738,6265136,276899,19.0459337159036,98.082976222079,3,"Mar",2017
"5206",5206,2017-03-26,62.064625773776,43585,44425,6265136,276899,16.0437560265656,98.1091727630838,3,"Mar",2017
"5207",5207,2017-03-27,65.937449505935,63519,64364,6265136,276899,23.2445765423494,98.6871543098627,3,"Mar",2017
"5208",5208,2017-03-28,70.1221037216875,103025,103797,6265136,276899,37.4855091567684,99.2562405464513,3,"Mar",2017
"5209",5209,2017-03-29,66.4251032024587,54084,54989,6265136,276899,19.8588655069177,98.354216297805,3,"Mar",2017
"5210",5210,2017-03-30,67.4967167258516,50059,50407,6265136,276899,18.2041105240539,99.3096196956772,3,"Mar",2017
"5211",5211,2017-03-31,71.7982434571468,129678,130142,6265136,276899,46.9998085944695,99.6434663675063,3,"Mar",2017
"5212",5212,2017-04-01,71.1156315934318,152510,152614,6265136,276899,55.115403089213,99.9318542204516,4,"Apr",2017
"5213",5213,2017-04-02,72.7361585362446,178759,178937,6265136,276899,64.6217573916843,99.9005236479878,4,"Apr",2017
"5214",5214,2017-04-03,70.5913209601161,93625,93697,6265136,276899,33.8379698012633,99.9231565578407,4,"Apr",2017
"5215",5215,2017-04-04,71.8169237904789,131404,131519,6265136,276899,47.4971018313537,99.91256016241,4,"Apr",2017
"5216",5216,2017-04-05,67.6705686777031,57379,57748,6265136,276899,20.8552576932383,99.3610168317517,4,"Apr",2017
"5217",5217,2017-04-06,70.2097751569198,110375,110566,6265136,276899,39.9300828099776,99.8272525007688,4,"Apr",2017
"5218",5218,2017-04-07,73.6781064390512,152372,152538,6265136,276899,55.0879562584191,99.891174658118,4,"Apr",2017
"5219",5219,2017-04-08,72.6893574168113,45930,46671,6265136,276899,16.8548821050275,98.4122902873305,4,"Apr",2017
"5220",5220,2017-04-09,65.3443474012093,48314,49119,6265136,276899,17.7389589705994,98.3611229870315,4,"Apr",2017
"5221",5221,2017-04-10,69.6355548933336,113875,114094,6265136,276899,41.2041935868313,99.8080530089225,4,"Apr",2017
"5222",5222,2017-04-11,74.2358634905119,188155,188236,6265136,276899,67.9800215963221,99.9569689113666,4,"Apr",2017
"5223",5223,2017-04-12,76.3185582800665,214622,214799,6265136,276899,77.5730501013005,99.9175973817383,4,"Apr",2017
"5224",5224,2017-04-13,75.8530634105994,147391,147499,6265136,276899,53.2681591482815,99.9267791646045,4,"Apr",2017
"5225",5225,2017-04-14,72.4139558232932,99015,99600,6265136,276899,35.9697940404263,99.4126506024096,4,"Apr",2017
"5226",5226,2017-04-15,72.5618158050405,136788,136931,6265136,276899,49.4516050978877,99.8955678407373,4,"Apr",2017
"5227",5227,2017-04-16,72.1179512037486,98326,99024,6265136,276899,35.7617759544094,99.2951203748586,4,"Apr",2017
"5228",5228,2017-04-17,70.7896451109452,103089,103159,6265136,276899,37.2551002351038,99.9321435841759,4,"Apr",2017
"5229",5229,2017-04-18,71.0032576897166,107982,108359,6265136,276899,39.1330412894232,99.6520824297013,4,"Apr",2017
"5230",5230,2017-04-19,71.1376030066612,136674,136763,6265136,276899,49.3909331561327,99.9349239194812,4,"Apr",2017
"5231",5231,2017-04-20,74.1526539990153,139846,140147,6265136,276899,50.6130394114822,99.7852255132111,4,"Apr",2017
"5232",5232,2017-04-21,70.7584890222283,58359,58664,6265136,276899,21.1860642328069,99.4800900040911,4,"Apr",2017
"5233",5233,2017-04-22,75.0692152125009,131872,132023,6265136,276899,47.6791176566185,99.8856259894109,4,"Apr",2017
"5234",5234,2017-04-23,74.8793582529288,71503,71617,6265136,276899,25.8639431706146,99.8408199170588,4,"Apr",2017
"5235",5235,2017-04-24,NA,NA,0,6265136,276899,0,NA,4,"Apr",2017
"5236",5236,2017-04-25,75.8852517903136,130755,130843,6265136,276899,47.2529694942921,99.9327438227494,4,"Apr",2017
"5237",5237,2017-04-26,76.4584376667624,97361,97444,6265136,276899,35.1911707879046,99.9148228726243,4,"Apr",2017
"5238",5238,2017-04-27,70.8133417967588,50039,50413,6265136,276899,18.2062773791166,99.2581278638446,4,"Apr",2017
"5239",5239,2017-04-28,71.9837929923109,21154,21719,6265136,276899,7.8436541843777,97.3985910953543,4,"Apr",2017
"5240",5240,2017-04-29,75.0587242930591,24416,24896,6265136,276899,8.99100394006479,98.0719794344473,4,"Apr",2017
"5241",5241,2017-04-30,73.8360856415919,83001,83324,6265136,276899,30.0918385404064,99.6123565839374,4,"Apr",2017
"5242",5242,2017-05-01,78.5613621786965,80943,81076,6265136,276899,29.2799901769237,99.8359563866002,5,"May",2017
"5243",5243,2017-05-02,76.7182178615801,109222,109464,6265136,276899,39.5321037634661,99.7789227508587,5,"May",2017
"5244",5244,2017-05-03,74.3677605359111,23477,23586,6265136,276899,8.51790725138047,99.537861443229,5,"May",2017
"5245",5245,2017-05-04,72.7132257224681,7344,7682,6265136,276899,2.77429676524653,95.600104139547,5,"May",2017
"5246",5246,2017-05-05,76.9206304391151,120241,120424,6265136,276899,43.4902256779548,99.8480369361589,5,"May",2017
"5247",5247,2017-05-06,78.6853014395497,73603,73912,6265136,276899,26.6927652320882,99.5819352743803,5,"May",2017
"5248",5248,2017-05-07,76.2814814814815,120082,120285,6265136,276899,43.4400268690028,99.8312341522218,5,"May",2017
"5249",5249,2017-05-08,79.0546184456105,113342,113588,6265136,276899,41.0214554765456,99.7834278268831,5,"May",2017
"5250",5250,2017-05-09,73.9190651120694,93803,93915,6265136,276899,33.9166988685405,99.8807432252569,5,"May",2017
"5251",5251,2017-05-10,74.1359330300614,85226,85292,6265136,276899,30.8025670009642,99.922618768466,5,"May",2017
"5252",5252,2017-05-11,77.073699875756,146239,146486,6265136,276899,52.9023217851997,99.8313832038557,5,"May",2017
"5253",5253,2017-05-12,77.7733678535205,149558,149864,6265136,276899,54.1222611854864,99.7958148721507,5,"May",2017
"5254",5254,2017-05-13,77.8439473884918,143952,144227,6265136,276899,52.086500854102,99.8093283504476,5,"May",2017
"5255",5255,2017-05-14,78.4051190411725,110475,110802,6265136,276899,40.0153124424429,99.7048789733037,5,"May",2017
"5256",5256,2017-05-15,72.5566577441873,18938,19053,6265136,276899,6.88084825152854,99.3964205112056,5,"May",2017
"5257",5257,2017-05-16,73.9038608729351,102928,103215,6265136,276899,37.2753242156888,99.7219396405561,5,"May",2017
"5258",5258,2017-05-17,75.0429956787536,69072,69193,6265136,276899,24.9885337252933,99.8251268191869,5,"May",2017
"5259",5259,2017-05-18,74.2532553620399,54788,55063,6265136,276899,19.8855900526907,99.5005720719903,5,"May",2017
"5260",5260,2017-05-19,76.8053666186473,109614,109678,6265136,276899,39.6093882607016,99.9416473677492,5,"May",2017
"5261",5261,2017-05-20,79.9754550468836,79707,79772,6265136,276899,28.8090603433021,99.9185177756606,5,"May",2017
"5262",5262,2017-05-21,74.7240592090728,13501,13579,6265136,276899,4.90395414934687,99.4255836217689,5,"May",2017
"5263",5263,2017-05-22,74.0015860428232,76380,76921,6265136,276899,27.7794430460204,99.2966810103873,5,"May",2017
"5264",5264,2017-05-23,76.3493331773514,85163,85480,6265136,276899,30.8704617929281,99.6291530182499,5,"May",2017
"5265",5265,2017-05-24,75.4833641047826,129100,129449,6265136,276899,46.7495368347304,99.7303957543125,5,"May",2017
"5266",5266,2017-05-25,75.2025048549581,131438,131824,6265136,276899,47.6072502970397,99.7071853380265,5,"May",2017
"5267",5267,2017-05-26,70.179353067735,26837,26958,6265136,276899,9.73567979660454,99.5511536464129,5,"May",2017
"5268",5268,2017-05-27,72.6323189539267,113048,113797,6265136,276899,41.0969342612288,99.3418104167948,5,"May",2017
"5269",5269,2017-05-28,72.9207098144632,52653,53197,6265136,276899,19.2116981281984,98.9773859428163,5,"May",2017
"5270",5270,2017-05-29,64.5357643758766,2050,2139,6265136,276899,0.772483829844095,95.8391771856007,5,"May",2017
"5271",5271,2017-05-30,77.4903273930176,122649,123338,6265136,276899,44.5425949533946,99.4413724886085,5,"May",2017
"5272",5272,2017-05-31,80.3059375431173,216526,217430,6265136,276899,78.523216046284,99.5842340063469,5,"May",2017
"5273",5273,2017-06-01,82.472874794506,187699,188570,6265136,276899,68.1006431948111,99.538102561383,6,"Jun",2017
"5274",5274,2017-06-02,82.574098877876,166998,167985,6265136,276899,60.6665246172792,99.4124475399589,6,"Jun",2017
"5275",5275,2017-06-03,83.2529253523154,179277,180662,6265136,276899,65.2447282222038,99.2333750318274,6,"Jun",2017
"5276",5276,2017-06-04,84.9516162199094,149822,150753,6265136,276899,54.4433168772729,99.3824335170776,6,"Jun",2017
"5277",5277,2017-06-05,84.0120727223779,234957,237726,6265136,276899,85.852964438297,98.8352136493274,6,"Jun",2017
"5278",5278,2017-06-06,77.0928265446889,25899,27546,6265136,276899,9.94803159274681,94.0209104770203,6,"Jun",2017
"5279",5279,2017-06-07,80.1887668541834,10646,11199,6265136,276899,4.04443497448528,95.0620591124208,6,"Jun",2017
"5280",5280,2017-06-08,85.6583612600536,115743,119360,6265136,276899,43.1059700468402,96.9696715817694,6,"Jun",2017
"5281",5281,2017-06-09,84.1627332872519,59765,60762,6265136,276899,21.9437412197227,98.3591718508278,6,"Jun",2017
"5282",5282,2017-06-10,85.6441991414395,34191,35874,6265136,276899,12.9556264197415,95.3085800301054,6,"Jun",2017
"5283",5283,2017-06-11,85.801166714214,96923,101653,6265136,276899,36.711219614372,95.3469154869999,6,"Jun",2017
"5284",5284,2017-06-12,83.7200521045347,115142,122830,6265136,276899,44.359134558088,93.7409427664251,6,"Jun",2017
"5285",5285,2017-06-13,82.3714758677771,18103,19331,6265136,276899,6.98124586943254,93.6475091821427,6,"Jun",2017
"5286",5286,2017-06-14,78.8261485920485,14370,15519,6265136,276899,5.6045706196122,92.5961724337908,6,"Jun",2017
"5287",5287,2017-06-15,74.1436111722014,8179,9094,6265136,276899,3.28422998999635,89.9384209368815,6,"Jun",2017
"5288",5288,2017-06-16,59.8952473326867,746,1031,6265136,276899,0.372337928269875,72.356935014549,6,"Jun",2017
"5289",5289,2017-06-17,74.6646267784058,47965,51310,6265136,276899,18.5302222109867,93.4808029623855,6,"Jun",2017
"5290",5290,2017-06-18,75.8559810437961,93093,99598,6265136,276899,35.9690717554054,93.4687443522962,6,"Jun",2017
"5291",5291,2017-06-19,79.2814849712617,99278,106130,6265136,276899,38.328054633639,93.5437670781118,6,"Jun",2017
"5292",5292,2017-06-20,56.7696356275304,4951,7410,6265136,276899,2.67606600240521,66.8151147098516,6,"Jun",2017
"5293",5293,2017-06-21,66.4826581300364,73086,90590,6265136,276899,32.7159000213074,80.6777790043051,6,"Jun",2017
"5294",5294,2017-06-22,66.8348515833178,24217,32274,6265136,276899,11.6555133821357,75.0356323975956,6,"Jun",2017
"5295",5295,2017-06-23,56.5657854288349,4511,6506,6265136,276899,2.34959317296198,69.3359975407316,6,"Jun",2017
"5296",5296,2017-06-24,66.756728360139,30532,37119,6265136,276899,13.4052488452468,82.254371076807,6,"Jun",2017
"5297",5297,2017-06-25,75.1653178887324,101225,114301,6265136,276899,41.2789500864936,88.5600300959747,6,"Jun",2017
"5298",5298,2017-06-26,74.3822382723369,48559,55659,6265136,276899,20.1008309889165,87.2437521335274,6,"Jun",2017
"5299",5299,2017-06-27,63.7731575388776,18415,23664,6265136,276899,8.54607636719526,77.8186274509804,6,"Jun",2017
"5300",5300,2017-06-28,58.4511327466766,8833,10682,6265136,276899,3.85772429658468,82.6905073956188,6,"Jun",2017
"5301",5301,2017-06-29,64.1990691145506,19928,27071,6265136,276899,9.77648890028494,73.613830298105,6,"Jun",2017
"5302",5302,2017-06-30,61.3839057204997,71608,98855,6265136,276899,35.700742870144,72.437408325325,6,"Jun",2017
"5303",5303,2017-07-01,65.8236466290269,57775,72264,6265136,276899,26.0976023748731,79.9499059005867,7,"Jul",2017
"5304",5304,2017-07-02,70.3362709065188,126778,147741,6265136,276899,53.3555556358095,85.8109800258561,7,"Jul",2017
"5305",5305,2017-07-03,72.1161097936087,112844,127767,6265136,276899,46.1420951321601,88.3201452644267,7,"Jul",2017
"5306",5306,2017-07-04,71.2101967081493,21668,24910,6265136,276899,8.99605993521103,86.985146527499,7,"Jul",2017
"5307",5307,2017-07-05,61.2787101706105,20044,28779,6265136,276899,10.3933203081268,69.6480072274923,7,"Jul",2017
"5308",5308,2017-07-06,60.1119652586718,50573,74148,6265136,276899,26.7779948645535,68.2054809300318,7,"Jul",2017
"5309",5309,2017-07-07,77.0534305297124,72388,84914,6265136,276899,30.6660551320156,85.2486044704054,7,"Jul",2017
"5310",5310,2017-07-08,43.1764540601293,1722,3559,6265136,276899,1.28530619467748,48.3843776341669,7,"Jul",2017
"5311",5311,2017-07-09,66.0750483362165,30861,39308,6265136,276899,14.1957898006132,78.5107357280961,7,"Jul",2017
"5312",5312,2017-07-10,64.2787376986518,112701,154353,6265136,276899,55.7434299148787,73.0151017472935,7,"Jul",2017
"5313",5313,2017-07-11,72.7504324057201,105781,129508,6265136,276899,46.7708442428467,81.6791240695556,7,"Jul",2017
"5314",5314,2017-07-12,68.5217802284364,48321,63475,6265136,276899,22.9235208505628,76.126033871603,7,"Jul",2017
"5315",5315,2017-07-13,58.4506726457399,2416,3122,6265136,276899,1.12748691761256,77.3862908392056,7,"Jul",2017
"5316",5316,2017-07-14,50.8191360821628,31952,52968,6265136,276899,19.1289964933062,60.3232140160097,7,"Jul",2017
"5317",5317,2017-07-15,69.6036200348613,68036,86629,6265136,276899,31.2854145374306,78.5372104029828,7,"Jul",2017
"5318",5318,2017-07-16,51.6426812585499,2370,3655,6265136,276899,1.3199758756803,64.8426812585499,7,"Jul",2017
"5319",5319,2017-07-17,49.9114016400619,18381,34267,6265136,276899,12.3752704054547,53.6405287886305,7,"Jul",2017
"5320",5320,2017-07-18,69.9729616724739,33305,43050,6265136,276899,15.5471850747023,77.3635307781649,7,"Jul",2017
"5321",5321,2017-07-19,53.7580364502244,6721,10919,6265136,276899,3.94331507156039,61.553255792655,7,"Jul",2017
"5322",5322,2017-07-20,54.427868852459,9255,15250,6265136,276899,5.50742328430222,60.6885245901639,7,"Jul",2017
"5323",5323,2017-07-21,65.211303734682,59859,82256,6265136,276899,29.70613833925,72.7715911301303,7,"Jul",2017
"5324",5324,2017-07-22,59.9260222927168,120043,184096,6265136,276899,66.4848916030755,65.2067399617591,7,"Jul",2017
"5325",5325,2017-07-23,56.9679520125038,87456,142037,6265136,276899,51.2955987562252,61.5726888064378,7,"Jul",2017
"5326",5326,2017-07-24,59.0558526342511,116379,181209,6265136,276899,65.4422731754178,64.2236312765922,7,"Jul",2017
"5327",5327,2017-07-25,63.6297051994653,67418,99491,6265136,276899,35.9304295067877,67.7629132283322,7,"Jul",2017
"5328",5328,2017-07-26,61.9183121751369,95313,143522,6265136,276899,51.8318953842376,66.4100277309402,7,"Jul",2017
"5329",5329,2017-07-27,56.8813292326157,41951,66655,6265136,276899,24.0719540337813,62.9375140649614,7,"Jul",2017
"5330",5330,2017-07-28,50.1056929835755,31277,54857,6265136,276899,19.8111946955388,57.0155130612319,7,"Jul",2017
"5331",5331,2017-07-29,47.1505230058397,42403,77915,6265136,276899,28.1384187014038,54.4221266765065,7,"Jul",2017
"5332",5332,2017-07-30,45.7363134583927,56360,104537,6265136,276899,37.7527546144984,53.9139252130825,7,"Jul",2017
"5333",5333,2017-07-31,53.9878741744095,134001,223325,6265136,276899,80.6521511453635,60.002686667413,7,"Jul",2017
"5334",5334,2017-08-01,53.6203220894283,13553,21671,6265136,276899,7.82631934387629,62.5397997323612,8,"Aug",2017
"5335",5335,2017-08-02,50.2620569613811,108015,196484,6265136,276899,70.9587250224811,54.973941898577,8,"Aug",2017
"5336",5336,2017-08-03,39.8727872157242,20837,47621,6265136,276899,17.1979674899512,43.7559060078537,8,"Aug",2017
"5337",5337,2017-08-04,61.086696436094,94547,142428,6265136,276899,51.4368054778096,66.3823124666498,8,"Aug",2017
"5338",5338,2017-08-05,56.0940596029125,15045,25133,6265136,276899,9.0765947150405,59.8615366251542,8,"Aug",2017
"5339",5339,2017-08-06,40.672788971368,10664,23575,6265136,276899,8.51393468376556,45.2343584305408,8,"Aug",2017
"5340",5340,2017-08-07,38.8235105906444,13706,31254,6265136,276899,11.2871480214808,43.8535867408972,8,"Aug",2017
"5341",5341,2017-08-08,54.1279274089011,62412,104145,6265136,276899,37.6111867504036,59.9279850208843,8,"Aug",2017
"5342",5342,2017-08-09,50.9213031264526,56424,98962,6265136,276899,35.7393851187617,57.0158242557749,8,"Aug",2017
"5343",5343,2017-08-10,49.3398414884909,27494,50091,6265136,276899,18.0899894907529,54.8881036513545,8,"Aug",2017
"5344",5344,2017-08-11,51.5516843522193,34309,57203,6265136,276899,20.6584350250452,59.9776235512123,8,"Aug",2017
"5345",5345,2017-08-12,45.7061405784618,48654,96359,6265136,276899,34.7993311640707,50.492429352733,8,"Aug",2017
"5346",5346,2017-08-13,49.5496304460581,17120,30848,6265136,276899,11.1405241622397,55.4979253112033,8,"Aug",2017
"5347",5347,2017-08-14,39.3351024740753,6038,12247,6265136,276899,4.42291232543274,49.3018698456765,8,"Aug",2017
"5348",5348,2017-08-15,48.1384092681297,9554,17954,6265136,276899,6.48395263254833,53.21376851955,8,"Aug",2017
"5349",5349,2017-08-16,43.875436995437,35373,71225,6265136,276899,25.7223753065197,49.6637416637417,8,"Aug",2017
"5350",5350,2017-08-17,45.7860677263303,38045,72350,6265136,276899,26.1286606307715,52.5846579129233,8,"Aug",2017
"5351",5351,2017-08-18,39.8216673156802,28803,61632,6265136,276899,22.2579352038108,46.7338395638629,8,"Aug",2017
"5352",5352,2017-08-19,42.3947949060964,27239,57559,6265136,276899,20.787001758764,47.3236157681683,8,"Aug",2017
"5353",5353,2017-08-20,51.4596714187922,41675,67198,6265136,276899,24.2680544169535,62.0182148278223,8,"Aug",2017
"5354",5354,2017-08-21,37.3010147555018,34292,79428,6265136,276899,28.6848273197086,43.173691897064,8,"Aug",2017
"5355",5355,2017-08-22,60.4162091503268,27603,38250,6265136,276899,13.8137010245613,72.1647058823529,8,"Aug",2017
"5356",5356,2017-08-23,46.0605181821651,27353,52414,6265136,276899,18.9289235425191,52.1864387377418,8,"Aug",2017
"5357",5357,2017-08-24,57.9824755060559,88087,131359,6265136,276899,47.4393190296823,67.0582145113772,8,"Aug",2017
"5358",5358,2017-08-25,49.0724387626177,39662,73607,6265136,276899,26.5826167664022,53.8834621707175,8,"Aug",2017
"5359",5359,2017-08-26,50.6870025118801,85603,150883,6265136,276899,54.4902654036309,56.734688467223,8,"Aug",2017
"5360",5360,2017-08-27,46.6936170711965,47911,85243,6265136,276899,30.7848710179524,56.2052016001314,8,"Aug",2017
"5361",5361,2017-08-28,42.2394714442057,12175,24671,6265136,276899,8.90974687521443,49.3494386121357,8,"Aug",2017
"5362",5362,2017-08-29,43.0157580919932,3161,7044,6265136,276899,2.54388784358196,44.8750709823964,8,"Aug",2017
"5363",5363,2017-08-30,51.4609369496302,7894,14195,6265136,276899,5.12641793578164,55.6111306798168,8,"Aug",2017
"5364",5364,2017-08-31,49.8783714276529,73915,124428,6265136,276899,44.9362402897807,59.4038319349343,8,"Aug",2017
"5365",5365,2017-09-01,57.4809941396836,83708,118253,6265136,276899,42.7061852877764,70.7872104724616,9,"Sep",2017
"5366",5366,2017-09-02,52.1493927125506,22471,34580,6265136,276899,12.4883080112243,64.9826489300173,9,"Sep",2017
"5367",5367,2017-09-03,40.546640969163,6696,18160,6265136,276899,6.55834798970022,36.8722466960352,9,"Sep",2017
"5368",5368,2017-09-04,53.5878135498594,60578,102097,6265136,276899,36.8715668890101,59.3337708257833,9,"Sep",2017
"5369",5369,2017-09-05,55.8376241985219,50998,81724,6265136,276899,29.5140105236928,62.402721354804,9,"Sep",2017
"5370",5370,2017-09-06,45.9706001727565,49902,96089,6265136,276899,34.7018226862502,51.9331036851252,9,"Sep",2017
"5371",5371,2017-09-07,44.00767837115,4517,11591,6265136,276899,4.18600283858013,38.9698904322319,9,"Sep",2017
"5372",5372,2017-09-08,53.0406198830409,47922,85500,6265136,276899,30.877684643137,56.0491228070175,9,"Sep",2017
"5373",5373,2017-09-09,48.6777438566638,52013,99905,6265136,276899,36.0799425061123,52.0624593363695,9,"Sep",2017
"5374",5374,2017-09-10,46.0351218498003,68031,134674,6265136,276899,48.636506451811,50.5153184727564,9,"Sep",2017
"5375",5375,2017-09-11,47.8437038267514,61919,114379,6265136,276899,41.3071192023084,54.134937357382,9,"Sep",2017
"5376",5376,2017-09-12,50.5912343776751,66916,116820,6265136,276899,42.1886680703072,57.281287450779,9,"Sep",2017
"5377",5377,2017-09-13,45.0748648984409,67291,128792,6265136,276899,46.5122662053673,52.2478104230076,9,"Sep",2017
"5378",5378,2017-09-14,51.8945205655362,96477,155746,6265136,276899,56.24650143193,61.9450900825703,9,"Sep",2017
"5379",5379,2017-09-15,50.7176315494222,86290,142608,6265136,276899,51.5018111296899,60.5085268708628,9,"Sep",2017
"5380",5380,2017-09-16,54.0332265220606,14395,20285,6265136,276899,7.32577582439807,70.9637663298004,9,"Sep",2017
"5381",5381,2017-09-17,54.9244649601343,118571,173959,6265136,276899,62.8239899746839,68.1603136371214,9,"Sep",2017
"5382",5382,2017-09-18,45.9568246516506,18699,40046,6265136,276899,14.4623129733224,46.6938021275533,9,"Sep",2017
"5383",5383,2017-09-19,48.8561125421042,40023,75705,6265136,276899,27.340293753318,52.8670497325144,9,"Sep",2017
"5384",5384,2017-09-20,52.6017090187544,41327,62492,6265136,276899,22.5685177627944,66.1316648531012,9,"Sep",2017
"5385",5385,2017-09-21,57.8388771056818,66719,98068,6265136,276899,35.416523714423,68.0334053921769,9,"Sep",2017
"5386",5386,2017-09-22,57.1673292859829,50486,74452,6265136,276899,26.8877821877291,67.8101327029496,9,"Sep",2017
"5387",5387,2017-09-23,51.6127486049506,58756,97846,6265136,276899,35.3363500771039,60.049465486581,9,"Sep",2017
"5388",5388,2017-09-24,44.4755091130012,49943,102875,6265136,276899,37.1525357621371,48.5472660996355,9,"Sep",2017
"5389",5389,2017-09-25,36.34630142309,8222,20589,6265136,276899,7.43556314757366,39.9339453106027,9,"Sep",2017
"5390",5390,2017-09-26,54.7124214164407,60405,100689,6265136,276899,36.363078234302,59.9916574799631,9,"Sep",2017
"5391",5391,2017-09-27,57.929502868836,50322,74769,6265136,276899,27.0022643635405,67.3032941459696,9,"Sep",2017
"5392",5392,2017-09-28,44.7231112404229,8736,20622,6265136,276899,7.44748085041838,42.3625254582485,9,"Sep",2017
"5393",5393,2017-09-29,52.0193857311101,37159,64532,6265136,276899,23.3052484841043,57.5822847579495,9,"Sep",2017
"5394",5394,2017-09-30,51.7644116354156,39591,65971,6265136,276899,23.8249325566362,60.0127328674721,9,"Sep",2017
"5395",5395,2017-10-01,55.5125110620545,62768,102829,6265136,276899,37.1359232066566,61.0411459802196,10,"Oct",2017
"5396",5396,2017-10-02,55.9838206742366,106148,169970,6265136,276899,61.3833925005146,62.4510207683709,10,"Oct",2017
"5397",5397,2017-10-03,46.3408416647291,55648,107525,6265136,276899,38.8318484357112,51.7535456870495,10,"Oct",2017
"5398",5398,2017-10-04,52.8648135473473,81756,135879,6265136,276899,49.0716831768984,60.168237917559,10,"Oct",2017
"5399",5399,2017-10-05,59.1086330935252,35069,48650,6265136,276899,17.5695831332002,72.0842754367934,10,"Oct",2017
"5400",5400,2017-10-06,58.4119363083787,74944,110721,6265136,276899,39.9860598990968,67.6872499345201,10,"Oct",2017
"5401",5401,2017-10-07,45.9093695930189,27768,53172,6265136,276899,19.2026695654372,52.222974497856,10,"Oct",2017
"5402",5402,2017-10-08,62.7108123468192,44105,56306,6265136,276899,20.3344901931751,78.3309061201293,10,"Oct",2017
"5403",5403,2017-10-09,56.1936575052854,11612,16555,6265136,276899,5.97871426043431,70.1419510721836,10,"Oct",2017
"5404",5404,2017-10-10,59.6869444342832,20979,27337,6265136,276899,9.87255280806359,76.7421443464901,10,"Oct",2017
"5405",5405,2017-10-11,59.8037100949094,10198,13908,6265136,276899,5.02277003528362,73.324705205637,10,"Oct",2017
"5406",5406,2017-10-12,36.1945636623748,160,699,6265136,276899,0.252438614801787,22.8898426323319,10,"Oct",2017
"5407",5407,2017-10-13,10.1524725274725,43,728,6265136,276899,0.262911747604722,5.90659340659341,10,"Oct",2017
"5408",5408,2017-10-14,41.1650879566982,286,739,6265136,276899,0.266884315219629,38.7009472259811,10,"Oct",2017
"5409",5409,2017-10-15,51.6489898989899,455,792,6265136,276899,0.286024868273269,57.4494949494949,10,"Oct",2017
"5410",5410,2017-10-16,29.5042735042735,177,702,6265136,276899,0.253522042333125,25.2136752136752,10,"Oct",2017
"5411",5411,2017-10-17,51.0521285838401,541,1151,6265136,276899,0.4156750295234,47.002606429192,10,"Oct",2017
"5412",5412,2017-10-18,54.6454388984509,645,1162,6265136,276899,0.419647597138307,55.5077452667814,10,"Oct",2017
"5413",5413,2017-10-19,43.872005988024,562,1336,6265136,276899,0.482486393955919,42.0658682634731,10,"Oct",2017
"5414",5414,2017-10-20,50.4305555555556,52,72,6265136,276899,0.0260022607521154,72.2222222222222,10,"Oct",2017
"5415",5415,2017-10-21,51.3468634686347,167,271,6265136,276899,0.0978696203308788,61.6236162361624,10,"Oct",2017
"5416",5416,2017-10-22,50.9497487437186,118,199,6265136,276899,0.0718673595787634,59.2964824120603,10,"Oct",2017
"5417",5417,2017-10-23,43.0547945205479,38,73,6265136,276899,0.0263634032625614,52.0547945205479,10,"Oct",2017
"5418",5418,2017-10-24,44.3931034482759,332,725,6265136,276899,0.261828320073384,45.7931034482759,10,"Oct",2017
"5419",5419,2017-10-25,57.9276315789474,272,456,6265136,276899,0.164680984763397,59.6491228070175,10,"Oct",2017
"5420",5420,2017-10-26,32.6,0,5,6265136,276899,0.00180571255223024,0,10,"Oct",2017
"5421",5421,2017-10-27,47.287841191067,234,403,6265136,276899,0.145540431709757,58.0645161290323,10,"Oct",2017
"5422",5422,2017-10-28,62.3300865800866,811,924,6265136,276899,0.333695679652148,87.7705627705628,10,"Oct",2017
"5423",5423,2017-10-29,NA,NA,0,6265136,276899,0,NA,10,"Oct",2017
"5424",5424,2017-10-30,NA,NA,0,6265136,276899,0,NA,10,"Oct",2017
"5425",5425,2017-10-31,NA,NA,0,6265136,276899,0,NA,10,"Oct",2017
"5426",5426,2017-11-01,NA,NA,0,6265136,276899,0,NA,11,"Nov",2017
"5427",5427,2017-11-02,NA,NA,0,6265136,276899,0,NA,11,"Nov",2017
"5428",5428,2017-11-03,NA,NA,0,6265136,276899,0,NA,11,"Nov",2017
"5429",5429,2017-11-04,NA,NA,0,6265136,276899,0,NA,11,"Nov",2017
"5430",5430,2017-11-05,NA,NA,0,6265136,276899,0,NA,11,"Nov",2017
"5431",5431,2017-11-06,NA,NA,0,6265136,276899,0,NA,11,"Nov",2017
"5432",5432,2017-11-07,NA,NA,0,6265136,276899,0,NA,11,"Nov",2017
"5433",5433,2017-11-08,NA,NA,0,6265136,276899,0,NA,11,"Nov",2017
"5434",5434,2017-11-09,NA,NA,0,6265136,276899,0,NA,11,"Nov",2017
"5435",5435,2017-11-10,NA,NA,0,6265136,276899,0,NA,11,"Nov",2017
"5436",5436,2017-11-11,NA,NA,0,6265136,276899,0,NA,11,"Nov",2017
"5437",5437,2017-11-12,NA,NA,0,6265136,276899,0,NA,11,"Nov",2017
"5438",5438,2017-11-13,NA,NA,0,6265136,276899,0,NA,11,"Nov",2017
"5439",5439,2017-11-14,NA,NA,0,6265136,276899,0,NA,11,"Nov",2017
"5440",5440,2017-11-15,NA,NA,0,6265136,276899,0,NA,11,"Nov",2017
"5441",5441,2017-11-16,NA,NA,0,6265136,276899,0,NA,11,"Nov",2017
"5442",5442,2017-11-17,NA,NA,0,6265136,276899,0,NA,11,"Nov",2017
"5443",5443,2017-11-18,NA,NA,0,6265136,276899,0,NA,11,"Nov",2017
"5444",5444,2017-11-19,NA,NA,0,6265136,276899,0,NA,11,"Nov",2017
"5445",5445,2017-11-20,NA,NA,0,6265136,276899,0,NA,11,"Nov",2017
"5446",5446,2017-11-21,NA,NA,0,6265136,276899,0,NA,11,"Nov",2017
"5447",5447,2017-11-22,NA,NA,0,6265136,276899,0,NA,11,"Nov",2017
"5448",5448,2017-11-23,NA,NA,0,6265136,276899,0,NA,11,"Nov",2017
"5449",5449,2017-11-25,NA,NA,0,6265136,276899,0,NA,11,"Nov",2017
"5450",5450,2018-01-16,NA,NA,0,6265136,276899,0,NA,1,"Jan",2018
"5451",5451,2018-01-17,NA,NA,0,6265136,276899,0,NA,1,"Jan",2018
"5452",5452,2018-01-18,NA,NA,0,6265136,276899,0,NA,1,"Jan",2018
"5453",5453,2018-01-19,NA,NA,0,6265136,276899,0,NA,1,"Jan",2018
"5454",5454,2018-01-20,NA,NA,0,6265136,276899,0,NA,1,"Jan",2018
"5455",5455,2018-01-21,NA,NA,0,6265136,276899,0,NA,1,"Jan",2018
"5456",5456,2018-01-22,NA,NA,0,6265136,276899,0,NA,1,"Jan",2018
"5457",5457,2018-01-23,NA,NA,0,6265136,276899,0,NA,1,"Jan",2018
"5458",5458,2018-01-24,NA,NA,0,6265136,276899,0,NA,1,"Jan",2018
"5459",5459,2018-01-25,NA,NA,0,6265136,276899,0,NA,1,"Jan",2018
"5460",5460,2018-01-26,NA,NA,0,6265136,276899,0,NA,1,"Jan",2018
"5461",5461,2018-01-27,NA,NA,0,6265136,276899,0,NA,1,"Jan",2018
"5462",5462,2018-01-28,NA,NA,0,6265136,276899,0,NA,1,"Jan",2018
"5463",5463,2018-01-29,NA,NA,0,6265136,276899,0,NA,1,"Jan",2018
"5464",5464,2018-01-30,NA,NA,0,6265136,276899,0,NA,1,"Jan",2018
"5465",5465,2018-01-31,NA,NA,0,6265136,276899,0,NA,1,"Jan",2018
"5466",5466,2018-02-01,NA,NA,0,6265136,276899,0,NA,2,"Feb",2018
"5467",5467,2018-02-02,NA,NA,0,6265136,276899,0,NA,2,"Feb",2018
"5468",5468,2018-02-03,NA,NA,0,6265136,276899,0,NA,2,"Feb",2018
"5469",5469,2018-02-04,NA,NA,0,6265136,276899,0,NA,2,"Feb",2018
"5470",5470,2018-02-05,NA,NA,0,6265136,276899,0,NA,2,"Feb",2018
"5471",5471,2018-02-06,NA,NA,0,6265136,276899,0,NA,2,"Feb",2018
"5472",5472,2018-02-07,NA,NA,0,6265136,276899,0,NA,2,"Feb",2018
"5473",5473,2018-02-08,NA,NA,0,6265136,276899,0,NA,2,"Feb",2018
"5474",5474,2018-02-09,NA,NA,0,6265136,276899,0,NA,2,"Feb",2018
"5475",5475,2018-02-10,NA,NA,0,6265136,276899,0,NA,2,"Feb",2018
"5476",5476,2018-02-11,20.0808080808081,9,99,6265136,276899,0.0357531085341587,9.09090909090909,2,"Feb",2018
"5477",5477,2018-02-12,NA,NA,0,6265136,276899,0,NA,2,"Feb",2018
"5478",5478,2018-02-13,45.5657894736842,14,76,6265136,276899,0.0274468307938996,18.4210526315789,2,"Feb",2018
"5479",5479,2018-02-14,70.0815347721823,666,834,6265136,276899,0.301192853712003,79.8561151079137,2,"Feb",2018
"5480",5480,2018-02-15,56.943661971831,66,71,6265136,276899,0.0256411182416693,92.9577464788732,2,"Feb",2018
"5481",5481,2018-02-16,58.7467300832342,641,841,6265136,276899,0.303720851285126,76.2187871581451,2,"Feb",2018
"5482",5482,2018-02-17,81.3143445435827,1363,1457,6265136,276899,0.526184637719891,93.5483870967742,2,"Feb",2018
"5483",5483,2018-02-18,NA,NA,0,6265136,276899,0,NA,2,"Feb",2018
"5484",5484,2018-02-19,60.6188725490196,477,816,6265136,276899,0.294692288523974,58.4558823529412,2,"Feb",2018
"5485",5485,2018-02-20,NA,NA,0,6265136,276899,0,NA,2,"Feb",2018
"5486",5486,2018-02-21,55.5545977011494,250,348,6265136,276899,0.125677593635224,71.8390804597701,2,"Feb",2018
"5487",5487,2018-02-22,54.9670103092784,349,485,6265136,276899,0.175154117566333,71.9587628865979,2,"Feb",2018
"5488",5488,2018-02-23,74.3920485919381,1659,1811,6265136,276899,0.654029086417791,91.606847045831,2,"Feb",2018
"5489",5489,2018-02-24,63.2302405498282,706,873,6265136,276899,0.315277411619399,80.8705612829324,2,"Feb",2018
"5490",5490,2018-02-25,17.4666666666667,7,270,6265136,276899,0.0975084778204327,2.59259259259259,2,"Feb",2018
"5491",5491,2018-02-26,50.3117647058824,217,340,6265136,276899,0.122788453551656,63.8235294117647,2,"Feb",2018
"5492",5492,2018-02-27,52.2657856093979,738,1362,6265136,276899,0.491876099227516,54.1850220264317,2,"Feb",2018
"5493",5493,2018-02-28,62.3337905807042,1596,2187,6265136,276899,0.789818670345505,72.9766803840878,2,"Feb",2018
"5494",5494,2018-03-01,75.8170143562135,17417,17832,6265136,276899,6.43989324627391,97.6727231942575,3,"Mar",2018
"5495",5495,2018-03-02,73.1722185597394,24798,25787,6265136,276899,9.31278191687222,96.1647341683794,3,"Mar",2018
"5496",5496,2018-03-03,60.5251664539276,23427,28987,6265136,276899,10.4684379502996,80.8189878221272,3,"Mar",2018
"5497",5497,2018-03-04,71.883138436886,49754,52421,6265136,276899,18.9314515400922,94.9123442895023,3,"Mar",2018
"5498",5498,2018-03-05,74.2773758823873,65870,68564,6265136,276899,24.7613750862228,96.0708243393034,3,"Mar",2018
"5499",5499,2018-03-06,72.9127451090686,86400,88889,6265136,276899,32.1015966110387,97.1998785001519,3,"Mar",2018
"5500",5500,2018-03-07,75.8913691193628,100778,103709,6265136,276899,37.4537286158491,97.17382290833,3,"Mar",2018
"5501",5501,2018-03-08,71.53135819286,119413,123333,6265136,276899,44.5407892408423,96.8216130313866,3,"Mar",2018
"5502",5502,2018-03-09,74.1932810476049,152223,155173,6265136,276899,56.0395667734445,98.0988960708371,3,"Mar",2018
"5503",5503,2018-03-10,74.6098145499969,174943,176921,6265136,276899,63.8936940906251,98.8819868754981,3,"Mar",2018
"5504",5504,2018-03-11,74.4411851776235,194628,195920,6265136,276899,70.7550406465895,99.340547162107,3,"Mar",2018
"5505",5505,2018-03-12,73.7341819452398,204714,206062,6265136,276899,74.4177479875334,99.3458279546932,3,"Mar",2018
"5506",5506,2018-03-13,74.4270201506208,194344,196520,6265136,276899,70.9717261528572,98.8927335640139,3,"Mar",2018
"5507",5507,2018-03-14,68.4031866253343,118942,122261,6265136,276899,44.1536444696442,97.2853158407014,3,"Mar",2018
"5508",5508,2018-03-15,63.9956289714383,72450,76641,6265136,276899,27.6783231430955,94.5316475515716,3,"Mar",2018
"5509",5509,2018-03-16,61.6425694457576,45344,52883,6265136,276899,19.0982993799183,85.7440009076641,3,"Mar",2018
"5510",5510,2018-03-17,58.6114125678278,23387,28565,6265136,276899,10.3160358108913,81.8729214073166,3,"Mar",2018
"5511",5511,2018-03-18,65.6451014376819,82764,90006,6265136,276899,32.5049927952069,91.9538697420172,3,"Mar",2018
"5512",5512,2018-03-19,70.8335296947219,142037,143443,6265136,276899,51.8033651259123,99.019819719331,3,"Mar",2018
"5513",5513,2018-03-20,64.5217542602733,95505,97705,6265136,276899,35.285428983131,97.7483240366409,3,"Mar",2018
"5514",5514,2018-03-21,72.0920521072272,115451,116836,6265136,276899,42.1944463504744,98.8145776986545,3,"Mar",2018
"5515",5515,2018-03-22,70.78126340882,102421,104875,6265136,276899,37.8748207830292,97.6600715137068,3,"Mar",2018
"5516",5516,2018-03-23,69.714236380903,113359,115830,6265136,276899,41.8311369849656,97.8667012000345,3,"Mar",2018
"5517",5517,2018-03-24,70.6794450067476,116779,118560,6265136,276899,42.8170560384834,98.4978070175439,3,"Mar",2018
"5518",5518,2018-03-25,72.1431366906475,102280,104250,6265136,276899,37.6491067140004,98.1103117505995,3,"Mar",2018
"5519",5519,2018-03-26,61.1790932933683,19711,21352,6265136,276899,7.711114883044,92.3145372798801,3,"Mar",2018
"5520",5520,2018-03-27,70.2450210628325,98962,101126,6265136,276899,36.520897511367,97.8600953266222,3,"Mar",2018
"5521",5521,2018-03-28,64.3768203041931,20944,21631,6265136,276899,7.81187364345844,96.8240025888771,3,"Mar",2018
"5522",5522,2018-03-29,67.8300958937792,52527,52871,6265136,276899,19.093965669793,99.3493597624407,3,"Mar",2018
"5523",5523,2018-03-30,64.951774603634,48178,48377,6265136,276899,17.4709912278484,99.5886474977779,3,"Mar",2018
"5524",5524,2018-03-31,68.3021497094041,99693,99967,6265136,276899,36.10233334176,99.7259095501515,3,"Mar",2018
"5525",5525,2018-04-01,69.0296365138373,145082,145260,6265136,276899,52.4595610673928,99.8774611042269,4,"Apr",2018
"5526",5526,2018-04-02,67.4198298759372,59442,59486,6265136,276899,21.4829233763936,99.9260330161719,4,"Apr",2018
"5527",5527,2018-04-03,70.1545420666435,155407,155634,6265136,276899,56.2060534707601,99.8541449811738,4,"Apr",2018
"5528",5528,2018-04-04,71.9846632124352,192904,193000,6265136,276899,69.7005045160871,99.9502590673575,4,"Apr",2018
"5529",5529,2018-04-05,74.6723741689542,219243,219302,6265136,276899,79.199274825839,99.9730964605886,4,"Apr",2018
"5530",5530,2018-04-06,76.043517725859,232347,232457,6265136,276899,83.9501045507568,99.9526794202799,4,"Apr",2018
"5531",5531,2018-04-07,76.5261909757633,204809,204937,6265136,276899,74.0114626632816,99.9375417811328,4,"Apr",2018
"5532",5532,2018-04-08,75.3566014008,113921,114506,6265136,276899,41.3529843011351,99.4891097409743,4,"Apr",2018
"5533",5533,2018-04-09,69.4887309964172,82028,82616,6265136,276899,29.8361496430106,99.2882734579258,4,"Apr",2018
"5534",5534,2018-04-10,71.4072222841417,116202,116639,6265136,276899,42.1233012759165,99.6253397234201,4,"Apr",2018
"5535",5535,2018-04-11,62.7476257284697,18308,18532,6265136,276899,6.69269300358614,98.7912799481977,4,"Apr",2018
"5536",5536,2018-04-12,59.8062345023025,12375,14115,6265136,276899,5.09752653494596,87.672688629118,4,"Apr",2018
"5537",5537,2018-04-13,74.4172722770048,110744,111045,6265136,276899,40.1030700724813,99.7289387185375,4,"Apr",2018
"5538",5538,2018-04-14,73.6436304520771,86259,86733,6265136,276899,31.322973358517,99.4534952094359,4,"Apr",2018
"5539",5539,2018-04-15,67.5385495511354,90511,90896,6265136,276899,32.8264096295039,99.576439007217,4,"Apr",2018
"5540",5540,2018-04-16,71.1925535590878,11111,11576,6265136,276899,4.18058570092344,95.9830684174153,4,"Apr",2018
"5541",5541,2018-04-17,76.3177066305171,124924,125405,6265136,276899,45.2890765224865,99.6164427255692,4,"Apr",2018
"5542",5542,2018-04-18,75.4506401811921,172824,173076,6265136,276899,62.5051011379601,99.8543992234625,4,"Apr",2018
"5543",5543,2018-04-19,77.5429999438423,177752,178070,6265136,276899,64.3086468351276,99.8214185432695,4,"Apr",2018
"5544",5544,2018-04-20,74.8433766540333,152322,152506,6265136,276899,55.0763996980849,99.8793490092193,4,"Apr",2018
"5545",5545,2018-04-21,70.9508955067556,56699,57286,6265136,276899,20.6884098534123,98.9753168313375,4,"Apr",2018
"5546",5546,2018-04-22,73.6252584203882,54486,54659,6265136,276899,19.7396884784705,99.6834921970764,4,"Apr",2018
"5547",5547,2018-04-23,67.4230200535995,43052,43284,6265136,276899,15.6316924221467,99.4640051751225,4,"Apr",2018
"5548",5548,2018-04-24,71.9433289515013,171840,171922,6265136,276899,62.0883426809053,99.9523039517921,4,"Apr",2018
"5549",5549,2018-04-25,74.8711780748926,142548,142631,6265136,276899,51.5101174074301,99.941807881877,4,"Apr",2018
"5550",5550,2018-04-26,75.6179678286138,164413,164494,6265136,276899,59.4057761133121,99.9507580823617,4,"Apr",2018
"5551",5551,2018-04-27,75.8191661294994,213927,214086,6265136,276899,77.3155554913524,99.925730781088,4,"Apr",2018
"5552",5552,2018-04-28,72.8048524681863,99516,100114,6265136,276899,36.1554212907956,99.4026809437241,4,"Apr",2018
"5553",5553,2018-04-29,72.9294362612786,77672,77802,6265136,276899,28.0976095977234,99.8329091797126,4,"Apr",2018
"5554",5554,2018-04-30,76.2080318828668,104316,104633,6265136,276899,37.7874242955012,99.697036307857,4,"Apr",2018
"5555",5555,2018-05-01,76.9250594885491,99287,99599,6265136,276899,35.9694328979159,99.6867438428097,5,"May",2018
"5556",5556,2018-05-02,78.2567447408371,91731,92220,6265136,276899,33.3045623133345,99.469746258946,5,"May",2018
"5557",5557,2018-05-03,79.0893545122868,107080,107717,6265136,276899,38.9011877977169,99.4086355914108,5,"May",2018
"5558",5558,2018-05-04,77.7859132510943,28982,30156,6265136,276899,10.890613545011,96.1069107308662,5,"May",2018
"5559",5559,2018-05-05,74.770025728988,22138,23320,6265136,276899,8.42184334360182,94.9313893653516,5,"May",2018
"5560",5560,2018-05-06,64.5915966386555,5280,5355,6265136,276899,1.93391814343858,98.5994397759104,5,"May",2018
"5561",5561,2018-05-07,74.0219604916989,153822,155461,6265136,276899,56.1435758164529,98.9457162889728,5,"May",2018
"5562",5562,2018-05-08,71.4416209628275,31958,32820,6265136,276899,11.8526971928393,97.3735527117611,5,"May",2018
"5563",5563,2018-05-09,72.1628923032112,41079,41199,6265136,276899,14.8787102878667,99.7087307944368,5,"May",2018
"5564",5564,2018-05-10,77.4893953591472,98382,99249,6265136,276899,35.8430330192597,99.1264395611039,5,"May",2018
"5565",5565,2018-05-11,66.3076841038767,18320,18753,6265136,276899,6.77250549839472,97.6910361008905,5,"May",2018
"5566",5566,2018-05-12,72.9892861301968,16587,17174,6265136,276899,6.20226147440041,96.582042622569,5,"May",2018
"5567",5567,2018-05-13,75.9926791089705,40068,41525,6265136,276899,14.9964427462721,96.4912703190849,5,"May",2018
"5568",5568,2018-05-14,79.381369576091,125729,127952,6265136,276899,46.2089064965926,98.2626297361511,5,"May",2018
"5569",5569,2018-05-15,71.4902074751712,38976,39571,6265136,276899,14.2907702808605,98.4963736069344,5,"May",2018
"5570",5570,2018-05-16,63.9223798266351,4933,5076,6265136,276899,1.83315938302414,97.1828211189913,5,"May",2018
"5571",5571,2018-05-17,71.2430906074618,25824,28331,6265136,276899,10.231528463447,91.1510359676679,5,"May",2018
"5572",5572,2018-05-18,64.3103165938865,9680,10992,6265136,276899,3.96967847482295,88.0640465793304,5,"May",2018
"5573",5573,2018-05-19,72.0871762476311,23025,23745,6265136,276899,8.57532891054139,96.9677826910929,5,"May",2018
"5574",5574,2018-05-20,69.8159941475435,23141,25972,6265136,276899,9.37959328130474,89.0997997843832,5,"May",2018
"5575",5575,2018-05-21,71.507413509061,13912,15175,6265136,276899,5.48033759601877,91.6771004942339,5,"May",2018
"5576",5576,2018-05-22,67.2710960863347,6603,7691,6265136,276899,2.77754704784055,85.8535951111689,5,"May",2018
"5577",5577,2018-05-23,71.8959964776551,30290,31797,6265136,276899,11.483248404653,95.260559172249,5,"May",2018
"5578",5578,2018-05-24,69.9335535976505,2572,2724,6265136,276899,0.983752198455032,94.4199706314244,5,"May",2018
"5579",5579,2018-05-25,75.5330035737107,40470,42253,6265136,276899,15.2593544938768,95.7801812889026,5,"May",2018
"5580",5580,2018-05-26,75.2724141737499,43410,45295,6265136,276899,16.3579500106537,95.8383927585826,5,"May",2018
"5581",5581,2018-05-27,75.6582168063229,72855,75662,6265136,276899,27.3247646253688,96.2900795643784,5,"May",2018
"5582",5582,2018-05-28,76.7098196840284,17121,17913,6265136,276899,6.46914578962004,95.5786300452186,5,"May",2018
"5583",5583,2018-05-29,75.7124031241519,31606,33161,6265136,276899,11.9758467889014,95.3107566116824,5,"May",2018
"5584",5584,2018-05-30,74.0285478377542,44686,48445,6265136,276899,17.4955489185588,92.2406853132418,5,"May",2018
"5585",5585,2018-05-31,69.0917322834646,12341,12700,6265136,276899,4.5865098826648,97.1732283464567,5,"May",2018
"5586",5586,2018-06-01,64.5138137282825,7975,10533,6265136,276899,3.80391406252821,75.7144213424476,6,"Jun",2018
"5587",5587,2018-06-02,69.2466666666667,4632,5400,6265136,276899,1.95016955640865,85.7777777777778,6,"Jun",2018
"5588",5588,2018-06-03,68.7327895595432,2733,3065,6265136,276899,1.10690179451713,89.1680261011419,6,"Jun",2018
"5589",5589,2018-06-04,67.330523713194,7956,8898,6265136,276899,3.21344605794893,89.4133513149022,6,"Jun",2018
"5590",5590,2018-06-05,73.9869499158934,34977,36858,6265136,276899,13.3109906500204,94.896630310923,6,"Jun",2018
"5591",5591,2018-06-06,68.2012940104903,27340,31839,6265136,276899,11.4984163900917,85.8695310782374,6,"Jun",2018
"5592",5592,2018-06-07,74.7683712309778,117462,130571,6265136,276899,47.1547387314508,89.9602515106724,6,"Jun",2018
"5593",5593,2018-06-08,74.8569743987587,28859,32225,6265136,276899,11.6378173991239,89.5546935608999,6,"Jun",2018
"5594",5594,2018-06-09,71.5852098426996,13087,15321,6265136,276899,5.53306440254389,85.4187063507604,6,"Jun",2018
"5595",5595,2018-06-10,64.5526315789474,1910,2280,6265136,276899,0.823404923816987,83.7719298245614,6,"Jun",2018
"5596",5596,2018-06-11,70.4424893717525,37896,42340,6265136,276899,15.2907738922856,89.5040151157298,6,"Jun",2018
"5597",5597,2018-06-12,62.9436182019978,30142,36040,6265136,276899,13.0155760764755,83.6348501664817,6,"Jun",2018
"5598",5598,2018-06-13,66.1185779560905,7683,8973,6265136,276899,3.24053174623238,85.6235372785022,6,"Jun",2018
"5599",5599,2018-06-14,63.7394205781385,26793,31169,6265136,276899,11.2564509080928,85.9604093811159,6,"Jun",2018
"5600",5600,2018-06-15,71.3819354501092,70622,76437,6265136,276899,27.6046500709645,92.3924277509583,6,"Jun",2018
"5601",5601,2018-06-16,65.0631906447806,7733,9321,6265136,276899,3.36620933986761,82.9632013732432,6,"Jun",2018
"5602",5602,2018-06-17,79.3623532907443,5906,6731,6265136,276899,2.43085023781234,87.7432773733472,6,"Jun",2018
"5603",5603,2018-06-18,77.4084513060943,142221,163809,6265136,276899,59.1583934936565,86.8212369283739,6,"Jun",2018
"5604",5604,2018-06-19,63.2596485030469,8343,11323,6265136,276899,4.08921664578059,73.6818864258589,6,"Jun",2018
"5605",5605,2018-06-20,77.8781446851041,64896,76041,6265136,276899,27.4616376368279,85.343433147907,6,"Jun",2018
"5606",5606,2018-06-21,75.4260802104766,24636,29647,6265136,276899,10.706792007194,83.0977839241745,6,"Jun",2018
"5607",5607,2018-06-22,78.0940912893168,146386,170951,6265136,276899,61.7376733032622,85.6303853150903,6,"Jun",2018
"5608",5608,2018-06-23,74.2940675657267,73943,88092,6265136,276899,31.8137660302132,83.9383826000091,6,"Jun",2018
"5609",5609,2018-06-24,47.6383207750269,460,929,6265136,276899,0.335501392204378,49.5156081808396,6,"Jun",2018
"5610",5610,2018-06-25,55.2033009409224,4347,6483,6265136,276899,2.34128689522172,67.0522906062008,6,"Jun",2018
"5611",5611,2018-06-26,50.5547556719023,2567,4584,6265136,276899,1.65547726788468,55.999127399651,6,"Jun",2018
"5612",5612,2018-06-27,66.7113312289104,7830,9187,6265136,276899,3.31781624346783,85.2291281158158,6,"Jun",2018
"5613",5613,2018-06-28,62.6424392838149,9032,11282,6265136,276899,4.0744098028523,80.0567275305797,6,"Jun",2018
"5614",5614,2018-06-29,64.5276609105181,12086,15925,6265136,276899,5.7511944788533,75.8932496075353,6,"Jun",2018
"5615",5615,2018-06-30,65.2053859667563,100833,133198,6265136,276899,48.1034601063926,75.7015871109176,6,"Jun",2018
"5616",5616,2018-07-01,62.0692946791586,17107,22628,6265136,276899,8.17193272637315,75.6010252784161,7,"Jul",2018
"5617",5617,2018-07-02,67.6779000103295,30521,38724,6265136,276899,13.9848825745127,78.8167544675137,7,"Jul",2018
"5618",5618,2018-07-03,69.2942896891896,147213,189762,6265136,276899,68.5311250672628,77.5777025958833,7,"Jul",2018
"5619",5619,2018-07-04,75.3054374197231,60219,70070,6265136,276899,25.3052557069545,85.9412016554874,7,"Jul",2018
"5620",5620,2018-07-05,78.2807523778989,47757,56142,6265136,276899,20.275262821462,85.0646574756867,7,"Jul",2018
"5621",5621,2018-07-06,73.7467530210518,140121,172622,6265136,276899,62.3411424382175,81.172156503806,7,"Jul",2018
"5622",5622,2018-07-07,55.1097116843703,4044,6590,6265136,276899,2.37992914383945,61.3657056145675,7,"Jul",2018
"5623",5623,2018-07-08,58.0324195666448,15021,24368,6265136,276899,8.80032069454928,61.642317793828,7,"Jul",2018
"5624",5624,2018-07-09,71.6714893617021,46210,59925,6265136,276899,21.6414649384794,77.1130579891531,7,"Jul",2018
"5625",5625,2018-07-10,59.2541828181427,19745,30183,6265136,276899,10.900364392793,65.41761918961,7,"Jul",2018
"5626",5626,2018-07-11,67.3280182796054,87249,121228,6265136,276899,43.7805842563534,71.9709967994193,7,"Jul",2018
"5627",5627,2018-07-12,66.6486619199607,6927,8146,6265136,276899,2.9418668900935,85.0356002946231,7,"Jul",2018
"5628",5628,2018-07-13,62.1168672348599,90748,133288,6265136,276899,48.1359629323327,68.0841486105276,7,"Jul",2018
"5629",5629,2018-07-14,53.5406504065041,1747,2460,6265136,276899,0.888410575697276,71.0162601626016,7,"Jul",2018
"5630",5630,2018-07-15,62.6988669534033,59597,83933,6265136,276899,30.3117743292681,71.0054448190819,7,"Jul",2018
"5631",5631,2018-07-16,57.1527725386647,35006,55671,6265136,276899,20.1051646990419,62.8801350793052,7,"Jul",2018
"5632",5632,2018-07-17,56.3113643887444,68554,105725,6265136,276899,38.1817919169083,64.8418065736581,7,"Jul",2018
"5633",5633,2018-07-18,68.5257526417226,22942,30094,6265136,276899,10.8682227093633,76.2344653419286,7,"Jul",2018
"5634",5634,2018-07-19,75.9284588096177,17620,20296,6265136,276899,7.32974839201297,86.8151359873867,7,"Jul",2018
"5635",5635,2018-07-20,67.2516863406408,10306,14232,6265136,276899,5.13978020866814,72.4142776840922,7,"Jul",2018
"5636",5636,2018-07-21,44.1382513221122,17905,37251,6265136,276899,13.4529196566257,48.0658237362755,7,"Jul",2018
"5637",5637,2018-07-22,58.9165947430365,9726,12745,6265136,276899,4.60276129563487,76.3122793252256,7,"Jul",2018
"5638",5638,2018-07-23,47.5786713286713,2118,3432,6265136,276899,1.23944109585083,61.7132867132867,7,"Jul",2018
"5639",5639,2018-07-24,58.687660944206,6107,9320,6265136,276899,3.36584819735716,65.5257510729614,7,"Jul",2018
"5640",5640,2018-07-25,54.1690427698574,15986,27005,6265136,276899,9.7526534945955,59.1964451027587,7,"Jul",2018
"5641",5641,2018-07-26,58.401337499635,42536,68486,6265136,276899,24.733205970408,62.1090441842128,7,"Jul",2018
"5642",5642,2018-07-27,48.5703608492812,67936,126036,6265136,276899,45.516957446578,53.9020597289663,7,"Jul",2018
"5643",5643,2018-07-28,66.6288206214003,73171,102961,6265136,276899,37.1835940180355,71.0667145812492,7,"Jul",2018
"5644",5644,2018-07-29,54.3009828312437,72354,121791,6265136,276899,43.9839074897345,59.4083306648274,7,"Jul",2018
"5645",5645,2018-07-30,55.2437383558619,106275,176591,6265136,276899,63.7745170621779,60.1814362000328,7,"Jul",2018
"5646",5646,2018-07-31,33.3399927694557,23890,63619,6265136,276899,22.9755253720671,37.5516748141279,7,"Jul",2018
"5647",5647,2018-08-01,49.0600345262941,84501,155244,6265136,276899,56.0652078916861,54.4310891242174,8,"Aug",2018
"5648",5648,2018-08-02,46.6962771933408,20392,39164,6265136,276899,14.143785279109,52.0682259217649,8,"Aug",2018
"5649",5649,2018-08-03,68.2008924333049,31900,42132,6265136,276899,15.2156562501129,75.7144213424476,8,"Aug",2018
"5650",5650,2018-08-04,68.9133708422969,27268,36258,6265136,276899,13.0943051437528,75.2054718958575,8,"Aug",2018
"5651",5651,2018-08-05,52.7701254236705,69569,116246,6265136,276899,41.9813722693112,59.8463603048707,8,"Aug",2018
"5652",5652,2018-08-06,52.954196985447,35869,61568,6265136,276899,22.2348220831422,58.2591606029106,8,"Aug",2018
"5653",5653,2018-08-07,49.0869989033752,8696,16414,6265136,276899,5.92779316646142,52.9791641281833,8,"Aug",2018
"5654",5654,2018-08-08,64.0958854927116,58386,83558,6265136,276899,30.1763458878508,69.8748174920415,8,"Aug",2018
"5655",5655,2018-08-09,64.028932248374,25848,34287,6265136,276899,12.3824932556636,75.3871729810132,8,"Aug",2018
"5656",5656,2018-08-10,66.8070141180606,37577,51211,6265136,276899,18.4944691024525,73.3768135752085,8,"Aug",2018
"5657",5657,2018-08-11,71.4119343834654,63884,79736,6265136,276899,28.796059212926,80.1193940002007,8,"Aug",2018
"5658",5658,2018-08-12,64.5282067444059,49606,69806,6265136,276899,25.2099140841968,71.0626593702547,8,"Aug",2018
"5659",5659,2018-08-13,58.9951417343589,111326,166932,6265136,276899,60.2862415537795,66.6894304267606,8,"Aug",2018
"5660",5660,2018-08-14,61.6502969756275,92657,131829,6265136,276899,47.6090560095919,70.2857489626713,8,"Aug",2018
"5661",5661,2018-08-15,52.5782982487783,68458,116433,6265136,276899,42.0489059187646,58.7960457945771,8,"Aug",2018
"5662",5662,2018-08-16,45.2759134771766,17887,36892,6265136,276899,13.3232694953756,48.484766345007,8,"Aug",2018
"5663",5663,2018-08-17,52.7659358746461,47498,75945,6265136,276899,27.426967955825,62.5426295345316,8,"Aug",2018
"5664",5664,2018-08-18,55.8021113641068,13199,19324,6265136,276899,6.97871787185941,68.3036638377148,8,"Aug",2018
"5665",5665,2018-08-19,39.1046572086459,11623,26926,6265136,276899,9.72412323627026,43.1664562133254,8,"Aug",2018
"5666",5666,2018-08-20,42.0835802446694,27238,55013,6265136,276899,19.8675329271684,49.5119335429807,8,"Aug",2018
"5667",5667,2018-08-21,50.3599881862148,15296,27087,6265136,276899,9.78226718045208,56.4698933067523,8,"Aug",2018
"5668",5668,2018-08-22,50.6071161847861,21652,37492,6265136,276899,13.5399550016432,57.7509868772005,8,"Aug",2018
"5669",5669,2018-08-23,48.6400436812773,14130,26556,6265136,276899,9.59050050740523,53.2083145051966,8,"Aug",2018
"5670",5670,2018-08-24,56.0822902048835,34632,53445,6265136,276899,19.301261470789,64.7993264103284,8,"Aug",2018
"5671",5671,2018-08-25,48.7427242662257,26822,48380,6265136,276899,17.4720746553798,55.4402645721372,8,"Aug",2018
"5672",5672,2018-08-26,24.6207250843975,1709,6813,6265136,276899,2.46046392366892,25.0843974754147,8,"Aug",2018
"5673",5673,2018-08-27,47.200506981383,14058,24064,6265136,276899,8.69053337137368,58.4192154255319,8,"Aug",2018
"5674",5674,2018-08-28,43.1626895460437,67560,125761,6265136,276899,45.4176432562053,53.7209468754224,8,"Aug",2018
"5675",5675,2018-08-29,47.3202986834349,34393,61068,6265136,276899,22.0542508279192,56.3191851706295,8,"Aug",2018
"5676",5676,2018-08-30,44.7292089249493,1054,1972,6265136,276899,0.712173030599605,53.448275862069,8,"Aug",2018
"5677",5677,2018-08-31,42.7780131873354,25098,50503,6265136,276899,18.2387802050567,49.696057659941,8,"Aug",2018
"5678",5678,2018-09-01,61.7209779243235,22189,24869,6265136,276899,8.98125309228275,89.2235313040331,9,"Sep",2018
"5679",5679,2018-09-02,51.0445961368677,25497,46439,6265136,276899,16.771097042604,54.9042830379638,9,"Sep",2018
"5680",5680,2018-09-03,57.3995917545928,25694,34783,6265136,276899,12.5616199408449,73.8694189690366,9,"Sep",2018
"5681",5681,2018-09-04,58.8895419426049,49632,72480,6265136,276899,26.1756091571295,68.476821192053,9,"Sep",2018
"5682",5682,2018-09-05,42.2584181675803,5878,12770,6265136,276899,4.61178985839602,46.0297572435395,9,"Sep",2018
"5683",5683,2018-09-06,48.6922878029288,24752,42543,6265136,276899,15.3640858219062,58.1811343816844,9,"Sep",2018
"5684",5684,2018-09-07,47.9334776702326,39993,70668,6265136,276899,25.5212189282013,56.5928001358465,9,"Sep",2018
"5685",5685,2018-09-08,49.7798646916005,42799,73314,6265136,276899,26.4768020108415,58.3776632021169,9,"Sep",2018
"5686",5686,2018-09-09,57.406024611106,78850,119377,6265136,276899,43.1121094695178,66.0512494031514,9,"Sep",2018
"5687",5687,2018-09-10,55.7800007552585,81106,132405,6265136,276899,47.8170740956089,61.2559948642423,9,"Sep",2018
"5688",5688,2018-09-11,41.6133321977808,38399,82192,6265136,276899,29.6830252185815,46.7186587502433,9,"Sep",2018
"5689",5689,2018-09-12,53.2211330857587,100641,162106,6265136,276899,58.5433677983669,62.0834515687266,9,"Sep",2018
"5690",5690,2018-09-13,49.6625665525765,49975,84144,6265136,276899,30.3879753989722,59.3922323635672,9,"Sep",2018
"5691",5691,2018-09-14,56.3338917688709,23009,31636,6265136,276899,11.4251044604711,72.7304336831458,9,"Sep",2018
"5692",5692,2018-09-15,54.6029762663704,40565,54901,6265136,276899,19.8270849659984,73.8875430320031,9,"Sep",2018
"5693",5693,2018-09-16,60.7726686100557,85084,110803,6265136,276899,40.0156735849534,76.7885346064637,9,"Sep",2018
"5694",5694,2018-09-17,59.7974841079076,59897,81959,6265136,276899,29.5988790136476,73.0816627826108,9,"Sep",2018
"5695",5695,2018-09-18,59.6778913279553,73881,103136,6265136,276899,37.2467939573635,71.6345408004964,9,"Sep",2018
"5696",5696,2018-09-19,55.9833515318903,53266,77845,6265136,276899,28.1131387256725,68.4257177724966,9,"Sep",2018
"5697",5697,2018-09-20,57.1879684037261,77592,108747,6265136,276899,39.2731645834763,71.350933818864,9,"Sep",2018
"5698",5698,2018-09-21,59.5261198716558,63864,87577,6265136,276899,31.6277776373335,72.9232561060552,9,"Sep",2018
"5699",5699,2018-09-22,57.0171040158131,34832,49579,6265136,276899,17.9050845254046,70.2555517456988,9,"Sep",2018
"5700",5700,2018-09-23,57.8898026315789,6393,8512,6265136,276899,3.07404504891675,75.1057330827068,9,"Sep",2018
"5701",5701,2018-09-24,51.3347551393477,18570,31181,6265136,276899,11.2607846182182,59.555498540778,9,"Sep",2018
"5702",5702,2018-09-25,48.2323376373097,13050,25945,6265136,276899,9.36984243352269,50.2987088070919,9,"Sep",2018
"5703",5703,2018-09-26,50.4261813912533,10471,17035,6265136,276899,6.15206266544841,61.4675667742882,9,"Sep",2018
"5704",5704,2018-09-27,63.7289864645257,79605,95379,6265136,276899,34.4454115038335,83.4617683137798,9,"Sep",2018
"5705",5705,2018-09-28,65.4791578670721,92483,106539,6265136,276899,38.4757619204114,86.8067092801697,9,"Sep",2018
"5706",5706,2018-09-29,67.3132680910163,113254,123846,6265136,276899,44.7260553487012,91.4474427918544,9,"Sep",2018
"5707",5707,2018-09-30,70.6847332248023,136144,146809,6265136,276899,53.0189708160737,92.7354589977454,9,"Sep",2018
"5708",5708,2018-10-01,70.2957707319681,87822,93515,6265136,276899,33.7722418643621,93.912206597872,10,"Oct",2018
"5709",5709,2018-10-02,70.3738193848174,71233,79196,6265136,276899,28.6010422572851,89.9451992524875,10,"Oct",2018
"5710",5710,2018-10-03,67.3192720354314,56061,64124,6265136,276899,23.1579023398423,87.4259247707567,10,"Oct",2018
"5711",5711,2018-10-04,63.6771503093534,55096,65944,6265136,276899,23.8151817088541,83.5496785151037,10,"Oct",2018
"5712",5712,2018-10-05,56.3163139193573,20583,25892,6265136,276899,9.35070188046905,79.495597095628,10,"Oct",2018
"5713",5713,2018-10-06,70.2809494246048,106410,111141,6265136,276899,40.1377397534841,95.743245067077,10,"Oct",2018
"5714",5714,2018-10-07,70.6189526489661,77712,81730,6265136,276899,29.5161773787554,95.0838125535299,10,"Oct",2018
"5715",5715,2018-10-08,71.6792782732629,64870,68059,6265136,276899,24.5789981184475,95.314359599759,10,"Oct",2018
"5716",5716,2018-10-09,74.9903373649465,58460,60439,6265136,276899,21.8270921888486,96.7256241830606,10,"Oct",2018
"5717",5717,2018-10-10,77.8824796114726,64328,65478,6265136,276899,23.6468892989863,98.2436849017991,10,"Oct",2018
"5718",5718,2018-10-11,70.0170464582229,21388,22644,6265136,276899,8.17771100654029,94.453276806218,10,"Oct",2018
"5719",5719,2018-10-12,63.6863065121593,5533,6127,6265136,276899,2.21272016150293,90.3052064631957,10,"Oct",2018
"5720",5720,2018-10-13,58.5782077021354,3736,5479,6265136,276899,1.97869981473389,68.187625479102,10,"Oct",2018
"5721",5721,2018-10-14,NA,NA,0,6265136,276899,0,NA,10,"Oct",2018
"5722",5722,2018-10-15,33.2728828058169,305,1169,6265136,276899,0.422175594711429,26.0906757912746,10,"Oct",2018
"5723",5723,2018-10-16,30.3639344262295,124,610,6265136,276899,0.220296931372089,20.327868852459,10,"Oct",2018
"5724",5724,2018-10-17,45.2617554858934,186,638,6265136,276899,0.230408921664578,29.153605015674,10,"Oct",2018
"5725",5725,2018-10-18,42.1812688821752,514,1324,6265136,276899,0.478152683830566,38.821752265861,10,"Oct",2018
"5726",5726,2018-10-19,21.2864583333333,20,384,6265136,276899,0.138678724011282,5.20833333333333,10,"Oct",2018
"5727",5727,2018-10-20,48.2993630573248,134,314,6265136,276899,0.113398748280059,42.6751592356688,10,"Oct",2018
"5728",5728,2018-10-21,52.6666666666667,6,6,6265136,276899,0.00216685506267628,100,10,"Oct",2018
"5729",5729,2018-10-22,66.9803921568627,946,1071,6265136,276899,0.386783628687716,88.328664799253,10,"Oct",2018
"5730",5730,2018-10-23,54.4973262032086,291,374,6265136,276899,0.135067298906822,77.807486631016,10,"Oct",2018
"5731",5731,2018-10-24,65.6807313642757,585,711,6265136,276899,0.256772324927139,82.2784810126582,10,"Oct",2018
"5732",5732,2018-10-25,56.1246882793017,292,401,6265136,276899,0.144818146688865,72.8179551122195,10,"Oct",2018
"5733",5733,2018-10-26,64.0476190476191,162,168,6265136,276899,0.0606719417549359,96.4285714285714,10,"Oct",2018
"5734",5734,2018-10-27,NA,NA,0,6265136,276899,0,NA,10,"Oct",2018
"5735",5735,2018-10-28,NA,NA,0,6265136,276899,0,NA,10,"Oct",2018
"5736",5736,2018-10-29,59.8476923076923,491,650,6265136,276899,0.234742631789931,75.5384615384615,10,"Oct",2018
"5737",5737,2018-10-30,NA,NA,0,6265136,276899,0,NA,10,"Oct",2018
"5738",5738,2018-10-31,NA,NA,0,6265136,276899,0,NA,10,"Oct",2018
"5739",5739,2018-11-01,NA,NA,0,6265136,276899,0,NA,11,"Nov",2018
"5740",5740,2018-11-02,NA,NA,0,6265136,276899,0,NA,11,"Nov",2018
"5741",5741,2018-11-03,NA,NA,0,6265136,276899,0,NA,11,"Nov",2018
"5742",5742,2018-11-04,NA,NA,0,6265136,276899,0,NA,11,"Nov",2018
"5743",5743,2018-11-05,NA,NA,0,6265136,276899,0,NA,11,"Nov",2018
"5744",5744,2018-11-06,NA,NA,0,6265136,276899,0,NA,11,"Nov",2018
"5745",5745,2018-11-07,NA,NA,0,6265136,276899,0,NA,11,"Nov",2018
"5746",5746,2018-11-08,NA,NA,0,6265136,276899,0,NA,11,"Nov",2018
"5747",5747,2018-11-09,NA,NA,0,6265136,276899,0,NA,11,"Nov",2018
"5748",5748,2018-11-10,NA,NA,0,6265136,276899,0,NA,11,"Nov",2018
"5749",5749,2018-11-11,NA,NA,0,6265136,276899,0,NA,11,"Nov",2018
"5750",5750,2018-11-12,NA,NA,0,6265136,276899,0,NA,11,"Nov",2018
"5751",5751,2018-11-13,NA,NA,0,6265136,276899,0,NA,11,"Nov",2018
"5752",5752,2018-11-14,NA,NA,0,6265136,276899,0,NA,11,"Nov",2018
"5753",5753,2018-11-15,NA,NA,0,6265136,276899,0,NA,11,"Nov",2018
"5754",5754,2018-11-16,NA,NA,0,6265136,276899,0,NA,11,"Nov",2018
"5755",5755,2018-11-17,NA,NA,0,6265136,276899,0,NA,11,"Nov",2018
"5756",5756,2018-11-18,NA,NA,0,6265136,276899,0,NA,11,"Nov",2018
"5757",5757,2018-11-19,NA,NA,0,6265136,276899,0,NA,11,"Nov",2018
"5758",5758,2018-11-20,NA,NA,0,6265136,276899,0,NA,11,"Nov",2018
"5759",5759,2018-11-21,NA,NA,0,6265136,276899,0,NA,11,"Nov",2018
"5760",5760,2018-11-22,NA,NA,0,6265136,276899,0,NA,11,"Nov",2018
"5761",5761,2018-11-23,NA,NA,0,6265136,276899,0,NA,11,"Nov",2018
"5762",5762,2018-11-24,NA,NA,0,6265136,276899,0,NA,11,"Nov",2018
"5763",5763,2018-11-25,NA,NA,0,6265136,276899,0,NA,11,"Nov",2018
"5764",5764,2018-11-26,NA,NA,0,6265136,276899,0,NA,11,"Nov",2018
"5765",5765,2019-01-17,NA,NA,0,6265136,276899,0,NA,1,"Jan",2019
"5766",5766,2019-01-18,NA,NA,0,6265136,276899,0,NA,1,"Jan",2019
"5767",5767,2019-01-19,NA,NA,0,6265136,276899,0,NA,1,"Jan",2019
"5768",5768,2019-01-20,NA,NA,0,6265136,276899,0,NA,1,"Jan",2019
"5769",5769,2019-01-21,NA,NA,0,6265136,276899,0,NA,1,"Jan",2019
"5770",5770,2019-01-22,NA,NA,0,6265136,276899,0,NA,1,"Jan",2019
"5771",5771,2019-01-23,NA,NA,0,6265136,276899,0,NA,1,"Jan",2019
"5772",5772,2019-01-24,NA,NA,0,6265136,276899,0,NA,1,"Jan",2019
"5773",5773,2019-01-25,NA,NA,0,6265136,276899,0,NA,1,"Jan",2019
"5774",5774,2019-01-26,NA,NA,0,6265136,276899,0,NA,1,"Jan",2019
"5775",5775,2019-01-27,NA,NA,0,6265136,276899,0,NA,1,"Jan",2019
"5776",5776,2019-01-28,NA,NA,0,6265136,276899,0,NA,1,"Jan",2019
"5777",5777,2019-01-29,NA,NA,0,6265136,276899,0,NA,1,"Jan",2019
"5778",5778,2019-01-30,NA,NA,0,6265136,276899,0,NA,1,"Jan",2019
"5779",5779,2019-01-31,NA,NA,0,6265136,276899,0,NA,1,"Jan",2019
"5780",5780,2019-02-01,NA,NA,0,6265136,276899,0,NA,2,"Feb",2019
"5781",5781,2019-02-02,NA,NA,0,6265136,276899,0,NA,2,"Feb",2019
"5782",5782,2019-02-03,NA,NA,0,6265136,276899,0,NA,2,"Feb",2019
"5783",5783,2019-02-04,NA,NA,0,6265136,276899,0,NA,2,"Feb",2019
"5784",5784,2019-02-05,NA,NA,0,6265136,276899,0,NA,2,"Feb",2019
"5785",5785,2019-02-06,NA,NA,0,6265136,276899,0,NA,2,"Feb",2019
"5786",5786,2019-02-07,NA,NA,0,6265136,276899,0,NA,2,"Feb",2019
"5787",5787,2019-02-08,NA,NA,0,6265136,276899,0,NA,2,"Feb",2019
"5788",5788,2019-02-09,NA,NA,0,6265136,276899,0,NA,2,"Feb",2019
"5789",5789,2019-02-10,NA,NA,0,6265136,276899,0,NA,2,"Feb",2019
"5790",5790,2019-02-11,0.895833333333333,0,48,6265136,276899,0.0173348405014103,0,2,"Feb",2019
"5791",5791,2019-02-12,52.1325966850829,257,362,6265136,276899,0.130733588781469,70.9944751381215,2,"Feb",2019
"5792",5792,2019-02-13,59.7458100558659,286,358,6265136,276899,0.129289018739685,79.8882681564246,2,"Feb",2019
"5793",5793,2019-02-14,49.0909090909091,6,11,6265136,276899,0.00397256761490652,54.5454545454545,2,"Feb",2019
"5794",5794,2019-02-15,61.6424116424116,380,481,6265136,276899,0.173709547524549,79.002079002079,2,"Feb",2019
"5795",5795,2019-02-16,61.0443037974684,133,158,6265136,276899,0.0570605166504754,84.1772151898734,2,"Feb",2019
"5796",5796,2019-02-17,62.3531053733426,1065,1433,6265136,276899,0.517517217469186,74.3196092114445,2,"Feb",2019
"5797",5797,2019-02-18,NA,NA,0,6265136,276899,0,NA,2,"Feb",2019
"5798",5798,2019-02-19,34.0772357723577,54,246,6265136,276899,0.0888410575697276,21.9512195121951,2,"Feb",2019
"5799",5799,2019-02-20,60.8734693877551,981,1225,6265136,276899,0.442399575296408,80.0816326530612,2,"Feb",2019
"5800",5800,2019-02-21,NA,NA,0,6265136,276899,0,NA,2,"Feb",2019
"5801",5801,2019-02-22,71.6039707419018,878,957,6265136,276899,0.345613382496867,91.7450365726228,2,"Feb",2019
"5802",5802,2019-02-23,47.8370786516854,177,356,6265136,276899,0.128566733718793,49.7191011235955,2,"Feb",2019
"5803",5803,2019-02-24,46.0449438202247,299,623,6265136,276899,0.224991784007887,47.9935794542536,2,"Feb",2019
"5804",5804,2019-02-25,39.0013089005236,159,764,6265136,276899,0.27591287798078,20.8115183246073,2,"Feb",2019
"5805",5805,2019-02-26,54.5086505190311,196,289,6265136,276899,0.104370185518908,67.8200692041522,2,"Feb",2019
"5806",5806,2019-02-27,68.5581039755352,574,654,6265136,276899,0.236187201831715,87.7675840978593,2,"Feb",2019
"5807",5807,2019-02-28,72.7622820919176,3531,3786,6265136,276899,1.36728554454873,93.2646592709984,2,"Feb",2019
"5808",5808,2019-03-01,68.0762383900929,4998,5168,6265136,276899,1.86638449398517,96.7105263157895,3,"Mar",2019
"5809",5809,2019-03-02,61.5082657765061,10914,12582,6265136,276899,4.54389506643216,86.7429661421078,3,"Mar",2019
"5810",5810,2019-03-03,63.7372396978297,22465,25019,6265136,276899,9.03542446884965,89.7917582637196,3,"Mar",2019
"5811",5811,2019-03-04,56.4101669338866,8070,10603,6265136,276899,3.82919403825944,76.1105347543148,3,"Mar",2019
"5812",5812,2019-03-05,67.4095484176039,56014,59214,6265136,276899,21.3846926135522,94.5958725976965,3,"Mar",2019
"5813",5813,2019-03-06,59.2644028996566,30239,36694,6265136,276899,13.2517632783073,82.408568158282,3,"Mar",2019
"5814",5814,2019-03-07,72.2984516294469,129484,132591,6265136,276899,47.8842466025518,97.6567036978377,3,"Mar",2019
"5815",5815,2019-03-08,72.4283670537531,164492,167060,6265136,276899,60.3324677951166,98.4628277265653,3,"Mar",2019
"5816",5816,2019-03-09,64.0843154392692,134163,141872,6265136,276899,51.2360102420016,94.5662287132063,3,"Mar",2019
"5817",5817,2019-03-10,69.7698474101332,149646,153811,6265136,276899,55.547690674217,97.2921312519911,3,"Mar",2019
"5818",5818,2019-03-11,69.8413384164438,159887,163417,6265136,276899,59.0168256295617,97.8398820196185,3,"Mar",2019
"5819",5819,2019-03-12,66.8330722615148,122941,126402,6265136,276899,45.6491356054012,97.2619104128099,3,"Mar",2019
"5820",5820,2019-03-13,66.9174674589008,119452,122691,6265136,276899,44.308935749136,97.3600345583621,3,"Mar",2019
"5821",5821,2019-03-14,65.4290540284647,128927,132023,6265136,276899,47.6791176566185,97.6549540610348,3,"Mar",2019
"5822",5822,2019-03-15,66.9533563124379,81965,85585,6265136,276899,30.9083817565249,95.7702868493311,3,"Mar",2019
"5823",5823,2019-03-16,70.8155059446757,149424,150639,6265136,276899,54.4021466310821,99.1934359627985,3,"Mar",2019
"5824",5824,2019-03-17,66.188195608563,143477,145556,6265136,276899,52.5664592504848,98.571683750584,3,"Mar",2019
"5825",5825,2019-03-18,61.2722981883806,12170,14407,6265136,276899,5.2029801479962,84.4728257097244,3,"Mar",2019
"5826",5826,2019-03-19,62.9497554468653,43868,47229,6265136,276899,17.0563996258564,92.8836096466154,3,"Mar",2019
"5827",5827,2019-03-20,54.1962321681368,8000,9183,6265136,276899,3.31637167342605,87.1174997277578,3,"Mar",2019
"5828",5828,2019-03-21,64.6359705504265,65264,68456,6265136,276899,24.7223716950946,95.3371508706322,3,"Mar",2019
"5829",5829,2019-03-22,68.2348645268862,55597,59975,6265136,276899,21.6595220640017,92.7002917882451,3,"Mar",2019
"5830",5830,2019-03-23,64.9323589519013,50093,54804,6265136,276899,19.7920541424852,91.4039121232027,3,"Mar",2019
"5831",5831,2019-03-24,70.9812289191964,107313,109104,6265136,276899,39.4020924597055,98.3584469863616,3,"Mar",2019
"5832",5832,2019-03-25,61.4002246349682,14594,16026,6265136,276899,5.78766987240835,91.0645201547485,3,"Mar",2019
"5833",5833,2019-03-26,66.2388470991286,79796,80562,6265136,276899,29.0943629265544,99.0491795139148,3,"Mar",2019
"5834",5834,2019-03-27,66.8381974683544,97101,98750,6265136,276899,35.6628229065472,98.3301265822785,3,"Mar",2019
"5835",5835,2019-03-28,65.7717613608021,37856,40094,6265136,276899,14.4796478138238,94.4181174240535,3,"Mar",2019
"5836",5836,2019-03-29,63.560707456979,15050,16736,6265136,276899,6.04408105482504,89.9259082217973,3,"Mar",2019
"5837",5837,2019-03-30,70.485945324902,112882,114019,6265136,276899,41.1771078985478,99.0027977793175,3,"Mar",2019
"5838",5838,2019-03-31,73.6587662932479,146551,147377,6265136,276899,53.2240997620071,99.4395326272078,3,"Mar",2019
"5839",5839,2019-04-01,73.3309635046381,132396,132921,6265136,276899,48.003423630999,99.6050285507933,4,"Apr",2019
"5840",5840,2019-04-02,70.4659606056035,125308,125957,6265136,276899,45.4884271882528,99.4847447938582,4,"Apr",2019
"5841",5841,2019-04-03,71.4301000379891,125868,126352,6265136,276899,45.6310784798789,99.6169431429657,4,"Apr",2019
"5842",5842,2019-04-04,69.6739336134136,79188,79263,6265136,276899,28.625238805485,99.9053782975663,4,"Apr",2019
"5843",5843,2019-04-05,70.4922795982551,97610,98570,6265136,276899,35.5978172546669,99.0260728416354,4,"Apr",2019
"5844",5844,2019-04-06,65.7106124730496,36594,37569,6265136,276899,13.5677629749475,97.404775213607,4,"Apr",2019
"5845",5845,2019-04-07,73.088675092917,150266,150403,6265136,276899,54.3169169986168,99.9089113913951,4,"Apr",2019
"5846",5846,2019-04-08,75.108909442849,205078,205097,6265136,276899,74.0692454649529,99.9907360907278,4,"Apr",2019
"5847",5847,2019-04-09,71.4349373273847,37155,37656,6265136,276899,13.5991823733563,98.6695347355003,4,"Apr",2019
"5848",5848,2019-04-10,66.9593633592956,11365,11812,6265136,276899,4.26581533338871,96.2157128344057,4,"Apr",2019
"5849",5849,2019-04-11,71.0923494937049,63174,63303,6265136,276899,22.8614043387661,99.7962181887114,4,"Apr",2019
"5850",5850,2019-04-12,70.2208741438987,53454,54316,6265136,276899,19.6158165973875,98.4129906473231,4,"Apr",2019
"5851",5851,2019-04-13,66.4791286939373,31609,33467,6265136,276899,12.0863563970979,94.4482624675053,4,"Apr",2019
"5852",5852,2019-04-14,66.5351364404733,35856,37269,6265136,276899,13.4594202218137,96.2086452547694,4,"Apr",2019
"5853",5853,2019-04-15,69.9169790235839,40632,42953,6265136,276899,15.5121542511891,94.5964193420716,4,"Apr",2019
"5854",5854,2019-04-16,78.2314684595067,58041,58306,6265136,276899,21.0567752140672,99.5455013206188,4,"Apr",2019
"5855",5855,2019-04-17,80.2001086634397,99756,101230,6265136,276899,36.5584563324533,98.54390990813,4,"Apr",2019
"5856",5856,2019-04-18,72.3473966823281,19075,20858,6265136,276899,7.53271048288365,91.451721162144,4,"Apr",2019
"5857",5857,2019-04-19,69.0319274187963,14179,14439,6265136,276899,5.21453670833047,98.1993212826373,4,"Apr",2019
"5858",5858,2019-04-20,65.1223111555778,3926,3998,6265136,276899,1.4438477567633,98.1990995497749,4,"Apr",2019
"5859",5859,2019-04-21,73.1690915732389,177865,177945,6265136,276899,64.2635040213219,99.9550422883475,4,"Apr",2019
"5860",5860,2019-04-22,70.9851440152948,95199,95719,6265136,276899,34.5681999573852,99.4567431753361,4,"Apr",2019
"5861",5861,2019-04-23,75.3211797983826,79964,80251,6265136,276899,28.9820476058057,99.6423720576691,4,"Apr",2019
"5862",5862,2019-04-24,74.363892838102,44552,45016,6265136,276899,16.2571912502393,98.9692553758664,4,"Apr",2019
"5863",5863,2019-04-25,70.3046594982079,1660,1953,6265136,276899,0.70531132290113,84.9974398361495,4,"Apr",2019
"5864",5864,2019-04-26,71.6562834038202,85846,86068,6265136,276899,31.0828135890704,99.7420644141841,4,"Apr",2019
"5865",5865,2019-04-27,71.3397832817337,6036,6460,6265136,276899,2.33298061748146,93.4365325077399,4,"Apr",2019
"5866",5866,2019-04-28,76.2447130576978,44650,45253,6265136,276899,16.342782025215,98.6674916580116,4,"Apr",2019
"5867",5867,2019-04-29,68.1873897707231,4359,4536,6265136,276899,1.63814242738327,96.0978835978836,4,"Apr",2019
"5868",5868,2019-04-30,75.9856246119887,144693,144970,6265136,276899,52.3548297393635,99.8089259846865,4,"Apr",2019
"5869",5869,2019-05-01,75.646579257018,70997,71388,6265136,276899,25.7812415357224,99.4522889000953,5,"May",2019
"5870",5870,2019-05-02,70.5197141985797,45758,45906,6265136,276899,16.5786080845362,99.6776020563761,5,"May",2019
"5871",5871,2019-05-03,76.5498364887046,78992,79811,6265136,276899,28.8231449012095,98.9738256631291,5,"May",2019
"5872",5872,2019-05-04,75.1652653634989,112763,113109,6265136,276899,40.8484682140419,99.6941003810484,5,"May",2019
"5873",5873,2019-05-05,76.6130241884552,126413,126672,6265136,276899,45.7466440832217,99.7955349248453,5,"May",2019
"5874",5874,2019-05-06,75.7450260706228,91990,92633,6265136,276899,33.4537141701487,99.3058629214211,5,"May",2019
"5875",5875,2019-05-07,77.9393777990347,91889,91996,6265136,276899,33.2236663909946,99.8836905952433,5,"May",2019
"5876",5876,2019-05-08,76.6679398578989,61224,61787,6265136,276899,22.3139122929299,99.088805088449,5,"May",2019
"5877",5877,2019-05-09,71.7677356656948,41822,42189,6265136,276899,15.2362413732083,99.1301050036739,5,"May",2019
"5878",5878,2019-05-10,75.5449818095539,151342,151728,6265136,276899,54.7954308249578,99.7455973847938,5,"May",2019
"5879",5879,2019-05-11,77.4447101477224,129241,129635,6265136,276899,46.8167093416733,99.6960697342539,5,"May",2019
"5880",5880,2019-05-12,71.2572102779234,7406,7628,6265136,276899,2.75479506968245,97.0896696381752,5,"May",2019
"5881",5881,2019-05-13,66.227047146402,3140,3224,6265136,276899,1.16432345367806,97.394540942928,5,"May",2019
"5882",5882,2019-05-14,68.7986629353234,6381,6432,6265136,276899,2.32286862718897,99.2070895522388,5,"May",2019
"5883",5883,2019-05-15,69.6845238095238,16681,17136,6265136,276899,6.18853805900346,97.3447712418301,5,"May",2019
"5884",5884,2019-05-16,77.9794945451212,32039,32723,6265136,276899,11.817666369326,97.9097271032607,5,"May",2019
"5885",5885,2019-05-17,79.3602539234703,5597,5671,6265136,276899,2.04803917673953,98.6951154999118,5,"May",2019
"5886",5886,2019-05-18,84.4964539007092,139,141,6265136,276899,0.0509210939728926,98.5815602836879,5,"May",2019
"5887",5887,2019-05-19,71.0619363251114,8723,9203,6265136,276899,3.32359452363497,94.7843094643051,5,"May",2019
"5888",5888,2019-05-20,76.4974257021971,39210,39234,6265136,276899,14.1690652548402,99.9388285670592,5,"May",2019
"5889",5889,2019-05-21,80.6914144533663,48458,48570,6265136,276899,17.5406917323645,99.7694049824995,5,"May",2019
"5890",5890,2019-05-22,80.4192992823976,59074,59225,6265136,276899,21.3886651811671,99.7450401013086,5,"May",2019
"5891",5891,2019-05-23,80.2634997637996,109349,110076,6265136,276899,39.7531229798591,99.3395472219194,5,"May",2019
"5892",5892,2019-05-24,74.5166194591716,82114,82614,6265136,276899,29.8354273579897,99.3947757038759,5,"May",2019
"5893",5893,2019-05-25,71.3481183089958,45298,45677,6265136,276899,16.4959064496441,99.1702607439193,5,"May",2019
"5894",5894,2019-05-26,73.9993588862939,130383,131022,6265136,276899,47.317614003662,99.5122956450062,5,"May",2019
"5895",5895,2019-05-27,77.1769330308559,183512,184697,6265136,276899,66.7019382518536,99.3584086368485,5,"May",2019
"5896",5896,2019-05-28,72.236768921405,23161,23373,6265136,276899,8.44098389665546,99.0929705215419,5,"May",2019
"5897",5897,2019-05-29,74.3572359843546,11233,11505,6265136,276899,4.15494458268177,97.6358105171664,5,"May",2019
"5898",5898,2019-05-30,78.5488082516378,42941,43046,6265136,276899,15.5457405046605,99.7560748966222,5,"May",2019
"5899",5899,2019-05-31,79.045791209747,147962,149461,6265136,276899,53.9767207537767,98.9970627789189,5,"May",2019
"5900",5900,2019-06-01,80.4512767031119,147300,148625,6265136,276899,53.6748056150438,99.1084945332212,6,"Jun",2019
"5901",5901,2019-06-02,80.3506499747699,81272,83234,6265136,276899,30.0593357144663,97.6427902059255,6,"Jun",2019
"5902",5902,2019-06-03,80.1645072091645,49642,50630,6265136,276899,18.2846453038834,98.0485877937981,6,"Jun",2019
"5903",5903,2019-06-04,72.0804229413649,15023,15605,6265136,276899,5.63562887551057,96.2704261454662,6,"Jun",2019
"5904",5904,2019-06-05,75.1490489206225,16937,17927,6265136,276899,6.47420178476629,94.4776036146595,6,"Jun",2019
"5905",5905,2019-06-06,68.2452868643636,8399,9813,6265136,276899,3.54389145500706,85.5905431570366,6,"Jun",2019
"5906",5906,2019-06-07,78.3767418377651,27523,29710,6265136,276899,10.7295439853521,92.6388421406934,6,"Jun",2019
"5907",5907,2019-06-08,79.9352228069007,28101,30026,6265136,276899,10.843665018653,93.5888896289882,6,"Jun",2019
"5908",5908,2019-06-09,74.9795888109123,77216,80936,6265136,276899,29.2294302254613,95.4037758228724,6,"Jun",2019
"5909",5909,2019-06-10,78.3569153317551,167513,173607,6265136,276899,62.6968678110069,96.4897728778217,6,"Jun",2019
"5910",5910,2019-06-11,80.011489255993,170396,177122,6265136,276899,63.9662837352248,96.2026174049525,6,"Jun",2019
"5911",5911,2019-06-12,82.2659681904126,216878,224775,6265136,276899,81.1758077855102,96.4867089311534,6,"Jun",2019
"5912",5912,2019-06-13,84.4651829941912,53866,56122,6265136,276899,20.2680399712531,95.9801860233064,6,"Jun",2019
"5913",5913,2019-06-14,84.2351307035958,177884,191502,6265136,276899,69.1595130354389,92.8888471138683,6,"Jun",2019
"5914",5914,2019-06-15,77.4399282473357,82458,94770,6265136,276899,34.2254757149719,87.008547008547,6,"Jun",2019
"5915",5915,2019-06-16,73.3804733011807,47932,57849,6265136,276899,20.8917330867934,82.8570934674757,6,"Jun",2019
"5916",5916,2019-06-17,69.6335398382378,42597,46488,6265136,276899,16.7887930256158,91.6300980898296,6,"Jun",2019
"5917",5917,2019-06-18,69.3378524825832,71399,90430,6265136,276899,32.658117219636,78.9549928121199,6,"Jun",2019
"5918",5918,2019-06-19,74.5289660314543,50430,57671,6265136,276899,20.827449719934,87.4442960933571,6,"Jun",2019
"5919",5919,2019-06-20,76.8235499542475,199671,226217,6265136,276899,81.6965752855734,88.2652497380833,6,"Jun",2019
"5920",5920,2019-06-21,79.2048466666356,190076,214663,6265136,276899,77.5239347198798,88.5462329325501,6,"Jun",2019
"5921",5921,2019-06-22,72.8732600352661,77873,96410,6265136,276899,34.8177494321034,80.7727414168655,6,"Jun",2019
"5922",5922,2019-06-23,77.1509448130854,124937,146484,6265136,276899,52.9015995001788,85.2905436771251,6,"Jun",2019
"5923",5923,2019-06-24,71.346630752798,51693,64599,6265136,276899,23.3294450323042,80.0213625597919,6,"Jun",2019
"5924",5924,2019-06-25,79.2628209065225,57751,65128,6265136,276899,23.5204894203302,88.6730745608648,6,"Jun",2019
"5925",5925,2019-06-26,56.8476629285114,22518,34509,6265136,276899,12.4626668929826,65.2525428149178,6,"Jun",2019
"5926",5926,2019-06-27,55.2189626632334,7641,10874,6265136,276899,3.92706365859032,70.2685304395807,6,"Jun",2019
"5927",5927,2019-06-28,43.3661190053286,4661,9008,6265136,276899,3.25317173409799,51.7428952042629,6,"Jun",2019
"5928",5928,2019-06-29,57.1291177797834,12380,17728,6265136,276899,6.40233442518752,69.8330324909747,6,"Jun",2019
"5929",5929,2019-06-30,76.1292385996286,37810,43617,6265136,276899,15.7519528781252,86.6863837494555,6,"Jun",2019
"5930",5930,2019-07-01,79.6415068908582,26844,29677,6265136,276899,10.7176262825073,90.4538868484011,7,"Jul",2019
"5931",5931,2019-07-02,48.5466325660699,3202,5865,6265136,276899,2.11810082376607,54.5950554134697,7,"Jul",2019
"5932",5932,2019-07-03,53.2374868282403,5934,7592,6265136,276899,2.74179393930639,78.1612223393045,7,"Jul",2019
"5933",5933,2019-07-04,74.1291291291291,110596,133866,6265136,276899,48.3447033033705,82.6169453035125,7,"Jul",2019
"5934",5934,2019-07-05,68.9020765027322,13412,13725,6265136,276899,4.956680955872,97.7194899817851,7,"Jul",2019
"5935",5935,2019-07-06,65.9933774188514,77894,102528,6265136,276899,37.0272193110123,75.9733926342072,7,"Jul",2019
"5936",5936,2019-07-07,64.631548806256,110198,151917,6265136,276899,54.8636867594321,72.5382939368208,7,"Jul",2019
"5937",5937,2019-07-08,59.8397242046692,23798,33068,6265136,276899,11.9422605354299,71.9668561751542,7,"Jul",2019
"5938",5938,2019-07-09,54.1173626904864,55974,91017,6265136,276899,32.8701078732679,61.4984013975411,7,"Jul",2019
"5939",5939,2019-07-10,68.7391783488261,105997,139743,6265136,276899,50.467137837262,75.851384326943,7,"Jul",2019
"5940",5940,2019-07-11,80.763132219454,102050,114794,6265136,276899,41.4569933441435,88.8983744795024,7,"Jul",2019
"5941",5941,2019-07-12,65.7869522100491,30471,42352,6265136,276899,15.295107602411,71.9470154892331,7,"Jul",2019
"5942",5942,2019-07-13,55.0085940082334,20862,33279,6265136,276899,12.018461605134,62.68818173623,7,"Jul",2019
"5943",5943,2019-07-14,59.6578951723681,39734,60423,6265136,276899,21.8213139086815,65.7597272561773,7,"Jul",2019
"5944",5944,2019-07-15,68.9619692971936,63273,83380,6265136,276899,30.1120625209914,75.8851043415687,7,"Jul",2019
"5945",5945,2019-07-16,65.5479113366156,33977,46513,6265136,276899,16.797821588377,73.0483950723454,7,"Jul",2019
"5946",5946,2019-07-17,66.1821718017275,89243,120057,6265136,276899,43.3576863766211,74.3338580840767,7,"Jul",2019
"5947",5947,2019-07-18,52.7152661843814,13109,21564,6265136,276899,7.78767709525856,60.7911333704322,7,"Jul",2019
"5948",5948,2019-07-19,62.5051055329729,50269,71589,6265136,276899,25.8538311803221,70.2188883767059,7,"Jul",2019
"5949",5949,2019-07-20,46.6153536977492,8005,14928,6265136,276899,5.39113539593859,53.624062165059,7,"Jul",2019
"5950",5950,2019-07-21,66.1615249379862,29887,41523,6265136,276899,14.9957204612512,71.9769766153698,7,"Jul",2019
"5951",5951,2019-07-22,64.8583262531861,27543,32956,6265136,276899,11.9018125742599,83.5750697900231,7,"Jul",2019
"5952",5952,2019-07-23,56.7117488358341,34857,54116,6265136,276899,19.5435880952983,64.4116342671299,7,"Jul",2019
"5953",5953,2019-07-24,59.7061396447164,50347,74532,6265136,276899,26.9166735885648,67.5508506413353,7,"Jul",2019
"5954",5954,2019-07-25,64.0249807662717,91821,129980,6265136,276899,46.9413035077772,70.6424065240806,7,"Jul",2019
"5955",5955,2019-07-26,59.806652424046,82577,124977,6265136,276899,45.1345075280156,66.0737575713931,7,"Jul",2019
"5956",5956,2019-07-27,55.8220472873648,134473,218367,6265136,276899,78.861606578572,61.5811912972198,7,"Jul",2019
"5957",5957,2019-07-28,52.3091766055161,117308,198799,6265136,276899,71.7947699341637,59.0083451124,7,"Jul",2019
"5958",5958,2019-07-29,63.2608803639771,63654,88577,6265136,276899,31.9889201477795,71.8628989466792,7,"Jul",2019
"5959",5959,2019-07-30,48.7866276045232,59655,109569,6265136,276899,39.5700237270629,54.4451441557375,7,"Jul",2019
"5960",5960,2019-07-31,62.2409982147135,91296,129391,6265136,276899,46.7285905691245,70.5582304797088,7,"Jul",2019
"5961",5961,2019-08-01,59.7666959134709,86651,128789,6265136,276899,46.511182777836,67.2813671975091,8,"Aug",2019
"5962",5962,2019-08-02,56.5227039590075,124715,201793,6265136,276899,72.8760306104392,61.8034322300575,8,"Aug",2019
"5963",5963,2019-08-03,47.0192581474655,47755,90611,6265136,276899,32.7234840140268,52.7033141671541,8,"Aug",2019
"5964",5964,2019-08-04,55.6031647009607,83166,136253,6265136,276899,49.2067504758053,61.0379221007978,8,"Aug",2019
"5965",5965,2019-08-05,56.1883814317617,121538,197477,6265136,276899,71.317339535354,61.5453951599427,8,"Aug",2019
"5966",5966,2019-08-06,43.9197605032259,50041,99041,6265136,276899,35.767915377087,50.5255399279086,8,"Aug",2019
"5967",5967,2019-08-07,23.3719842351468,6492,27149,6265136,276899,9.80465801609973,23.9124829643817,8,"Aug",2019
"5968",5968,2019-08-08,48.6140742164968,28579,52010,6265136,276899,18.7830219682989,54.94904825995,8,"Aug",2019
"5969",5969,2019-08-09,57.9381579251787,28080,43223,6265136,276899,15.6096627290095,64.9654119334614,8,"Aug",2019
"5970",5970,2019-08-10,54.334055314895,26955,42014,6265136,276899,15.1730414338802,64.1571857000048,8,"Aug",2019
"5971",5971,2019-08-11,45.391081072393,66850,124432,6265136,276899,44.9376848598225,53.7241224122412,8,"Aug",2019
"5972",5972,2019-08-12,32.1491495209092,13944,40389,6265136,276899,14.5861848544054,34.5242516526777,8,"Aug",2019
"5973",5973,2019-08-13,46.849563877377,36680,66839,6265136,276899,24.1384042557033,54.8781400080791,8,"Aug",2019
"5974",5974,2019-08-14,43.629210942799,6368,13269,6265136,276899,4.7919999711086,47.9915592734946,8,"Aug",2019
"5975",5975,2019-08-15,54.9397208121827,1037,1576,6265136,276899,0.56916059646297,65.7994923857868,8,"Aug",2019
"5976",5976,2019-08-16,49.6811076023697,25098,38317,6265136,276899,13.8378975727612,65.5009525797949,8,"Aug",2019
"5977",5977,2019-08-17,49.7080818647568,23104,37281,6265136,276899,13.4637539319391,61.9725865722486,8,"Aug",2019
"5978",5978,2019-08-18,54.2826698751937,64422,98072,6265136,276899,35.4179682844647,65.6884737743699,8,"Aug",2019
"5979",5979,2019-08-19,61.3415071770335,67440,88616,6265136,276899,32.0030047056869,76.1036381691794,8,"Aug",2019
"5980",5980,2019-08-20,56.0456288198003,20287,26343,6265136,276899,9.51357715268022,77.0109706563413,8,"Aug",2019
"5981",5981,2019-08-21,51.0017731599577,62904,96438,6265136,276899,34.8278614223959,65.2273999875568,8,"Aug",2019
"5982",5982,2019-08-22,68.8228984529178,84197,97797,6265136,276899,35.3186540940921,86.0936429542829,8,"Aug",2019
"5983",5983,2019-08-23,67.9554348046471,42678,49321,6265136,276899,17.8119097577095,86.5310922325176,8,"Aug",2019
"5984",5984,2019-08-24,64.7847370624133,35891,45391,6265136,276899,16.3926196916565,79.0707408957723,8,"Aug",2019
"5985",5985,2019-08-25,62.1651997751197,78218,103166,6265136,276899,37.2576282326769,75.8176143303026,8,"Aug",2019
"5986",5986,2019-08-26,60.7074537312774,101696,135999,6265136,276899,49.115020278152,74.7770204192678,8,"Aug",2019
"5987",5987,2019-08-27,60.3482328482328,15624,19240,6265136,276899,6.94838190098195,81.2058212058212,8,"Aug",2019
"5988",5988,2019-08-28,62.3856946118093,42641,58090,6265136,276899,20.9787684318109,73.4050611120675,8,"Aug",2019
"5989",5989,2019-08-29,67.6001343441128,45443,52105,6265136,276899,18.8173305067913,87.2142788599942,8,"Aug",2019
"5990",5990,2019-08-30,61.8176111989162,16881,22145,6265136,276899,7.99750089382771,76.229397155114,8,"Aug",2019
"5991",5991,2019-08-31,46.6096802142407,14823,25392,6265136,276899,9.17013062524603,58.3766540642722,8,"Aug",2019
"5992",5992,2019-09-01,50.6442046928428,26501,50886,6265136,276899,18.3770977865576,52.0791573320756,9,"Sep",2019
"5993",5993,2019-09-02,48.7953814536498,35289,63743,6265136,276899,23.0203070433624,55.3613730135074,9,"Sep",2019
"5994",5994,2019-09-03,53.7519379844961,498,645,6265136,276899,0.2329369192377,77.2093023255814,9,"Sep",2019
"5995",5995,2019-09-04,60.2182395031727,25121,29628,6265136,276899,10.6999302994955,84.7880383421088,9,"Sep",2019
"5996",5996,2019-09-05,67.6584330974957,87346,96394,6265136,276899,34.8119711519363,90.6135236632986,9,"Sep",2019
"5997",5997,2019-09-06,62.9316409194961,59384,72953,6265136,276899,26.3464295645705,81.4003536523515,9,"Sep",2019
"5998",5998,2019-09-07,61.8001280409731,37178,46860,6265136,276899,16.9231380395018,79.3384549722578,9,"Sep",2019
"5999",5999,2019-09-08,66.2908011204482,39580,44625,6265136,276899,16.1159845286549,88.6946778711485,9,"Sep",2019
"6000",6000,2019-09-09,68.3408220185736,122667,130508,6265136,276899,47.1319867532927,93.9919391914672,9,"Sep",2019
"6001",6001,2019-09-10,53.8703798767967,5170,7792,6265136,276899,2.8140224413956,66.3501026694045,9,"Sep",2019
"6002",6002,2019-09-11,70.3676315954006,143003,175937,6265136,276899,63.5383298603462,81.2807993770497,9,"Sep",2019
"6003",6003,2019-09-12,49.6406394912335,12796,22643,6265136,276899,8.17734986402984,56.5119462968688,9,"Sep",2019
"6004",6004,2019-09-13,42.3909609477841,3868,9116,6265136,276899,3.29217512522617,42.4308907415533,9,"Sep",2019
"6005",6005,2019-09-14,45.6498133695283,2822,5894,6265136,276899,2.128573956569,47.8791991856125,9,"Sep",2019
"6006",6006,2019-09-15,44.8625617084365,30272,63403,6265136,276899,22.8975185898107,47.7453748245351,9,"Sep",2019
"6007",6007,2019-09-16,55.6227858137376,71681,103424,6265136,276899,37.350803000372,69.3078975866337,9,"Sep",2019
"6008",6008,2019-09-17,53.0278667297299,86326,128971,6265136,276899,46.5769107147371,66.9344271192749,9,"Sep",2019
"6009",6009,2019-09-18,53.116488500162,20415,30870,6265136,276899,11.1484692974695,66.1321671525753,9,"Sep",2019
"6010",6010,2019-09-19,54.4989433117852,11067,16088,6265136,276899,5.81006070805601,68.7904027846842,9,"Sep",2019
"6011",6011,2019-09-20,51.5580065958226,9406,13645,6265136,276899,4.92778955503631,68.933675338952,9,"Sep",2019
"6012",6012,2019-09-21,52.0196298793736,25900,40041,6265136,276899,14.4605072607702,64.6836992083115,9,"Sep",2019
"6013",6013,2019-09-22,59.4850891751627,57971,75918,6265136,276899,27.417217108043,76.3600200216023,9,"Sep",2019
"6014",6014,2019-09-23,70.2659847673275,125299,136286,6265136,276899,49.21866817865,91.9382768589584,9,"Sep",2019
"6015",6015,2019-09-24,61.8246178600161,10817,14916,6265136,276899,5.38680168581324,72.5194422097077,9,"Sep",2019
"6016",6016,2019-09-25,57.6123316324491,50177,75059,6265136,276899,27.1069956915699,66.8500779386882,9,"Sep",2019
"6017",6017,2019-09-26,55.5894506369427,17046,25120,6265136,276899,9.0718998624047,67.8582802547771,9,"Sep",2019
"6018",6018,2019-09-27,61.9257878167314,58695,65434,6265136,276899,23.6309990285266,89.7010728367515,9,"Sep",2019
"6019",6019,2019-09-28,60.5226403624027,41797,50993,6265136,276899,18.4157400351753,81.966152216971,9,"Sep",2019
"6020",6020,2019-09-29,64.0035201937999,42064,52838,6265136,276899,19.0820479669482,79.609372042848,9,"Sep",2019
"6021",6021,2019-09-30,63.6381327494396,64472,77183,6265136,276899,27.8740623837573,83.5313475765389,9,"Sep",2019
"6022",6022,2019-10-01,67.405785954336,132583,144315,6265136,276899,52.1182813950213,91.8705609257527,10,"Oct",2019
"6023",6023,2019-10-02,59.2465022438436,39981,53034,6265136,276899,19.1528318989957,75.3874872723159,10,"Oct",2019
"6024",6024,2019-10-03,60.4294051175678,50970,64601,6265136,276899,23.3301673173251,78.8997074348694,10,"Oct",2019
"6025",6025,2019-10-04,67.864196683034,132085,145615,6265136,276899,52.5877666586012,90.7083748240223,10,"Oct",2019
"6026",6026,2019-10-05,53.9935643085261,13823,20666,6265136,276899,7.46337112087801,66.8876415368238,10,"Oct",2019
"6027",6027,2019-10-06,68.3051889367951,94585,106226,6265136,276899,38.3627243146418,89.0412893265302,10,"Oct",2019
"6028",6028,2019-10-07,72.5523870607003,55457,60807,6265136,276899,21.9599926326928,91.2016708602628,10,"Oct",2019
"6029",6029,2019-10-08,57.3941336148394,28902,39786,6265136,276899,14.3684159206064,72.6436434926859,10,"Oct",2019
"6030",6030,2019-10-09,55.8648715111275,18093,24399,6265136,276899,8.8115161123731,74.1546784704291,10,"Oct",2019
"6031",6031,2019-10-10,66.1045484080572,25647,30780,6265136,276899,11.1159664715293,83.3235867446394,10,"Oct",2019
"6032",6032,2019-10-11,59.4896934934576,3942,5579,6265136,276899,2.0148140657785,70.6578239827926,10,"Oct",2019
"6033",6033,2019-10-12,59.0846454494696,6987,8955,6265136,276899,3.23403118104435,78.0234505862647,10,"Oct",2019
"6034",6034,2019-10-13,69.3782196969697,4466,5280,6265136,276899,1.90683245515513,84.5833333333333,10,"Oct",2019
"6035",6035,2019-10-14,63.7787114845938,1396,1785,6265136,276899,0.644639381146194,78.2072829131653,10,"Oct",2019
"6036",6036,2019-10-15,64.5126621371217,1321,1619,6265136,276899,0.58468972441215,81.5935762816553,10,"Oct",2019
"6037",6037,2019-10-16,57.4770992366412,202,262,6265136,276899,0.0946193377368643,77.0992366412214,10,"Oct",2019
"6038",6038,2019-10-17,54.3760611205433,754,1178,6265136,276899,0.425425877305444,64.0067911714771,10,"Oct",2019
"6039",6039,2019-10-18,64.1968787515006,1327,1666,6265136,276899,0.601663422403115,79.6518607442977,10,"Oct",2019
"6040",6040,2019-10-19,66.202868852459,441,488,6265136,276899,0.176237545097671,90.3688524590164,10,"Oct",2019
"6041",6041,2019-10-20,NA,NA,0,6265136,276899,0,NA,10,"Oct",2019
"6042",6042,2019-10-21,49,1,4,6265136,276899,0.00144457004178419,25,10,"Oct",2019
"6043",6043,2019-10-22,66.9907192575406,385,431,6265136,276899,0.155652422002246,89.3271461716937,10,"Oct",2019
"6044",6044,2019-10-23,47.6666666666667,8,30,6265136,276899,0.0108342753133814,26.6666666666667,10,"Oct",2019
"6045",6045,2019-10-24,57.1157894736842,284,380,6265136,276899,0.137234153969498,74.7368421052632,10,"Oct",2019
"6046",6046,2019-10-25,65.4487334137515,716,829,6265136,276899,0.299387141159773,86.3691194209892,10,"Oct",2019
"6047",6047,2019-10-26,58.9761904761905,102,126,6265136,276899,0.0455039563162019,80.9523809523809,10,"Oct",2019
"6048",6048,2019-10-27,70.7538035961272,651,723,6265136,276899,0.261106035052492,90.0414937759336,10,"Oct",2019
"6049",6049,2019-10-28,68.8218045112782,1151,1330,6265136,276899,0.480319538893243,86.5413533834586,10,"Oct",2019
"6050",6050,2019-10-29,49.3904109589041,69,146,6265136,276899,0.0527268065251229,47.2602739726027,10,"Oct",2019
"6051",6051,2019-10-30,62.1320754716981,132,159,6265136,276899,0.0574216591609215,83.0188679245283,10,"Oct",2019
"6052",6052,2019-10-31,NA,NA,0,6265136,276899,0,NA,10,"Oct",2019
"6053",6053,2019-11-01,NA,NA,0,6265136,276899,0,NA,11,"Nov",2019
"6054",6054,2019-11-02,NA,NA,0,6265136,276899,0,NA,11,"Nov",2019
"6055",6055,2019-11-03,NA,NA,0,6265136,276899,0,NA,11,"Nov",2019
"6056",6056,2019-11-04,NA,NA,0,6265136,276899,0,NA,11,"Nov",2019
"6057",6057,2019-11-05,NA,NA,0,6265136,276899,0,NA,11,"Nov",2019
"6058",6058,2019-11-06,NA,NA,0,6265136,276899,0,NA,11,"Nov",2019
"6059",6059,2019-11-07,NA,NA,0,6265136,276899,0,NA,11,"Nov",2019
"6060",6060,2019-11-08,NA,NA,0,6265136,276899,0,NA,11,"Nov",2019
"6061",6061,2019-11-09,NA,NA,0,6265136,276899,0,NA,11,"Nov",2019
"6062",6062,2019-11-10,NA,NA,0,6265136,276899,0,NA,11,"Nov",2019
"6063",6063,2019-11-11,NA,NA,0,6265136,276899,0,NA,11,"Nov",2019
"6064",6064,2019-11-12,NA,NA,0,6265136,276899,0,NA,11,"Nov",2019
"6065",6065,2019-11-13,NA,NA,0,6265136,276899,0,NA,11,"Nov",2019
"6066",6066,2019-11-14,NA,NA,0,6265136,276899,0,NA,11,"Nov",2019
"6067",6067,2019-11-15,NA,NA,0,6265136,276899,0,NA,11,"Nov",2019
"6068",6068,2019-11-16,NA,NA,0,6265136,276899,0,NA,11,"Nov",2019
"6069",6069,2019-11-17,NA,NA,0,6265136,276899,0,NA,11,"Nov",2019
"6070",6070,2019-11-18,NA,NA,0,6265136,276899,0,NA,11,"Nov",2019
"6071",6071,2019-11-19,NA,NA,0,6265136,276899,0,NA,11,"Nov",2019
"6072",6072,2019-11-20,NA,NA,0,6265136,276899,0,NA,11,"Nov",2019
"6073",6073,2019-11-21,NA,NA,0,6265136,276899,0,NA,11,"Nov",2019
"6074",6074,2019-11-22,NA,NA,0,6265136,276899,0,NA,11,"Nov",2019
"6075",6075,2019-11-23,NA,NA,0,6265136,276899,0,NA,11,"Nov",2019
"6076",6076,2019-11-24,NA,NA,0,6265136,276899,0,NA,11,"Nov",2019
"6077",6077,2019-11-26,NA,NA,0,6265136,276899,0,NA,11,"Nov",2019
"6078",6078,2020-01-18,NA,NA,0,6265136,276899,0,NA,1,"Jan",2020
"6079",6079,2020-01-19,NA,NA,0,6265136,276899,0,NA,1,"Jan",2020
"6080",6080,2020-01-20,NA,NA,0,6265136,276899,0,NA,1,"Jan",2020
"6081",6081,2020-01-21,NA,NA,0,6265136,276899,0,NA,1,"Jan",2020
"6082",6082,2020-01-22,NA,NA,0,6265136,276899,0,NA,1,"Jan",2020
"6083",6083,2020-01-23,NA,NA,0,6265136,276899,0,NA,1,"Jan",2020
"6084",6084,2020-01-24,NA,NA,0,6265136,276899,0,NA,1,"Jan",2020
"6085",6085,2020-01-25,NA,NA,0,6265136,276899,0,NA,1,"Jan",2020
"6086",6086,2020-01-26,NA,NA,0,6265136,276899,0,NA,1,"Jan",2020
"6087",6087,2020-01-27,NA,NA,0,6265136,276899,0,NA,1,"Jan",2020
"6088",6088,2020-01-28,NA,NA,0,6265136,276899,0,NA,1,"Jan",2020
"6089",6089,2020-01-29,NA,NA,0,6265136,276899,0,NA,1,"Jan",2020
"6090",6090,2020-01-30,NA,NA,0,6265136,276899,0,NA,1,"Jan",2020
"6091",6091,2020-01-31,NA,NA,0,6265136,276899,0,NA,1,"Jan",2020
"6092",6092,2020-02-01,NA,NA,0,6265136,276899,0,NA,2,"Feb",2020
"6093",6093,2020-02-02,NA,NA,0,6265136,276899,0,NA,2,"Feb",2020
"6094",6094,2020-02-03,NA,NA,0,6265136,276899,0,NA,2,"Feb",2020
"6095",6095,2020-02-04,NA,NA,0,6265136,276899,0,NA,2,"Feb",2020
"6096",6096,2020-02-05,NA,NA,0,6265136,276899,0,NA,2,"Feb",2020
"6097",6097,2020-02-06,NA,NA,0,6265136,276899,0,NA,2,"Feb",2020
"6098",6098,2020-02-07,NA,NA,0,6265136,276899,0,NA,2,"Feb",2020
"6099",6099,2020-02-08,NA,NA,0,6265136,276899,0,NA,2,"Feb",2020
"6100",6100,2020-02-09,NA,NA,0,6265136,276899,0,NA,2,"Feb",2020
"6101",6101,2020-02-10,NA,NA,0,6265136,276899,0,NA,2,"Feb",2020
"6102",6102,2020-02-11,NA,NA,0,6265136,276899,0,NA,2,"Feb",2020
"6103",6103,2020-02-12,54.0995024875622,279,402,6265136,276899,0.145179289199311,69.4029850746269,2,"Feb",2020
"6104",6104,2020-02-13,50.2068965517241,184,290,6265136,276899,0.104731328029354,63.448275862069,2,"Feb",2020
"6105",6105,2020-02-14,NA,NA,0,6265136,276899,0,NA,2,"Feb",2020
"6106",6106,2020-02-15,52.0933333333333,58,75,6265136,276899,0.0270856882834535,77.3333333333333,2,"Feb",2020
"6107",6107,2020-02-16,NA,NA,0,6265136,276899,0,NA,2,"Feb",2020
"6108",6108,2020-02-17,55.4,4,5,6265136,276899,0.00180571255223024,80,2,"Feb",2020
"6109",6109,2020-02-18,67.2610619469027,200,226,6265136,276899,0.0816182073608066,88.4955752212389,2,"Feb",2020
"6110",6110,2020-02-19,NA,NA,0,6265136,276899,0,NA,2,"Feb",2020
"6111",6111,2020-02-20,NA,NA,0,6265136,276899,0,NA,2,"Feb",2020
"6112",6112,2020-02-21,55.864238410596,217,302,6265136,276899,0.109065038154706,71.8543046357616,2,"Feb",2020
"6113",6113,2020-02-22,59.0689655172414,29,29,6265136,276899,0.0104731328029354,100,2,"Feb",2020
"6114",6114,2020-02-23,61.9147869674185,323,399,6265136,276899,0.144095861667973,80.9523809523809,2,"Feb",2020
"6115",6115,2020-02-24,61.7832167832168,805,858,6265136,276899,0.309860273962708,93.8228438228438,2,"Feb",2020
"6116",6116,2020-02-25,59.8805970149254,356,402,6265136,276899,0.145179289199311,88.5572139303483,2,"Feb",2020
"6117",6117,2020-02-26,63.053876478318,668,761,6265136,276899,0.274829450449442,87.7792378449409,2,"Feb",2020
"6118",6118,2020-02-27,56.1418181818182,216,275,6265136,276899,0.099314190372663,78.5454545454545,2,"Feb",2020
"6119",6119,2020-02-28,64.752495697074,2646,2905,6265136,276899,1.04911899284577,91.0843373493976,2,"Feb",2020
"6120",6120,2020-02-29,72.1974789915966,6528,6664,6265136,276899,2.40665368961246,97.9591836734694,2,"Feb",2020
"6121",6121,2020-03-01,70.5005646527386,6874,7084,6265136,276899,2.5583335439998,97.0355731225296,3,"Mar",2020
"6122",6122,2020-03-02,70.9965916621959,30641,31687,6265136,276899,11.4435227285039,96.6989617193171,3,"Mar",2020
"6123",6123,2020-03-03,60.9039165518599,22100,25405,6265136,276899,9.17482547788183,86.9907498523913,3,"Mar",2020
"6124",6124,2020-03-04,61.3512608169722,18613,21494,6265136,276899,7.76239711952734,86.5962594212338,3,"Mar",2020
"6125",6125,2020-03-05,63.957720445473,62566,64381,6265136,276899,23.250715965027,97.1808452804399,3,"Mar",2020
"6126",6126,2020-03-06,59.7191835913935,33652,39784,6265136,276899,14.3676936355855,84.5867685501709,3,"Mar",2020
"6127",6127,2020-03-07,64.1964271993853,49329,52060,6265136,276899,18.8010790938212,94.7541298501729,3,"Mar",2020
"6128",6128,2020-03-08,69.1753120742097,67623,72659,6265136,276899,26.2402536664993,93.0689935176647,3,"Mar",2020
"6129",6129,2020-03-09,67.4692731611242,103122,105608,6265136,276899,38.1395382431861,97.6460116657829,3,"Mar",2020
"6130",6130,2020-03-10,71.4831282254863,131750,133507,6265136,276899,48.2150531421204,98.6839641367119,3,"Mar",2020
"6131",6131,2020-03-11,70.4429762707707,96259,97854,6265136,276899,35.3392392171875,98.3700206429988,3,"Mar",2020
"6132",6132,2020-03-12,66.6266253131337,65605,67064,6265136,276899,24.2196613205537,97.8244661815579,3,"Mar",2020
"6133",6133,2020-03-13,69.6135368281354,65844,67815,6265136,276899,24.4908793458987,97.0935633709356,3,"Mar",2020
"6134",6134,2020-03-14,65.0735960109195,59619,63373,6265136,276899,22.8866843144973,94.0763416596973,3,"Mar",2020
"6135",6135,2020-03-15,67.8784334949096,123821,127494,6265136,276899,46.0435032268083,97.119080113574,3,"Mar",2020
"6136",6136,2020-03-16,62.1573189902691,72543,76971,6265136,276899,27.7975001715427,94.2471840043653,3,"Mar",2020
"6137",6137,2020-03-17,66.9920532843362,107359,108850,6265136,276899,39.3103622620522,98.6302250803858,3,"Mar",2020
"6138",6138,2020-03-18,68.9713067039224,93975,94482,6265136,276899,34.1214666719634,99.4633898520353,3,"Mar",2020
"6139",6139,2020-03-19,63.5131955609584,49851,51002,6265136,276899,18.4189903177693,97.7432257558527,3,"Mar",2020
"6140",6140,2020-03-20,71.7259417977931,105038,105941,6265136,276899,38.2597986991647,99.1476387800757,3,"Mar",2020
"6141",6141,2020-03-21,74.5115083474122,164433,165141,6265136,276899,59.6394353175707,99.5712754555198,3,"Mar",2020
"6142",6142,2020-03-22,59.011344130159,12584,13399,6265136,276899,4.83894849746659,93.9174565266065,3,"Mar",2020
"6143",6143,2020-03-23,69.1011508057609,99809,101581,6265136,276899,36.6852173536199,98.2555792914029,3,"Mar",2020
"6144",6144,2020-03-24,61.3800246103363,35663,39008,6265136,276899,14.0874470474794,91.4248359310911,3,"Mar",2020
"6145",6145,2020-03-25,69.4451468585878,50738,51410,6265136,276899,18.5663364620313,98.692861311029,3,"Mar",2020
"6146",6146,2020-03-26,70.7742258121692,78316,78986,6265136,276899,28.5252023300915,99.1517484111108,3,"Mar",2020
"6147",6147,2020-03-27,71.3108672498594,83399,83563,6265136,276899,30.178151600403,99.8037408901069,3,"Mar",2020
"6148",6148,2020-03-28,66.0479705918095,32801,32916,6265136,276899,11.8873668738421,99.65062583546,3,"Mar",2020
"6149",6149,2020-03-29,70.7799904377509,89582,89937,6265136,276899,32.4800739619861,99.6052792510313,3,"Mar",2020
"6150",6150,2020-03-30,74.6209391240642,174573,174716,6265136,276899,63.0973748550916,99.9181528881156,3,"Mar",2020
"6151",6151,2020-03-31,73.7722607407407,168711,168750,6265136,276899,60.9427986377704,99.9768888888889,3,"Mar",2020
"6152",6152,2020-04-01,74.0669971342266,12911,12911,6265136,276899,4.66271095236891,100,4,"Apr",2020
"6153",6153,2020-04-02,70.1259530604421,46856,46954,6265136,276899,16.9570854354837,99.7912850875325,4,"Apr",2020
"6154",6154,2020-04-03,71.5606354309489,105702,105755,6265136,276899,38.1926261922217,99.9498841662333,4,"Apr",2020
"6155",6155,2020-04-04,73.4898381675311,89738,89846,6265136,276899,32.4472099935355,99.8797943147163,4,"Apr",2020
"6156",6156,2020-04-05,73.1625891234447,78670,78683,6265136,276899,28.4157761494263,99.9834780066851,4,"Apr",2020
"6157",6157,2020-04-06,74.8127040895662,77145,77172,6265136,276899,27.8700898161423,99.965013217229,4,"Apr",2020
"6158",6158,2020-04-07,71.2269598045747,44931,45030,6265136,276899,16.2622472453855,99.780146568954,4,"Apr",2020
"6159",6159,2020-04-08,71.7873352707718,124165,124219,6265136,276899,44.8607615050975,99.9565283893768,4,"Apr",2020
"6160",6160,2020-04-09,67.7003493076672,39553,39793,6265136,276899,14.3709439181796,99.3968788480386,4,"Apr",2020
"6161",6161,2020-04-10,74.7276684537114,127888,127958,6265136,276899,46.2110733516553,99.9452945497741,4,"Apr",2020
"6162",6162,2020-04-11,74.0488674372327,118048,118095,6265136,276899,42.6491247711259,99.9602015326644,4,"Apr",2020
"6163",6163,2020-04-12,72.9842077641184,125691,125758,6265136,276899,45.416559828674,99.9467230712957,4,"Apr",2020
"6164",6164,2020-04-13,72.3611599297012,54618,54624,6265136,276899,19.7270484906049,99.9890158172232,4,"Apr",2020
"6165",6165,2020-04-14,60.1428571428571,66,91,6265136,276899,0.0328639684505903,72.5274725274725,4,"Apr",2020
"6166",6166,2020-04-15,60.4255961364322,2787,3313,6265136,276899,1.19646513710775,84.123151222457,4,"Apr",2020
"6167",6167,2020-04-16,74.3643009890404,74460,74820,6265136,276899,27.0206826315732,99.5188452285485,4,"Apr",2020
"6168",6168,2020-04-17,75.6458540512383,41332,42234,6265136,276899,15.2524927861784,97.86427996401,4,"Apr",2020
"6169",6169,2020-04-18,76.2959051835518,115978,116098,6265136,276899,41.9279231777652,99.8966390463229,4,"Apr",2020
"6170",6170,2020-04-19,79.1110091033843,102966,103478,6265136,276899,37.3703046959361,99.5052088366609,4,"Apr",2020
"6171",6171,2020-04-20,76.3558533537009,71454,72010,6265136,276899,26.0058721772199,99.22788501597,4,"Apr",2020
"6172",6172,2020-04-21,78.7760831768896,201053,201883,6265136,276899,72.9085334363793,99.5888707815913,4,"Apr",2020
"6173",6173,2020-04-22,80.1074932036605,260342,261170,6265136,276899,94.3195894531941,99.6829651185052,4,"Apr",2020
"6174",6174,2020-04-23,80.9820265654649,262467,263500,6265136,276899,95.1610515025334,99.6079696394687,4,"Apr",2020
"6175",6175,2020-04-24,80.6687477761964,178875,179872,6265136,276899,64.9594256389514,99.4457169542786,4,"Apr",2020
"6176",6176,2020-04-25,77.9461662625205,134766,135677,6265136,276899,48.9987323897883,99.3285523707039,4,"Apr",2020
"6177",6177,2020-04-26,78.138412573631,182089,183177,6265136,276899,66.1530016359756,99.4060389677743,4,"Apr",2020
"6178",6178,2020-04-27,79.1962401431382,200676,201763,6265136,276899,72.8651963351258,99.461249089278,4,"Apr",2020
"6179",6179,2020-04-28,77.4707329202565,73837,74401,6265136,276899,26.8693639196964,99.2419456727732,4,"Apr",2020
"6180",6180,2020-04-29,69.5099886205589,14729,15818,6265136,276899,5.71255223023557,93.115438108484,4,"Apr",2020
"6181",6181,2020-04-30,66.7624035728786,12283,12315,6265136,276899,4.44747001614307,99.7401542833942,4,"Apr",2020
"6182",6182,2020-05-01,72.6014465506182,45021,45211,6265136,276899,16.3276140397762,99.579748291345,5,"May",2020
"6183",6183,2020-05-02,74.0681889636463,111220,111323,6265136,276899,40.2034676903853,99.9074764424243,5,"May",2020
"6184",6184,2020-05-03,73.5866258691213,156681,157199,6265136,276899,56.7712414996082,99.6704813643853,5,"May",2020
"6185",6185,2020-05-04,74.1780639431616,74224,74316,6265136,276899,26.8386668063084,99.8762043167017,5,"May",2020
"6186",6186,2020-05-05,75.2724940068184,82675,83011,6265136,276899,29.9788009346368,99.5952343665297,5,"May",2020
"6187",6187,2020-05-06,67.6918254257169,24282,24723,6265136,276899,8.92852628575762,98.2162358937022,5,"May",2020
"6188",6188,2020-05-07,75.1716538408685,57716,58216,6265136,276899,21.0242723881271,99.141129586368,5,"May",2020
"6189",6189,2020-05-08,71.3831751423719,49591,50045,6265136,276899,18.0733769352724,99.0928164651813,5,"May",2020
"6190",6190,2020-05-09,71.739939637827,31511,31808,6265136,276899,11.4872209722679,99.0662726358149,5,"May",2020
"6191",6191,2020-05-10,72.3336465219288,59277,59602,6265136,276899,21.5248159076053,99.4547162846884,5,"May",2020
"6192",6192,2020-05-11,69.8290579345088,49526,49625,6265136,276899,17.9216970808851,99.8005037783375,5,"May",2020
"6193",6193,2020-05-12,75.6054755461048,41100,41384,6265136,276899,14.9455216522992,99.3137444422965,5,"May",2020
"6194",6194,2020-05-13,69.5459468752686,22917,23266,6265136,276899,8.40234164803773,98.4999570188258,5,"May",2020
"6195",6195,2020-05-14,63.2580778790389,1957,2414,6265136,276899,0.871798020216758,81.0687655343828,5,"May",2020
"6196",6196,2020-05-15,81.6578227887096,75996,77907,6265136,276899,28.1355295613202,97.547075359082,5,"May",2020
"6197",6197,2020-05-16,80.9840126256256,166847,170447,6265136,276899,61.5556574779974,97.8879065046613,5,"May",2020
"6198",6198,2020-05-17,79.6742410384074,121632,125731,6265136,276899,45.406808980892,96.7398652679132,5,"May",2020
"6199",6199,2020-05-18,81.9185624536621,25315,25627,6265136,276899,9.25499911520085,98.7825340461232,5,"May",2020
"6200",6200,2020-05-19,73.9746192893401,1330,1379,6265136,276899,0.498015521905099,96.4467005076142,5,"May",2020
"6201",6201,2020-05-20,78.3198615708697,32720,33230,6265136,276899,12.0007656221221,98.465242250978,5,"May",2020
"6202",6202,2020-05-21,79.4001283647114,50115,51416,6265136,276899,18.568503317094,97.4696592500389,5,"May",2020
"6203",6203,2020-05-22,67.516900568703,40630,43608,6265136,276899,15.7487025955312,93.1709778022381,5,"May",2020
"6204",6204,2020-05-23,79.0821970742479,54128,54345,6265136,276899,19.6262897301904,99.6006992363603,5,"May",2020
"6205",6205,2020-05-24,76.2576846884947,84863,89854,6265136,276899,32.4500991336191,94.4454337035636,5,"May",2020
"6206",6206,2020-05-25,73.5739416285372,20254,22511,6265136,276899,8.12967905265097,89.9737905912665,5,"May",2020
"6207",6207,2020-05-26,63.8150814702539,6634,7917,6265136,276899,2.85916525520136,83.7943665529872,5,"May",2020
"6208",6208,2020-05-27,76.5678289546819,24320,26987,6265136,276899,9.74615292940747,90.1174639641309,5,"May",2020
"6209",6209,2020-05-28,78.5453372887914,35041,38765,6265136,276899,13.999689417441,90.3933961047337,5,"May",2020
"6210",6210,2020-05-29,67.711587919759,11264,13609,6265136,276899,4.91478842466026,82.7687559703138,5,"May",2020
"6211",6211,2020-05-30,73.259871942683,82556,97144,6265136,276899,35.0828280347708,84.9831178456724,5,"May",2020
"6212",6212,2020-05-31,65.7727674624226,1860,2262,6265136,276899,0.816904358628958,82.2281167108753,5,"May",2020
"6213",6213,2020-06-01,68.2041237113402,23964,25705,6265136,276899,9.28316823101564,93.2269986383972,6,"Jun",2020
"6214",6214,2020-06-02,60.0248099239696,4332,4998,6265136,276899,1.80499026720934,86.6746698679472,6,"Jun",2020
"6215",6215,2020-06-03,53.5465596074495,5873,8967,6265136,276899,3.2383648911697,65.495706479313,6,"Jun",2020
"6216",6216,2020-06-04,72.8187389575972,17097,18112,6265136,276899,6.54101314919881,94.395980565371,6,"Jun",2020
"6217",6217,2020-06-05,72.6667645331767,19446,20436,6265136,276899,7.38030834347542,95.1556077510276,6,"Jun",2020
"6218",6218,2020-06-06,66.3579892770549,26305,29283,6265136,276899,10.5753361333916,89.830276952498,6,"Jun",2020
"6219",6219,2020-06-07,52.7380952380952,1027,1806,6265136,276899,0.652223373865561,56.8660022148394,6,"Jun",2020
"6220",6220,2020-06-08,75.5050163576881,8748,9170,6265136,276899,3.31167682079025,95.3980370774264,6,"Jun",2020
"6221",6221,2020-06-09,64.9867262050404,13416,16348,6265136,276899,5.90395776077198,82.0650844139956,6,"Jun",2020
"6222",6222,2020-06-10,66.5275934033172,48182,63729,6265136,276899,23.0152510482161,75.6045128591379,6,"Jun",2020
"6223",6223,2020-06-11,72.2066234401507,77304,96083,6265136,276899,34.6996558311875,80.4554395678736,6,"Jun",2020
"6224",6224,2020-06-12,74.4980655005177,46256,55053,6265136,276899,19.8819786275862,84.0208526329174,6,"Jun",2020
"6225",6225,2020-06-13,66.6165827518182,52731,67926,6265136,276899,24.5309661645582,77.630068015193,6,"Jun",2020
"6226",6226,2020-06-14,65.5167461461683,17319,18034,6265136,276899,6.51284403338401,96.0352667184208,6,"Jun",2020
"6227",6227,2020-06-15,50.5950760761526,17030,26158,6265136,276899,9.4467657882477,65.1043657772001,6,"Jun",2020
"6228",6228,2020-06-16,58.6585554268057,38302,54369,6265136,276899,19.6349571504411,70.4482333682797,6,"Jun",2020
"6229",6229,2020-06-17,61.2153824435531,89200,120423,6265136,276899,43.4898645354443,74.0722287270704,6,"Jun",2020
"6230",6230,2020-06-18,47.5422659601312,6615,11889,6265136,276899,4.29362330669305,55.6396669190008,6,"Jun",2020
"6231",6231,2020-06-19,67.5477279373063,130154,170990,6265136,276899,61.7517578611696,76.1179016316744,6,"Jun",2020
"6232",6232,2020-06-20,75.0563831451699,103127,121437,6265136,276899,43.8560630410366,84.9222230456945,6,"Jun",2020
"6233",6233,2020-06-21,63.3387378860517,34166,48601,6265136,276899,17.5518871501883,70.2989650418716,6,"Jun",2020
"6234",6234,2020-06-22,63.4062822207055,147723,206583,6265136,276899,74.6059032354758,71.5078201013636,6,"Jun",2020
"6235",6235,2020-06-23,67.5987172784355,148108,193183,6265136,276899,69.7665935954987,76.6672015653551,6,"Jun",2020
"6236",6236,2020-06-24,69.8599671821391,76646,100555,6265136,276899,36.3146851379023,76.2229625578042,6,"Jun",2020
"6237",6237,2020-06-25,75.9079954813606,27353,31868,6265136,276899,11.5088895228946,85.8321827538597,6,"Jun",2020
"6238",6238,2020-06-26,51.4885120066387,32965,57843,6265136,276899,20.8895662317307,56.9904742146846,6,"Jun",2020
"6239",6239,2020-06-27,54.5456425645809,15379,24659,6265136,276899,8.90541316508908,62.3666815361531,6,"Jun",2020
"6240",6240,2020-06-28,52.5958670893507,10026,17034,6265136,276899,6.15170152293797,58.8587530820711,6,"Jun",2020
"6241",6241,2020-06-29,54.5433725742296,16886,24889,6265136,276899,8.98847594249167,67.845232833782,6,"Jun",2020
"6242",6242,2020-06-30,52.5772536957855,71136,112493,6265136,276899,40.6260044276072,63.2359346803801,6,"Jun",2020
"6243",6243,2020-07-01,55.5222606780461,82787,127130,6265136,276899,45.912047353006,65.1199559506017,7,"Jul",2020
"6244",6244,2020-07-02,62.5750983568618,5789,8642,6265136,276899,3.12099357527474,66.9868086091183,7,"Jul",2020
"6245",6245,2020-07-03,65.6774471013246,8439,11626,6265136,276899,4.19864282644574,72.5873043179081,7,"Jul",2020
"6246",6246,2020-07-04,52.8527902398089,35771,61966,6265136,276899,22.3785568022998,57.7268179324146,7,"Jul",2020
"6247",6247,2020-07-05,39.4856006062903,2238,5278,6265136,276899,1.90611017013424,42.4024251610458,7,"Jul",2020
"6248",6248,2020-07-06,57.1885249505386,14640,22745,6265136,276899,8.21418640009534,64.3657946801495,7,"Jul",2020
"6249",6249,2020-07-07,54.9143399295202,6394,11067,6265136,276899,3.9967641631064,57.7753682118008,7,"Jul",2020
"6250",6250,2020-07-08,36.7074137703185,3159,7567,6265136,276899,2.73276537654524,41.7470596008986,7,"Jul",2020
"6251",6251,2020-07-09,70.2334326458593,27993,34571,6265136,276899,12.4850577286303,80.9724913945214,7,"Jul",2020
"6252",6252,2020-07-10,39.1385313048566,11870,27344,6265136,276899,9.87508080563671,43.4098888238736,7,"Jul",2020
"6253",6253,2020-07-11,33.6139672131148,22054,61000,6265136,276899,22.0296931372089,36.1540983606557,7,"Jul",2020
"6254",6254,2020-07-12,64.7970112635218,31932,44835,6265136,276899,16.1918244558485,71.2211441953831,7,"Jul",2020
"6255",6255,2020-07-13,58.4435780572182,12842,18211,6265136,276899,6.57676625773296,70.5178189006644,7,"Jul",2020
"6256",6256,2020-07-14,40.4984441784921,13981,29245,6265136,276899,10.5616127179946,47.8064626431869,7,"Jul",2020
"6257",6257,2020-07-15,38.4333244610061,1387,3757,6265136,276899,1.3568124117458,36.9177535267501,7,"Jul",2020
"6258",6258,2020-07-16,47.7703549060543,2228,3832,6265136,276899,1.38389810002925,58.1419624217119,7,"Jul",2020
"6259",6259,2020-07-17,36.2225782667877,14544,35264,6265136,276899,12.7353294883694,41.2431941923775,7,"Jul",2020
"6260",6260,2020-07-18,54.6819860738932,60782,96653,6265136,276899,34.9055070621418,62.886821929997,7,"Jul",2020
"6261",6261,2020-07-19,46.1565464895636,3310,6324,6265136,276899,2.2838652360608,52.3402909550917,7,"Jul",2020
"6262",6262,2020-07-20,33.9443482367758,4557,12704,6265136,276899,4.58795445270658,35.8705919395466,7,"Jul",2020
"6263",6263,2020-07-21,59.7158806331035,51823,81061,6265136,276899,29.274573039267,63.9308668780301,7,"Jul",2020
"6264",6264,2020-07-22,52.7428060095135,15309,21233,6265136,276899,7.66813892430092,72.1000329675505,7,"Jul",2020
"6265",6265,2020-07-23,26.3522965504098,2965,10494,6265136,276899,3.78982950462082,28.2542405183915,7,"Jul",2020
"6266",6266,2020-07-24,41.1980461692874,34079,74725,6265136,276899,26.9863740930809,45.6058882569421,7,"Jul",2020
"6267",6267,2020-07-25,51.3046476418275,88542,157198,6265136,276899,56.7708803570977,56.3251440858026,7,"Jul",2020
"6268",6268,2020-07-26,48.3804325722865,123265,231129,6265136,276899,83.4705072968844,53.331689229824,7,"Jul",2020
"6269",6269,2020-07-27,49.8810815778371,130372,239391,6265136,276899,86.4542667181897,54.459858557757,7,"Jul",2020
"6270",6270,2020-07-28,54.6691797420018,71751,122559,6265136,276899,44.2612649377571,58.5440481727168,7,"Jul",2020
"6271",6271,2020-07-29,47.019233609584,31237,60935,6265136,276899,22.0062188740299,51.2628210388118,7,"Jul",2020
"6272",6272,2020-07-30,47.1708481985698,98338,190321,6265136,276899,68.7330037306021,51.6695477640408,7,"Jul",2020
"6273",6273,2020-07-31,50.4318323706831,133762,241867,6265136,276899,87.3484555740541,55.3039480375578,7,"Jul",2020
"6274",6274,2020-08-01,49.2324164822426,128586,237225,6265136,276899,85.6720320405635,54.2042364843503,8,"Aug",2020
"6275",6275,2020-08-02,55.1831041553018,128128,212644,6265136,276899,76.7947879912892,60.2546979928895,8,"Aug",2020
"6276",6276,2020-08-03,48.9982904343312,99138,177238,6265136,276899,64.0081762664365,55.9349575147542,8,"Aug",2020
"6277",6277,2020-08-04,43.1509928463505,67730,139649,6265136,276899,50.43319044128,48.5001682790425,8,"Aug",2020
"6278",6278,2020-08-05,51.6335213815081,14200,23221,6265136,276899,8.38609023506766,61.1515438611601,8,"Aug",2020
"6279",6279,2020-08-06,51.439743772242,20986,35125,6265136,276899,12.6851306794174,59.7466192170819,8,"Aug",2020
"6280",6280,2020-08-07,50.560852109017,117405,211710,6265136,276899,76.4574808865326,55.4555760238062,8,"Aug",2020
"6281",6281,2020-08-08,66.3581299742634,84235,117731,6265136,276899,42.5176688973236,71.5487000025482,8,"Aug",2020
"6282",6282,2020-08-09,55.8116515451259,65634,102613,6265136,276899,37.0579164244002,63.9626558038455,8,"Aug",2020
"6283",6283,2020-08-10,39.6190680388794,3459,6996,6265136,276899,2.52655300308055,49.442538593482,8,"Aug",2020
"6284",6284,2020-08-11,34.6324086184346,4780,14527,6265136,276899,5.24631724924973,32.9042472637158,8,"Aug",2020
"6285",6285,2020-08-12,40.639346232424,10864,24963,6265136,276899,9.01520048826468,43.5204102071065,8,"Aug",2020
"6286",6286,2020-08-13,59.9591196267085,16704,24217,6265136,276899,8.74578817547192,68.9763389354586,8,"Aug",2020
"6287",6287,2020-08-14,44.4416838124896,42507,89915,6265136,276899,32.4721288267563,47.2746482789301,8,"Aug",2020
"6288",6288,2020-08-15,49.4433074670987,20132,35181,6265136,276899,12.7053546600024,57.224069810409,8,"Aug",2020
"6289",6289,2020-08-16,42.6727705698801,10953,24356,6265136,276899,8.79598698442392,44.9704384956479,8,"Aug",2020
"6290",6290,2020-08-17,51.2407382011245,31461,51043,6265136,276899,18.4337971606976,61.6362674607684,8,"Aug",2020
"6291",6291,2020-08-18,35.0850985448517,13833,38003,6265136,276899,13.7244988244811,36.3997579138489,8,"Aug",2020
"6292",6292,2020-08-19,31.1649912065484,14932,46057,6265136,276899,16.6331406036136,32.4206960939705,8,"Aug",2020
"6293",6293,2020-08-20,39.628040862263,10676,23102,6265136,276899,8.34311427632458,46.2124491386027,8,"Aug",2020
"6294",6294,2020-08-21,47.3520814659894,21758,40164,6265136,276899,14.504927789555,54.1728911463002,8,"Aug",2020
"6295",6295,2020-08-22,47.1599702775861,20018,37682,6265136,276899,13.6085720786279,53.1235072448384,8,"Aug",2020
"6296",6296,2020-08-23,46.4348397459298,86856,164364,6265136,276899,59.3588275869541,52.8436883989195,8,"Aug",2020
"6297",6297,2020-08-24,49.0750850455844,62995,110235,6265136,276899,39.81054463902,57.1460969746451,8,"Aug",2020
"6298",6298,2020-08-25,47.8255486284289,90807,160400,6265136,276899,57.927258675546,56.6128428927681,8,"Aug",2020
"6299",6299,2020-08-26,51.0324237692118,73502,121670,6265136,276899,43.9402092459706,60.41094764527,8,"Aug",2020
"6300",6300,2020-08-27,46.5119467554077,26461,45075,6265136,276899,16.2784986583556,58.7043815862451,8,"Aug",2020
"6301",6301,2020-08-28,39.3041110808603,7829,14692,6265136,276899,5.30590576347332,53.2875034032126,8,"Aug",2020
"6302",6302,2020-08-29,56.2776094072009,18643,24747,6265136,276899,8.93719370600833,75.3343839657332,8,"Aug",2020
"6303",6303,2020-08-30,53.3477171155937,23586,33116,6265136,276899,11.9595953759313,71.2223698514313,8,"Aug",2020
"6304",6304,2020-08-31,48.1827182718272,28175,47773,6265136,276899,17.252861151539,58.9768279153497,8,"Aug",2020
"6305",6305,2020-09-01,60.599097727713,75153,108393,6265136,276899,39.1453201347784,69.3338130691096,9,"Sep",2020
"6306",6306,2020-09-02,67.128645283431,44067,54934,6265136,276899,19.8390026688432,80.2180798776714,9,"Sep",2020
"6307",6307,2020-09-03,52.5442363112392,4522,6940,6265136,276899,2.50632902249557,65.1585014409222,9,"Sep",2020
"6308",6308,2020-09-04,48.5586895766484,20891,38644,6265136,276899,13.955991173677,54.0601387019977,9,"Sep",2020
"6309",6309,2020-09-05,54.5793731728874,10041,14709,6265136,276899,5.31204518615091,68.264327962472,9,"Sep",2020
"6310",6310,2020-09-06,35.0565309891754,15113,42773,6265136,276899,15.4471485993088,35.3330371963622,9,"Sep",2020
"6311",6311,2020-09-07,32.4559282371295,17638,53844,6265136,276899,19.445357332457,32.7575960181264,9,"Sep",2020
"6312",6312,2020-09-08,57.6837029657695,81829,122464,6265136,276899,44.2269563992647,66.8188202247191,9,"Sep",2020
"6313",6313,2020-09-09,50.9290212402604,4637,9369,6265136,276899,3.38354418036902,49.4930088590031,9,"Sep",2020
"6314",6314,2020-09-10,44.9359813602574,20330,45065,6265136,276899,16.2748872332511,45.1126151115056,9,"Sep",2020
"6315",6315,2020-09-11,43.8741736092448,36620,74420,6265136,276899,26.8762256273948,49.2072023649557,9,"Sep",2020
"6316",6316,2020-09-12,43.495716202732,13228,29063,6265136,276899,10.4958847810935,45.5149158724151,9,"Sep",2020
"6317",6317,2020-09-13,48.0269459750927,40653,67691,6265136,276899,24.4460976746034,60.0567283686162,9,"Sep",2020
"6318",6318,2020-09-14,50.3481636935992,14221,23825,6265136,276899,8.60422031137707,59.6894018887723,9,"Sep",2020
"6319",6319,2020-09-15,53.901495284903,39892,57581,6265136,276899,20.7949468939938,69.2797971553117,9,"Sep",2020
"6320",6320,2020-09-16,56.8628427787934,31461,43760,6265136,276899,15.803596257119,71.8944241316271,9,"Sep",2020
"6321",6321,2020-09-17,59.2389024914491,38182,53503,6265136,276899,19.3222077363949,71.3642225669589,9,"Sep",2020
"6322",6322,2020-09-18,55.7125019316953,68735,97065,6265136,276899,35.0542977764456,70.8133724823572,9,"Sep",2020
"6323",6323,2020-09-19,58.130287055955,61896,88589,6265136,276899,31.9932538579049,69.868719592726,9,"Sep",2020
"6324",6324,2020-09-20,50.9571052666376,43234,75627,6265136,276899,27.3121246375032,57.167413754347,9,"Sep",2020
"6325",6325,2020-09-21,52.5691270675973,14190,20918,6265136,276899,7.55437903351041,67.8363132230615,9,"Sep",2020
"6326",6326,2020-09-22,57.8541698046895,57059,79668,6265136,276899,28.7715015222157,71.6209770547773,9,"Sep",2020
"6327",6327,2020-09-23,53.3223358073099,48455,71410,6265136,276899,25.7891866709522,67.8546422069738,9,"Sep",2020
"6328",6328,2020-09-24,56.1308052185158,39037,52582,6265136,276899,18.989595484274,74.2402343007113,9,"Sep",2020
"6329",6329,2020-09-25,60.7938536607203,70454,89354,6265136,276899,32.2695278783961,78.8481769142959,9,"Sep",2020
"6330",6330,2020-09-26,54.6450388332591,38530,51631,6265136,276899,18.6461489568399,74.6257093606554,9,"Sep",2020
"6331",6331,2020-09-27,72.0977933640789,53323,62448,6265136,276899,22.5526274923348,85.387842685114,9,"Sep",2020
"6332",6332,2020-09-28,64.4564055433284,67719,82694,6265136,276899,29.8643187588254,81.891068275812,9,"Sep",2020
"6333",6333,2020-09-29,55.2446447697251,18670,22408,6265136,276899,8.09248137407502,83.3184576936808,9,"Sep",2020
"6334",6334,2020-09-30,60.6674959943473,71033,100483,6265136,276899,36.2886828771502,70.6915597663286,9,"Sep",2020
"6335",6335,2020-10-01,52.463239293166,65575,101127,6265136,276899,36.5212586538774,64.8442058006269,10,"Oct",2020
"6336",6336,2020-10-02,57.2907852939004,61105,81218,6265136,276899,29.3312724134071,75.2357851707749,10,"Oct",2020
"6337",6337,2020-10-03,67.5333568337446,113548,133331,6265136,276899,48.1514920602819,85.162490343581,10,"Oct",2020
"6338",6338,2020-10-04,47.3847481021394,11751,23184,6265136,276899,8.37272796218116,50.685817805383,10,"Oct",2020
"6339",6339,2020-10-05,33.9545673772547,3393,10367,6265136,276899,3.74396440579417,32.728851162342,10,"Oct",2020
"6340",6340,2020-10-06,54.1705482167825,62250,95838,6265136,276899,34.6111759161283,64.9533587929631,10,"Oct",2020
"6341",6341,2020-10-07,62.760055789395,60930,80302,6265136,276899,29.0004658738385,75.8760678438893,10,"Oct",2020
"6342",6342,2020-10-08,33.3839662447257,50,237,6265136,276899,0.0855907749757132,21.0970464135021,10,"Oct",2020
"6343",6343,2020-10-09,38.7527272727273,188,550,6265136,276899,0.198628380745326,34.1818181818182,10,"Oct",2020
"6344",6344,2020-10-10,50.8994974874372,297,597,6265136,276899,0.21560207873629,49.748743718593,10,"Oct",2020
"6345",6345,2020-10-11,74.6456310679612,193,206,6265136,276899,0.0743953571518857,93.6893203883495,10,"Oct",2020
"6346",6346,2020-10-12,58.1791979949875,515,798,6265136,276899,0.288191723335946,64.5363408521303,10,"Oct",2020
"6347",6347,2020-10-13,55.2690355329949,520,788,6265136,276899,0.284580298231485,65.989847715736,10,"Oct",2020
"6348",6348,2020-10-14,53.4103773584906,316,424,6265136,276899,0.153124424429124,74.5283018867924,10,"Oct",2020
"6349",6349,2020-10-15,45.2060889929742,424,854,6265136,276899,0.308415703920924,49.6487119437939,10,"Oct",2020
"6350",6350,2020-10-16,NA,NA,0,6265136,276899,0,NA,10,"Oct",2020
"6351",6351,2020-10-17,64.8149556400507,614,789,6265136,276899,0.284941440741931,77.8200253485425,10,"Oct",2020
"6352",6352,2020-10-18,64.0764872521247,284,353,6265136,276899,0.127483306187455,80.4532577903683,10,"Oct",2020
"6353",6353,2020-10-19,53.4765625,77,128,6265136,276899,0.046226241337094,60.15625,10,"Oct",2020
"6354",6354,2020-10-20,NA,NA,0,6265136,276899,0,NA,10,"Oct",2020
"6355",6355,2020-11-08,NA,NA,0,6265136,276899,0,NA,11,"Nov",2020
"6356",6356,2020-11-09,NA,NA,0,6265136,276899,0,NA,11,"Nov",2020
"6357",6357,2020-11-10,NA,NA,0,6265136,276899,0,NA,11,"Nov",2020
"6358",6358,2020-11-11,NA,NA,0,6265136,276899,0,NA,11,"Nov",2020
"6359",6359,2020-11-13,NA,NA,0,6265136,276899,0,NA,11,"Nov",2020
"6360",6360,2020-11-16,NA,NA,0,6265136,276899,0,NA,11,"Nov",2020
"6361",6361,2020-11-19,NA,NA,0,6265136,276899,0,NA,11,"Nov",2020
"6362",6362,2020-11-21,NA,NA,0,6265136,276899,0,NA,11,"Nov",2020
"6363",6363,2020-11-24,NA,NA,0,6265136,276899,0,NA,11,"Nov",2020
"6364",6364,2021-01-19,NA,NA,0,6265136,276899,0,NA,1,"Jan",2021
"6365",6365,2021-01-22,NA,NA,0,6265136,276899,0,NA,1,"Jan",2021
"6366",6366,2021-01-24,NA,NA,0,6265136,276899,0,NA,1,"Jan",2021
"6367",6367,2021-01-27,NA,NA,0,6265136,276899,0,NA,1,"Jan",2021
"6368",6368,2021-01-29,NA,NA,0,6265136,276899,0,NA,1,"Jan",2021
"6369",6369,2021-01-30,NA,NA,0,6265136,276899,0,NA,1,"Jan",2021
"6370",6370,2021-02-01,NA,NA,0,6265136,276899,0,NA,2,"Feb",2021
"6371",6371,2021-02-02,NA,NA,0,6265136,276899,0,NA,2,"Feb",2021
"6372",6372,2021-02-04,NA,NA,0,6265136,276899,0,NA,2,"Feb",2021
"6373",6373,2021-02-05,NA,NA,0,6265136,276899,0,NA,2,"Feb",2021
"6374",6374,2021-02-06,NA,NA,0,6265136,276899,0,NA,2,"Feb",2021
"6375",6375,2021-02-07,NA,NA,0,6265136,276899,0,NA,2,"Feb",2021
"6376",6376,2021-02-08,NA,NA,0,6265136,276899,0,NA,2,"Feb",2021
"6377",6377,2021-02-09,NA,NA,0,6265136,276899,0,NA,2,"Feb",2021
"6378",6378,2021-02-10,NA,NA,0,6265136,276899,0,NA,2,"Feb",2021
"6379",6379,2021-02-11,NA,NA,0,6265136,276899,0,NA,2,"Feb",2021
"6380",6380,2021-02-12,NA,NA,0,6265136,276899,0,NA,2,"Feb",2021
"6381",6381,2021-02-13,69.1580278128951,676,791,6265136,276899,0.285663725762823,85.4614412136536,2,"Feb",2021
"6382",6382,2021-02-14,71.8571428571429,296,301,6265136,276899,0.10870389564426,98.3388704318937,2,"Feb",2021
"6383",6383,2021-02-15,NA,NA,0,6265136,276899,0,NA,2,"Feb",2021
"6384",6384,2021-02-16,41.3076923076923,1,26,6265136,276899,0.00938970527159723,3.84615384615385,2,"Feb",2021
"6385",6385,2021-02-17,NA,NA,0,6265136,276899,0,NA,2,"Feb",2021
"6386",6386,2021-02-18,NA,NA,0,6265136,276899,0,NA,2,"Feb",2021
"6387",6387,2021-02-19,NA,NA,0,6265136,276899,0,NA,2,"Feb",2021
"6388",6388,2021-02-20,NA,NA,0,6265136,276899,0,NA,2,"Feb",2021
"6389",6389,2021-02-21,73.5642946317104,1547,1602,6265136,276899,0.578550301734567,96.5667915106117,2,"Feb",2021
"6390",6390,2021-02-22,47.041015625,225,512,6265136,276899,0.184904965348376,43.9453125,2,"Feb",2021
"6391",6391,2021-02-23,62.35,18,20,6265136,276899,0.00722285020892094,90,2,"Feb",2021
"6392",6392,2021-02-24,71.6474056603774,766,848,6265136,276899,0.306248848858248,90.3301886792453,2,"Feb",2021
"6393",6393,2021-02-25,76.0822281167109,354,377,6265136,276899,0.13615072643816,93.8992042440318,2,"Feb",2021
"6394",6394,2021-02-26,45.6995305164319,67,213,6265136,276899,0.076923354725008,31.4553990610329,2,"Feb",2021
"6395",6395,2021-02-27,70.6039603960396,1330,1515,6265136,276899,0.547130903325761,87.7887788778878,2,"Feb",2021
"6396",6396,2021-02-28,54.2231638418079,245,354,6265136,276899,0.127844448697901,69.2090395480226,2,"Feb",2021
"6397",6397,2021-03-01,69.275380891357,6553,7023,6265136,276899,2.53630385086259,93.3077032607148,3,"Mar",2021
"6398",6398,2021-03-02,31.6406460296097,164,743,6265136,276899,0.268328885261413,22.0726783310902,3,"Mar",2021
"6399",6399,2021-03-03,66.1964285714286,145,168,6265136,276899,0.0606719417549359,86.3095238095238,3,"Mar",2021
"6400",6400,2021-03-04,73.3889325664474,71501,72501,6265136,276899,26.1831931498489,98.6207086798803,3,"Mar",2021
"6401",6401,2021-03-05,43.0608108108108,26,148,6265136,276899,0.053449091546015,17.5675675675676,3,"Mar",2021
"6402",6402,2021-03-06,63.9173632672558,3995,4187,6265136,276899,1.5121036912376,95.4143778361595,3,"Mar",2021
"6403",6403,2021-03-07,73.0715503687136,133331,135471,6265136,276899,48.9243370326365,98.4203261214577,3,"Mar",2021
"6404",6404,2021-03-08,67.1891586418916,20928,22119,6265136,276899,7.98811118855612,94.6154889461549,3,"Mar",2021
"6405",6405,2021-03-09,56.8231124807396,6109,6490,6265136,276899,2.34381489279485,94.1294298921418,3,"Mar",2021
"6406",6406,2021-03-10,54.4452250092979,43208,48398,6265136,276899,17.4785752205678,89.2764163808422,3,"Mar",2021
"6407",6407,2021-03-11,61.7691827390037,12071,14414,6265136,276899,5.20550814556932,83.7449701678923,3,"Mar",2021
"6408",6408,2021-03-12,71.0986308555841,94322,95315,6265136,276899,34.422298383165,98.9581912605571,3,"Mar",2021
"6409",6409,2021-03-13,68.0976830196889,44466,45965,6265136,276899,16.5999154926526,96.7388230175133,3,"Mar",2021
"6410",6410,2021-03-14,59.4041610587707,34093,35664,6265136,276899,12.8797864925478,95.5949977568416,3,"Mar",2021
"6411",6411,2021-03-15,65.3341522685395,72666,74894,6265136,276899,27.0474071773463,97.0251288487729,3,"Mar",2021
"6412",6412,2021-03-16,68.5178913134532,119003,121763,6265136,276899,43.973795499442,97.733301577655,3,"Mar",2021
"6413",6413,2021-03-17,69.0323910586906,111966,113272,6265136,276899,40.9073344432447,98.8470230948513,3,"Mar",2021
"6414",6414,2021-03-18,68.8244210526316,79799,80750,6265136,276899,29.1622577185183,98.8222910216718,3,"Mar",2021
"6415",6415,2021-03-19,63.7992903905821,61884,67361,6265136,276899,24.3269206461562,91.8691824646309,3,"Mar",2021
"6416",6416,2021-03-20,65.2534120376689,26734,29308,6265136,276899,10.5843646961527,91.217415040262,3,"Mar",2021
"6417",6417,2021-03-21,66.2407132977672,58323,60732,6265136,276899,21.9329069444093,96.0333926101561,3,"Mar",2021
"6418",6418,2021-03-22,73.1544600675367,123534,124673,6265136,276899,45.02472020484,99.0864100486874,3,"Mar",2021
"6419",6419,2021-03-23,58.9128350888926,16843,17943,6265136,276899,6.47998006493342,93.8694755615003,3,"Mar",2021
"6420",6420,2021-03-24,59.3959653508517,15155,17201,6265136,276899,6.21201232218246,88.105342712633,3,"Mar",2021
"6421",6421,2021-03-25,61.3101700327293,22667,25054,6265136,276899,9.04806445671526,90.4725792288656,3,"Mar",2021
"6422",6422,2021-03-26,67.9199660122211,54514,55314,6265136,276899,19.9762368228127,98.5537115377662,3,"Mar",2021
"6423",6423,2021-03-27,63.3214449987616,27693,28263,6265136,276899,10.2069707727366,97.9832289565864,3,"Mar",2021
"6424",6424,2021-03-28,64.2564444062554,21790,23276,6265136,276899,8.40595307314219,93.6157415363464,3,"Mar",2021
"6425",6425,2021-03-29,74.2168792053829,77014,78025,6265136,276899,28.1781443775528,98.704261454662,3,"Mar",2021
"6426",6426,2021-03-30,70.7653308054393,29843,30592,6265136,276899,11.0480716795655,97.5516474895397,3,"Mar",2021
"6427",6427,2021-03-31,67.325460649594,24705,25616,6265136,276899,9.25102654758594,96.4436289818863,3,"Mar",2021
"6428",6428,2021-04-01,63.7526613439787,17338,18036,6265136,276899,6.51356631840491,96.129962297627,4,"Apr",2021
"6429",6429,2021-04-02,63.5238820751124,12670,13127,6265136,276899,4.74071773462526,96.5186257332216,4,"Apr",2021
"6430",6430,2021-04-03,60.4825873774202,14948,15908,6265136,276899,5.74505505617572,93.965300477747,4,"Apr",2021
"6431",6431,2021-04-04,59.7220046985121,7904,8939,6265136,276899,3.22825290087722,88.4215236603647,4,"Apr",2021
"6432",6432,2021-04-05,67.8764680801581,50272,51598,6265136,276899,18.6342312539951,97.4301329508896,4,"Apr",2021
"6433",6433,2021-04-06,73.9613288815656,137863,138372,6265136,276899,49.9720114554404,99.6321510132108,4,"Apr",2021
"6434",6434,2021-04-07,63.227027027027,139,185,6265136,276899,0.0668113644325187,75.1351351351351,4,"Apr",2021
"6435",6435,2021-04-08,65.3715256520142,30568,32668,6265136,276899,11.7978035312515,93.5716909513897,4,"Apr",2021
"6436",6436,2021-04-09,62.1397941680961,4358,4664,6265136,276899,1.68436866872036,93.4391080617496,4,"Apr",2021
"6437",6437,2021-04-10,61.5131293990254,13520,14776,6265136,276899,5.33624173435079,91.4997292907417,4,"Apr",2021
"6438",6438,2021-04-11,69.3252287756329,44413,44913,6265136,276899,16.2199935716633,98.8867365796095,4,"Apr",2021
"6439",6439,2021-04-12,74.9559054981926,115351,115638,6265136,276899,41.76179762296,99.7518116881994,4,"Apr",2021
"6440",6440,2021-04-13,66.5203358770274,36444,36561,6265136,276899,13.2037313244179,99.6799868712563,4,"Apr",2021
"6441",6441,2021-04-14,72.6567072323361,100683,100742,6265136,276899,36.3822187873557,99.9414345555975,4,"Apr",2021
"6442",6442,2021-04-15,66.9854721549637,7725,7847,6265136,276899,2.83388527947013,98.4452657066395,4,"Apr",2021
"6443",6443,2021-04-16,68.5508657688323,33678,33785,6265136,276899,12.2011997154197,99.6832914015095,4,"Apr",2021
"6444",6444,2021-04-17,70.2772232691022,81837,82255,6265136,276899,29.7057771967396,99.4918242052155,4,"Apr",2021
"6445",6445,2021-04-18,71.8691036075361,69905,71018,6265136,276899,25.6476188068574,98.4327916866147,4,"Apr",2021
"6446",6446,2021-04-19,75.9073151939732,69300,70087,6265136,276899,25.3113951296321,98.8771098777234,4,"Apr",2021
"6447",6447,2021-04-20,76.0484803107232,42179,42739,6265136,276899,15.4348697539536,98.6897213318047,4,"Apr",2021
"6448",6448,2021-04-21,71.7246023675678,51919,52121,6265136,276899,18.8231087869584,99.6124402831872,4,"Apr",2021
"6449",6449,2021-04-22,71.9171232164863,67312,67353,6265136,276899,24.3240315060726,99.939126690719,4,"Apr",2021
"6450",6450,2021-04-23,73.549789006412,91068,91235,6265136,276899,32.9488369405451,99.8169562119801,4,"Apr",2021
"6451",6451,2021-04-24,71.6130276895143,4366,4406,6265136,276899,1.59119390102528,99.0921470721743,4,"Apr",2021
"6452",6452,2021-04-25,71.15213377103,68157,68236,6265136,276899,24.6429203427965,99.8842253356,4,"Apr",2021
"6453",6453,2021-04-26,72.89010972912,67436,68259,6265136,276899,24.6512266205367,98.7942981877848,4,"Apr",2021
"6454",6454,2021-04-27,67.5454673028347,7037,7126,6265136,276899,2.57350152943853,98.7510524838619,4,"Apr",2021
"6455",6455,2021-04-28,71.886960740409,26704,26796,6265136,276899,9.67717470991228,99.6566651739066,4,"Apr",2021
"6456",6456,2021-04-29,74.0568491159447,75360,75674,6265136,276899,27.3290983354942,99.5850622406639,4,"Apr",2021
"6457",6457,2021-04-30,69.8115955917585,41682,41740,6265136,276899,15.074088386018,99.8610445615716,4,"Apr",2021
"6458",6458,2021-05-01,74.4199149715742,100193,100437,6265136,276899,36.2720703216696,99.7570616406304,5,"May",2021
"6459",6459,2021-05-02,76.3764960018191,131863,131935,6265136,276899,47.6473371156992,99.9454276727176,5,"May",2021
"6460",6460,2021-05-03,76.5320883337415,244669,244980,6265136,276899,88.4726922090726,99.8730508612948,5,"May",2021
"6461",6461,2021-05-04,72.4431996755715,39183,39454,6265136,276899,14.2485166071383,99.3131241445734,5,"May",2021
"6462",6462,2021-05-05,70.6753340176688,123642,123721,6265136,276899,44.6809125348954,99.9361466525489,5,"May",2021
"6463",6463,2021-05-06,75.6720108493721,107600,107656,6265136,276899,38.8791581045796,99.9479824626588,5,"May",2021
"6464",6464,2021-05-07,78.0436478251734,118766,118975,6265136,276899,42.9669301803185,99.8243328430342,5,"May",2021
"6465",6465,2021-05-08,77.9474130835094,117654,117843,6265136,276899,42.5581168584935,99.8396171176905,5,"May",2021
"6466",6466,2021-05-09,76.0407016500669,100762,100905,6265136,276899,36.4410850165584,99.858282542986,5,"May",2021
"6467",6467,2021-05-10,68.3055292259084,3139,3165,6265136,276899,1.14301604556174,99.1785150078989,5,"May",2021
"6468",6468,2021-05-11,67.4026833523855,33200,33242,6265136,276899,12.0050993322475,99.8736538114433,5,"May",2021
"6469",6469,2021-05-12,71.9090340452149,55913,55955,6265136,276899,20.2077291720086,99.9249396836744,5,"May",2021
"6470",6470,2021-05-13,76.8288579747654,126695,126731,6265136,276899,45.767951491338,99.9715933749438,5,"May",2021
"6471",6471,2021-05-14,74.9092805005214,30591,30688,6265136,276899,11.0827413605683,99.6839155370177,5,"May",2021
"6472",6472,2021-05-15,74.1204173686213,91890,92005,6265136,276899,33.2269166735886,99.8750067931091,5,"May",2021
"6473",6473,2021-05-16,75.8905386740332,156287,156384,6265136,276899,56.4769103535946,99.9379731941887,5,"May",2021
"6474",6474,2021-05-17,78.9692456125525,141853,141996,6265136,276899,51.2807919132969,99.8992929378292,5,"May",2021
"6475",6475,2021-05-18,80.3628851344246,113912,114116,6265136,276899,41.2121387220611,99.8212345332819,5,"May",2021
"6476",6476,2021-05-19,79.0433712325184,129864,129994,6265136,276899,46.9463595029234,99.8999953844024,5,"May",2021
"6477",6477,2021-05-20,69.3451188794004,32520,32554,6265136,276899,11.7566332850606,99.8955581495362,5,"May",2021
"6478",6478,2021-05-21,72.6482987791664,69034,69215,6265136,276899,24.9964788605232,99.7384959907534,5,"May",2021
"6479",6479,2021-05-22,73.5402446241862,30041,30414,6265136,276899,10.9837883127061,98.7735911093575,5,"May",2021
"6480",6480,2021-05-23,76.335663936764,122235,122715,6265136,276899,44.3176031693867,99.6088497738663,5,"May",2021
"6481",6481,2021-05-24,79.091673079507,81645,81867,6265136,276899,29.5656539026865,99.7288284656821,5,"May",2021
"6482",6482,2021-05-25,78.5502257596883,107928,108301,6265136,276899,39.1120950238174,99.6555895144089,5,"May",2021
"6483",6483,2021-05-26,77.6403845874966,68600,68957,6265136,276899,24.9033040928281,99.4822860623287,5,"May",2021
"6484",6484,2021-05-27,78.6070534950749,62450,63146,6265136,276899,22.8047049646261,98.897792417572,5,"May",2021
"6485",6485,2021-05-28,77.3657336452367,135610,136367,6265136,276899,49.2479207219961,99.4448803596178,5,"May",2021
"6486",6486,2021-05-29,82.1241567012853,128766,129699,6265136,276899,46.8398224623419,99.2806421020979,5,"May",2021
"6487",6487,2021-05-30,78.7985321100917,21717,21800,6265136,276899,7.87290672772383,99.6192660550459,5,"May",2021
"6488",6488,2021-05-31,79.4305955317982,115845,116736,6265136,276899,42.1583320994298,99.2367393092105,5,"May",2021
"6489",6489,2021-06-01,86.9655401451774,62858,63233,6265136,276899,22.8361243630349,99.4069552290734,6,"Jun",2021
"6490",6490,2021-06-02,86.8548324348358,34918,35986,6265136,276899,12.9960743809115,97.0321791807925,6,"Jun",2021
"6491",6491,2021-06-03,83.534892172333,101543,104565,6265136,276899,37.7628666047909,97.1099316214795,6,"Jun",2021
"6492",6492,2021-06-04,83.5113844624608,30978,32193,6265136,276899,11.6262608387896,96.2258876153201,6,"Jun",2021
"6493",6493,2021-06-05,75.8967138262219,43591,44459,6265136,276899,16.0560348719208,98.0476393980971,6,"Jun",2021
"6494",6494,2021-06-06,78.7836146517917,197280,203743,6265136,276899,73.580258505809,96.8278664788484,6,"Jun",2021
"6495",6495,2021-06-07,76.6273427284614,13291,13766,6265136,276899,4.97148779880028,96.5494697079762,6,"Jun",2021
"6496",6496,2021-06-08,78.2173621210426,8352,8939,6265136,276899,3.22825290087722,93.4332699407093,6,"Jun",2021
"6497",6497,2021-06-09,69.6086807181889,30428,32025,6265136,276899,11.5655888970347,95.0132708821234,6,"Jun",2021
"6498",6498,2021-06-10,70.6336433022102,48282,52801,6265136,276899,19.0686856940617,91.4414499725384,6,"Jun",2021
"6499",6499,2021-06-11,77.3537799729148,12122,12553,6265136,276899,4.53342193362923,96.5665577949494,6,"Jun",2021
"6500",6500,2021-06-12,78.2248034149629,21738,22255,6265136,276899,8.03722656997678,97.6769265333633,6,"Jun",2021
"6501",6501,2021-06-13,73.8362564102564,18163,19500,6265136,276899,7.04227895369792,93.1435897435897,6,"Jun",2021
"6502",6502,2021-06-14,65.3363881401617,1748,1855,6265136,276899,0.669919356877417,94.2318059299191,6,"Jun",2021
"6503",6503,2021-06-15,61.7394840157039,3134,3566,6265136,276899,1.2878341922506,87.8855860908581,6,"Jun",2021
"6504",6504,2021-06-16,71.3308856525109,21240,24513,6265136,276899,8.85268635856395,86.6479011136948,6,"Jun",2021
"6505",6505,2021-06-17,77.8329508949059,14461,15253,6265136,276899,5.50850671183356,94.8075788369501,6,"Jun",2021
"6506",6506,2021-06-18,71.8581265428089,13387,15394,6265136,276899,5.55942780580645,86.9624529037287,6,"Jun",2021
"6507",6507,2021-06-19,66.7652966145564,9116,9659,6265136,276899,3.48827550839837,94.3783000310591,6,"Jun",2021
"6508",6508,2021-06-20,80.7698479542533,41437,45118,6265136,276899,16.2940277863048,91.8413936787978,6,"Jun",2021
"6509",6509,2021-06-21,71.5256201975851,37049,45550,6265136,276899,16.4500413508174,81.3369923161361,6,"Jun",2021
"6510",6510,2021-06-22,80.7975405827142,79699,85874,6265136,276899,31.0127519420438,92.8092321307963,6,"Jun",2021
"6511",6511,2021-06-23,73.8806784824588,51904,63023,6265136,276899,22.7602844358412,82.3572346603621,6,"Jun",2021
"6512",6512,2021-06-24,82.3411723184189,131028,138836,6265136,276899,50.1395815802874,94.3760984182777,6,"Jun",2021
"6513",6513,2021-06-25,83.4877948270429,118345,123759,6265136,276899,44.6946359502923,95.625368660057,6,"Jun",2021
"6514",6514,2021-06-26,78.9648104517003,173047,197786,6265136,276899,71.4289325710819,87.4920368479063,6,"Jun",2021
"6515",6515,2021-06-27,77.2639529061332,134947,155774,6265136,276899,56.2566134222225,86.6299896003184,6,"Jun",2021
"6516",6516,2021-06-28,76.6057916369044,76418,85399,6265136,276899,30.841209249582,89.4834834131547,6,"Jun",2021
"6517",6517,2021-06-29,78.2383359637009,36592,40552,6265136,276899,14.6450510836081,90.234760307753,6,"Jun",2021
"6518",6518,2021-06-30,80.5433090281447,26192,28389,6265136,276899,10.2524747290528,92.2610870407552,6,"Jun",2021
"6519",6519,2021-07-01,54.7344540698173,8757,11659,6265136,276899,4.21056052929046,75.1093575778369,7,"Jul",2021
"6520",6520,2021-07-02,67.754833220876,26589,34087,6265136,276899,12.3102647535744,78.0033443834893,7,"Jul",2021
"6521",6521,2021-07-03,71.1513067558329,140740,174057,6265136,276899,62.8593819407076,80.858569319246,7,"Jul",2021
"6522",6522,2021-07-04,68.6546710500567,118314,153306,6265136,276899,55.3653137064417,77.175061641423,7,"Jul",2021
"6523",6523,2021-07-05,68.0018296924597,128717,171067,6265136,276899,61.7795658344739,75.2436179976267,7,"Jul",2021
"6524",6524,2021-07-06,67.970388926672,154189,204383,6265136,276899,73.8113897124944,75.4412059711424,7,"Jul",2021
"6525",6525,2021-07-07,62.2666905806887,65297,94784,6265136,276899,34.2305317101181,68.8903190411884,7,"Jul",2021
"6526",6526,2021-07-08,52.7830843060416,27977,47719,6265136,276899,17.2333594559749,58.6286384878141,7,"Jul",2021
"6527",6527,2021-07-09,55.1007227792026,2611,4289,6265136,276899,1.5489402273031,60.8766612263931,7,"Jul",2021
"6528",6528,2021-07-10,52.0262540276065,15048,25139,6265136,276899,9.07876157010318,59.8591829428378,7,"Jul",2021
"6529",6529,2021-07-11,66.7115795194286,113621,154566,6265136,276899,55.8203532696037,73.5096981224849,7,"Jul",2021
"6530",6530,2021-07-12,74.8120493876134,82870,100835,6265136,276899,36.4158050408272,82.1837655575941,7,"Jul",2021
"6531",6531,2021-07-13,75.0235140537674,99744,122565,6265136,276899,44.2634317928198,81.3804919838453,7,"Jul",2021
"6532",6532,2021-07-14,69.032523032523,109329,144144,6265136,276899,52.056526025735,75.8470695970696,7,"Jul",2021
"6533",6533,2021-07-15,67.9860858587591,109069,145751,6265136,276899,52.6368820400218,74.8324196746506,7,"Jul",2021
"6534",6534,2021-07-16,70.2724248520946,39238,50201,6265136,276899,18.129715166902,78.1617896057847,7,"Jul",2021
"6535",6535,2021-07-17,57.0079702296648,45802,72018,6265136,276899,26.0087613173034,63.597989391541,7,"Jul",2021
"6536",6536,2021-07-18,60.1590265987549,2334,3534,6265136,276899,1.27627763191633,66.044142614601,7,"Jul",2021
"6537",6537,2021-07-19,45.2253436939629,8417,16730,6265136,276899,6.04191419976237,50.3108188882248,7,"Jul",2021
"6538",6538,2021-07-20,38.9467531087257,5375,9409,6265136,276899,3.39798988078686,57.1261558082687,7,"Jul",2021
"6539",6539,2021-07-21,71.5904339842509,45558,56638,6265136,276899,20.4543895066432,80.4371623291783,7,"Jul",2021
"6540",6540,2021-07-22,55.7564363516338,24318,36356,6265136,276899,13.1296971097765,66.8885465947849,7,"Jul",2021
"6541",6541,2021-07-23,60.8148689246471,33535,48598,6265136,276899,17.550803722657,69.0048973208774,7,"Jul",2021
"6542",6542,2021-07-24,49.1036402255914,7883,13653,6265136,276899,4.93067869511988,57.738226030909,7,"Jul",2021
"6543",6543,2021-07-25,64.1507006602124,27501,38321,6265136,276899,13.839342142803,71.7648286840114,7,"Jul",2021
"6544",6544,2021-07-26,61.4074663593037,73564,109317,6265136,276899,39.4790158144305,67.2941994383307,7,"Jul",2021
"6545",6545,2021-07-27,74.898231371412,46249,55184,6265136,276899,19.9292882964547,83.8087126703392,7,"Jul",2021
"6546",6546,2021-07-28,61.9353695784973,5745,8185,6265136,276899,2.9559514480009,70.1893708002443,7,"Jul",2021
"6547",6547,2021-07-29,42.6502277442587,21544,41933,6265136,276899,15.1437888905341,51.3771969570505,7,"Jul",2021
"6548",6548,2021-07-30,72.619265455496,27095,30604,6265136,276899,11.0524053896908,88.5341785387531,7,"Jul",2021
"6549",6549,2021-07-31,48.5984441139458,4612,8741,6265136,276899,3.1567466838089,52.7628417801167,7,"Jul",2021
"6550",6550,2021-08-01,45.8360553002393,26742,52658,6265136,276899,19.017042315068,50.7843062782483,8,"Aug",2021
"6551",6551,2021-08-02,61.6158345954508,48348,71969,6265136,276899,25.9910653342916,67.178924259056,8,"Aug",2021
"6552",6552,2021-08-03,47.8270221440953,21566,40959,6265136,276899,14.7920360853596,52.6526526526527,8,"Aug",2021
"6553",6553,2021-08-04,48.9368015076478,15111,22817,6265136,276899,8.24018866084746,66.2269360564491,8,"Aug",2021
"6554",6554,2021-08-05,64.5307709234945,9967,13633,6265136,276899,4.92345584491096,73.1093669771877,8,"Aug",2021
"6555",6555,2021-08-06,59.6302343684058,68390,106627,6265136,276899,38.5075424613307,64.1394768679603,8,"Aug",2021
"6556",6556,2021-08-07,53.0547880804282,32178,55304,6265136,276899,19.9726253977082,58.1838565022422,8,"Aug",2021
"6557",6557,2021-08-08,57.0107489318249,138409,223278,6265136,276899,80.6351774473725,61.9895377063571,8,"Aug",2021
"6558",6558,2021-08-09,57.446501917225,136685,219849,6265136,276899,79.396819779053,62.172218204313,8,"Aug",2021
"6559",6559,2021-08-10,54.288728439631,85457,137115,6265136,276899,49.5180553198097,62.3250556102542,8,"Aug",2021
"6560",6560,2021-08-11,42.3100721897559,10760,23272,6265136,276899,8.40450850310041,46.2358198693709,8,"Aug",2021
"6561",6561,2021-08-12,49.2527724665392,2431,5230,6265136,276899,1.88877532963283,46.4818355640535,8,"Aug",2021
"6562",6562,2021-08-13,27.4005546917679,6327,23797,6265136,276899,8.59410832108458,26.5873849644913,8,"Aug",2021
"6563",6563,2021-08-14,44.7291759316908,44453,89944,6265136,276899,32.4826019595593,49.422974295117,8,"Aug",2021
"6564",6564,2021-08-15,54.6877523910733,24203,37640,6265136,276899,13.5934040931892,64.3012752391073,8,"Aug",2021
"6565",6565,2021-08-16,53.3286494437229,40750,63907,6265136,276899,23.0795344150755,63.7645328367784,8,"Aug",2021
"6566",6566,2021-08-17,48.4401981395617,20096,34723,6265136,276899,12.5399513902181,57.8751835958874,8,"Aug",2021
"6567",6567,2021-08-18,47.3319980459209,28423,51175,6265136,276899,18.4814679720765,55.5407914020518,8,"Aug",2021
"6568",6568,2021-08-19,54.1026298411219,47438,77229,6265136,276899,27.8906749392378,61.4251123282705,8,"Aug",2021
"6569",6569,2021-08-20,37.83742853402,19948,45826,6265136,276899,16.5497166837006,43.5298738707284,8,"Aug",2021
"6570",6570,2021-08-21,49.1597204403553,50993,81843,6265136,276899,29.5569864824358,62.3058783280183,8,"Aug",2021
"6571",6571,2021-08-22,62.3142095633908,68695,88546,6265136,276899,31.9777247299557,77.5811442639984,8,"Aug",2021
"6572",6572,2021-08-23,42.2827327118408,3300,7187,6265136,276899,2.59553122257574,45.9162376513149,8,"Aug",2021
"6573",6573,2021-08-24,41.3023728408344,7478,16731,6265136,276899,6.04227534227281,44.6954754647062,8,"Aug",2021
"6574",6574,2021-08-25,58.4341512633013,64855,96137,6265136,276899,34.7191575267516,67.4610191705587,8,"Aug",2021
"6575",6575,2021-08-26,58.2306663014985,80460,127795,6265136,276899,46.1522071224526,62.9602097108651,8,"Aug",2021
"6576",6576,2021-08-27,52.8434962190028,39094,64401,6265136,276899,23.2579388152359,60.7040263349948,8,"Aug",2021
"6577",6577,2021-08-28,46.5417119964082,95961,173727,6265136,276899,62.7402049122604,55.2366644217652,8,"Aug",2021
"6578",6578,2021-08-29,57.6212484309027,7647,8763,6265136,276899,3.16469181903871,87.264635398836,8,"Aug",2021
"6579",6579,2021-08-30,52.4858491817193,21730,37701,6265136,276899,13.6154337863264,57.6377284422164,8,"Aug",2021
"6580",6580,2021-08-31,27.2033467202142,7187,29880,6265136,276899,10.7909382121279,24.0528781793842,8,"Aug",2021
"6581",6581,2021-09-01,36.9285224041573,7542,20398,6265136,276899,7.36658492807847,36.9742131581528,9,"Sep",2021
"6582",6582,2021-09-02,43.8305499297232,47224,90357,6265136,276899,32.6317538163735,52.2637980455305,9,"Sep",2021
"6583",6583,2021-09-03,53.7051107791765,135782,208207,6265136,276899,75.1923986724401,65.214906319192,9,"Sep",2021
"6584",6584,2021-09-04,53.9240957003405,83346,128359,6265136,276899,46.3558914983442,64.9319486752,9,"Sep",2021
"6585",6585,2021-09-05,51.5302500182229,51934,82314,6265136,276899,29.7270846048559,63.0925480477197,9,"Sep",2021
"6586",6586,2021-09-06,42.3594644761265,12641,25321,6265136,276899,9.14448950700436,49.9229888235062,9,"Sep",2021
"6587",6587,2021-09-07,51.1773048577979,127680,199329,6265136,276899,71.9861754647001,64.0549042036031,9,"Sep",2021
"6588",6588,2021-09-08,50.1700472813239,25829,42300,6265136,276899,15.2763281918678,61.0614657210402,9,"Sep",2021
"6589",6589,2021-09-09,45.6197130112323,9372,18607,6265136,276899,6.7197786918696,50.3681410221959,9,"Sep",2021
"6590",6590,2021-09-10,43.406048441658,46965,88684,6265136,276899,32.0275623963972,52.9576924811691,9,"Sep",2021
"6591",6591,2021-09-11,49.0037871783302,82143,135193,6265136,276899,48.8239394147325,60.7598026525042,9,"Sep",2021
"6592",6592,2021-09-12,59.6418230126884,85989,110652,6265136,276899,39.961141065876,77.7112026895131,9,"Sep",2021
"6593",6593,2021-09-13,54.6802802292363,117741,172573,6265136,276899,62.3234464552057,68.2267793919095,9,"Sep",2021
"6594",6594,2021-09-14,65.5681171445433,136011,171139,6265136,276899,61.8055680952261,79.4739948229217,9,"Sep",2021
"6595",6595,2021-09-15,57.4210865628395,98196,138050,6265136,276899,49.8557235670768,71.1307497283593,9,"Sep",2021
"6596",6596,2021-09-16,56.0928274501515,21853,28386,6265136,276899,10.2513913015215,76.9851335165222,9,"Sep",2021
"6597",6597,2021-09-17,57.8783971789468,51857,72597,6265136,276899,26.2178628308517,71.4313263633483,9,"Sep",2021
"6598",6598,2021-09-18,56.2360748992652,6749,8438,6265136,276899,3.04732050314375,79.9834083906139,9,"Sep",2021
"6599",6599,2021-09-19,54.6500724662105,52678,89007,6265136,276899,32.1442114272713,59.1841091150134,9,"Sep",2021
"6600",6600,2021-09-20,48.4266062741151,3307,5961,6265136,276899,2.15277050476889,55.4772689146116,9,"Sep",2021
"6601",6601,2021-09-21,51.2878166656763,26738,50487,6265136,276899,18.2330019248896,52.9601679640303,9,"Sep",2021
"6602",6602,2021-09-22,61.1769052927091,15691,24222,6265136,276899,8.74759388802415,64.7799521096524,9,"Sep",2021
"6603",6603,2021-09-23,47.2334177907209,47968,95117,6265136,276899,34.3507921660967,50.4305224092434,9,"Sep",2021
"6604",6604,2021-09-24,43.0286259541985,13411,31964,6265136,276899,11.5435592038975,41.9565761481667,9,"Sep",2021
"6605",6605,2021-09-25,48.9656867985035,4388,9355,6265136,276899,3.37848818522277,46.90539818279,9,"Sep",2021
"6606",6606,2021-09-26,51.2327438518928,18474,36190,6265136,276899,13.0697474530424,51.0472506217187,9,"Sep",2021
"6607",6607,2021-09-27,52.1568445475638,48512,81890,6265136,276899,29.5739601804268,59.2404444987178,9,"Sep",2021
"6608",6608,2021-09-28,55.3543119729935,45043,67243,6265136,276899,24.2843058299235,66.9854111208602,9,"Sep",2021
"6609",6609,2021-09-29,65.2821236700727,44163,47465,6265136,276899,17.1416292583216,93.0432950595175,9,"Sep",2021
"6610",6610,2021-09-30,63.3642990255076,88634,103028,6265136,276899,37.2077905662353,86.0290406491439,9,"Sep",2021
"6611",6611,2021-10-01,55.9408109242341,43153,61954,6265136,276899,22.3742230921744,69.6532911514995,10,"Oct",2021
"6612",6612,2021-10-02,54.2948274441973,46755,72846,6265136,276899,26.3077873159527,64.1833456881641,10,"Oct",2021
"6613",6613,2021-10-03,46.3397273578688,14012,28829,6265136,276899,10.4113774336491,48.6038364147213,10,"Oct",2021
"6614",6614,2021-10-04,48.1654624049475,15020,31693,6265136,276899,11.4456895835666,47.3921686176758,10,"Oct",2021
"6615",6615,2021-10-05,55.8677977946886,20129,25756,6265136,276899,9.30158649904839,78.1526634570586,10,"Oct",2021
"6616",6616,2021-10-06,53.5568442025753,24750,33627,6265136,276899,12.1441391987692,73.6015701668302,10,"Oct",2021
"6617",6617,2021-10-07,54.3353898886033,4306,5835,6265136,276899,2.10726654845269,73.796058269066,10,"Oct",2021
"6618",6618,2021-10-08,72.1896238035506,82362,88491,6265136,276899,31.9578618918812,93.0738719191782,10,"Oct",2021
"6619",6619,2021-10-09,71.8072308430651,28850,31255,6265136,276899,11.2875091639912,92.3052311630139,10,"Oct",2021
"6620",6620,2021-10-10,73.7122493300065,40790,43284,6265136,276899,15.6316924221467,94.2380556325663,10,"Oct",2021
"6621",6621,2021-10-11,60.5130003421143,14855,17538,6265136,276899,6.33371734820278,84.7017903979929,10,"Oct",2021
"6622",6622,2021-10-12,52.4457690052765,3678,5117,6265136,276899,1.84796622595242,71.8780535470002,10,"Oct",2021
"6623",6623,2021-10-13,33.4042553191489,66,376,6265136,276899,0.135789583927714,17.5531914893617,10,"Oct",2021
"6624",6624,2021-10-14,55.7630180658874,677,941,6265136,276899,0.33983510232973,71.9447396386823,10,"Oct",2021
"6625",6625,2021-10-15,29.4633027522936,38,218,6265136,276899,0.0787290672772383,17.4311926605505,10,"Oct",2021
"6626",6626,2021-10-16,41.4117647058824,187,476,6265136,276899,0.171903834972318,39.2857142857143,10,"Oct",2021
"6627",6627,2021-10-17,51.9008498583569,699,1059,6265136,276899,0.382449918562364,66.0056657223796,10,"Oct",2021
"6628",6628,2021-10-18,51.7995780590717,349,474,6265136,276899,0.171181549951426,73.6286919831224,10,"Oct",2021
"6629",6629,2021-10-19,70.9986263736264,634,728,6265136,276899,0.262911747604722,87.0879120879121,10,"Oct",2021
"6630",6630,2021-10-20,60.6367713004484,323,446,6265136,276899,0.161069559658937,72.4215246636771,10,"Oct",2021
"6631",6631,2021-10-21,45.0887096774194,66,248,6265136,276899,0.0895633425906197,26.6129032258064,10,"Oct",2021
"6632",6632,2021-10-22,48.7541666666667,106,240,6265136,276899,0.0866742025070513,44.1666666666667,10,"Oct",2021
"6633",6633,2021-10-23,47.0936170212766,60,235,6265136,276899,0.0848684899548211,25.531914893617,10,"Oct",2021
"6634",6634,2021-10-24,NA,NA,0,6265136,276899,0,NA,10,"Oct",2021
"6635",6635,2021-10-25,NA,NA,0,6265136,276899,0,NA,10,"Oct",2021
"6636",6636,2021-10-26,45.9952830188679,108,212,6265136,276899,0.076562212214562,50.9433962264151,10,"Oct",2021
"6637",6637,2021-10-27,62.8064159292035,675,904,6265136,276899,0.326472829443227,74.6681415929203,10,"Oct",2021
"6638",6638,2021-10-28,56.7391304347826,532,782,6265136,276899,0.282413443168809,68.0306905370844,10,"Oct",2021
"6639",6639,2021-10-29,67.1942857142857,831,1050,6265136,276899,0.379199635968349,79.1428571428572,10,"Oct",2021
"6640",6640,2021-10-30,NA,NA,0,6265136,276899,0,NA,10,"Oct",2021
"6641",6641,2021-10-31,NA,NA,0,6265136,276899,0,NA,10,"Oct",2021
"6642",6642,2021-11-01,NA,NA,0,6265136,276899,0,NA,11,"Nov",2021
"6643",6643,2021-11-02,NA,NA,0,6265136,276899,0,NA,11,"Nov",2021
"6644",6644,2021-11-03,NA,NA,0,6265136,276899,0,NA,11,"Nov",2021
"6645",6645,2021-11-04,NA,NA,0,6265136,276899,0,NA,11,"Nov",2021
"6646",6646,2021-11-05,NA,NA,0,6265136,276899,0,NA,11,"Nov",2021
"6647",6647,2021-11-06,NA,NA,0,6265136,276899,0,NA,11,"Nov",2021
"6648",6648,2021-11-07,NA,NA,0,6265136,276899,0,NA,11,"Nov",2021
"6649",6649,2021-11-08,NA,NA,0,6265136,276899,0,NA,11,"Nov",2021
"6650",6650,2021-11-09,NA,NA,0,6265136,276899,0,NA,11,"Nov",2021
"6651",6651,2021-11-10,NA,NA,0,6265136,276899,0,NA,11,"Nov",2021
"6652",6652,2021-11-11,NA,NA,0,6265136,276899,0,NA,11,"Nov",2021
"6653",6653,2021-11-12,NA,NA,0,6265136,276899,0,NA,11,"Nov",2021
"6654",6654,2021-11-13,NA,NA,0,6265136,276899,0,NA,11,"Nov",2021
"6655",6655,2021-11-14,NA,NA,0,6265136,276899,0,NA,11,"Nov",2021
"6656",6656,2021-11-15,NA,NA,0,6265136,276899,0,NA,11,"Nov",2021
"6657",6657,2021-11-16,NA,NA,0,6265136,276899,0,NA,11,"Nov",2021
"6658",6658,2021-11-17,NA,NA,0,6265136,276899,0,NA,11,"Nov",2021
"6659",6659,2021-11-18,NA,NA,0,6265136,276899,0,NA,11,"Nov",2021
"6660",6660,2021-11-19,NA,NA,0,6265136,276899,0,NA,11,"Nov",2021
"6661",6661,2021-11-20,NA,NA,0,6265136,276899,0,NA,11,"Nov",2021
"6662",6662,2021-11-21,NA,NA,0,6265136,276899,0,NA,11,"Nov",2021
"6663",6663,2021-11-22,NA,NA,0,6265136,276899,0,NA,11,"Nov",2021
"6664",6664,2021-11-23,NA,NA,0,6265136,276899,0,NA,11,"Nov",2021
"6665",6665,2021-11-25,NA,NA,0,6265136,276899,0,NA,11,"Nov",2021
"6666",6666,2022-01-16,NA,NA,0,6265136,276899,0,NA,1,"Jan",2022
"6667",6667,2022-01-18,NA,NA,0,6265136,276899,0,NA,1,"Jan",2022
"6668",6668,2022-01-19,NA,NA,0,6265136,276899,0,NA,1,"Jan",2022
"6669",6669,2022-01-20,NA,NA,0,6265136,276899,0,NA,1,"Jan",2022
"6670",6670,2022-01-21,NA,NA,0,6265136,276899,0,NA,1,"Jan",2022
"6671",6671,2022-01-22,NA,NA,0,6265136,276899,0,NA,1,"Jan",2022
"6672",6672,2022-01-23,NA,NA,0,6265136,276899,0,NA,1,"Jan",2022
"6673",6673,2022-01-24,NA,NA,0,6265136,276899,0,NA,1,"Jan",2022
"6674",6674,2022-01-25,NA,NA,0,6265136,276899,0,NA,1,"Jan",2022
"6675",6675,2022-01-26,NA,NA,0,6265136,276899,0,NA,1,"Jan",2022
"6676",6676,2022-01-27,NA,NA,0,6265136,276899,0,NA,1,"Jan",2022
"6677",6677,2022-01-28,NA,NA,0,6265136,276899,0,NA,1,"Jan",2022
"6678",6678,2022-01-29,NA,NA,0,6265136,276899,0,NA,1,"Jan",2022
"6679",6679,2022-01-30,NA,NA,0,6265136,276899,0,NA,1,"Jan",2022
"6680",6680,2022-01-31,NA,NA,0,6265136,276899,0,NA,1,"Jan",2022
"6681",6681,2022-02-01,NA,NA,0,6265136,276899,0,NA,2,"Feb",2022
"6682",6682,2022-02-02,NA,NA,0,6265136,276899,0,NA,2,"Feb",2022
"6683",6683,2022-02-03,NA,NA,0,6265136,276899,0,NA,2,"Feb",2022
"6684",6684,2022-02-04,NA,NA,0,6265136,276899,0,NA,2,"Feb",2022
"6685",6685,2022-02-05,NA,NA,0,6265136,276899,0,NA,2,"Feb",2022
"6686",6686,2022-02-06,NA,NA,0,6265136,276899,0,NA,2,"Feb",2022
"6687",6687,2022-02-07,NA,NA,0,6265136,276899,0,NA,2,"Feb",2022
"6688",6688,2022-02-08,NA,NA,0,6265136,276899,0,NA,2,"Feb",2022
"6689",6689,2022-02-09,NA,NA,0,6265136,276899,0,NA,2,"Feb",2022
"6690",6690,2022-02-10,NA,NA,0,6265136,276899,0,NA,2,"Feb",2022
"6691",6691,2022-02-11,NA,NA,0,6265136,276899,0,NA,2,"Feb",2022
"6692",6692,2022-02-12,64.6036866359447,391,434,6265136,276899,0.156735849533584,90.0921658986175,2,"Feb",2022
"6693",6693,2022-02-13,58.626213592233,267,412,6265136,276899,0.148790714303771,64.8058252427185,2,"Feb",2022
"6694",6694,2022-02-14,58.5,163,190,6265136,276899,0.0686170769847489,85.7894736842105,2,"Feb",2022
"6695",6695,2022-02-15,52.3836633663366,207,404,6265136,276899,0.145901574220203,51.2376237623762,2,"Feb",2022
"6696",6696,2022-02-16,66.8758169934641,677,765,6265136,276899,0.276274020491226,88.4967320261438,2,"Feb",2022
"6697",6697,2022-02-17,66.8032544378698,622,676,6265136,276899,0.244132337061528,92.0118343195266,2,"Feb",2022
"6698",6698,2022-02-18,61.5852631578947,351,475,6265136,276899,0.171542692461872,73.8947368421053,2,"Feb",2022
"6699",6699,2022-02-19,55.0674157303371,602,801,6265136,276899,0.289275150867284,75.1560549313358,2,"Feb",2022
"6700",6700,2022-02-20,64.3441396508728,341,401,6265136,276899,0.144818146688865,85.0374064837905,2,"Feb",2022
"6701",6701,2022-02-21,48.7095238095238,98,210,6265136,276899,0.0758399271936699,46.6666666666667,2,"Feb",2022
"6702",6702,2022-02-22,65.6405693950178,257,281,6265136,276899,0.101481045435339,91.4590747330961,2,"Feb",2022
"6703",6703,2022-02-23,44.6111111111111,11,36,6265136,276899,0.0130011303760577,30.5555555555556,2,"Feb",2022
"6704",6704,2022-02-24,59.5159574468085,295,376,6265136,276899,0.135789583927714,78.4574468085106,2,"Feb",2022
"6705",6705,2022-02-25,65.2703610411419,1059,1191,6265136,276899,0.430120729941242,88.9168765743073,2,"Feb",2022
"6706",6706,2022-02-26,59.5127272727273,459,550,6265136,276899,0.198628380745326,83.4545454545455,2,"Feb",2022
"6707",6707,2022-02-27,68.8377622377622,670,715,6265136,276899,0.258216894968924,93.7062937062937,2,"Feb",2022
"6708",6708,2022-02-28,73.1719060883406,2469,2513,6265136,276899,0.907551128750916,98.2491046557899,2,"Feb",2022
"6709",6709,2022-03-01,63.8997367791338,8112,8358,6265136,276899,3.01842910230806,97.056712132089,3,"Mar",2022
"6710",6710,2022-03-02,60.7878258336974,6155,6867,6265136,276899,2.47996561923301,89.6315712829474,3,"Mar",2022
"6711",6711,2022-03-03,57.6445421831268,7073,7503,6265136,276899,2.70965225587669,94.2689590830335,3,"Mar",2022
"6712",6712,2022-03-04,61.8784135634272,14291,16515,6265136,276899,5.96426856001647,86.5334544353618,3,"Mar",2022
"6713",6713,2022-03-05,65.0034755820613,45846,50639,6265136,276899,18.2878955864774,90.5349631706787,3,"Mar",2022
"6714",6714,2022-03-06,71.3739296949802,71048,73110,6265136,276899,26.4031289387105,97.1795923950212,3,"Mar",2022
"6715",6715,2022-03-07,63.7465574444347,54587,68118,6265136,276899,24.6003055265638,80.1359405737103,3,"Mar",2022
"6716",6716,2022-03-08,70.4133931594988,90247,94496,6265136,276899,34.1265226671097,95.5035133762276,3,"Mar",2022
"6717",6717,2022-03-09,59.5850522777378,41360,45813,6265136,276899,16.5450218310648,90.2800515137625,3,"Mar",2022
"6718",6718,2022-03-10,53.3603774670579,10680,17379,6265136,276899,6.27629568904185,61.4534783359227,3,"Mar",2022
"6719",6719,2022-03-11,72.7802271300265,142799,146524,6265136,276899,52.9160452005966,97.4577543610603,3,"Mar",2022
"6720",6720,2022-03-12,58.1195908154254,12961,13588,6265136,276899,4.90720443194089,95.3856343832794,3,"Mar",2022
"6721",6721,2022-03-13,70.4202690759108,49245,50915,6265136,276899,18.3875709193605,96.7200235686929,3,"Mar",2022
"6722",6722,2022-03-14,70.8568814128848,94670,99994,6265136,276899,36.112084189542,94.6756805408324,3,"Mar",2022
"6723",6723,2022-03-15,62.2272432432432,4087,4625,6265136,276899,1.67028411081297,88.3675675675676,3,"Mar",2022
"6724",6724,2022-03-16,66.2291871527243,75808,84407,6265136,276899,30.4829558792195,89.8124563128651,3,"Mar",2022
"6725",6725,2022-03-17,68.392948410797,92254,100176,6265136,276899,36.1778121264432,92.0919182239259,3,"Mar",2022
"6726",6726,2022-03-18,66.0377907204615,124048,127571,6265136,276899,46.0713112001127,97.2384005769336,3,"Mar",2022
"6727",6727,2022-03-19,67.5179537428297,94050,97974,6265136,276899,35.382576318441,95.9948557780636,3,"Mar",2022
"6728",6728,2022-03-20,67.7564732072374,120852,126676,6265136,276899,45.7480886532635,95.4024440304399,3,"Mar",2022
"6729",6729,2022-03-21,58.8663661246176,5599,6211,6265136,276899,2.2430561323804,90.1465142489132,3,"Mar",2022
"6730",6730,2022-03-22,58.2066066512908,26035,26882,6265136,276899,9.70823296581064,96.8491927683952,3,"Mar",2022
"6731",6731,2022-03-23,69.3049522280325,137599,138261,6265136,276899,49.9319246367809,99.5211954202559,3,"Mar",2022
"6732",6732,2022-03-24,70.3664608606034,104861,105763,6265136,276899,38.1955153323053,99.1471497593677,3,"Mar",2022
"6733",6733,2022-03-25,71.7143696684205,108410,108903,6265136,276899,39.3295028151059,99.5473035637218,3,"Mar",2022
"6734",6734,2022-03-26,71.8226750112751,161282,161861,6265136,276899,58.4548878833076,99.6422856648606,3,"Mar",2022
"6735",6735,2022-03-27,72.434281366427,190235,190570,6265136,276899,68.8229282157032,99.8242115757989,3,"Mar",2022
"6736",6736,2022-03-28,69.8958347232415,134440,134901,6265136,276899,48.7184858016822,99.6582679149895,3,"Mar",2022
"6737",6737,2022-03-29,72.0027832462155,102717,103117,6265136,276899,37.239932249665,99.612091119796,3,"Mar",2022
"6738",6738,2022-03-30,71.7426540180045,90756,90866,6265136,276899,32.8155753541905,99.8789426188013,3,"Mar",2022
"6739",6739,2022-03-31,66.0290039579499,78887,79334,6265136,276899,28.6508799237267,99.4365593566441,3,"Mar",2022
"6740",6740,2022-04-01,72.335178404767,139167,139290,6265136,276899,50.3035402800299,99.9116950247685,4,"Apr",2022
"6741",6741,2022-04-02,70.6491646778043,109483,109778,6265136,276899,39.6455025117462,99.7312758476197,4,"Apr",2022
"6742",6742,2022-04-03,71.2326991964018,136243,136511,6265136,276899,49.2999252435003,99.8036788244171,4,"Apr",2022
"6743",6743,2022-04-04,72.1651525889655,186073,186252,6265136,276899,67.2635148555972,99.9038936494642,4,"Apr",2022
"6744",6744,2022-04-05,73.7523855080696,200467,200691,6265136,276899,72.4780515639276,99.8883856276564,4,"Apr",2022
"6745",6745,2022-04-06,74.2926925376379,146935,147192,6265136,276899,53.1572883975746,99.825398119463,4,"Apr",2022
"6746",6746,2022-04-07,74.5094961063355,153146,153326,6265136,276899,55.3725365566506,99.8826030810169,4,"Apr",2022
"6747",6747,2022-04-08,74.2938789454003,216511,216613,6265136,276899,78.2281626152496,99.9529114134424,4,"Apr",2022
"6748",6748,2022-04-09,71.2769942496433,115162,115645,6265136,276899,41.7643256205331,99.5823425137274,4,"Apr",2022
"6749",6749,2022-04-10,73.8681367534186,186629,186701,6265136,276899,67.4256678427874,99.9614356645117,4,"Apr",2022
"6750",6750,2022-04-11,77.7365197917855,166476,166559,6265136,276899,60.1515353973832,99.9501678084042,4,"Apr",2022
"6751",6751,2022-04-12,77.4389062785116,142044,142486,6265136,276899,51.4577517434155,99.6897940850329,4,"Apr",2022
"6752",6752,2022-04-13,69.6120303941989,51714,51852,6265136,276899,18.7259614516484,99.7338579032631,4,"Apr",2022
"6753",6753,2022-04-14,69.4687909511001,42537,43497,6265136,276899,15.7086157768717,97.7929512380164,4,"Apr",2022
"6754",6754,2022-04-15,70.1638533879913,57852,58058,6265136,276899,20.9672118714766,99.6451824038031,4,"Apr",2022
"6755",6755,2022-04-16,66.9311241800498,43103,44210,6265136,276899,15.9661103868197,97.4960416195431,4,"Apr",2022
"6756",6756,2022-04-17,69.2857711376789,120505,120614,6265136,276899,43.5588427549395,99.9096290646194,4,"Apr",2022
"6757",6757,2022-04-18,71.1892905216849,152163,152295,6265136,276899,55.0001986283807,99.9133261105092,4,"Apr",2022
"6758",6758,2022-04-19,73.721952486419,138081,138613,6265136,276899,50.0590468004579,99.6161976149423,4,"Apr",2022
"6759",6759,2022-04-20,71.2284132316413,91312,91387,6265136,276899,33.0037306021329,99.9179314344491,4,"Apr",2022
"6760",6760,2022-04-21,76.4950339165109,67730,67961,6265136,276899,24.5436061524238,99.6600991745266,4,"Apr",2022
"6761",6761,2022-04-22,73.4255899000722,42710,42931,6265136,276899,15.5042091159593,99.4852204700566,4,"Apr",2022
"6762",6762,2022-04-23,72.0757615671999,83177,83512,6265136,276899,30.1597333323703,99.5988600440655,4,"Apr",2022
"6763",6763,2022-04-24,74.9280866712778,145979,146023,6265136,276899,52.7351128028631,99.9698677605583,4,"Apr",2022
"6764",6764,2022-04-25,72.0165173572228,96088,96444,6265136,276899,34.8300282774586,99.6308738749948,4,"Apr",2022
"6765",6765,2022-04-26,71.3520235448666,79092,79168,6265136,276899,28.5909302669927,99.9040016168149,4,"Apr",2022
"6766",6766,2022-04-27,67.9833279436599,27635,27831,6265136,276899,10.0509572082239,99.2957493442564,4,"Apr",2022
"6767",6767,2022-04-28,73.0694237682001,82447,82623,6265136,276899,29.8386776405838,99.7869842537792,4,"Apr",2022
"6768",6768,2022-04-29,73.9765748011499,98284,98441,6265136,276899,35.5512298708193,99.8405136071352,4,"Apr",2022
"6769",6769,2022-04-30,75.3467650338137,95879,95967,6265136,276899,34.6577632999758,99.9083018120812,4,"Apr",2022
"6770",6770,2022-05-01,74.8747240153035,59266,59333,6265136,276899,21.4276685722953,99.8870780172922,5,"May",2022
"6771",6771,2022-05-02,72.8153092502936,69721,69814,6265136,276899,25.2128032242803,99.8667888962099,5,"May",2022
"6772",6772,2022-05-03,69.2733643549924,17304,17837,6265136,276899,6.44169895882614,97.0118293434995,5,"May",2022
"6773",6773,2022-05-04,74.8724159585784,77962,78027,6265136,276899,28.1788666625737,99.9166955028388,5,"May",2022
"6774",6774,2022-05-05,77.1074894549802,150477,150545,6265136,276899,54.3681992351002,99.9548307814939,5,"May",2022
"6775",6775,2022-05-06,76.0121630386462,137058,137219,6265136,276899,49.5556141408961,99.8826693096437,5,"May",2022
"6776",6776,2022-05-07,73.4337226370541,46789,47007,6265136,276899,16.9762259885373,99.536239283511,5,"May",2022
"6777",6777,2022-05-08,74.2714850303866,53546,53642,6265136,276899,19.3724065453469,99.8210357555647,5,"May",2022
"6778",6778,2022-05-09,70.5462040312896,30623,30809,6265136,276899,11.1264396043323,99.3962803077023,5,"May",2022
"6779",6779,2022-05-10,76.6146117017969,79907,80415,6265136,276899,29.0412749775189,99.3682770627371,5,"May",2022
"6780",6780,2022-05-11,77.1120703740254,152919,153011,6265136,276899,55.2587766658601,99.9398736038585,5,"May",2022
"6781",6781,2022-05-12,77.6130354385497,157258,157371,6265136,276899,56.8333580114049,99.928195156668,5,"May",2022
"6782",6782,2022-05-13,78.4329499816022,127528,127733,6265136,276899,46.1298162868049,99.8395089757541,5,"May",2022
"6783",6783,2022-05-14,80.459143347571,50068,50102,6265136,276899,18.0939620583679,99.9321384375873,5,"May",2022
"6784",6784,2022-05-15,77.2970968799657,39415,39647,6265136,276899,14.3182171116544,99.4148359270563,5,"May",2022
"6785",6785,2022-05-16,69.4304595051483,25946,26028,6265136,276899,9.39981726188971,99.6849546642078,5,"May",2022
"6786",6786,2022-05-17,72.849255074228,75487,75578,6265136,276899,27.2944286544913,99.8795945910185,5,"May",2022
"6787",6787,2022-05-18,77.4620320461774,217084,217249,6265136,276899,78.4578492518933,99.9240502833155,5,"May",2022
"6788",6788,2022-05-19,77.2364706384068,23361,23449,6265136,276899,8.46843072744936,99.6247174719604,5,"May",2022
"6789",6789,2022-05-20,77.1998415566097,103415,103507,6265136,276899,37.380777828739,99.9111171225134,5,"May",2022
"6790",6790,2022-05-21,76.1594988923688,13031,13091,6265136,276899,4.7277166042492,99.5416698495149,5,"May",2022
"6791",6791,2022-05-22,71.7546070247283,6324,6349,6265136,276899,2.29289379882195,99.6062372027091,5,"May",2022
"6792",6792,2022-05-23,81.1109415621114,35242,35388,6265136,276899,12.7801111596647,99.5874307674918,5,"May",2022
"6793",6793,2022-05-24,87.8903722759396,67035,67638,6265136,276899,24.4269571215497,99.1084893107425,5,"May",2022
"6794",6794,2022-05-25,65.4274607802305,6855,7203,6265136,276899,2.60130950274288,95.1686797167847,5,"May",2022
"6795",6795,2022-05-26,86.2387727975944,44971,45893,6265136,276899,16.5739132319004,97.9909790164077,5,"May",2022
"6796",6796,2022-05-27,87.2547708347355,158790,163441,6265136,276899,59.0254930498124,97.1543248022222,5,"May",2022
"6797",6797,2022-05-28,86.0552304295884,177080,181639,6265136,276899,65.5975644549095,97.4900764703615,5,"May",2022
"6798",6798,2022-05-29,86.1727010456524,235889,246449,6265136,276899,89.0032105569179,95.7151378175606,5,"May",2022
"6799",6799,2022-05-30,79.756586085504,115623,128111,6265136,276899,46.2663281557535,90.2522031675656,5,"May",2022
"6800",6800,2022-05-31,76.5742539925546,134922,152847,6265136,276899,55.199549294147,88.272586311802,5,"May",2022
"6801",6801,2022-06-01,65.9574674134953,29596,38206,6265136,276899,13.7978107541017,77.464272627336,6,"Jun",2022
"6802",6802,2022-06-02,69.8414353744769,83875,103945,6265136,276899,37.5389582483144,80.6917119630574,6,"Jun",2022
"6803",6803,2022-06-03,74.7872098372998,100871,119545,6265136,276899,43.1727814112727,84.3791041030574,6,"Jun",2022
"6804",6804,2022-06-04,64.0559701492537,2603,2680,6265136,276899,0.967861927995406,97.1268656716418,6,"Jun",2022
"6805",6805,2022-06-05,62.3512863669151,11832,16636,6265136,276899,6.00796680378044,71.1228660735754,6,"Jun",2022
"6806",6806,2022-06-06,54.8892278560909,23235,38024,6265136,276899,13.7320828172005,61.1061434883232,6,"Jun",2022
"6807",6807,2022-06-07,54.4229022924549,27281,44930,6265136,276899,16.2261329943409,60.7188960605386,6,"Jun",2022
"6808",6808,2022-06-08,58.0829899941142,6537,8495,6265136,276899,3.06790562623917,76.9511477339612,6,"Jun",2022
"6809",6809,2022-06-09,59.0266454352442,7497,9420,6265136,276899,3.40196244840176,79.5859872611465,6,"Jun",2022
"6810",6810,2022-06-10,31.4503245132302,753,2003,6265136,276899,0.723368448423432,37.5936095856216,6,"Jun",2022
"6811",6811,2022-06-11,70.0289772727273,1568,1760,6265136,276899,0.635610818385043,89.0909090909091,6,"Jun",2022
"6812",6812,2022-06-12,63.5857252494244,4998,6515,6265136,276899,2.352843455556,76.7152724481965,6,"Jun",2022
"6813",6813,2022-06-13,64.1973790447798,12669,16101,6265136,276899,5.8147555606918,78.6845537544252,6,"Jun",2022
"6814",6814,2022-06-14,36.5140330106553,5970,14359,6265136,276899,5.18564530749479,41.5767114701581,6,"Jun",2022
"6815",6815,2022-06-15,64.0342395297575,16290,20415,6265136,276899,7.37272435075605,79.7942689199118,6,"Jun",2022
"6816",6816,2022-06-16,59.728431372549,17919,24480,6265136,276899,8.84076865571923,73.1985294117647,6,"Jun",2022
"6817",6817,2022-06-17,70.8828057827278,41273,50011,6265136,276899,18.0610980899173,82.5278438743476,6,"Jun",2022
"6818",6818,2022-06-18,70.5899631854292,41303,51610,6265136,276899,18.6385649641205,80.0290641348576,6,"Jun",2022
"6819",6819,2022-06-19,47.8098186889819,9839,17925,6265136,276899,6.4734794997454,54.8898186889819,6,"Jun",2022
"6820",6820,2022-06-20,68.1139711583191,5674,6449,6265136,276899,2.32900804986656,87.9826329663514,6,"Jun",2022
"6821",6821,2022-06-21,55.6615038720959,3349,4003,6265136,276899,1.44565346931553,83.6622533100175,6,"Jun",2022
"6822",6822,2022-06-22,39.5283420772356,11904,25351,6265136,276899,9.15532378231774,46.9567275452645,6,"Jun",2022
"6823",6823,2022-06-23,63.0923317444017,47300,65243,6265136,276899,23.5620208090315,72.4981990405101,6,"Jun",2022
"6824",6824,2022-06-24,69.3763142323972,54208,65913,6265136,276899,23.8039862910303,82.2417429035243,6,"Jun",2022
"6825",6825,2022-06-25,59.1979741887448,132052,193404,6265136,276899,69.8464060903073,68.2778019068892,6,"Jun",2022
"6826",6826,2022-06-26,70.3754941742886,62390,76643,6265136,276899,27.6790454281164,81.4033897420508,6,"Jun",2022
"6827",6827,2022-06-27,61.6485191956124,18473,27350,6265136,276899,9.87724766069939,67.5429616087751,6,"Jun",2022
"6828",6828,2022-06-28,64.778900557589,104306,146165,6265136,276899,52.7863950393465,71.3618171244826,6,"Jun",2022
"6829",6829,2022-06-29,51.5720592682189,9643,16535,6265136,276899,5.97149141022539,58.3187178711823,6,"Jun",2022
"6830",6830,2022-06-30,53.40104050713,50496,85343,6265136,276899,30.820985268997,59.1682973413168,6,"Jun",2022
"6831",6831,2022-07-01,72.9740775718891,23645,30707,6265136,276899,11.0896030682668,77.0019865177321,7,"Jul",2022
"6832",6832,2022-07-02,47.8074801560608,16365,29732,6265136,276899,10.7374891205819,55.0417059060944,7,"Jul",2022
"6833",6833,2022-07-03,47.2118297615974,24861,46476,6265136,276899,16.7844593154905,53.4921249677253,7,"Jul",2022
"6834",6834,2022-07-04,65.7042004941758,8057,8499,6265136,276899,3.06935019628095,94.7993881633133,7,"Jul",2022
"6835",6835,2022-07-05,64.7296886971821,51869,70478,6265136,276899,25.4526018512165,73.5960157779733,7,"Jul",2022
"6836",6836,2022-07-06,45.4371203251673,47333,90538,6265136,276899,32.6971206107642,52.2797057589079,7,"Jul",2022
"6837",6837,2022-07-07,54.1199361577077,118197,185457,6265136,276899,66.9764065597926,63.7328329477992,7,"Jul",2022
"6838",6838,2022-07-08,56.8244131360534,125503,197959,6265136,276899,71.491410225389,63.3984815037457,7,"Jul",2022
"6839",6839,2022-07-09,44.5352255892846,56134,114079,6265136,276899,41.1987764491746,49.2062518079576,7,"Jul",2022
"6840",6840,2022-07-10,59.8069016861291,93230,145066,6265136,276899,52.3894994203663,64.2672990225139,7,"Jul",2022
"6841",6841,2022-07-11,53.7687172699545,10613,17377,6265136,276899,6.27557340402096,61.0749841744835,7,"Jul",2022
"6842",6842,2022-07-12,36.6020009760859,2985,8196,6265136,276899,2.9599240156158,36.4202049780381,7,"Jul",2022
"6843",6843,2022-07-13,34.5352835820896,2806,8375,6265136,276899,3.02456852498564,33.5044776119403,7,"Jul",2022
"6844",6844,2022-07-14,52.5654135555107,41383,69374,6265136,276899,25.0539005196841,59.652031020267,7,"Jul",2022
"6845",6845,2022-07-15,40.5825613448416,20141,44258,6265136,276899,15.9834452273212,45.5081567174296,7,"Jul",2022
"6846",6846,2022-07-16,42.4412247923401,60993,130863,6265136,276899,47.2601923445011,46.6082850003439,7,"Jul",2022
"6847",6847,2022-07-17,36.9349593495935,14012,34071,6265136,276899,12.3044864734073,41.1258841830296,7,"Jul",2022
"6848",6848,2022-07-18,44.3133202291832,58047,119555,6265136,276899,43.1763928363772,48.5525490360085,7,"Jul",2022
"6849",6849,2022-07-19,35.2464663770422,6516,16343,6265136,276899,5.90215204821975,39.8702808541883,7,"Jul",2022
"6850",6850,2022-07-20,43.0008045232083,22517,44747,6265136,276899,16.1600439149293,50.3206918899591,7,"Jul",2022
"6851",6851,2022-07-21,36.6238037236819,8802,22988,6265136,276899,8.30194403013373,38.2895423699321,7,"Jul",2022
"6852",6852,2022-07-22,45.2872159090909,1843,3520,6265136,276899,1.27122163677009,52.3579545454545,7,"Jul",2022
"6853",6853,2022-07-23,69.6085813918229,30218,39574,6265136,276899,14.2918537083919,76.3582149896397,7,"Jul",2022
"6854",6854,2022-07-24,55.3642211636914,26936,44926,6265136,276899,16.2246884242991,59.9563727017763,7,"Jul",2022
"6855",6855,2022-07-25,38.3377766599598,17415,39760,6265136,276899,14.3590262153348,43.8003018108652,7,"Jul",2022
"6856",6856,2022-07-26,40.928010341056,4954,10057,6265136,276899,3.6320102275559,49.2592224321368,7,"Jul",2022
"6857",6857,2022-07-27,33.5256809163059,15789,44352,6265136,276899,16.0173926233031,35.5992965367965,7,"Jul",2022
"6858",6858,2022-07-28,34.915414507772,11247,30880,6265136,276899,11.1520807225739,36.4216321243523,7,"Jul",2022
"6859",6859,2022-07-29,65.0781040325699,61278,87934,6265136,276899,31.7567055135627,69.6863556758478,7,"Jul",2022
"6860",6860,2022-07-30,36.1396794242722,9070,24456,6265136,276899,8.83210123546853,37.0870134118417,7,"Jul",2022
"6861",6861,2022-07-31,59.8611790554168,75725,116517,6265136,276899,42.0792418896421,64.9905164053314,7,"Jul",2022
"6862",6862,2022-08-01,38.808664811814,14173,32707,6265136,276899,11.8118880891589,43.3332314183508,8,"Aug",2022
"6863",6863,2022-08-02,20.0712117314124,4070,19435,6265136,276899,7.01880469051893,20.9416002058143,8,"Aug",2022
"6864",6864,2022-08-03,30.9088269855533,4943,14467,6265136,276899,5.22464869862296,34.1674154973388,8,"Aug",2022
"6865",6865,2022-08-04,27.9375518672199,1073,4820,6265136,276899,1.74070690034995,22.2614107883817,8,"Aug",2022
"6866",6866,2022-08-05,41.4720914593141,4225,10409,6265136,276899,3.7591323912329,40.5898741473725,8,"Aug",2022
"6867",6867,2022-08-06,18.6838174273859,205,2410,6265136,276899,0.870353450174974,8.50622406639004,8,"Aug",2022
"6868",6868,2022-08-07,51.1174537344967,13950,25559,6265136,276899,9.23044142449052,54.5796001408506,8,"Aug",2022
"6869",6869,2022-08-08,43.494777424127,10876,22307,6265136,276899,8.05600598051997,48.7559958757341,8,"Aug",2022
"6870",6870,2022-08-09,32.906816080074,5740,18383,6265136,276899,6.63888276952968,31.2245008975684,8,"Aug",2022
"6871",6871,2022-08-10,45.5456075068759,13934,30905,6265136,276899,11.1611092853351,45.0865555735318,8,"Aug",2022
"6872",6872,2022-08-11,31.1968667204239,2401,8681,6265136,276899,3.13507813318214,27.6581039050801,8,"Aug",2022
"6873",6873,2022-08-12,33.5919173776381,11697,33405,6265136,276899,12.0639655614502,35.0157162101482,8,"Aug",2022
"6874",6874,2022-08-13,49.0414187772678,28378,52947,6265136,276899,19.1214125005869,53.5969932196347,8,"Aug",2022
"6875",6875,2022-08-14,74.8778153446034,15488,19225,6265136,276899,6.94296476332526,80.5617685305592,8,"Aug",2022
"6876",6876,2022-08-15,54.5572809278351,36131,62080,6265136,276899,22.4197270484906,58.2007087628866,8,"Aug",2022
"6877",6877,2022-08-16,45.6822401537956,40879,79066,6265136,276899,28.5540937309272,51.7023752308198,8,"Aug",2022
"6878",6878,2022-08-17,55.1111111111111,388,522,6265136,276899,0.188516390452837,74.3295019157088,8,"Aug",2022
"6879",6879,2022-08-18,44.5174069911871,40092,84535,6265136,276899,30.5291821205566,47.4265097296978,8,"Aug",2022
"6880",6880,2022-08-19,56.079994950828,52043,87143,6265136,276899,31.4710417877999,59.7213775059385,8,"Aug",2022
"6881",6881,2022-08-20,44.4574029223112,57436,112719,6265136,276899,40.707622634968,50.9550297642811,8,"Aug",2022
"6882",6882,2022-08-21,50.0600590422579,115490,203583,6265136,276899,73.5224757041376,56.7287052455264,8,"Aug",2022
"6883",6883,2022-08-22,51.6741197257162,112197,190168,6265136,276899,68.6777489265039,58.9988851962475,8,"Aug",2022
"6884",6884,2022-08-23,41.6113643038167,45690,91937,6265136,276899,33.2023589828782,49.697075171041,8,"Aug",2022
"6885",6885,2022-08-24,45.8067320656469,11623,21509,6265136,276899,7.76781425718403,54.037844623181,8,"Aug",2022
"6886",6886,2022-08-25,44.5642038600724,49377,99480,6265136,276899,35.9264569391728,49.6351025331725,8,"Aug",2022
"6887",6887,2022-08-26,45.0190974346425,52767,98076,6265136,276899,35.4194128545065,53.8021534320323,8,"Aug",2022
"6888",6888,2022-08-27,45.6328086894533,58207,106612,6265136,276899,38.502125323674,54.597043484786,8,"Aug",2022
"6889",6889,2022-08-28,38.4810456558381,44472,95519,6265136,276899,34.495971455296,46.5582763638648,8,"Aug",2022
"6890",6890,2022-08-29,45.1029798102651,46724,82220,6265136,276899,29.693137208874,56.8280223789832,8,"Aug",2022
"6891",6891,2022-08-30,48.8696931802392,46303,79167,6265136,276899,28.5905691244822,58.4877537357737,8,"Aug",2022
"6892",6892,2022-08-31,53.6914920961316,100172,155620,6265136,276899,56.2009974756139,64.3696183009896,8,"Aug",2022
"6893",6893,2022-09-01,52.063839646929,83139,135950,6265136,276899,49.0973242951401,61.1541007723428,9,"Sep",2022
"6894",6894,2022-09-02,46.0380222787789,39731,78191,6265136,276899,28.2380940342869,50.8127533859396,9,"Sep",2022
"6895",6895,2022-09-03,40.8244165170557,18875,44560,6265136,276899,16.0925102654759,42.3586175942549,9,"Sep",2022
"6896",6896,2022-09-04,41.02278842234,9338,24530,6265136,276899,8.85882578124154,38.0676722380758,9,"Sep",2022
"6897",6897,2022-09-05,33.6486327368503,25166,64545,6265136,276899,23.3099433367401,38.9898520412116,9,"Sep",2022
"6898",6898,2022-09-06,39.9425956738769,2278,7212,6265136,276899,2.60455978533689,31.5862451469773,9,"Sep",2022
"6899",6899,2022-09-07,47.1643746025979,27029,55045,6265136,276899,19.8790894875027,49.1034608047961,9,"Sep",2022
"6900",6900,2022-09-08,37.2527527527528,9378,25974,6265136,276899,9.38031556632563,36.1053361053361,9,"Sep",2022
"6901",6901,2022-09-09,55.2136715653393,26732,32798,6265136,276899,11.8447520576095,81.5049698152326,9,"Sep",2022
"6902",6902,2022-09-10,50.0448715063684,13842,22219,6265136,276899,8.02422543960072,62.2980332148162,9,"Sep",2022
"6903",6903,2022-09-11,56.8478156887755,21322,25088,6265136,276899,9.06034330207043,84.9888392857143,9,"Sep",2022
"6904",6904,2022-09-12,64.0037261810334,46202,54211,6265136,276899,19.5778966337907,85.2262455959123,9,"Sep",2022
"6905",6905,2022-09-13,62.7638721240718,47964,54678,6265136,276899,19.746550186169,87.7208383627785,9,"Sep",2022
"6906",6906,2022-09-14,66.4593414047565,87582,97298,6265136,276899,35.1384439813795,90.0141832308989,9,"Sep",2022
"6907",6907,2022-09-15,65.5159611316021,46088,53411,6265136,276899,19.2889826254338,86.2893411469547,9,"Sep",2022
"6908",6908,2022-09-16,64.0890349241859,56385,64368,6265136,276899,23.2460211123912,87.5978747203579,9,"Sep",2022
"6909",6909,2022-09-17,62.0067249109093,27906,34796,6265136,276899,12.5663147934807,80.198873433728,9,"Sep",2022
"6910",6910,2022-09-18,60.2425690499805,28270,33273,6265136,276899,12.0162947500713,84.9637844498542,9,"Sep",2022
"6911",6911,2022-09-19,73.8079181557004,134620,142710,6265136,276899,51.5386476657554,94.3311610959288,9,"Sep",2022
"6912",6912,2022-09-20,69.3972531935317,84442,94801,6265136,276899,34.2366711327957,89.0729000748937,9,"Sep",2022
"6913",6913,2022-09-21,71.7625009884809,103431,113811,6265136,276899,41.1019902563751,90.8796162058149,9,"Sep",2022
"6914",6914,2022-09-22,61.3106020245072,51432,65695,6265136,276899,23.7252572237531,78.2890630946038,9,"Sep",2022
"6915",6915,2022-09-23,59.6031666977941,39846,48189,6265136,276899,17.4030964358846,82.6869202515097,9,"Sep",2022
"6916",6916,2022-09-24,60.4517823639775,94961,135915,6265136,276899,49.0846843072745,69.8679321634845,9,"Sep",2022
"6917",6917,2022-09-25,49.428479237509,21140,40289,6265136,276899,14.5500706033608,52.4708977636576,9,"Sep",2022
"6918",6918,2022-09-26,33.541952544311,14787,41976,6265136,276899,15.1593180184833,35.2272727272727,9,"Sep",2022
"6919",6919,2022-09-27,52.0831003243485,41401,71528,6265136,276899,25.8318014871849,57.8808298848004,9,"Sep",2022
"6920",6920,2022-09-28,54.4918703358893,40626,68207,6265136,276899,24.6324472099935,59.5628014719897,9,"Sep",2022
"6921",6921,2022-09-29,53.0348151205419,24767,41189,6265136,276899,14.8750988627622,60.1301318313142,9,"Sep",2022
"6922",6922,2022-09-30,40.2659080352996,18257,43060,6265136,276899,15.5507964998068,42.3989781699954,9,"Sep",2022
"6923",6923,2022-10-01,52.6031351256677,32398,57095,6265136,276899,20.6194316339171,56.7440231193625,10,"Oct",2022
"6924",6924,2022-10-02,47.6857544936992,40680,78165,6265136,276899,28.2287043290153,52.0437535981577,10,"Oct",2022
"6925",6925,2022-10-03,57.1314363047117,91616,140395,6265136,276899,50.7026027540728,65.2558851810962,10,"Oct",2022
"6926",6926,2022-10-04,59.3360397680199,84919,120700,6265136,276899,43.5899010108379,70.3554266777133,10,"Oct",2022
"6927",6927,2022-10-05,56.9715628133018,81673,117698,6265136,276899,42.5057511944789,69.3920032625873,10,"Oct",2022
"6928",6928,2022-10-06,55.292258379207,46588,71755,6265136,276899,25.9137808370561,64.9264859591666,10,"Oct",2022
"6929",6929,2022-10-07,53.0876966292135,11355,17800,6265136,276899,6.42833668593964,63.7921348314607,10,"Oct",2022
"6930",6930,2022-10-08,59.4210744372324,31920,43446,6265136,276899,15.690197508839,73.4705151222207,10,"Oct",2022
"6931",6931,2022-10-09,51.1634425103994,14216,24761,6265136,276899,8.94224970115457,57.4128670086022,10,"Oct",2022
"6932",6932,2022-10-10,49.3155359704858,16609,29274,6265136,276899,10.5720858507976,56.7363530778165,10,"Oct",2022
"6933",6933,2022-10-24,67.4040697674419,314,344,6265136,276899,0.12423302359344,91.2790697674419,10,"Oct",2022
"6934",6934,2022-10-25,68.7835497835498,810,924,6265136,276899,0.333695679652148,87.6623376623377,10,"Oct",2022
"6935",6935,2022-10-26,82.3385490753912,1378,1406,6265136,276899,0.507766369687142,98.0085348506401,10,"Oct",2022
"6936",6936,2022-10-27,17.4146341463415,0,41,6265136,276899,0.0148068429282879,0,10,"Oct",2022
"6937",6937,2022-10-28,51.5738396624473,159,237,6265136,276899,0.0855907749757132,67.0886075949367,10,"Oct",2022
"6938",6938,2022-10-29,78.9206349206349,656,693,6265136,276899,0.250271759739111,94.6608946608947,10,"Oct",2022
"6939",6939,2022-10-30,49.9122807017544,30,57,6265136,276899,0.0205851230954247,52.6315789473684,10,"Oct",2022
"6940",6940,2022-10-31,NA,NA,0,6265136,276899,0,NA,10,"Oct",2022
"6941",6941,2022-11-01,NA,NA,0,6265136,276899,0,NA,11,"Nov",2022
"6942",6942,2022-11-02,NA,NA,0,6265136,276899,0,NA,11,"Nov",2022
"6943",6943,2022-11-03,NA,NA,0,6265136,276899,0,NA,11,"Nov",2022
"6944",6944,2022-11-04,NA,NA,0,6265136,276899,0,NA,11,"Nov",2022
"6945",6945,2022-11-05,NA,NA,0,6265136,276899,0,NA,11,"Nov",2022
"6946",6946,2022-11-06,NA,NA,0,6265136,276899,0,NA,11,"Nov",2022
"6947",6947,2022-11-07,NA,NA,0,6265136,276899,0,NA,11,"Nov",2022
"6948",6948,2022-11-08,NA,NA,0,6265136,276899,0,NA,11,"Nov",2022
"6949",6949,2022-11-09,NA,NA,0,6265136,276899,0,NA,11,"Nov",2022
"6950",6950,2022-11-10,NA,NA,0,6265136,276899,0,NA,11,"Nov",2022
"6951",6951,2022-11-11,NA,NA,0,6265136,276899,0,NA,11,"Nov",2022
"6952",6952,2022-11-12,NA,NA,0,6265136,276899,0,NA,11,"Nov",2022
"6953",6953,2022-11-13,NA,NA,0,6265136,276899,0,NA,11,"Nov",2022
"6954",6954,2022-11-14,NA,NA,0,6265136,276899,0,NA,11,"Nov",2022
"6955",6955,2022-11-15,NA,NA,0,6265136,276899,0,NA,11,"Nov",2022
"6956",6956,2022-11-16,NA,NA,0,6265136,276899,0,NA,11,"Nov",2022
"6957",6957,2022-11-17,NA,NA,0,6265136,276899,0,NA,11,"Nov",2022
"6958",6958,2022-11-18,NA,NA,0,6265136,276899,0,NA,11,"Nov",2022
"6959",6959,2022-11-19,NA,NA,0,6265136,276899,0,NA,11,"Nov",2022
"6960",6960,2022-11-20,NA,NA,0,6265136,276899,0,NA,11,"Nov",2022
"6961",6961,2022-11-21,NA,NA,0,6265136,276899,0,NA,11,"Nov",2022
"6962",6962,2022-11-22,NA,NA,0,6265136,276899,0,NA,11,"Nov",2022
"6963",6963,2022-11-23,NA,NA,0,6265136,276899,0,NA,11,"Nov",2022
"6964",6964,2022-11-24,NA,NA,0,6265136,276899,0,NA,11,"Nov",2022
"6965",6965,2022-11-25,NA,NA,0,6265136,276899,0,NA,11,"Nov",2022
"6966",6966,2023-01-18,NA,NA,0,6265136,276899,0,NA,1,"Jan",2023
"6967",6967,2023-01-19,NA,NA,0,6265136,276899,0,NA,1,"Jan",2023
"6968",6968,2023-01-20,NA,NA,0,6265136,276899,0,NA,1,"Jan",2023
"6969",6969,2023-01-21,NA,NA,0,6265136,276899,0,NA,1,"Jan",2023
"6970",6970,2023-01-22,NA,NA,0,6265136,276899,0,NA,1,"Jan",2023
"6971",6971,2023-01-23,NA,NA,0,6265136,276899,0,NA,1,"Jan",2023
"6972",6972,2023-01-24,NA,NA,0,6265136,276899,0,NA,1,"Jan",2023
"6973",6973,2023-01-25,NA,NA,0,6265136,276899,0,NA,1,"Jan",2023
"6974",6974,2023-01-26,NA,NA,0,6265136,276899,0,NA,1,"Jan",2023
"6975",6975,2023-01-27,NA,NA,0,6265136,276899,0,NA,1,"Jan",2023
"6976",6976,2023-01-28,NA,NA,0,6265136,276899,0,NA,1,"Jan",2023
"6977",6977,2023-01-29,NA,NA,0,6265136,276899,0,NA,1,"Jan",2023
"6978",6978,2023-01-30,NA,NA,0,6265136,276899,0,NA,1,"Jan",2023
"6979",6979,2023-01-31,NA,NA,0,6265136,276899,0,NA,1,"Jan",2023
"6980",6980,2023-02-01,NA,NA,0,6265136,276899,0,NA,2,"Feb",2023
"6981",6981,2023-02-02,NA,NA,0,6265136,276899,0,NA,2,"Feb",2023
"6982",6982,2023-02-03,NA,NA,0,6265136,276899,0,NA,2,"Feb",2023
"6983",6983,2023-02-04,NA,NA,0,6265136,276899,0,NA,2,"Feb",2023
"6984",6984,2023-02-05,NA,NA,0,6265136,276899,0,NA,2,"Feb",2023
"6985",6985,2023-02-06,NA,NA,0,6265136,276899,0,NA,2,"Feb",2023
"6986",6986,2023-02-07,NA,NA,0,6265136,276899,0,NA,2,"Feb",2023
"6987",6987,2023-02-08,NA,NA,0,6265136,276899,0,NA,2,"Feb",2023
"6988",6988,2023-02-09,NA,NA,0,6265136,276899,0,NA,2,"Feb",2023
"6989",6989,2023-02-10,NA,NA,0,6265136,276899,0,NA,2,"Feb",2023
"6990",6990,2023-02-11,NA,NA,0,6265136,276899,0,NA,2,"Feb",2023
"6991",6991,2023-02-12,63.9178356713427,789,998,6265136,276899,0.360420225425155,79.0581162324649,2,"Feb",2023
"6992",6992,2023-02-13,NA,NA,0,6265136,276899,0,NA,2,"Feb",2023
"6993",6993,2023-02-14,NA,NA,0,6265136,276899,0,NA,2,"Feb",2023
"6994",6994,2023-02-15,55.984375,43,64,6265136,276899,0.023113120668547,67.1875,2,"Feb",2023
"6995",6995,2023-02-16,51.86,40,50,6265136,276899,0.0180571255223024,80,2,"Feb",2023
"6996",6996,2023-02-17,42.9347826086956,90,184,6265136,276899,0.0664502219220727,48.9130434782609,2,"Feb",2023
"6997",6997,2023-02-18,41.0531914893617,83,188,6265136,276899,0.0678947919638569,44.1489361702128,2,"Feb",2023
"6998",6998,2023-02-19,53.6231343283582,312,536,6265136,276899,0.193572385599081,58.2089552238806,2,"Feb",2023
"6999",6999,2023-02-20,45.4585987261147,41,157,6265136,276899,0.0566993741400294,26.1146496815287,2,"Feb",2023
"7000",7000,2023-02-21,44.3274336283186,27,113,6265136,276899,0.0408091036804033,23.8938053097345,2,"Feb",2023
"7001",7001,2023-02-22,49.1666666666667,10,24,6265136,276899,0.00866742025070513,41.6666666666667,2,"Feb",2023
"7002",7002,2023-02-23,68.8327922077922,561,616,6265136,276899,0.222463786434765,91.0714285714286,2,"Feb",2023
"7003",7003,2023-02-24,60.5180722891566,362,415,6265136,276899,0.14987414183511,87.2289156626506,2,"Feb",2023
"7004",7004,2023-02-25,NA,NA,0,6265136,276899,0,NA,2,"Feb",2023
"7005",7005,2023-02-26,56.7285342584562,825,1153,6265136,276899,0.416397314544292,71.5524718126626,2,"Feb",2023
"7006",7006,2023-02-27,77.9003759398496,1492,1596,6265136,276899,0.576383446671891,93.483709273183,2,"Feb",2023
"7007",7007,2023-02-28,78.3149928774929,5440,5616,6265136,276899,2.028176338665,96.8660968660969,2,"Feb",2023
"7008",7008,2023-03-01,61.1145938318887,8505,9922,6265136,276899,3.58325598864568,85.7186051199355,3,"Mar",2023
"7009",7009,2023-03-02,57.3293032628071,10880,12903,6265136,276899,4.65982181228535,84.3214756258235,3,"Mar",2023
"7010",7010,2023-03-03,51.8084499740798,6933,11574,6265136,276899,4.17986341590255,59.9015033696216,3,"Mar",2023
"7011",7011,2023-03-04,61.9429372590256,23678,28530,6265136,276899,10.3033958230257,82.9933403434981,3,"Mar",2023
"7012",7012,2023-03-05,62.5056219143176,26778,31395,6265136,276899,11.3380691154536,85.2938365981844,3,"Mar",2023
"7013",7013,2023-03-06,59.9355344109442,44297,52338,6265136,276899,18.9014767117252,84.6364018495166,3,"Mar",2023
"7014",7014,2023-03-07,63.3725955110263,50946,56093,6265136,276899,20.2575668384501,90.8241670083611,3,"Mar",2023
"7015",7015,2023-03-08,61.2363241545001,70928,86576,6265136,276899,31.266273984377,81.9257068933654,3,"Mar",2023
"7016",7016,2023-03-09,58.835429985564,30128,38792,6265136,276899,14.0094402652231,77.6654980408332,3,"Mar",2023
"7017",7017,2023-03-10,61.7625432331671,37915,44526,6265136,276899,16.0802314201207,85.1524951713606,3,"Mar",2023
"7018",7018,2023-03-11,63.9889949615487,60198,67878,6265136,276899,24.5136313240568,88.6855829576593,3,"Mar",2023
"7019",7019,2023-03-12,65.4938493250881,67434,75195,6265136,276899,27.1561110729905,89.6788350289248,3,"Mar",2023
"7020",7020,2023-03-13,61.2069069437778,78419,89591,6265136,276899,32.3551186533718,87.5299974327778,3,"Mar",2023
"7021",7021,2023-03-14,71.9708294568096,137576,139730,6265136,276899,50.4624429846262,98.4584555929292,3,"Mar",2023
"7022",7022,2023-03-15,70.5743453021445,143998,145907,6265136,276899,52.6932202716514,98.6916323411488,3,"Mar",2023
"7023",7023,2023-03-16,73.1238922047387,148079,149283,6265136,276899,53.9124373869173,99.193478158933,3,"Mar",2023
"7024",7024,2023-03-17,62.7058349451966,65590,68244,6265136,276899,24.64580948288,96.1110134224254,3,"Mar",2023
"7025",7025,2023-03-18,58.4405009799118,27555,32656,6265136,276899,11.7934698211261,84.3795933365997,3,"Mar",2023
"7026",7026,2023-03-19,64.6715166135811,50629,53059,6265136,276899,19.1618604617568,95.4201926157673,3,"Mar",2023
"7027",7027,2023-03-20,65.1912956461826,57588,60958,6265136,276899,22.0145251517701,94.4716033990616,3,"Mar",2023
"7028",7028,2023-03-21,69.0724299065421,55911,56924,6265136,276899,20.5576762646308,98.2204342632282,3,"Mar",2023
"7029",7029,2023-03-22,58.9302742329623,17074,18415,6265136,276899,6.65043932986396,92.7178930219929,3,"Mar",2023
"7030",7030,2023-03-23,69.7066695702097,99800,101026,6265136,276899,36.4847832603224,98.7864510126106,3,"Mar",2023
"7031",7031,2023-03-24,68.8978711562544,128193,129366,6265136,276899,46.7195620063633,99.0932702564816,3,"Mar",2023
"7032",7032,2023-03-25,71.3655285296661,139241,139907,6265136,276899,50.5263652089751,99.523969494021,3,"Mar",2023
"7033",7033,2023-03-26,69.7840569943198,102509,103870,6265136,276899,37.5118725600309,98.6897082892077,3,"Mar",2023
"7034",7034,2023-03-27,67.559824726588,53135,55228,6265136,276899,19.9451785669143,96.2102556674151,3,"Mar",2023
"7035",7035,2023-03-28,71.8525728212587,126349,127195,6265136,276899,45.935521616185,99.3348795157042,3,"Mar",2023
"7036",7036,2023-03-29,70.7191359598576,97907,98051,6265136,276899,35.4103842917454,99.8531376528541,3,"Mar",2023
"7037",7037,2023-03-30,71.1680883497665,123113,123328,6265136,276899,44.5389835282901,99.8256681370005,3,"Mar",2023
"7038",7038,2023-03-31,66.6338366336634,39921,40400,6265136,276899,14.5901574220203,98.8143564356436,3,"Mar",2023
"7039",7039,2023-04-01,69.6164071493487,82294,82525,6265136,276899,29.80328567456,99.720084822781,4,"Apr",2023
"7040",7040,2023-04-02,68.2278350719531,50432,50519,6265136,276899,18.2445584852239,99.8277875650745,4,"Apr",2023
"7041",7041,2023-04-03,62.0342356016528,11715,11859,6265136,276899,4.28278903137967,98.7857323551733,4,"Apr",2023
"7042",7042,2023-04-04,70.4510283118901,176304,176357,6265136,276899,63.6900097147335,99.9699473227601,4,"Apr",2023
"7043",7043,2023-04-05,65.8720318087918,44955,45019,6265136,276899,16.2582746777706,99.857837801817,4,"Apr",2023
"7044",7044,2023-04-06,63.2126886020723,10799,11002,6265136,276899,3.97328989992741,98.1548809307399,4,"Apr",2023
"7045",7045,2023-04-07,77.7137193879441,53553,53982,6265136,276899,19.4951949988985,99.2052906524397,4,"Apr",2023
"7046",7046,2023-04-08,72.3948966958137,51377,51692,6265136,276899,18.6681786499771,99.3906213727463,4,"Apr",2023
"7047",7047,2023-04-09,63.7756878693525,14324,15737,6265136,276899,5.68329968688944,91.0211603228061,4,"Apr",2023
"7048",7048,2023-04-10,77.6084300494005,109155,109513,6265136,276899,39.549799746478,99.6730981709934,4,"Apr",2023
"7049",7049,2023-04-11,71.9649465852728,20325,20968,6265136,276899,7.57243615903272,96.9334223578787,4,"Apr",2023
"7050",7050,2023-04-12,78.3683221333712,112568,112798,6265136,276899,40.7361528932932,99.7960956754552,4,"Apr",2023
"7051",7051,2023-04-13,81.7166629661225,84705,85573,6265136,276899,30.9040480463996,98.9856613651502,4,"Apr",2023
"7052",7052,2023-04-14,80.6073318558053,43605,44218,6265136,276899,15.9689995269033,98.6136867339093,4,"Apr",2023
"7053",7053,2023-04-15,85.3294092156579,95859,96922,6265136,276899,35.0026543974518,98.9032417820515,4,"Apr",2023
"7054",7054,2023-04-16,63.4945104526997,6037,6649,6265136,276899,2.40123655195577,90.7956083621597,4,"Apr",2023
"7055",7055,2023-04-17,76.7259320326097,42616,43668,6265136,276899,15.770371146158,97.5909132545571,4,"Apr",2023
"7056",7056,2023-04-18,61.619156626506,7538,8300,6265136,276899,2.99748283670219,90.8192771084337,4,"Apr",2023
"7057",7057,2023-04-19,73.7798165137615,49637,50140,6265136,276899,18.1076854737648,98.9968089349821,4,"Apr",2023
"7058",7058,2023-04-20,76.7073235262991,132153,132286,6265136,276899,47.7740981368658,99.899460260345,4,"Apr",2023
"7059",7059,2023-04-21,76.3585718659115,130578,130660,6265136,276899,47.1868804148805,99.9372416960049,4,"Apr",2023
"7060",7060,2023-04-22,72.4595211893441,95939,96322,6265136,276899,34.7859688911841,99.60237536596,4,"Apr",2023
"7061",7061,2023-04-23,76.7138396401164,75027,75580,6265136,276899,27.2951509395122,99.2683249536915,4,"Apr",2023
"7062",7062,2023-04-24,74.719053026994,137149,137364,6265136,276899,49.6079798049108,99.843481552663,4,"Apr",2023
"7063",7063,2023-04-25,77.6028241675913,210730,210894,6265136,276899,76.1627885980087,99.9222358151488,4,"Apr",2023
"7064",7064,2023-04-26,71.095769758827,38577,38603,6265136,276899,13.9411843307488,99.9326477216797,4,"Apr",2023
"7065",7065,2023-04-27,76.0491035023793,96830,96877,6265136,276899,34.9864029844817,99.9514848725704,4,"Apr",2023
"7066",7066,2023-04-28,66.3734705228031,13752,14384,6265136,276899,5.19467387025594,95.6062291434928,4,"Apr",2023
"7067",7067,2023-04-29,77.8962610899873,31060,31560,6265136,276899,11.3976576296772,98.4157160963245,4,"Apr",2023
"7068",7068,2023-04-30,73.1999849804746,53215,53264,6265136,276899,19.2358946763983,99.9080054070291,4,"Apr",2023
"7069",7069,2023-05-01,77.3379228095351,206206,206269,6265136,276899,74.4925044871957,99.9694573590797,5,"May",2023
"7070",7070,2023-05-02,77.7375751048634,176336,176420,6265136,276899,63.7127616928916,99.9523863507539,5,"May",2023
"7071",7071,2023-05-03,78.1839070352311,227128,227441,6265136,276899,82.1386137183594,99.8623818924468,5,"May",2023
"7072",7072,2023-05-04,75.2521552302941,37174,37235,6265136,276899,13.4471413764586,99.8361756411978,5,"May",2023
"7073",7073,2023-05-05,77.8567480423768,19502,19539,6265136,276899,7.05636351160531,99.8106351399765,5,"May",2023
"7074",7074,2023-05-06,68.7590793352988,29683,29848,6265136,276899,10.7793816517936,99.4471991423211,5,"May",2023
"7075",7075,2023-05-07,69.4669744724692,25888,26207,6265136,276899,9.46446177125956,98.782767962758,5,"May",2023
"7076",7076,2023-05-08,73.6298623578695,13170,13368,6265136,276899,4.82775307964276,98.5188509874327,5,"May",2023
"7077",7077,2023-05-09,75.0594594594595,369,370,6265136,276899,0.133622728865037,99.7297297297297,5,"May",2023
"7078",7078,2023-05-10,71.2513353817065,21135,21155,6265136,276899,7.63996980848613,99.9054597021981,5,"May",2023
"7079",7079,2023-05-11,78.8714017665095,21700,21851,6265136,276899,7.89132499575657,99.3089561118484,5,"May",2023
"7080",7080,2023-05-12,78.9782352239439,150817,150886,6265136,276899,54.4913488311623,99.9542701112098,5,"May",2023
"7081",7081,2023-05-13,68.8424671550771,24166,24433,6265136,276899,8.82379495772827,98.9072156509639,5,"May",2023
"7082",7082,2023-05-14,74.0843353090601,23419,23620,6265136,276899,8.53018609673563,99.1490262489416,5,"May",2023
"7083",7083,2023-05-15,71.5269544056511,29548,29587,6265136,276899,10.6851234565672,99.8681853516747,5,"May",2023
"7084",7084,2023-05-16,71.1444427778611,46072,46669,6265136,276899,16.8541598200066,98.7207782468019,5,"May",2023
"7085",7085,2023-05-17,72.6616613979628,11285,11388,6265136,276899,4.11269090895958,99.0955391640323,5,"May",2023
"7086",7086,2023-05-18,75.3164939631276,214475,215012,6265136,276899,77.6499734560255,99.7502464978699,5,"May",2023
"7087",7087,2023-05-19,79.9032709512559,176235,176493,6265136,276899,63.7391250961542,99.8538185650422,5,"May",2023
"7088",7088,2023-05-20,79.3674458719962,33190,33624,6265136,276899,12.1430557712379,98.7092552938377,5,"May",2023
"7089",7089,2023-05-21,84.819647117236,81763,82577,6265136,276899,29.8220650851032,99.0142533635274,5,"May",2023
"7090",7090,2023-05-22,84.8117112465145,96186,96830,6265136,276899,34.9694292864907,99.3349168646081,5,"May",2023
"7091",7091,2023-05-23,71.4535794183445,6596,7152,6265136,276899,2.58289123471013,92.2259507829978,5,"May",2023
"7092",7092,2023-05-24,76.8292230749332,22928,23194,6265136,276899,8.37633938728562,98.8531516771579,5,"May",2023
"7093",7093,2023-05-25,72.4052486264886,35429,35857,6265136,276899,12.9494869970639,98.806369746493,5,"May",2023
"7094",7094,2023-05-26,74.3809096134502,27544,27836,6265136,276899,10.0527629207762,98.9509987067107,5,"May",2023
"7095",7095,2023-05-27,76.9960798495588,137477,138260,6265136,276899,49.9315634942705,99.4336756834949,5,"May",2023
"7096",7096,2023-05-28,77.9290892197288,231990,233547,6265136,276899,84.343749887143,99.3333247697466,5,"May",2023
"7097",7097,2023-05-29,77.865113716849,50498,50828,6265136,276899,18.3561515209517,99.3507515542614,5,"May",2023
"7098",7098,2023-05-30,70.0008190846729,9627,9767,6265136,276899,3.52727889952654,98.5666018224634,5,"May",2023
"7099",7099,2023-05-31,64.5930642933865,6146,6517,6265136,276899,2.35356574057689,94.3071965628357,5,"May",2023
"7100",7100,2023-06-01,76.4702501435002,129099,132404,6265136,276899,47.8167129530984,97.5038518473762,6,"Jun",2023
"7101",7101,2023-06-02,78.89586890012,115730,118322,6265136,276899,42.7311041209972,97.8093676577475,6,"Jun",2023
"7102",7102,2023-06-03,79.4952043743277,42599,44624,6265136,276899,16.1156233861444,95.4620831839369,6,"Jun",2023
"7103",7103,2023-06-04,81.603849180797,54623,55908,6265136,276899,20.1907554740176,97.7015811690635,6,"Jun",2023
"7104",7104,2023-06-05,78.3445944842676,59069,61243,6265136,276899,22.1174507672473,96.4502065542184,6,"Jun",2023
"7105",7105,2023-06-06,80.561946162849,157707,161487,6265136,276899,58.3198205844008,97.6592543053001,6,"Jun",2023
"7106",7106,2023-06-07,80.8265814405969,147192,149563,6265136,276899,54.0135572898421,98.4147148693193,6,"Jun",2023
"7107",7107,2023-06-08,81.8385475229843,145759,151190,6265136,276899,54.6011361543379,96.4078312057676,6,"Jun",2023
"7108",7108,2023-06-09,78.5046317487304,43368,45879,6265136,276899,16.5688572367542,94.5269077355653,6,"Jun",2023
"7109",7109,2023-06-10,78.768590436863,30226,30513,6265136,276899,11.0195414212402,99.0594172975453,6,"Jun",2023
"7110",7110,2023-06-11,81.1924949036901,23796,24037,6265136,276899,8.68078252359163,98.9973790406457,6,"Jun",2023
"7111",7111,2023-06-12,75.930558592706,39784,41157,6265136,276899,14.863542302428,96.6639939742936,6,"Jun",2023
"7112",7112,2023-06-13,77.5069014237583,44464,46005,6265136,276899,16.6143611930704,96.6503640908597,6,"Jun",2023
"7113",7113,2023-06-14,79.7877860865624,40424,44130,6265136,276899,15.9372189859841,91.6020847496034,6,"Jun",2023
"7114",7114,2023-06-15,78.4631851329099,23713,25506,6265136,276899,9.21130087143688,92.9702815023916,6,"Jun",2023
"7115",7115,2023-06-16,77.7969709877905,182917,194849,6265136,276899,70.3682570179018,93.8762836863417,6,"Jun",2023
"7116",7116,2023-06-17,78.0119241296151,50396,52247,6265136,276899,18.8686127432746,96.4572128543266,6,"Jun",2023
"7117",7117,2023-06-18,66.983843537415,5040,5880,6265136,276899,2.12351796142276,85.7142857142857,6,"Jun",2023
"7118",7118,2023-06-19,82.4158413517954,78938,85220,6265136,276899,30.7765647402121,92.6284909645623,6,"Jun",2023
"7119",7119,2023-06-20,77.104066139098,79465,93258,6265136,276899,33.6794282391775,85.2098479487015,6,"Jun",2023
"7120",7120,2023-06-21,72.2963931772417,81903,101308,6265136,276899,36.5866254482681,80.8455403324515,6,"Jun",2023
"7121",7121,2023-06-22,75.6249046501921,61333,69481,6265136,276899,25.0925427683018,88.2730530648667,6,"Jun",2023
"7122",7122,2023-06-23,76.4251084621541,82423,94964,6265136,276899,34.2955373619984,86.7939429678615,6,"Jun",2023
"7123",7123,2023-06-24,78.0993538114018,47379,54009,6265136,276899,19.5049458466806,87.724268177526,6,"Jun",2023
"7124",7124,2023-06-25,83.1890293678447,47416,50225,6265136,276899,18.1383825871527,94.4071677451468,6,"Jun",2023
"7125",7125,2023-06-26,81.0441998001343,109639,122082,6265136,276899,44.0889999602743,89.8076702544192,6,"Jun",2023
"7126",7126,2023-06-27,78.8945864661654,82469,93100,6265136,276899,33.622367722527,88.5810955961332,6,"Jun",2023
"7127",7127,2023-06-28,75.0719014778325,85623,101500,6265136,276899,36.6559648102738,84.3576354679803,6,"Jun",2023
"7128",7128,2023-06-29,81.5628733572282,132635,147312,6265136,276899,53.2006254988281,90.0367926577604,6,"Jun",2023
"7129",7129,2023-06-30,73.1477169779591,148930,184339,6265136,276899,66.5726492331139,80.7913680772924,6,"Jun",2023
"7130",7130,2023-07-01,75.3946394928958,169575,203824,6265136,276899,73.6095110491551,83.1967776120575,7,"Jul",2023
"7131",7131,2023-07-02,68.9798597553687,114683,150594,6265136,276899,54.385895218112,76.1537644262056,7,"Jul",2023
"7132",7132,2023-07-03,68.552417618039,169931,225201,6265136,276899,81.3296544949603,75.457480206571,7,"Jul",2023
"7133",7133,2023-07-04,68.4708779622966,143076,190646,6265136,276899,68.8503750464971,75.0479947127136,7,"Jul",2023
"7134",7134,2023-07-05,64.530271588679,162619,230827,6265136,276899,83.3614422587297,70.4505972005008,7,"Jul",2023
"7135",7135,2023-07-06,62.9751409556045,156773,228086,6265136,276899,82.3715506375971,68.7341616758591,7,"Jul",2023
"7136",7136,2023-07-07,62.3201116627502,153689,226396,6265136,276899,81.7612197949433,67.8850333044753,7,"Jul",2023
"7137",7137,2023-07-08,60.9905856737919,97413,146054,6265136,276899,52.746308220687,66.6965642844427,7,"Jul",2023
"7138",7138,2023-07-09,64.3939518981372,83141,118748,6265136,276899,42.8849508304472,70.0146528783643,7,"Jul",2023
"7139",7139,2023-07-10,66.1530205915547,68776,93922,6265136,276899,33.9192268661136,73.2267200442921,7,"Jul",2023
"7140",7140,2023-07-11,68.9484118044605,27907,35512,6265136,276899,12.82489283096,78.5847037621086,7,"Jul",2023
"7141",7141,2023-07-12,45.4852300995025,3023,6432,6265136,276899,2.32286862718897,46.9993781094527,7,"Jul",2023
"7142",7142,2023-07-13,57.5435237038375,72313,116247,6265136,276899,41.9817334118216,62.2063365076088,7,"Jul",2023
"7143",7143,2023-07-14,59.1712315170641,125404,196465,6265136,276899,70.9518633147826,63.8301987631385,7,"Jul",2023
"7144",7144,2023-07-15,48.0714898527837,70630,131711,6265136,276899,47.5664411933593,53.6249819680968,7,"Jul",2023
"7145",7145,2023-07-16,47.0735620585267,46475,89190,6265136,276899,32.2103005066829,52.1078596255186,7,"Jul",2023
"7146",7146,2023-07-17,57.9817927737003,109089,173173,6265136,276899,62.5401319614733,62.9942312023237,7,"Jul",2023
"7147",7147,2023-07-18,45.2449853049228,56657,108880,6265136,276899,39.3211965373656,52.0361866274798,7,"Jul",2023
"7148",7148,2023-07-19,52.1988528803681,112854,194923,6265136,276899,70.3949815636748,57.896707930824,7,"Jul",2023
"7149",7149,2023-07-20,56.9558199118209,137479,220914,6265136,276899,79.7814365526781,62.2319092497533,7,"Jul",2023
"7150",7150,2023-07-21,72.6982045062392,63717,79978,6265136,276899,28.883455700454,79.6681587436545,7,"Jul",2023
"7151",7151,2023-07-22,64.5850526729903,64906,91508,6265136,276899,33.0474288458969,70.929317655287,7,"Jul",2023
"7152",7152,2023-07-23,45.5398632667507,60479,115846,6265136,276899,41.8369152651328,52.2063774321081,7,"Jul",2023
"7153",7153,2023-07-24,57.2221088031652,79601,126375,6265136,276899,45.6393847576192,62.9879327398615,7,"Jul",2023
"7154",7154,2023-07-25,57.92518358297,94043,147481,6265136,276899,53.2616585830935,63.7661800503116,7,"Jul",2023
"7155",7155,2023-07-26,58.996465228924,110801,173420,6265136,276899,62.6293341615535,63.8917079921578,7,"Jul",2023
"7156",7156,2023-07-27,45.3391445917987,30104,58966,6265136,276899,21.2951292709616,51.0531492724621,7,"Jul",2023
"7157",7157,2023-07-28,34.8407472334831,7202,18254,6265136,276899,6.59229538568214,39.4543661663197,7,"Jul",2023
"7158",7158,2023-07-29,46.3697064228024,26794,46802,6265136,276899,16.9021917738959,57.2496901841802,7,"Jul",2023
"7159",7159,2023-07-30,39.6249055748603,10820,26476,6265136,276899,9.56160910656954,40.8672004834567,7,"Jul",2023
"7160",7160,2023-07-31,52.325459832992,61904,106941,6265136,276899,38.6209412096107,57.8861241245173,7,"Jul",2023
"7161",7161,2023-08-01,50.7642908329199,40636,72564,6265136,276899,26.205945128007,56.0002204950113,8,"Aug",2023
"7162",7162,2023-08-02,31.4558565923158,11664,34252,6265136,276899,12.369853267798,34.053485927829,8,"Aug",2023
"7163",7163,2023-08-03,57.8775140287145,84252,132407,6265136,276899,47.8177963806298,63.6310769068101,8,"Aug",2023
"7164",7164,2023-08-04,52.5972716305256,19486,32327,6265136,276899,11.6746539351894,60.2777863705262,8,"Aug",2023
"7165",7165,2023-08-05,42.4601498948908,9943,21882,6265136,276899,7.9025204135804,45.4391737501143,8,"Aug",2023
"7166",7166,2023-08-06,53.4050437885177,28523,49328,6265136,276899,17.8144377552826,57.8231430424911,8,"Aug",2023
"7167",7167,2023-08-07,29.755937936613,2552,13599,6265136,276899,4.91117699955579,18.7660857415986,8,"Aug",2023
"7168",7168,2023-08-08,44.2754742003382,80185,164382,6265136,276899,59.3653281521421,48.7796717402149,8,"Aug",2023
"7169",7169,2023-08-09,54.418501048218,77551,129744,6265136,276899,46.8560738753119,59.7723208780367,8,"Aug",2023
"7170",7170,2023-08-10,59.1884737594349,54254,84659,6265136,276899,30.5739637918519,64.0853305614288,8,"Aug",2023
"7171",7171,2023-08-11,30.5247385358005,2881,9944,6265136,276899,3.59120112387549,28.9722445695897,8,"Aug",2023
"7172",7172,2023-08-12,35.2236241026757,1481,4597,6265136,276899,1.66017212052048,32.2166630411138,8,"Aug",2023
"7173",7173,2023-08-13,46.5629333978391,13509,24804,6265136,276899,8.95777882910375,54.4629898403483,8,"Aug",2023
"7174",7174,2023-08-14,58.631678118208,70452,114104,6265136,276899,41.2078050119358,61.7436724391783,8,"Aug",2023
"7175",7175,2023-08-15,59.8501087335893,26340,37247,6265136,276899,13.4514750865839,70.7171047332671,8,"Aug",2023
"7176",7176,2023-08-16,42.3321264159727,18445,38666,6265136,276899,13.9639363089069,47.70340867946,8,"Aug",2023
"7177",7177,2023-08-17,54.2104748876295,62876,107457,6265136,276899,38.8072907450009,58.5127074085448,8,"Aug",2023
"7178",7178,2023-08-18,48.2616093785568,27382,52716,6265136,276899,19.0379885806738,51.9424842552546,8,"Aug",2023
"7179",7179,2023-08-19,52.1389241977988,37112,64510,6265136,276899,23.2973033488745,57.5290652611998,8,"Aug",2023
"7180",7180,2023-08-20,65.0408900963542,63246,86867,6265136,276899,31.3713664549168,72.8078556874302,8,"Aug",2023
"7181",7181,2023-08-21,59.9818655390752,63054,91759,6265136,276899,33.1380756160188,68.7169650933423,8,"Aug",2023
"7182",7182,2023-08-22,56.6783165041783,30430,45952,6265136,276899,16.5952206400168,66.221274373259,8,"Aug",2023
"7183",7183,2023-08-23,56.6250386992112,101745,161502,6265136,276899,58.3252377220575,62.9992198239031,8,"Aug",2023
"7184",7184,2023-08-24,58.8257913728711,79964,126647,6265136,276899,45.7376155204605,63.1392768877273,8,"Aug",2023
"7185",7185,2023-08-25,53.0316577431551,114027,197045,6265136,276899,71.1613259708413,57.8685071937882,8,"Aug",2023
"7186",7186,2023-08-26,40.3580527461273,28368,62488,6265136,276899,22.5670731927526,45.397516323134,8,"Aug",2023
"7187",7187,2023-08-27,47.9052508223137,38390,75093,6265136,276899,27.119274536925,51.1232738071458,8,"Aug",2023
"7188",7188,2023-08-28,57.2214462325945,58460,92212,6265136,276899,33.3016731732509,63.3973886262092,8,"Aug",2023
"7189",7189,2023-08-29,34.1271092735926,6860,20801,6265136,276899,7.51212535978823,32.9791836930917,8,"Aug",2023
"7190",7190,2023-08-30,52.1222488559599,2993,4589,6265136,276899,1.65728298043691,65.2211810852038,8,"Aug",2023
"7191",7191,2023-08-31,33.3611713665944,9235,30426,6265136,276899,10.9881220228314,30.3523302438704,8,"Aug",2023
"7192",7192,2023-09-01,51.2278494274952,113542,200435,6265136,276899,72.3855990812534,56.6477910544566,9,"Sep",2023
"7193",7193,2023-09-02,55.2044190199461,99066,165195,6265136,276899,59.6589370131347,59.9691273948969,9,"Sep",2023
"7194",7194,2023-09-03,41.7369732153495,41054,92329,6265136,276899,33.3439268469731,44.4649026849636,9,"Sep",2023
"7195",7195,2023-09-04,51.8013375605293,36321,63399,6265136,276899,22.8960740197689,57.2895471537406,9,"Sep",2023
"7196",7196,2023-09-05,41.4171855260783,20596,44328,6265136,276899,16.0087252030524,46.46273235878,9,"Sep",2023
"7197",7197,2023-09-06,49.3915311445229,24974,48885,6265136,276899,17.654451623155,51.0872455763527,9,"Sep",2023
"7198",7198,2023-09-07,48.7363087117521,81124,133406,6265136,276899,48.1785777485654,60.8098586270483,9,"Sep",2023
"7199",7199,2023-09-08,57.1518682805804,11642,13301,6265136,276899,4.80355653144287,87.5272535899556,9,"Sep",2023
"7200",7200,2023-09-09,50.6598605482031,29879,52061,6265136,276899,18.8014402363317,57.3922898138722,9,"Sep",2023
"7201",7201,2023-09-10,54.0219102962842,77516,122180,6265136,276899,44.124391926298,63.4440988705189,9,"Sep",2023
"7202",7202,2023-09-11,38.979111789675,26244,59603,6265136,276899,21.5251770501157,44.031340704327,9,"Sep",2023
"7203",7203,2023-09-12,48.1716492325741,29585,51145,6265136,276899,18.4706336967631,57.8453416756281,9,"Sep",2023
"7204",7204,2023-09-13,38.7194910352805,2909,6916,6265136,276899,2.49766160224486,42.0618854829381,9,"Sep",2023
"7205",7205,2023-09-14,40.0170414617006,12531,28460,6265136,276899,10.2781158472945,44.0302178496135,9,"Sep",2023
"7206",7206,2023-09-15,50.2342848904268,18287,27744,6265136,276899,10.0195378098151,65.9133506343714,9,"Sep",2023
"7207",7207,2023-09-16,60.3855737112937,64148,77539,6265136,276899,28.002629117476,82.7299810417983,9,"Sep",2023
"7208",7208,2023-09-17,58.3950284516322,37678,43407,6265136,276899,15.6761129509316,86.8016679337434,9,"Sep",2023
"7209",7209,2023-09-18,64.0635566560451,87425,98542,6265136,276899,35.5877052643744,88.7185159627367,9,"Sep",2023
"7210",7210,2023-09-19,68.338348942817,143998,158771,6265136,276899,57.3389575260293,90.6954040725321,9,"Sep",2023
"7211",7211,2023-09-20,63.9033655783958,106824,119088,6265136,276899,43.0077392839989,89.701733172108,9,"Sep",2023
"7212",7212,2023-09-21,63.2915527915667,62904,71716,6265136,276899,25.8996962791487,87.7126443192593,9,"Sep",2023
"7213",7213,2023-09-22,68.5341609494082,113788,126226,6265136,276899,45.5855745235627,90.1462456229303,9,"Sep",2023
"7214",7214,2023-09-23,67.7606568875237,151047,165386,6265136,276899,59.7279152326299,91.3299795629618,9,"Sep",2023
"7215",7215,2023-09-24,65.6522860140908,58497,66710,6265136,276899,24.0918168718558,87.6885024733923,9,"Sep",2023
"7216",7216,2023-09-25,67.9436881670172,92096,102696,6265136,276899,37.0878912527672,89.6782737399704,9,"Sep",2023
"7217",7217,2023-09-26,72.155491959662,141990,154098,6265136,276899,55.651338574715,92.1426624615504,9,"Sep",2023
"7218",7218,2023-09-27,70.3263978775058,144972,155289,6265136,276899,56.0814593046562,93.3562583312405,9,"Sep",2023
"7219",7219,2023-09-28,58.5045388900351,24022,29082,6265136,276899,10.5027464887919,82.6009215322192,9,"Sep",2023
"7220",7220,2023-09-29,59.4019699188074,39071,45078,6265136,276899,16.2795820858869,86.6742091485869,9,"Sep",2023
"7221",7221,2023-09-30,63.6242253133177,89449,101654,6265136,276899,36.7115807568825,87.9935860861353,9,"Sep",2023
"7222",7222,2023-10-01,64.3400332754276,71468,81742,6265136,276899,29.5205110888808,87.4311859264515,10,"Oct",2023
"7223",7223,2023-10-02,64.4950742040506,40057,47302,6265136,276899,17.0827630291189,84.6835228954378,10,"Oct",2023
"7224",7224,2023-10-03,56.7669478357381,35511,45050,6265136,276899,16.2694700955944,78.8257491675916,10,"Oct",2023
"7225",7225,2023-10-04,58.5473121967952,16670,20407,6265136,276899,7.36983521067248,81.6876561964032,10,"Oct",2023
"7226",7226,2023-10-05,64.060896963986,59855,67918,6265136,276899,24.5280770244746,88.1283312229453,10,"Oct",2023
"7227",7227,2023-10-06,57.9363366603723,21459,25949,6265136,276899,9.37128700356448,82.6968283941578,10,"Oct",2023
"7228",7228,2023-10-07,65.92001417192,71776,81852,6265136,276899,29.5602367650298,87.6899770317158,10,"Oct",2023
"7229",7229,2023-10-08,64.4581458809647,21722,27118,6265136,276899,9.79346259827591,80.1017774172137,10,"Oct",2023
"7230",7230,2023-10-09,57.6552503673562,13294,17694,6265136,276899,6.39005557983236,75.1328133830677,10,"Oct",2023
"7231",7231,2023-10-10,64.699678438452,30076,35452,6265136,276899,12.8032242803333,84.8358343675956,10,"Oct",2023
"7232",7232,2023-10-11,63.6518849840256,13382,15650,6265136,276899,5.65188028848064,85.5079872204473,10,"Oct",2023
"7233",7233,2023-10-12,37.9199457259159,253,737,6265136,276899,0.266162030198737,34.3283582089552,10,"Oct",2023
"7234",7234,2023-10-13,54.498127340824,197,267,6265136,276899,0.0964250502890946,73.7827715355805,10,"Oct",2023
"7235",7235,2023-10-14,53.1860465116279,116,215,6265136,276899,0.0776456397459001,53.953488372093,10,"Oct",2023
"7236",7236,2023-10-15,55.2344827586207,110,145,6265136,276899,0.0523656640146768,75.8620689655172,10,"Oct",2023
"7237",7237,2023-10-16,55.1371640407785,807,1079,6265136,276899,0.389672768771285,74.7914735866543,10,"Oct",2023
"7238",7238,2023-10-17,54.9013806706114,327,507,6265136,276899,0.183099252796146,64.4970414201183,10,"Oct",2023
"7239",7239,2023-10-18,55.8499184339315,870,1226,6265136,276899,0.442760717806854,70.9624796084829,10,"Oct",2023
"7240",7240,2023-10-19,NA,NA,0,6265136,276899,0,NA,10,"Oct",2023
"7241",7241,2023-10-20,72.7262658227848,528,632,6265136,276899,0.228242066601902,83.5443037974684,10,"Oct",2023
"7242",7242,2023-10-21,59.9115044247788,520,791,6265136,276899,0.285663725762823,65.7395701643489,10,"Oct",2023
"7243",7243,2023-10-22,59.5075630252101,387,595,6265136,276899,0.214879793715398,65.0420168067227,10,"Oct",2023
"7244",7244,2023-10-23,NA,NA,0,6265136,276899,0,NA,10,"Oct",2023
"7245",7245,2023-10-24,19.7368421052632,3,95,6265136,276899,0.0343085384923745,3.15789473684211,10,"Oct",2023
"7246",7246,2023-10-25,62.3847006651885,739,902,6265136,276899,0.325750544422335,81.9290465631929,10,"Oct",2023
"7247",7247,2023-10-26,65.9612462006079,1000,1316,6265136,276899,0.475263543746998,75.9878419452888,10,"Oct",2023
"7248",7248,2023-10-27,63.2980535279805,596,822,6265136,276899,0.296859143586651,72.5060827250608,10,"Oct",2023
"7249",7249,2023-10-28,71.2814021421616,869,1027,6265136,276899,0.37089335822809,84.6153846153846,10,"Oct",2023
"7250",7250,2023-10-29,62.6262458471761,451,602,6265136,276899,0.21740779128852,74.9169435215947,10,"Oct",2023
"7251",7251,2023-10-30,NA,NA,0,6265136,276899,0,NA,10,"Oct",2023
"7252",7252,2023-10-31,53.7674418604651,31,43,6265136,276899,0.01552912794918,72.0930232558139,10,"Oct",2023
"7253",7253,2023-11-01,NA,NA,0,6265136,276899,0,NA,11,"Nov",2023
"7254",7254,2023-11-02,NA,NA,0,6265136,276899,0,NA,11,"Nov",2023
"7255",7255,2023-11-03,NA,NA,0,6265136,276899,0,NA,11,"Nov",2023
"7256",7256,2023-11-04,NA,NA,0,6265136,276899,0,NA,11,"Nov",2023
"7257",7257,2023-11-05,NA,NA,0,6265136,276899,0,NA,11,"Nov",2023
"7258",7258,2023-11-06,NA,NA,0,6265136,276899,0,NA,11,"Nov",2023
"7259",7259,2023-11-07,NA,NA,0,6265136,276899,0,NA,11,"Nov",2023
"7260",7260,2024-01-28,NA,NA,0,6265136,276899,0,NA,1,"Jan",2024
"7261",7261,2024-01-29,NA,NA,0,6265136,276899,0,NA,1,"Jan",2024
"7262",7262,2024-01-30,NA,NA,0,6265136,276899,0,NA,1,"Jan",2024
"7263",7263,2024-01-31,NA,NA,0,6265136,276899,0,NA,1,"Jan",2024
"7264",7264,2024-02-01,NA,NA,0,6265136,276899,0,NA,2,"Feb",2024
"7265",7265,2024-02-02,NA,NA,0,6265136,276899,0,NA,2,"Feb",2024
"7266",7266,2024-02-03,NA,NA,0,6265136,276899,0,NA,2,"Feb",2024
"7267",7267,2024-02-04,NA,NA,0,6265136,276899,0,NA,2,"Feb",2024
"7268",7268,2024-02-05,NA,NA,0,6265136,276899,0,NA,2,"Feb",2024
"7269",7269,2024-02-06,NA,NA,0,6265136,276899,0,NA,2,"Feb",2024
"7270",7270,2024-02-07,NA,NA,0,6265136,276899,0,NA,2,"Feb",2024
"7271",7271,2024-02-08,NA,NA,0,6265136,276899,0,NA,2,"Feb",2024
"7272",7272,2024-02-09,NA,NA,0,6265136,276899,0,NA,2,"Feb",2024
"7273",7273,2024-02-10,NA,NA,0,6265136,276899,0,NA,2,"Feb",2024
"7274",7274,2024-02-11,NA,NA,0,6265136,276899,0,NA,2,"Feb",2024
"7275",7275,2024-02-12,43.2078313253012,4,332,6265136,276899,0.119899313468088,1.20481927710843,2,"Feb",2024
"7276",7276,2024-02-13,56.55,70,80,6265136,276899,0.0288914008356838,87.5,2,"Feb",2024
"7277",7277,2024-02-14,53.3985815602837,584,705,6265136,276899,0.254605469864463,82.8368794326241,2,"Feb",2024
"7278",7278,2024-02-15,48.2048192771084,81,166,6265136,276899,0.0599496567340438,48.7951807228916,2,"Feb",2024
"7279",7279,2024-02-16,74.5843137254902,730,765,6265136,276899,0.276274020491226,95.4248366013072,2,"Feb",2024
"7280",7280,2024-02-17,76.7149950347567,998,1007,6265136,276899,0.363670508019169,99.1062562065541,2,"Feb",2024
"7281",7281,2024-02-18,58.4112081513828,1087,1374,6265136,276899,0.496209809352869,79.1120815138282,2,"Feb",2024
"7282",7282,2024-02-19,65.1967467079783,1062,1291,6265136,276899,0.466234980985847,82.2618125484121,2,"Feb",2024
"7283",7283,2024-02-20,43.5714285714286,8,91,6265136,276899,0.0328639684505903,8.79120879120879,2,"Feb",2024
"7284",7284,2024-02-21,46.9132947976879,34,173,6265136,276899,0.0624776543071661,19.6531791907514,2,"Feb",2024
"7285",7285,2024-02-22,53.7414448669202,176,263,6265136,276899,0.0949804802473104,66.9201520912547,2,"Feb",2024
"7286",7286,2024-02-23,52.4958263772955,408,599,6265136,276899,0.216324363757182,68.1135225375626,2,"Feb",2024
"7287",7287,2024-02-24,NA,NA,0,6265136,276899,0,NA,2,"Feb",2024
"7288",7288,2024-02-25,49.8897959183673,358,735,6265136,276899,0.265439745177845,48.7074829931973,2,"Feb",2024
"7289",7289,2024-02-26,64.3993902439024,289,328,6265136,276899,0.118454743426303,88.109756097561,2,"Feb",2024
"7290",7290,2024-02-27,55.6461538461538,378,455,6265136,276899,0.164319842252951,83.0769230769231,2,"Feb",2024
"7291",7291,2024-02-28,51.9049504950495,301,505,6265136,276899,0.182376967775254,59.6039603960396,2,"Feb",2024
"7292",7292,2024-02-29,51.449168207024,319,541,6265136,276899,0.195378098151311,58.9648798521257,2,"Feb",2024
"7293",7293,2024-03-01,71.9213975675792,22780,23269,6265136,276899,8.40342507556907,97.8984915552881,3,"Mar",2024
"7294",7294,2024-03-02,70.3407304083185,14147,15772,6265136,276899,5.69593967475506,89.6969312706061,3,"Mar",2024
"7295",7295,2024-03-03,58.6123762376238,1760,2020,6265136,276899,0.729507871101015,87.1287128712871,3,"Mar",2024
"7296",7296,2024-03-04,69.0111717659007,52587,55139,6265136,276899,19.9130368834846,95.3716969839859,3,"Mar",2024
"7297",7297,2024-03-05,60.0622509960159,42098,46184,6265136,276899,16.6790057024402,91.1527801836134,3,"Mar",2024
"7298",7298,2024-03-06,71.497986561869,80497,87661,6265136,276899,31.6581136082109,91.8276086286946,3,"Mar",2024
"7299",7299,2024-03-07,65.1507320082076,70651,79439,6265136,276899,28.6887998873235,88.9374236835811,3,"Mar",2024
"7300",7300,2024-03-08,71.3189769591079,136268,142399,6265136,276899,51.4263323450067,95.6944922366028,3,"Mar",2024
"7301",7301,2024-03-09,70.0727214852286,107866,116238,6265136,276899,41.9784831292276,92.7975360897469,3,"Mar",2024
"7302",7302,2024-03-10,70.6182485892575,127880,133972,6265136,276899,48.3829844094778,95.4527811781566,3,"Mar",2024
"7303",7303,2024-03-11,52.647,3142,5000,6265136,276899,1.80571255223024,62.84,3,"Mar",2024
"7304",7304,2024-03-12,61.2153412244775,58543,66657,6265136,276899,24.0726763188022,87.8272349490676,3,"Mar",2024
"7305",7305,2024-03-13,57.9632443161314,44625,55420,6265136,276899,20.0145179289199,80.521472392638,3,"Mar",2024
"7306",7306,2024-03-14,63.8924956187387,71981,76462,6265136,276899,27.6136786337257,94.1395725981533,3,"Mar",2024
"7307",7307,2024-03-15,62.6919530718993,60131,67678,6265136,276899,24.4414028219676,88.8486657407134,3,"Mar",2024
"7308",7308,2024-03-16,65.9054643250071,70130,73623,6265136,276899,26.5883950465693,95.255558724855,3,"Mar",2024
"7309",7309,2024-03-17,68.8182752849287,121796,125470,6265136,276899,45.3125507856655,97.071809994421,3,"Mar",2024
"7310",7310,2024-03-18,70.1718034279623,178490,180107,6265136,276899,65.0442941289062,99.1022003586757,3,"Mar",2024
"7311",7311,2024-03-19,71.2222301979515,179911,181105,6265136,276899,65.4047143543314,99.3407139504707,3,"Mar",2024
"7312",7312,2024-03-20,71.398212704455,195715,196498,6265136,276899,70.9637810176274,99.6015226618083,3,"Mar",2024
"7313",7313,2024-03-21,73.2678820442223,224153,224457,6265136,276899,81.0609644671884,99.8645620319259,3,"Mar",2024
"7314",7314,2024-03-22,68.6951856510909,119499,120037,6265136,276899,43.3504635264122,99.5518048601681,3,"Mar",2024
"7315",7315,2024-03-23,68.7687512878632,113532,116472,6265136,276899,42.062990476672,97.4757881722646,3,"Mar",2024
"7316",7316,2024-03-24,68.8345337209815,89945,90804,6265136,276899,32.7931845185429,99.0540064314347,3,"Mar",2024
"7317",7317,2024-03-25,73.4147747598285,192524,192883,6265136,276899,69.6582508423649,99.8138768061467,3,"Mar",2024
"7318",7318,2024-03-26,71.9610614581241,159212,159328,6265136,276899,57.5401139043478,99.927194215706,3,"Mar",2024
"7319",7319,2024-03-27,67.1773654488879,25422,26031,6265136,276899,9.40090068942105,97.660481733318,3,"Mar",2024
"7320",7320,2024-03-28,62.0180753727046,30952,31258,6265136,276899,11.2885925915225,99.0210506110436,3,"Mar",2024
"7321",7321,2024-03-29,68.5051155740811,91768,92365,6265136,276899,33.3569279773491,99.3536512748335,3,"Mar",2024
"7322",7322,2024-03-30,69.8053297536481,80046,80454,6265136,276899,29.0553595354263,99.4928779178164,3,"Mar",2024
"7323",7323,2024-03-31,68.1432906590801,52516,52725,6265136,276899,19.0412388632678,99.6036036036036,3,"Mar",2024
"7324",7324,2024-04-01,70.3432173875961,70260,70349,6265136,276899,25.406014467369,99.8734878960611,4,"Apr",2024
"7325",7325,2024-04-02,72.7342978700194,146594,146668,6265136,276899,52.9680497221008,99.949545913219,4,"Apr",2024
"7326",7326,2024-04-03,68.9439902744987,56623,56758,6265136,276899,20.4977266078967,99.7621480672328,4,"Apr",2024
"7327",7327,2024-04-04,62.736771214162,41430,41576,6265136,276899,15.0148610143049,99.6488358668463,4,"Apr",2024
"7328",7328,2024-04-05,69.0459950802731,68574,68703,6265136,276899,24.8115738951748,99.8122352735688,4,"Apr",2024
"7329",7329,2024-04-06,71.1001295857724,111338,111895,6265136,276899,40.4100412063604,99.5022118950802,4,"Apr",2024
"7330",7330,2024-04-07,73.2117577363586,156920,156986,6265136,276899,56.6943181448831,99.9579580344744,4,"Apr",2024
"7331",7331,2024-04-08,72.5190004790037,99724,100208,6265136,276899,36.1893686867775,99.5170046303688,4,"Apr",2024
"7332",7332,2024-04-09,65.7524934252965,19905,20153,6265136,276899,7.27810501301919,98.7694139830298,4,"Apr",2024
"7333",7333,2024-04-10,69.7014298435741,59413,59517,6265136,276899,21.4941187942174,99.8252600097451,4,"Apr",2024
"7334",7334,2024-04-11,71.7232276237263,134378,134551,6265136,276899,48.5920859230261,99.8714242183261,4,"Apr",2024
"7335",7335,2024-04-12,73.9590372862084,211061,211070,6265136,276899,76.2263496798472,99.9957360117497,4,"Apr",2024
"7336",7336,2024-04-13,73.7439240105109,97564,97803,6265136,276899,35.3208209491547,99.7556312178563,4,"Apr",2024
"7337",7337,2024-04-14,77.1838435381369,235461,235559,6265136,276899,85.0703686181604,99.9583968347633,4,"Apr",2024
"7338",7338,2024-04-15,76.9098156015943,228165,228310,6265136,276899,82.452446559937,99.9364898602777,4,"Apr",2024
"7339",7339,2024-04-16,76.0380679278579,172134,172271,6265136,276899,62.214381417051,99.92047413668,4,"Apr",2024
"7340",7340,2024-04-17,76.8312313401602,214966,215034,6265136,276899,77.6579185912553,99.9683770938549,4,"Apr",2024
"7341",7341,2024-04-18,72.609177519728,62214,62348,6265136,276899,22.5165132412901,99.7850773080131,4,"Apr",2024
"7342",7342,2024-04-19,71.6397524845303,26597,26665,6265136,276899,9.62986504104385,99.7449840615038,4,"Apr",2024
"7343",7343,2024-04-20,70.2276393403154,8011,8307,6265136,276899,3.00001083427531,96.4367400987119,4,"Apr",2024
"7344",7344,2024-04-21,63.0516593101193,5720,6117,6265136,276899,2.20910873639847,93.5098904691842,4,"Apr",2024
"7345",7345,2024-04-22,72.471464742004,32644,34361,6265136,276899,12.4092178014366,95.0030557899945,4,"Apr",2024
"7346",7346,2024-04-23,75.5865380021975,20571,20933,6265136,276899,7.5597961711671,98.2706730998901,4,"Apr",2024
"7347",7347,2024-04-24,78.9241839677598,104555,104714,6265136,276899,37.8166768388474,99.8481578394484,4,"Apr",2024
"7348",7348,2024-04-25,82.0862032978501,133964,134148,6265136,276899,48.4465454913163,99.8628380594567,4,"Apr",2024
"7349",7349,2024-04-26,82.2980226160996,163813,163954,6265136,276899,59.2107591576712,99.914000268368,4,"Apr",2024
"7350",7350,2024-04-27,73.9512667462528,37533,37695,6265136,276899,13.6132669312637,99.5702347791484,4,"Apr",2024
"7351",7351,2024-04-28,78.5084296058814,35382,36182,6265136,276899,13.0668583129589,97.7889558343928,4,"Apr",2024
"7352",7352,2024-04-29,82.4975766950245,116140,116370,6265136,276899,42.0261539406065,99.8023545587351,4,"Apr",2024
"7353",7353,2024-04-30,84.4506817008614,98477,98797,6265136,276899,35.6797966045381,99.6761035254107,4,"Apr",2024
"7354",7354,2024-05-01,87.7907851170099,35550,35638,6265136,276899,12.8703967872762,99.7530725629946,5,"May",2024
"7355",7355,2024-05-02,85.2629699264258,116132,116481,6265136,276899,42.066240759266,99.7003803195371,5,"May",2024
"7356",7356,2024-05-03,84.268939463237,218190,218644,6265136,276899,78.9616430539655,99.7923565247617,5,"May",2024
"7357",7357,2024-05-04,82.221497255421,128063,128435,6265136,276899,46.3833383291381,99.710359325729,5,"May",2024
"7358",7358,2024-05-05,77.1330748014351,48103,48221,6265136,276899,17.4146529962188,99.7552933369279,5,"May",2024
"7359",7359,2024-05-06,74.4532100335703,95708,95918,6265136,276899,34.6400673169639,99.7810629913051,5,"May",2024
"7360",7360,2024-05-07,73.3576924787617,44717,44966,6265136,276899,16.239134124717,99.4462482764756,5,"May",2024
"7361",7361,2024-05-08,79.9219320132108,68634,69337,6265136,276899,25.0405382467976,98.986111311421,5,"May",2024
"7362",7362,2024-05-09,79.9806316028627,87448,88030,6265136,276899,31.7913751945655,99.3388617516756,5,"May",2024
"7363",7363,2024-05-10,78.9326739071004,39333,40237,6265136,276899,14.5312911928176,97.7533116286005,5,"May",2024
"7364",7364,2024-05-11,52.0555555555556,9,18,6265136,276899,0.00650056518802885,50,5,"May",2024
"7365",7365,2024-05-12,71.7277871807129,75798,77399,6265136,276899,27.9520691660136,97.9314978229693,5,"May",2024
"7366",7366,2024-05-13,76.1660472355903,125523,125922,6265136,276899,45.4757872003871,99.6831371801591,5,"May",2024
"7367",7367,2024-05-14,75.0850973085816,44213,44549,6265136,276899,16.088537697861,99.2457743159218,5,"May",2024
"7368",7368,2024-05-15,79.1347242921013,39984,40260,6265136,276899,14.5395974705579,99.3144560357675,5,"May",2024
"7369",7369,2024-05-16,72.7301989439437,37138,37498,6265136,276899,13.5421218567059,99.0399487972692,5,"May",2024
"7370",7370,2024-05-17,75.4052058380461,40363,40493,6265136,276899,14.6237436754918,99.6789568567407,5,"May",2024
"7371",7371,2024-05-18,72.5325961093099,17133,17272,6265136,276899,6.23765344042413,99.1952292728115,5,"May",2024
"7372",7372,2024-05-19,70.1239556054371,71645,72171,6265136,276899,26.0640161214017,99.2711754028626,5,"May",2024
"7373",7373,2024-05-20,72.5412725053402,25938,26216,6265136,276899,9.46771205385357,98.9395788831248,5,"May",2024
"7374",7374,2024-05-21,70.6063258404615,4830,5027,6265136,276899,1.81546340001228,96.0811617266759,5,"May",2024
"7375",7375,2024-05-22,76.5410945304028,64992,65471,6265136,276899,23.6443613014131,99.2683783659941,5,"May",2024
"7376",7376,2024-05-23,71.2863403825475,61180,61378,6265136,276899,22.1662050061575,99.6774088435596,5,"May",2024
"7377",7377,2024-05-24,70.5501882560282,37214,37449,6265136,276899,13.524425873694,99.3724799060055,5,"May",2024
"7378",7378,2024-05-25,74.0950119232967,50389,50741,6265136,276899,18.3247321225429,99.3062809168128,5,"May",2024
"7379",7379,2024-05-26,72.878761995679,39383,39806,6265136,276899,14.3756387708154,98.9373461287243,5,"May",2024
"7380",7380,2024-05-27,76.3839352706183,97994,98626,6265136,276899,35.6180412352518,99.3591953440269,5,"May",2024
"7381",7381,2024-05-28,62.5188953488372,561,688,6265136,276899,0.24846604718688,81.5406976744186,5,"May",2024
"7382",7382,2024-05-29,85.0404992781674,77224,78273,6265136,276899,28.2677077201434,98.659818839191,5,"May",2024
"7383",7383,2024-05-30,88.1932773109244,10736,10829,6265136,276899,3.91081224562024,99.1411949395143,5,"May",2024
"7384",7384,2024-05-31,70.6041932737335,8349,9396,6265136,276899,3.39329502815106,88.8569604086845,5,"May",2024
"7385",7385,2024-06-01,86.5510490914567,48732,49805,6265136,276899,17.9867027327654,97.845597831543,6,"Jun",2024
"7386",7386,2024-06-02,80.4698216735254,1421,1458,6265136,276899,0.526545780230337,97.4622770919067,6,"Jun",2024
"7387",7387,2024-06-03,81.8303369576919,8821,9289,6265136,276899,3.35465277953333,94.9617827537948,6,"Jun",2024
"7388",7388,2024-06-04,73.93129950132,14437,17045,6265136,276899,6.15567409055287,84.6993253153417,6,"Jun",2024
"7389",7389,2024-06-05,79.8463295648134,24450,25828,6265136,276899,9.32758875980051,94.6647049713489,6,"Jun",2024
"7390",7390,2024-06-06,75.4435633661952,125822,139980,6265136,276899,50.5527286122377,89.885697956851,6,"Jun",2024
"7391",7391,2024-06-07,78.0225041650647,143023,156060,6265136,276899,56.3599001802101,91.6461617326669,6,"Jun",2024
"7392",7392,2024-06-08,73.0587097772277,89972,103424,6265136,276899,37.350803000372,86.9933477722772,6,"Jun",2024
"7393",7393,2024-06-09,65.2880150093809,54175,66625,6265136,276899,24.0611197584679,81.3133208255159,6,"Jun",2024
"7394",7394,2024-06-10,72.8145370583586,140424,160679,6265136,276899,58.0280174359604,87.3941211981653,6,"Jun",2024
"7395",7395,2024-06-11,67.7519268590868,14592,18813,6265136,276899,6.79417404902148,77.5633870196141,6,"Jun",2024
"7396",7396,2024-06-12,76.7018106374953,4801,5302,6265136,276899,1.91477759038494,90.5507355714824,6,"Jun",2024
"7397",7397,2024-06-13,69.1314243263321,23373,29614,6265136,276899,10.6948743043492,78.9255082055784,6,"Jun",2024
"7398",7398,2024-06-14,67.1109262611929,64106,81748,6265136,276899,29.5226779439435,78.419043890982,6,"Jun",2024
"7399",7399,2024-06-15,75.642495750425,44341,50005,6265136,276899,18.0589312348546,88.6731326867313,6,"Jun",2024
"7400",7400,2024-06-16,71.3114306538685,68890,80949,6265136,276899,29.2341250780971,85.1029660650533,6,"Jun",2024
"7401",7401,2024-06-17,72.2473106027601,126310,149197,6265136,276899,53.8813791310189,84.6598792200916,6,"Jun",2024
"7402",7402,2024-06-18,73.4099049798517,168016,201010,6265136,276899,72.5932560247599,83.5858912491916,6,"Jun",2024
"7403",7403,2024-06-19,76.7820895119615,65439,74113,6265136,276899,26.7653548766879,88.2962503204566,6,"Jun",2024
"7404",7404,2024-06-20,68.6398495328237,22695,24723,6265136,276899,8.92852628575762,91.7971120009708,6,"Jun",2024
"7405",7405,2024-06-21,75.7233668254354,120421,143815,6265136,276899,51.9377101397983,83.7332684351424,6,"Jun",2024
"7406",7406,2024-06-22,70.223609714307,166127,214776,6265136,276899,77.5647438235602,77.348958915335,6,"Jun",2024
"7407",7407,2024-06-23,79.0768426511426,102444,119556,6265136,276899,43.1767539788876,85.6870420556057,6,"Jun",2024
"7408",7408,2024-06-24,62.0698494208167,81340,118011,6265136,276899,42.6187888002485,68.9257781054309,6,"Jun",2024
"7409",7409,2024-06-25,62.3789833599271,15263,21935,6265136,276899,7.92166096663404,69.5828584454069,6,"Jun",2024
"7410",7410,2024-06-26,67.5148049506502,5751,6383,6265136,276899,2.30517264417712,90.0986996710011,6,"Jun",2024
"7411",7411,2024-06-27,81.6522998493801,7872,8631,6265136,276899,3.11702100765983,91.2061174834897,6,"Jun",2024
"7412",7412,2024-06-28,48.3910384461723,36787,65078,6265136,276899,23.5024322948079,56.5275515535204,6,"Jun",2024
"7413",7413,2024-06-29,61.0323933154282,141336,201060,6265136,276899,72.6113131502822,70.2954341987466,6,"Jun",2024
"7414",7414,2024-06-30,62.5802725405682,156603,226902,6265136,276899,81.943957905229,69.0179020017452,6,"Jun",2024
"7415",7415,2024-07-01,74.2423831134863,58393,70731,6265136,276899,25.5439709063594,82.5564462541177,7,"Jul",2024
"7416",7416,2024-07-02,56.813154865734,106417,168546,6265136,276899,60.8691255656395,63.1382530585122,7,"Jul",2024
"7417",7417,2024-07-03,61.4318145610961,17981,25108,6265136,276899,9.06756615227935,71.6146248207743,7,"Jul",2024
"7418",7418,2024-07-04,59.4019651559066,41095,62794,6265136,276899,22.6775828009491,65.4441507150365,7,"Jul",2024
"7419",7419,2024-07-05,58.2350914557755,12114,15964,6265136,276899,5.7652790367607,75.8832372838887,7,"Jul",2024
"7420",7420,2024-07-06,40.7920730869625,27522,58232,6265136,276899,21.0300506682942,47.2626734441544,7,"Jul",2024
"7421",7421,2024-07-07,62.6615210843374,4677,5312,6265136,276899,1.9183890154894,88.0459337349398,7,"Jul",2024
"7422",7422,2024-07-08,43.71116438087,12899,25447,6265136,276899,9.18999346332056,50.6896687232287,7,"Jul",2024
"7423",7423,2024-07-09,42.3754976070135,10336,22357,6265136,276899,8.07406310604228,46.231605313772,7,"Jul",2024
"7424",7424,2024-07-10,47.1181821128023,48383,92569,6265136,276899,33.4306010494801,52.2669576208018,7,"Jul",2024
"7425",7425,2024-07-11,57.1475370976153,13057,21093,6265136,276899,7.61757897283847,61.9020528137297,7,"Jul",2024
"7426",7426,2024-07-12,55.491230700045,4638,6671,6265136,276899,2.40918168718558,69.5248088742318,7,"Jul",2024
"7427",7427,2024-07-13,41.4037354304171,3037,7121,6265136,276899,2.5716958168863,42.648504423536,7,"Jul",2024
"7428",7428,2024-07-14,67.0990272373541,3876,5140,6265136,276899,1.85627250369268,75.408560311284,7,"Jul",2024
"7429",7429,2024-07-15,57.9976146002636,77060,123669,6265136,276899,44.6621331243522,62.3114927750689,7,"Jul",2024
"7430",7430,2024-07-16,50.4042896963418,89784,162156,6265136,276899,58.5614249238892,55.3689040183527,7,"Jul",2024
"7431",7431,2024-07-17,55.8950213886005,140740,232133,6265136,276899,83.8330943773722,60.629035940603,7,"Jul",2024
"7432",7432,2024-07-18,54.4961663901127,144530,244678,6265136,276899,88.3636271709179,59.0694708964435,7,"Jul",2024
"7433",7433,2024-07-19,50.8585661107655,56885,101277,6265136,276899,36.5754300304443,56.1677379859198,7,"Jul",2024
"7434",7434,2024-07-20,49.906593205543,104754,191303,6265136,276899,69.0876456758602,54.7581585233896,7,"Jul",2024
"7435",7435,2024-07-21,54.0164773411472,58291,99652,6265136,276899,35.9885734509695,58.4945610725324,7,"Jul",2024
"7436",7436,2024-07-22,65.703426032356,81686,116578,6265136,276899,42.1012715827793,70.0698244951878,7,"Jul",2024
"7437",7437,2024-07-23,38.8193370165746,22919,54300,6265136,276899,19.6100383172204,42.2081031307551,7,"Jul",2024
"7438",7438,2024-07-24,58.3671452748813,24490,36634,6265136,276899,13.2300947276805,66.8504667794945,7,"Jul",2024
"7439",7439,2024-07-25,58.2694351682287,34658,55698,6265136,276899,20.1149155468239,62.2248554705734,7,"Jul",2024
"7440",7440,2024-07-26,59.9839414396666,75447,114207,6265136,276899,41.2450026905117,66.0616249441803,7,"Jul",2024
"7441",7441,2024-07-27,34.1770598623714,11973,32842,6265136,276899,11.8606423280691,36.4563668473296,7,"Jul",2024
"7442",7442,2024-07-28,43.3895984541427,61558,127308,6265136,276899,45.9763307198654,48.3535991453797,7,"Jul",2024
"7443",7443,2024-07-29,49.5232249415105,20776,38041,6265136,276899,13.7382222398781,54.6147577613627,7,"Jul",2024
"7444",7444,2024-07-30,57.0423296190723,97488,154360,6265136,276899,55.7459579124518,63.1562580979528,7,"Jul",2024
"7445",7445,2024-07-31,48.9294594551461,135545,250636,6265136,276899,90.5153142481555,54.0804194130133,7,"Jul",2024
"7446",7446,2024-08-01,49.5378956288918,132356,244263,6265136,276899,88.2137530290828,54.1858570475266,8,"Aug",2024
"7447",7447,2024-08-02,47.7417620088272,122428,233370,6265136,276899,84.279827662794,52.4608990015855,8,"Aug",2024
"7448",7448,2024-08-03,52.9946206027816,56476,96851,6265136,276899,34.9770132792101,58.3122528419944,8,"Aug",2024
"7449",7449,2024-08-04,42.1134868312513,70865,151533,6265136,276899,54.7250080354208,46.7653910369359,8,"Aug",2024
"7450",7450,2024-08-05,49.1178289073586,118283,217052,6265136,276899,78.3867041773354,54.4952361646057,8,"Aug",2024
"7451",7451,2024-08-06,40.0895198838153,41757,93644,6265136,276899,33.8188292482096,44.5912178035966,8,"Aug",2024
"7452",7452,2024-08-07,25.3343915343915,1896,8505,6265136,276899,3.07151705134363,22.2927689594356,8,"Aug",2024
"7453",7453,2024-08-08,31.4213295735191,38385,108516,6265136,276899,39.1897406635632,35.3726639389583,8,"Aug",2024
"7454",7454,2024-08-09,47.3539251468655,112493,217546,6265136,276899,78.5651085774958,51.709983175972,8,"Aug",2024
"7455",7455,2024-08-10,42.4214724626538,78991,166483,6265136,276899,60.1240885665893,47.4468864688887,8,"Aug",2024
"7456",7456,2024-08-11,41.9716275507309,98760,211508,6265136,276899,76.3845300994225,46.6932692853225,8,"Aug",2024
"7457",7457,2024-08-12,40.6855822104394,79925,178037,6265136,276899,64.2967291322829,44.8923538365621,8,"Aug",2024
"7458",7458,2024-08-13,49.3507511737089,33946,63900,6265136,276899,23.0770064175024,53.1236306729264,8,"Aug",2024
"7459",7459,2024-08-14,50.3219951993443,11452,17081,6265136,276899,6.16867522092893,67.0452549616533,8,"Aug",2024
"7460",7460,2024-08-15,34.1974471874536,6107,20213,6265136,276899,7.29977356364595,30.2132291099787,8,"Aug",2024
"7461",7461,2024-08-16,32.9213761985336,10750,35460,6265136,276899,12.8061134204168,30.3158488437676,8,"Aug",2024
"7462",7462,2024-08-17,38.7158950405275,3216,7279,6265136,276899,2.62875633353678,44.1818931171864,8,"Aug",2024
"7463",7463,2024-08-18,49.7349116781158,60516,114128,6265136,276899,41.2164724321865,53.0246740501893,8,"Aug",2024
"7464",7464,2024-08-19,58.8274852215413,25664,36878,6265136,276899,13.3182135002293,69.5916264439503,8,"Aug",2024
"7465",7465,2024-08-20,52.6769952671817,15956,24721,6265136,276899,8.92780400073673,64.5443145503823,8,"Aug",2024
"7466",7466,2024-08-21,51.3958095493922,10650,14891,6265136,276899,5.37777312305209,71.519709891881,8,"Aug",2024
"7467",7467,2024-08-22,33.9134617812681,11832,39601,6265136,276899,14.3016045561739,29.8780333829954,8,"Aug",2024
"7468",7468,2024-08-23,45.5753292912398,58280,119575,6265136,276899,43.1836156865861,48.7392849675936,8,"Aug",2024
"7469",7469,2024-08-24,35.2354570132449,42414,109778,6265136,276899,39.6455025117462,38.6361566069704,8,"Aug",2024
"7470",7470,2024-08-25,31.8076552256074,5575,20744,6265136,276899,7.4915402366928,26.8752410335519,8,"Aug",2024
"7471",7471,2024-08-26,38.4355501100447,39581,88146,6265136,276899,31.8332677257773,44.9039094230027,8,"Aug",2024
"7472",7472,2024-08-27,50.5494036224415,9235,13582,6265136,276899,4.90503757687821,67.9944043587101,8,"Aug",2024
"7473",7473,2024-08-28,44.5283498320665,93109,181024,6265136,276899,65.3754618109852,51.4346164044547,8,"Aug",2024
"7474",7474,2024-08-29,50.9058305830583,17448,31815,6265136,276899,11.489748969841,54.8420556341348,8,"Aug",2024
"7475",7475,2024-08-30,45.5848841774637,22687,50940,6265136,276899,18.3965994821216,44.5367098547311,8,"Aug",2024
"7476",7476,2024-08-31,55.6373799519808,30676,53312,6265136,276899,19.2532295168997,57.5405162064826,8,"Aug",2024
"7477",7477,2024-09-01,46.8993172276754,31111,66933,6265136,276899,24.1723516516853,46.4808091673763,9,"Sep",2024
"7478",7478,2024-09-02,52.9126618043235,43660,76095,6265136,276899,27.481139332392,57.3756488599777,9,"Sep",2024
"7479",7479,2024-09-03,49.0808693975519,80398,150403,6265136,276899,54.3169169986168,53.4550507636151,9,"Sep",2024
"7480",7480,2024-09-04,47.3080293133663,6858,12554,6265136,276899,4.53378307613968,54.628007009718,9,"Sep",2024
"7481",7481,2024-09-05,48.4376060289704,26845,61304,6265136,276899,22.1394804603845,43.7899647657575,9,"Sep",2024
"7482",7482,2024-09-06,46.7843501055355,32734,58748,6265136,276899,21.2164002036844,55.7193436372302,9,"Sep",2024
"7483",7483,2024-09-07,45.6397988865051,81019,151954,6265136,276899,54.8770490323186,53.3181094278532,9,"Sep",2024
"7484",7484,2024-09-08,44.6453359586512,38659,73134,6265136,276899,26.4117963589612,52.8605026389914,9,"Sep",2024
"7485",7485,2024-09-09,54.7334314227226,31868,46896,6265136,276899,16.9361391698778,67.9546229955646,9,"Sep",2024
"7486",7486,2024-09-10,45.3113984111959,48480,83459,6265136,276899,30.1405927793166,58.0884026887454,9,"Sep",2024
"7487",7487,2024-09-11,59.8307027393487,36876,47201,6265136,276899,17.0462876355639,78.1254634435711,9,"Sep",2024
"7488",7488,2024-09-12,54.1477818853974,81113,119020,6265136,276899,42.9831815932885,68.1507309695849,9,"Sep",2024
"7489",7489,2024-09-13,48.4943858203674,50904,94671,6265136,276899,34.1897226064377,53.7693697119498,9,"Sep",2024
"7490",7490,2024-09-14,47.8629376088392,15364,33306,6265136,276899,12.028212452916,46.1298264576953,9,"Sep",2024
"7491",7491,2024-09-15,53.5923176476679,53688,96585,6265136,276899,34.8809493714315,55.586271160118,9,"Sep",2024
"7492",7492,2024-09-16,40.3275312045096,11241,32287,6265136,276899,11.6602082347715,34.8158701644625,9,"Sep",2024
"7493",7493,2024-09-17,47.2595930810524,36304,75445,6265136,276899,27.246396700602,48.1198223871695,9,"Sep",2024
"7494",7494,2024-09-18,38.8698958228654,19624,59706,6265136,276899,21.5623747286917,32.8677184872542,9,"Sep",2024
"7495",7495,2024-09-19,50.5765870307167,16109,29300,6265136,276899,10.5814755560692,54.9795221843003,9,"Sep",2024
"7496",7496,2024-09-20,42.1898455757687,29350,65469,6265136,276899,23.6436390163923,44.8303777360277,9,"Sep",2024
"7497",7497,2024-09-21,51.7113321120126,36059,57315,6265136,276899,20.6988829862152,62.9137224112362,9,"Sep",2024
"7498",7498,2024-09-22,41.3867281475541,23022,44892,6265136,276899,16.2124095789439,51.2830793905373,9,"Sep",2024
"7499",7499,2024-09-23,56.8332355883672,123768,173922,6265136,276899,62.8106277017974,71.1629351088419,9,"Sep",2024
"7500",7500,2024-09-24,51.7708192311412,70776,113753,6265136,276899,41.0810439907692,62.2190183995147,9,"Sep",2024
"7501",7501,2024-09-25,49.1310782241015,51075,87032,6265136,276899,31.4309549691404,58.6853111499219,9,"Sep",2024
"7502",7502,2024-09-26,51.7782483362397,17570,28099,6265136,276899,10.1477434010235,62.528915619773,9,"Sep",2024
"7503",7503,2024-09-27,54.7135961736765,30710,45579,6265136,276899,16.4605144836204,67.3775203492837,9,"Sep",2024
"7504",7504,2024-09-28,52.2994499449945,10892,18180,6265136,276899,6.56557083990914,59.9119911991199,9,"Sep",2024
"7505",7505,2024-09-29,62.2897143479941,82825,100927,6265136,276899,36.4490301517882,82.0642642702151,9,"Sep",2024
"7506",7506,2024-09-30,53.8283938814532,12428,16736,6265136,276899,6.04408105482504,74.2590822179732,9,"Sep",2024
"7507",7507,2024-10-01,68.2171295238717,111763,122572,6265136,276899,44.2659597903929,91.1815096433117,10,"Oct",2024
"7508",7508,2024-10-02,67.408205385543,111928,123553,6265136,276899,44.6202405931405,90.5910823695095,10,"Oct",2024
"7509",7509,2024-10-03,68.7449557023608,73313,78108,6265136,276899,28.2081192059198,93.8610641675629,10,"Oct",2024
"7510",7510,2024-10-04,66.4346701305506,81130,91612,6265136,276899,33.0849876669833,88.5582674758765,10,"Oct",2024
"7511",7511,2024-10-05,68.0980578863015,95906,106070,6265136,276899,38.3063860830122,90.4176487225417,10,"Oct",2024
"7512",7512,2024-10-06,62.6331891838155,34679,40236,6265136,276899,14.5309300503072,86.1889849885675,10,"Oct",2024
"7513",7513,2024-10-07,70.0655125684222,69572,75268,6265136,276899,27.1824744762531,92.4323749800712,10,"Oct",2024
"7514",7514,2024-10-08,73.8837643487792,79446,83021,6265136,276899,29.9824123597413,95.6938605894894,10,"Oct",2024
"7515",7515,2024-10-09,61.2264612463948,21579,27391,6265136,276899,9.89205450362768,78.7813515388266,10,"Oct",2024
"7516",7516,2024-10-10,57.666066201306,3942,4441,6265136,276899,1.6038338888909,88.7637919387525,10,"Oct",2024
"7517",7517,2024-10-11,58.1277108433735,690,830,6265136,276899,0.299748283670219,83.1325301204819,10,"Oct",2024
"7518",7518,2024-10-12,59.4299572509043,4484,6082,6265136,276899,2.19646874853286,73.7257481091746,10,"Oct",2024
"7519",7519,2024-10-13,48.265690376569,519,956,6265136,276899,0.345252239986421,54.2887029288703,10,"Oct",2024
"7520",7520,2024-10-14,29.8850102669405,77,487,6265136,276899,0.175876402587225,15.8110882956879,10,"Oct",2024
"7521",7521,2024-10-15,64.2477962781587,813,1021,6265136,276899,0.368726503165414,79.6278158667973,10,"Oct",2024
"7522",7522,2024-10-16,37.5900826446281,236,605,6265136,276899,0.218491218819859,39.0082644628099,10,"Oct",2024
"7523",7523,2024-10-17,67.2108285479902,984,1219,6265136,276899,0.440232720233731,80.7219031993437,10,"Oct",2024
"7524",7524,2024-10-18,65.5650557620818,1100,1345,6265136,276899,0.485736676549933,81.7843866171004,10,"Oct",2024
"7525",7525,2024-10-19,62.4843304843305,512,702,6265136,276899,0.253522042333125,72.9344729344729,10,"Oct",2024
"7526",7526,2024-10-20,44.7976653696498,98,257,6265136,276899,0.0928136251846341,38.1322957198444,10,"Oct",2024
"7527",7527,2024-10-21,NA,NA,0,6265136,276899,0,NA,10,"Oct",2024
"7528",7528,2024-10-22,57.5968253968254,301,315,6265136,276899,0.113759890790505,95.5555555555556,10,"Oct",2024
"7529",7529,2024-10-23,64.5929487179487,763,936,6265136,276899,0.3380293897775,81.517094017094,10,"Oct",2024
"7530",7530,2024-10-24,61.0975609756098,38,41,6265136,276899,0.0148068429282879,92.6829268292683,10,"Oct",2024
"7531",7531,2024-10-25,31.9235668789809,33,157,6265136,276899,0.0566993741400294,21.0191082802548,10,"Oct",2024
"7532",7532,2024-10-26,56.9788235294118,521,850,6265136,276899,0.30697113387914,61.2941176470588,10,"Oct",2024
"7533",7533,2024-10-27,54.9565217391304,190,253,6265136,276899,0.0913690551428499,75.098814229249,10,"Oct",2024
"7534",7534,2024-10-28,51.0573770491803,211,366,6265136,276899,0.132178158823253,57.6502732240437,10,"Oct",2024
"7535",7535,2024-10-29,53.908203125,347,512,6265136,276899,0.184904965348376,67.7734375,10,"Oct",2024
"7536",7536,2024-10-30,48.982905982906,59,117,6265136,276899,0.0422536737221875,50.4273504273504,10,"Oct",2024
"7537",7537,2024-10-31,NA,NA,0,6265136,276899,0,NA,10,"Oct",2024
"7538",7538,2024-11-01,NA,NA,0,6265136,276899,0,NA,11,"Nov",2024
"7539",7539,2024-11-02,NA,NA,0,6265136,276899,0,NA,11,"Nov",2024
"7540",7540,2024-11-03,NA,NA,0,6265136,276899,0,NA,11,"Nov",2024
"7541",7541,2024-11-04,NA,NA,0,6265136,276899,0,NA,11,"Nov",2024
"7542",7542,2024-11-05,NA,NA,0,6265136,276899,0,NA,11,"Nov",2024
"7543",7543,2024-11-06,NA,NA,0,6265136,276899,0,NA,11,"Nov",2024
"7544",7544,2024-11-07,NA,NA,0,6265136,276899,0,NA,11,"Nov",2024
"7545",7545,2024-11-08,NA,NA,0,6265136,276899,0,NA,11,"Nov",2024
"7546",7546,2024-11-09,NA,NA,0,6265136,276899,0,NA,11,"Nov",2024
"7547",7547,2024-11-10,NA,NA,0,6265136,276899,0,NA,11,"Nov",2024
"7548",7548,2024-11-11,NA,NA,0,6265136,276899,0,NA,11,"Nov",2024
"7549",7549,2024-11-12,NA,NA,0,6265136,276899,0,NA,11,"Nov",2024
"7550",7550,2024-11-13,NA,NA,0,6265136,276899,0,NA,11,"Nov",2024
"7551",7551,2024-11-14,NA,NA,0,6265136,276899,0,NA,11,"Nov",2024
"7552",7552,2024-11-15,NA,NA,0,6265136,276899,0,NA,11,"Nov",2024
"7553",7553,2024-11-16,NA,NA,0,6265136,276899,0,NA,11,"Nov",2024
"7554",7554,2024-11-17,NA,NA,0,6265136,276899,0,NA,11,"Nov",2024
"7555",7555,2024-11-18,NA,NA,0,6265136,276899,0,NA,11,"Nov",2024
"7556",7556,2024-11-19,NA,NA,0,6265136,276899,0,NA,11,"Nov",2024
"7557",7557,2024-11-20,NA,NA,0,6265136,276899,0,NA,11,"Nov",2024
"7558",7558,2024-11-21,NA,NA,0,6265136,276899,0,NA,11,"Nov",2024
"7559",7559,2024-11-22,NA,NA,0,6265136,276899,0,NA,11,"Nov",2024
"7560",7560,2024-11-23,NA,NA,0,6265136,276899,0,NA,11,"Nov",2024
"7561",7561,2025-01-20,NA,NA,0,6265136,276899,0,NA,1,"Jan",2025
"7562",7562,2025-01-21,NA,NA,0,6265136,276899,0,NA,1,"Jan",2025
"7563",7563,2025-01-23,NA,NA,0,6265136,276899,0,NA,1,"Jan",2025
"7564",7564,2025-01-24,NA,NA,0,6265136,276899,0,NA,1,"Jan",2025
"7565",7565,2025-01-25,NA,NA,0,6265136,276899,0,NA,1,"Jan",2025
"7566",7566,2025-01-26,NA,NA,0,6265136,276899,0,NA,1,"Jan",2025
"7567",7567,2025-01-27,NA,NA,0,6265136,276899,0,NA,1,"Jan",2025
"7568",7568,2025-01-28,NA,NA,0,6265136,276899,0,NA,1,"Jan",2025
"7569",7569,2025-01-29,NA,NA,0,6265136,276899,0,NA,1,"Jan",2025
"7570",7570,2025-01-30,NA,NA,0,6265136,276899,0,NA,1,"Jan",2025
"7571",7571,2025-01-31,NA,NA,0,6265136,276899,0,NA,1,"Jan",2025
"7572",7572,2025-02-01,NA,NA,0,6265136,276899,0,NA,2,"Feb",2025
"7573",7573,2025-02-02,NA,NA,0,6265136,276899,0,NA,2,"Feb",2025
"7574",7574,2025-02-03,NA,NA,0,6265136,276899,0,NA,2,"Feb",2025
"7575",7575,2025-02-04,NA,NA,0,6265136,276899,0,NA,2,"Feb",2025
"7576",7576,2025-02-05,NA,NA,0,6265136,276899,0,NA,2,"Feb",2025
"7577",7577,2025-02-06,NA,NA,0,6265136,276899,0,NA,2,"Feb",2025
"7578",7578,2025-02-07,NA,NA,0,6265136,276899,0,NA,2,"Feb",2025
"7579",7579,2025-02-08,NA,NA,0,6265136,276899,0,NA,2,"Feb",2025
"7580",7580,2025-02-09,NA,NA,0,6265136,276899,0,NA,2,"Feb",2025
"7581",7581,2025-02-10,NA,NA,0,6265136,276899,0,NA,2,"Feb",2025
"7582",7582,2025-02-11,69.3009009009009,503,555,6265136,276899,0.200434093297556,90.6306306306306,2,"Feb",2025
"7583",7583,2025-02-12,62.4748908296943,704,916,6265136,276899,0.330806539568579,76.8558951965066,2,"Feb",2025
"7584",7584,2025-02-13,58.7046332046332,366,518,6265136,276899,0.187071820411052,70.6563706563707,2,"Feb",2025
"7585",7585,2025-02-14,54.4744525547445,692,959,6265136,276899,0.346335667517759,72.1584984358707,2,"Feb",2025
"7586",7586,2025-02-15,61.6082224909311,595,827,6265136,276899,0.298664856138881,71.9467956469166,2,"Feb",2025
"7587",7587,2025-02-16,62.4873949579832,298,357,6265136,276899,0.128927876229239,83.4733893557423,2,"Feb",2025
"7588",7588,2025-02-17,71.253164556962,483,553,6265136,276899,0.199711808276664,87.3417721518987,2,"Feb",2025
"7589",7589,2025-02-18,75.3630084420568,1275,1303,6265136,276899,0.470568691111199,97.8511128165771,2,"Feb",2025
"7590",7590,2025-02-19,NA,NA,0,6265136,276899,0,NA,2,"Feb",2025
"7591",7591,2025-02-20,0,0,26,6265136,276899,0.00938970527159723,0,2,"Feb",2025
"7592",7592,2025-02-21,55.3893188854489,877,1292,6265136,276899,0.466596123496293,67.8792569659443,2,"Feb",2025
"7593",7593,2025-02-22,58.7096774193548,429,527,6265136,276899,0.190322103005067,81.404174573055,2,"Feb",2025
"7594",7594,2025-02-23,66.8504672897196,603,749,6265136,276899,0.270495740324089,80.5073431241656,2,"Feb",2025
"7595",7595,2025-02-24,50.4684684684685,68,111,6265136,276899,0.0400868186595112,61.2612612612613,2,"Feb",2025
"7596",7596,2025-02-25,55.5360281195079,389,569,6265136,276899,0.205490088443801,68.3655536028119,2,"Feb",2025
"7597",7597,2025-02-26,56.9318181818182,38,44,6265136,276899,0.0158902704596261,86.3636363636364,2,"Feb",2025
"7598",7598,2025-02-27,56.32,220,275,6265136,276899,0.099314190372663,80,2,"Feb",2025
"7599",7599,2025-02-28,39.3106060606061,131,396,6265136,276899,0.143012434136635,33.0808080808081,2,"Feb",2025
"7600",7600,2025-03-01,63.3484650555193,5182,6124,6265136,276899,2.21163673397159,84.6178967994775,3,"Mar",2025
"7601",7601,2025-03-02,61.6168574401665,16504,19220,6265136,276899,6.94115905077303,85.8688865764828,3,"Mar",2025
"7602",7602,2025-03-03,56.561412467104,20250,25459,6265136,276899,9.19432717344591,79.5396519894733,3,"Mar",2025
"7603",7603,2025-03-04,69.6883873732324,32664,35005,6265136,276899,12.6417935781639,93.3123839451507,3,"Mar",2025
"7604",7604,2025-03-05,68.3358453962095,50413,53608,6265136,276899,19.3601276999917,94.0400686464707,3,"Mar",2025
"7605",7605,2025-03-06,70.3365513216448,38913,41123,6265136,276899,14.8512634570728,94.6258784621745,3,"Mar",2025
"7606",7606,2025-03-07,67.1305714916152,50416,54384,6265136,276899,19.6403742880978,92.7037363930568,3,"Mar",2025
"7607",7607,2025-03-08,70.0861628454246,56969,59492,6265136,276899,21.4850902314562,95.7590936596517,3,"Mar",2025
"7608",7608,2025-03-09,59.8370073949265,36088,42732,6265136,276899,15.4323417563805,84.451932977628,3,"Mar",2025
"7609",7609,2025-03-10,71.6837216789408,121499,124245,6265136,276899,44.8701512103691,97.7898506982172,3,"Mar",2025
"7610",7610,2025-03-11,71.2222438903318,108727,112813,6265136,276899,40.7415700309499,96.3780769946726,3,"Mar",2025
"7611",7611,2025-03-12,70.8453411846207,43391,46192,6265136,276899,16.6818948425238,93.9361794250087,3,"Mar",2025
"7612",7612,2025-03-13,65.4949279151416,65228,66935,6265136,276899,24.1730739367062,97.4497646970942,3,"Mar",2025
"7613",7613,2025-03-14,70.3064653339005,106620,108146,6265136,276899,39.0561179346982,98.5889445749265,3,"Mar",2025
"7614",7614,2025-03-15,65.7099548101671,81256,84311,6265136,276899,30.4482861982167,96.3765107755809,3,"Mar",2025
"7615",7615,2025-03-16,66.5777765206692,69159,70709,6265136,276899,25.5360257711295,97.8079169554088,3,"Mar",2025
"7616",7616,2025-03-17,70.5855864214713,160346,161667,6265136,276899,58.3848262362811,99.1828882827046,3,"Mar",2025
"7617",7617,2025-03-18,68.1280392574451,111564,112692,6265136,276899,40.6978717871859,98.9990416356086,3,"Mar",2025
"7618",7618,2025-03-19,69.6477486890545,100407,102407,6265136,276899,36.9835210672483,98.047008505278,3,"Mar",2025
"7619",7619,2025-03-20,61.7365163877749,27994,28924,6265136,276899,10.4456859721415,96.7846770847739,3,"Mar",2025
"7620",7620,2025-03-21,70.58900042661,113448,114859,6265136,276899,41.4804676073225,98.7715372761386,3,"Mar",2025
"7621",7621,2025-03-22,68.5552150233275,101810,102454,6265136,276899,37.0004947652393,99.371425224979,3,"Mar",2025
"7622",7622,2025-03-23,63.9864155376877,25036,27237,6265136,276899,9.83643855701898,91.9190806623343,3,"Mar",2025
"7623",7623,2025-03-24,70.1508513589732,63729,65601,6265136,276899,23.6913098277711,97.1463849636439,3,"Mar",2025
"7624",7624,2025-03-25,68.3715367510067,82732,83195,6265136,276899,30.0452511565589,99.4434761704429,3,"Mar",2025
"7625",7625,2025-03-26,62.9996073523277,38611,40749,6265136,276899,14.716196158166,94.7532454784166,3,"Mar",2025
"7626",7626,2025-03-27,60.9062031867084,26826,29372,6265136,276899,10.6074778168213,91.3318807027101,3,"Mar",2025
"7627",7627,2025-03-28,68.3944067040214,58249,60501,6265136,276899,21.8494830244963,96.2777474752483,3,"Mar",2025
"7628",7628,2025-03-29,67.0887502391052,173635,177746,6265136,276899,64.1916366617431,97.6871490778977,3,"Mar",2025
"7629",7629,2025-03-30,73.8857969889183,175005,175153,6265136,276899,63.2551941321565,99.9155024464325,3,"Mar",2025
"7630",7630,2025-03-31,66.2957335151803,67129,67456,6265136,276899,24.3612291846486,99.5152395635674,3,"Mar",2025
"7631",7631,2025-04-01,66.4827519520391,40860,41367,6265136,276899,14.9393822296216,98.7743853796504,4,"Apr",2025
"7632",7632,2025-04-02,70.5032709597252,54414,54724,6265136,276899,19.7631627416495,99.4335209414516,4,"Apr",2025
"7633",7633,2025-04-03,70.999576788246,141328,141773,6265136,276899,51.2002571334674,99.6861179491158,4,"Apr",2025
"7634",7634,2025-04-04,72.4589753564603,177026,177369,6265136,276899,64.0554859353049,99.8066178419002,4,"Apr",2025
"7635",7635,2025-04-05,69.7849663954722,84401,84810,6265136,276899,30.6284963109293,99.5177455488739,4,"Apr",2025
"7636",7636,2025-04-06,69.0054644808743,36312,37332,6265136,276899,13.4821721999718,97.2677595628415,4,"Apr",2025
"7637",7637,2025-04-07,64.3863219613791,44005,44173,6265136,276899,15.9527481139332,99.6196771783669,4,"Apr",2025
"7638",7638,2025-04-08,64.4831841605642,43526,44244,6265136,276899,15.9783892321749,98.377181086701,4,"Apr",2025
"7639",7639,2025-04-09,72.6402363544931,103005,103404,6265136,276899,37.3435801501631,99.6141348497157,4,"Apr",2025
"7640",7640,2025-04-10,70.4286685359844,93969,94152,6265136,276899,34.0022896435162,99.805633443793,4,"Apr",2025
"7641",7641,2025-04-11,70.265468495584,80081,81068,6265136,276899,29.2771010368401,98.7825035772438,4,"Apr",2025
"7642",7642,2025-04-12,65.5220106258194,57701,57972,6265136,276899,20.9361536155782,99.5325329469399,4,"Apr",2025
"7643",7643,2025-04-13,69.4231348312996,69149,69739,6265136,276899,25.1857175359969,99.1539884426218,4,"Apr",2025
"7644",7644,2025-04-14,70.9280354574083,76628,77163,6265136,276899,27.8668395335483,99.3066625196014,4,"Apr",2025
"7645",7645,2025-04-15,73.0063593779505,164043,164167,6265136,276899,59.2876825123962,99.9244671584423,4,"Apr",2025
"7646",7646,2025-04-16,76.2611210736391,224614,224731,6265136,276899,81.1599175150506,99.9479377566958,4,"Apr",2025
"7647",7647,2025-04-17,77.1034447711843,147516,147586,6265136,276899,53.2995785466903,99.9525700269673,4,"Apr",2025
"7648",7648,2025-04-18,75.5539569581958,57924,58176,6265136,276899,21.0098266877092,99.5668316831683,4,"Apr",2025
"7649",7649,2025-04-19,69.5803090662347,22821,22843,6265136,276899,8.24957836611905,99.9036904084402,4,"Apr",2025
"7650",7650,2025-04-20,69.1996962377397,54606,54648,6265136,276899,19.7357159108556,99.9231444883619,4,"Apr",2025
"7651",7651,2025-04-21,72.0489493094535,92316,92463,6265136,276899,33.3923199433729,99.8410174880763,4,"Apr",2025
"7652",7652,2025-04-22,71.8697411262343,93561,93675,6265136,276899,33.8300246660335,99.8783026421137,4,"Apr",2025
"7653",7653,2025-04-23,72.9910073825855,76296,76396,6265136,276899,27.5898432280362,99.8691030944028,4,"Apr",2025
"7654",7654,2025-04-24,71.6473385732763,50226,50255,6265136,276899,18.1492168624661,99.9422942990747,4,"Apr",2025
"7655",7655,2025-04-25,66.9246294747228,46457,46623,6265136,276899,16.8375472645261,99.6439525556056,4,"Apr",2025
"7656",7656,2025-04-26,70.8896362139458,143229,143326,6265136,276899,51.7611114521901,99.9323221188061,4,"Apr",2025
"7657",7657,2025-04-27,74.3639004314769,200668,200706,6265136,276899,72.4834687015843,99.9810668340757,4,"Apr",2025
"7658",7658,2025-04-28,74.8986999687082,105385,105459,6265136,276899,38.0857280091297,99.9298305502612,4,"Apr",2025
"7659",7659,2025-04-29,76.2869143033292,116698,116784,6265136,276899,42.1756669399312,99.9263597753117,4,"Apr",2025
"7660",7660,2025-04-30,74.1205660032472,92815,93003,6265136,276899,33.5873368990137,99.7978559831403,4,"Apr",2025
"7661",7661,2025-05-01,69.6098117632279,47438,47759,6265136,276899,17.2478051563928,99.327875374275,5,"May",2025
"7662",7662,2025-05-02,70.3248737347277,47623,47717,6265136,276899,17.232637170954,99.803005218266,5,"May",2025
"7663",7663,2025-05-03,74.8105623043673,107098,107344,6265136,276899,38.7664816413205,99.7708302280519,5,"May",2025
"7664",7664,2025-05-04,77.4596721212442,132298,132427,6265136,276899,47.8250192308387,99.9025878408482,5,"May",2025
"7665",7665,2025-05-05,78.7893708426664,146801,146879,6265136,276899,53.044250791805,99.9468950632834,5,"May",2025
"7666",7666,2025-05-06,79.1067093127046,201554,201660,6265136,276899,72.8279986565499,99.9474362788852,5,"May",2025
"7667",7667,2025-05-07,81.8587971375935,159505,159586,6265136,276899,57.6332886720429,99.9492436679909,5,"May",2025
"7668",7668,2025-05-08,79.8681012765417,94338,94474,6265136,276899,34.1185775318799,99.8560450494316,5,"May",2025
"7669",7669,2025-05-09,79.8536250043507,57155,57462,6265136,276899,20.7519709352508,99.4657338763009,5,"May",2025
"7670",7670,2025-05-10,82.752626173024,42415,42838,6265136,276899,15.4706228624878,99.0125589429945,5,"May",2025
"7671",7671,2025-05-11,77.6659017020463,30695,31374,6265136,276899,11.3304851227343,97.8357875948237,5,"May",2025
"7672",7672,2025-05-12,79.0338132011313,30966,31467,6265136,276899,11.3640713762058,98.4078558489847,5,"May",2025
"7673",7673,2025-05-13,78.8276908280143,113447,114370,6265136,276899,41.3038689197144,99.1929701844889,5,"May",2025
"7674",7674,2025-05-14,78.2778556178276,29713,29976,6265136,276899,10.8256078931307,99.1226314384841,5,"May",2025
"7675",7675,2025-05-15,75.8887102388569,59903,60329,6265136,276899,21.7873665126996,99.2938719355534,5,"May",2025
"7676",7676,2025-05-16,75.9196452681097,69877,70363,6265136,276899,25.4110704625152,99.3092960789051,5,"May",2025
"7677",7677,2025-05-17,74.2509153407755,177318,178622,6265136,276899,64.5079975008938,99.2699667454177,5,"May",2025
"7678",7678,2025-05-18,76.7710396810565,31792,32106,6265136,276899,11.5948414403808,99.0219896592537,5,"May",2025
"7679",7679,2025-05-19,78.0304331354969,62352,63352,6265136,276899,22.879100321778,98.4215178684177,5,"May",2025
"7680",7680,2025-05-20,77.9035765802419,26746,27037,6265136,276899,9.76421005492977,98.9236971557495,5,"May",2025
"7681",7681,2025-05-21,74.2333857406521,72678,73145,6265136,276899,26.4157689265761,99.36154214232,5,"May",2025
"7682",7682,2025-05-22,67.5897039737964,15924,16181,6265136,276899,5.84364696152749,98.4117174463877,5,"May",2025
"7683",7683,2025-05-23,74.7494975126878,78632,79604,6265136,276899,28.7483884015471,98.7789558313653,5,"May",2025
"7684",7684,2025-05-24,77.5857901642454,125534,126518,6265136,276899,45.691028136613,99.2222450560395,5,"May",2025
"7685",7685,2025-05-25,77.5899980897803,128917,130875,6265136,276899,47.2645260546264,98.5039159503343,5,"May",2025
"7686",7686,2025-05-26,69.3677521842732,3357,3777,6265136,276899,1.36403526195472,88.880063542494,5,"May",2025
"7687",7687,2025-05-27,74.7377654204525,59845,60423,6265136,276899,21.8213139086815,99.0434106217831,5,"May",2025
"7688",7688,2025-05-28,73.8121610707281,16685,17334,6265136,276899,6.26004427607178,96.2559132341064,5,"May",2025
"7689",7689,2025-05-29,78.3760502684354,82153,83074,6265136,276899,30.0015529127949,98.8913498808291,5,"May",2025
"7690",7690,2025-05-30,75.7179328116053,41034,41912,6265136,276899,15.1362048978147,97.9051345676656,5,"May",2025
"7691",7691,2025-05-31,71.6066808704916,12416,13142,6265136,276899,4.74613487228195,94.4757266778268,5,"May",2025
"7692",7692,2025-06-01,75.4311454893624,65015,66321,6265136,276899,23.9513324352923,98.0307896443057,6,"Jun",2025
"7693",7693,2025-06-02,79.7287977455349,104089,105036,6265136,276899,37.932964727211,99.0984043566015,6,"Jun",2025
"7694",7694,2025-06-03,78.5814017335373,173409,178479,6265136,276899,64.4563541219,97.1593296690367,6,"Jun",2025
"7695",7695,2025-06-04,79.5851291796385,23911,24733,6265136,276899,8.93213771086208,96.6765050741924,6,"Jun",2025
"7696",7696,2025-06-05,70.2303995606206,6524,7283,6265136,276899,2.63020090357856,89.5784704105451,6,"Jun",2025
"7697",7697,2025-06-06,67.2469084913438,2265,2426,6265136,276899,0.87613173034211,93.363561417972,6,"Jun",2025
"7698",7698,2025-06-07,68.160542236164,8638,8926,6265136,276899,3.22355804824142,96.7734707595788,6,"Jun",2025
"7699",7699,2025-06-08,78.5140734068903,39699,39969,6265136,276899,14.4345050000181,99.3244764692637,6,"Jun",2025
"7700",7700,2025-06-09,66.3424514512424,4731,4789,6265136,276899,1.72951148252612,98.7888912090207,6,"Jun",2025
"7701",7701,2025-06-10,75.0438034188034,14828,14976,6265136,276899,5.40847023644,99.0117521367521,6,"Jun",2025
"7702",7702,2025-06-11,72.8748048440862,23034,23699,6265136,276899,8.55871635506087,97.1939744293008,6,"Jun",2025
"7703",7703,2025-06-12,71.2565256190972,51614,53788,6265136,276899,19.425133351872,95.9582062913661,6,"Jun",2025
"7704",7704,2025-06-13,75.5327259535902,78039,84077,6265136,276899,30.3637788507723,92.8184878147412,6,"Jun",2025
"7705",7705,2025-06-14,75.7893989435521,85698,92953,6265136,276899,33.5692797734914,92.1949802588405,6,"Jun",2025
"7706",7706,2025-06-15,70.9579955013862,17755,19117,6265136,276899,6.90396137219708,92.8754511691165,6,"Jun",2025
"7707",7707,2025-06-16,71.3183021974089,36339,41913,6265136,276899,15.1365660403252,86.7010235487796,6,"Jun",2025
"7708",7708,2025-06-17,70.1523351176153,18488,20363,6265136,276899,7.35394494021286,90.7921229681285,6,"Jun",2025
"7709",7709,2025-06-18,74.4349882231709,49549,54344,6265136,276899,19.62592858768,91.1765788311497,6,"Jun",2025
"7710",7710,2025-06-19,70.893623107998,97767,115354,6265136,276899,41.6592331499933,84.7538880316244,6,"Jun",2025
"7711",7711,2025-06-20,77.3125239665619,165494,182546,6265136,276899,65.9251207118841,90.6587928522126,6,"Jun",2025
"7712",7712,2025-06-21,74.0704268230805,43491,49271,6265136,276899,17.7938526321872,88.2689614580585,6,"Jun",2025
"7713",7713,2025-06-22,75.1836468351917,64498,70494,6265136,276899,25.4583801313836,91.4943115726161,6,"Jun",2025
"7714",7714,2025-06-23,76.279052553664,6204,6755,6265136,276899,2.43951765806305,91.8430792005922,6,"Jun",2025
"7715",7715,2025-06-24,64.7376338729763,15993,20075,6265136,276899,7.2499358972044,79.6662515566625,6,"Jun",2025
"7716",7716,2025-06-25,75.341008854441,36085,39867,6265136,276899,14.3976684639526,90.5134572453408,6,"Jun",2025
"7717",7717,2025-06-26,73.2528345323741,16439,17375,6265136,276899,6.27485111900007,94.6129496402878,6,"Jun",2025
"7718",7718,2025-06-27,74.3468080124316,162351,187908,6265136,276899,67.8615668528958,86.3991953509164,6,"Jun",2025
"7719",7719,2025-06-28,76.4304435570074,201973,233882,6265136,276899,84.4647326281424,86.3567953070352,6,"Jun",2025
"7720",7720,2025-06-29,72.7115740799877,129587,156574,6265136,276899,56.5455274305794,82.7640604442628,6,"Jun",2025
"7721",7721,2025-06-30,80.0426672369429,128990,144959,6265136,276899,52.3508571717485,88.9837816210101,6,"Jun",2025
"7722",7722,2025-07-01,67.641749305831,39962,50420,6265136,276899,18.2088053766897,79.2582308607695,7,"Jul",2025
"7723",7723,2025-07-02,62.2182869900548,6990,9854,6265136,276899,3.55869829793535,70.9356606454232,7,"Jul",2025
"7724",7724,2025-07-03,75.4134135254214,59803,71495,6265136,276899,25.8198837843401,83.646408839779,7,"Jul",2025
"7725",7725,2025-07-04,78.948,4261,4750,6265136,276899,1.71542692461872,89.7052631578947,7,"Jul",2025
"7726",7726,2025-07-05,79.0125986178215,56050,65404,6265136,276899,23.6201647532133,85.6981224389946,7,"Jul",2025
"7727",7727,2025-07-06,80.607417875235,72678,83501,6265136,276899,30.1557607647554,87.0384785810948,7,"Jul",2025
"7728",7728,2025-07-07,78.5954636906093,98747,116306,6265136,276899,42.003040819938,84.9027565215896,7,"Jul",2025
"7729",7729,2025-07-08,78.038034552979,77348,91338,6265136,276899,32.986034619121,84.6832643587554,7,"Jul",2025
"7730",7730,2025-07-09,64.0759089093088,28615,40048,6265136,276899,14.4630352583433,71.4517578905314,7,"Jul",2025
"7731",7731,2025-07-10,80.4039035910259,50691,57588,6265136,276899,20.797474891567,88.0235465722025,7,"Jul",2025
"7732",7732,2025-07-11,77.4197562474396,49910,58584,6265136,276899,21.1571728319712,85.1939095998908,7,"Jul",2025
"7733",7733,2025-07-12,68.0757546854881,93093,125814,6265136,276899,45.436783809259,73.9925604463732,7,"Jul",2025
"7734",7734,2025-07-13,69.4983037562308,123146,163302,6265136,276899,58.9752942408604,75.4099766077574,7,"Jul",2025
"7735",7735,2025-07-14,70.3996414887457,124438,162338,6265136,276899,58.6271528607904,76.653648560411,7,"Jul",2025
"7736",7736,2025-07-15,55.7319149580774,83575,132029,6265136,276899,47.6812845116812,63.3004870142166,7,"Jul",2025
"7737",7737,2025-07-16,54.5034053353297,34755,54767,6265136,276899,19.7786918695987,63.4597476582614,7,"Jul",2025
"7738",7738,2025-07-17,68.7008230833256,24707,32439,6265136,276899,11.7151018963593,76.1644933567619,7,"Jul",2025
"7739",7739,2025-07-18,52.1222691253795,16243,27006,6265136,276899,9.75301463710595,60.145893505147,7,"Jul",2025
"7740",7740,2025-07-19,55.2045186996287,28074,44172,6265136,276899,15.9523869714228,63.5560988861722,7,"Jul",2025
"7741",7741,2025-07-20,36.7901183309114,3902,9634,6265136,276899,3.47924694563722,40.5023873780361,7,"Jul",2025
"7742",7742,2025-07-21,49.743201186702,19400,34381,6265136,276899,12.4164406516455,56.4265146447166,7,"Jul",2025
"7743",7743,2025-07-22,62.8572280045596,95832,134221,6265136,276899,48.4729088945789,71.398663398425,7,"Jul",2025
"7744",7744,2025-07-23,56.8628133459902,17427,28443,6265136,276899,10.2719764246169,61.2699082375277,7,"Jul",2025
"7745",7745,2025-07-24,51.2853160714839,36373,64574,6265136,276899,23.320416469543,56.3276241211633,7,"Jul",2025
"7746",7746,2025-07-25,66.1377717391304,13833,18400,6265136,276899,6.64502219220727,75.179347826087,7,"Jul",2025
"7747",7747,2025-07-26,55.678730424763,11740,19093,6265136,276899,6.89529395194638,61.4885036400775,7,"Jul",2025
"7748",7748,2025-07-27,35.6763174457859,6909,17477,6265136,276899,6.31168765506556,39.5319562854037,7,"Jul",2025
"7749",7749,2025-07-28,30.1233713069312,14283,42749,6265136,276899,15.4384811790581,33.4113078668507,7,"Jul",2025
"7750",7750,2025-07-29,54.7853884387554,8865,14687,6265136,276899,5.30410005092109,60.3595016000545,7,"Jul",2025
"7751",7751,2025-07-30,54.8951957358184,34220,56658,6265136,276899,20.4616123568521,60.397472554626,7,"Jul",2025
"7752",7752,2025-07-31,60.7578822450576,24816,37077,6265136,276899,13.3900808598081,66.9309814709928,7,"Jul",2025
"7753",7753,2025-08-01,39.1688276051314,6161,14577,6265136,276899,5.26437437477203,42.2652123207793,8,"Aug",2025
"7754",7754,2025-08-02,57.9691863995143,9753,13176,6265136,276899,4.75841371763712,74.0209471766849,8,"Aug",2025
"7755",7755,2025-08-03,57.0500291657011,80084,125147,6265136,276899,45.1959017547915,63.9919454721248,8,"Aug",2025
"7756",7756,2025-08-04,49.8011281949978,98609,182238,6265136,276899,65.8138888186667,54.1100099869402,8,"Aug",2025
"7757",7757,2025-08-05,34.3915854137648,10019,27999,6265136,276899,10.1116291499789,35.7834208364584,8,"Aug",2025
"7758",7758,2025-08-06,36.9109525252185,37660,89121,6265136,276899,32.1853816734622,42.2571560013914,8,"Aug",2025
"7759",7759,2025-08-07,45.5772420443587,2994,5185,6265136,276899,1.87252391666275,57.7434908389585,8,"Aug",2025
"7760",7760,2025-08-08,40.1591386554622,13037,30464,6265136,276899,11.0018454382284,42.7947741596639,8,"Aug",2025
"7761",7761,2025-08-09,52.4274071618037,85591,150800,6265136,276899,54.4602905752639,56.7579575596817,8,"Aug",2025
"7762",7762,2025-08-10,42.09770610171,62992,134618,6265136,276899,48.616282471226,46.7931480188385,8,"Aug",2025
"7763",7763,2025-08-11,43.7807147807148,44126,90909,6265136,276899,32.8311044821397,48.5386485386485,8,"Aug",2025
"7764",7764,2025-08-12,60.0813630115822,62583,93851,6265136,276899,33.893585747872,66.6833597937156,8,"Aug",2025
"7765",7765,2025-08-13,60.7432979749277,7710,10370,6265136,276899,3.74504783332551,74.3490838958534,8,"Aug",2025
"7766",7766,2025-08-14,33.1719651855245,3264,10915,6265136,276899,3.9418705015186,29.9038021071919,8,"Aug",2025
"7767",7767,2025-08-15,38.3175090177868,9024,24119,6265136,276899,8.71039620944821,37.4144865044156,8,"Aug",2025
"7768",7768,2025-08-16,60.0283515906247,43197,64723,6265136,276899,23.3742267035995,66.7413438808461,8,"Aug",2025
"7769",7769,2025-08-17,50.2930244399185,4220,7856,6265136,276899,2.83713556206415,53.7169042769857,8,"Aug",2025
"7770",7770,2025-08-18,41.6848305860071,29629,62303,6265136,276899,22.5002618283201,47.556297449561,8,"Aug",2025
"7771",7771,2025-08-19,40.4206936519258,10444,22432,6265136,276899,8.10114879432573,46.5584878744651,8,"Aug",2025
"7772",7772,2025-08-20,43.8791019449158,19937,38305,6265136,276899,13.8335638626358,52.0480355045033,8,"Aug",2025
"7773",7773,2025-08-21,45.6188388832159,19484,40151,6265136,276899,14.5002329369192,48.5268112873901,8,"Aug",2025
"7774",7774,2025-08-22,31.1649972446433,8975,30849,6265136,276899,11.1408853047501,29.0933255535025,8,"Aug",2025
"7775",7775,2025-08-23,41.1361367739195,4133,9417,6265136,276899,3.40087902087043,43.8887119040034,8,"Aug",2025
"7776",7776,2025-08-24,52.9419015364042,41419,68797,6265136,276899,24.8455212911567,60.2046600869224,8,"Aug",2025
"7777",7777,2025-08-25,47.9373964058274,48441,91704,6265136,276899,33.1182127779443,52.8232138183722,8,"Aug",2025
"7778",7778,2025-08-26,63.3091225847323,22809,31570,6265136,276899,11.4012690547817,72.2489705416535,8,"Aug",2025
"7779",7779,2025-08-27,31.7625030200532,4026,16556,6265136,276899,5.97907540294476,24.3174679874366,8,"Aug",2025
"7780",7780,2025-08-28,49.1004004929144,87581,162300,6265136,276899,58.6134294453935,53.962415280345,8,"Aug",2025
"7781",7781,2025-08-29,59.0795165837191,74225,114932,6265136,276899,41.5068310105851,64.5816656805763,8,"Aug",2025
"7782",7782,2025-08-30,56.4593291982302,118080,192337,6265136,276899,69.4610670316614,61.3922438220415,8,"Aug",2025
"7783",7783,2025-08-31,48.8808532155261,79397,150302,6265136,276899,54.2804416050618,52.8249790421951,8,"Aug",2025
"7784",7784,2025-09-01,33.9544406255115,23599,67209,6265136,276899,24.2720269845684,35.1128569090449,9,"Sep",2025
"7785",7785,2025-09-02,29.0785911378023,7281,30805,6265136,276899,11.1249950342905,23.6357734134069,9,"Sep",2025
"7786",7786,2025-09-03,50.8925851167044,46440,89671,6265136,276899,32.3840100542075,51.7893187318085,9,"Sep",2025
"7787",7787,2025-09-04,43.5471799295857,19081,42889,6265136,276899,15.4890411305205,44.489262981184,9,"Sep",2025
"7788",7788,2025-09-05,35.0458620241653,1545,7697,6265136,276899,2.77971390290322,20.0727556190724,9,"Sep",2025
"7789",7789,2025-09-06,32.1306294613887,3154,15410,6265136,276899,5.56520608597359,20.4672290720311,9,"Sep",2025
"7790",7790,2025-09-07,33.1101834673263,1965,9702,6265136,276899,3.50380463634755,20.2535559678417,9,"Sep",2025
"7791",7791,2025-09-08,47.6214087972931,9884,16255,6265136,276899,5.8703715073005,60.8059058751154,9,"Sep",2025
"7792",7792,2025-09-09,37.8073342034931,31643,80445,6265136,276899,29.0521092528323,39.3349493442725,9,"Sep",2025
"7793",7793,2025-09-10,46.6604516216095,20296,44462,6265136,276899,16.0571182994521,45.6479690522244,9,"Sep",2025
"7794",7794,2025-09-11,46.0400811770675,31702,65043,6265136,276899,23.4897923069422,48.7400642651784,9,"Sep",2025
"7795",7795,2025-09-12,33.4849254869135,22244,66901,6265136,276899,24.160795091351,33.2491293104737,9,"Sep",2025
"7796",7796,2025-09-13,33.1468836488431,12543,45165,6265136,276899,16.3110014842957,27.7715044835603,9,"Sep",2025
"7797",7797,2025-09-14,38.7360763888889,26112,57600,6265136,276899,20.8018086016923,45.3333333333333,9,"Sep",2025
"7798",7798,2025-09-15,53.1046955975501,26156,38206,6265136,276899,13.7978107541017,68.4604512380254,9,"Sep",2025
"7799",7799,2025-09-16,56.0646608171818,22420,30544,6265136,276899,11.0307368390641,73.4023048716605,9,"Sep",2025
"7800",7800,2025-09-17,57.9294670978037,87052,119065,6265136,276899,42.9994330062586,73.1130055011968,9,"Sep",2025
"7801",7801,2025-09-18,52.814263174503,63174,95070,6265136,276899,34.3338184681057,66.4499842221521,9,"Sep",2025
"7802",7802,2025-09-19,58.4537848316554,92115,124061,6265136,276899,44.8037009884471,74.2497642288874,9,"Sep",2025
"7803",7803,2025-09-20,62.300786511078,81705,97265,6265136,276899,35.1265262785348,84.0024674857348,9,"Sep",2025
"7804",7804,2025-09-21,59.4857985317126,63753,83090,6265136,276899,30.0073311929621,76.72764472259,9,"Sep",2025
"7805",7805,2025-09-22,69.5243375204336,167098,185968,6265136,276899,67.1609503826305,89.8530930052482,9,"Sep",2025
"7806",7806,2025-09-23,63.9877210319379,80019,95122,6265136,276899,34.3525978786489,84.1224953217973,9,"Sep",2025
"7807",7807,2025-09-24,63.2715023487075,66333,72806,6265136,276899,26.2933416155349,91.1092492377002,9,"Sep",2025
"7808",7808,2025-09-25,68.0553748033871,85999,92822,6265136,276899,33.521970104623,92.6493719161406,9,"Sep",2025
"7809",7809,2025-09-26,61.4686705463586,42123,53097,6265136,276899,19.1755838771538,79.3321656590768,9,"Sep",2025
"7810",7810,2025-09-27,54.1846590909091,17747,29568,6265136,276899,10.6782617488687,60.0209686147186,9,"Sep",2025
"7811",7811,2025-09-28,54.6097865694951,55853,96050,6265136,276899,34.6877381283428,58.1499219156689,9,"Sep",2025
"7812",7812,2025-09-29,55.2909916017544,49774,72277,6265136,276899,26.1022972275089,68.865614234127,9,"Sep",2025
"7813",7813,2025-09-30,61.8509773202029,110417,134040,6265136,276899,48.4075421001882,82.3761563712325,9,"Sep",2025
"7814",7814,2025-10-01,54.4122044241037,20559,26220,6265136,276899,9.46915662389535,78.4096109839817,10,"Oct",2025
"7815",7815,2025-10-02,54.136733819117,9841,13998,6265136,276899,5.05527286122377,70.3029004143449,10,"Oct",2025
"7816",7816,2025-10-03,53.8269509038661,30620,49067,6265136,276899,17.7201795600562,62.4044673609554,10,"Oct",2025
"7817",7817,2025-10-04,61.6117513469112,33188,41391,6265136,276899,14.9480496498723,80.181682008166,10,"Oct",2025
"7818",7818,2025-10-05,53.5627796812425,64302,110617,6265136,276899,39.9485010780104,58.1303054684181,10,"Oct",2025
"7819",7819,2025-10-06,47.3784898686555,15023,30302,6265136,276899,10.9433403515361,49.5775856379117,10,"Oct",2025
"7820",7820,2025-10-07,46.7627780607913,8780,17667,6265136,276899,6.38030473205031,49.6971755249901,10,"Oct",2025
"7821",7821,2025-10-08,43.2125367792556,27332,58117,6265136,276899,20.9885192795929,47.0292685444878,10,"Oct",2025
"7822",7822,2025-10-09,43.4670536920044,29472,64423,6265136,276899,23.2658839504657,45.7476367135961,10,"Oct",2025
"7823",7823,2025-10-10,54.1757054041129,20002,31365,6265136,276899,11.3272348401403,63.7717200701419,10,"Oct",2025
"7824",7824,2025-10-11,60.4256513026052,14392,19960,6265136,276899,7.2084045085031,72.1042084168337,10,"Oct",2025
"7825",7825,2025-10-12,61.5658164346782,10269,14153,6265136,276899,5.1112499503429,72.557055041334,10,"Oct",2025
"7826",7826,2025-10-13,27.5714285714286,15,49,6265136,276899,0.0176959830118563,30.6122448979592,10,"Oct",2025
"7827",7827,2025-10-14,17.3216783216783,39,429,6265136,276899,0.154930136981354,9.09090909090909,10,"Oct",2025
"7828",7828,2025-10-15,50.703216374269,391,684,6265136,276899,0.247021477145096,57.1637426900585,10,"Oct",2025
"7829",7829,2025-10-16,35.3025018953753,472,1319,6265136,276899,0.476346971278336,35.7846853677028,10,"Oct",2025
"7830",7830,2025-10-17,60.4188640973631,649,986,6265136,276899,0.356086515299802,65.8215010141988,10,"Oct",2025
"7831",7831,2025-10-18,71.1038759689922,575,645,6265136,276899,0.2329369192377,89.1472868217054,10,"Oct",2025
"7832",7832,2025-10-19,50.6959064327485,536,855,6265136,276899,0.30877684643137,62.6900584795322,10,"Oct",2025
"7833",7833,2025-10-20,57.2222222222222,147,207,6265136,276899,0.0747564996623317,71.0144927536232,10,"Oct",2025
"7834",7834,2025-10-21,51.4786516853933,237,445,6265136,276899,0.160708417148491,53.2584269662921,10,"Oct",2025
"7835",7835,2025-10-22,67.2955665024631,1258,1421,6265136,276899,0.513183507343833,88.5292047853624,10,"Oct",2025
"7836",7836,2025-10-23,47.4576271186441,131,236,6265136,276899,0.0852296324652671,55.5084745762712,10,"Oct",2025
"7837",7837,2025-10-24,NA,NA,0,6265136,276899,0,NA,10,"Oct",2025
"7838",7838,2025-10-25,59.6496815286624,425,471,6265136,276899,0.170098122420088,90.2335456475584,10,"Oct",2025
"7839",7839,2025-10-26,45.4421052631579,28,95,6265136,276899,0.0343085384923745,29.4736842105263,10,"Oct",2025
"7840",7840,2025-10-27,56.0060975609756,230,328,6265136,276899,0.118454743426303,70.1219512195122,10,"Oct",2025
"7841",7841,2025-10-28,51.11,186,300,6265136,276899,0.108342753133814,62,10,"Oct",2025
"7842",7842,2025-10-29,51.7863070539419,342,482,6265136,276899,0.174070690034995,70.954356846473,10,"Oct",2025
"7843",7843,2025-10-30,NA,NA,0,6265136,276899,0,NA,10,"Oct",2025
"7844",7844,2025-10-31,NA,NA,0,6265136,276899,0,NA,10,"Oct",2025
"7845",7845,2025-11-01,NA,NA,0,6265136,276899,0,NA,11,"Nov",2025
"7846",7846,2025-11-02,NA,NA,0,6265136,276899,0,NA,11,"Nov",2025
"7847",7847,2025-11-03,NA,NA,0,6265136,276899,0,NA,11,"Nov",2025
"7848",7848,2025-11-04,NA,NA,0,6265136,276899,0,NA,11,"Nov",2025
"7849",7849,2025-11-05,NA,NA,0,6265136,276899,0,NA,11,"Nov",2025
"7850",7850,2025-11-06,NA,NA,0,6265136,276899,0,NA,11,"Nov",2025
"7851",7851,2025-11-07,NA,NA,0,6265136,276899,0,NA,11,"Nov",2025
"7852",7852,2025-11-08,NA,NA,0,6265136,276899,0,NA,11,"Nov",2025
"7853",7853,2025-11-09,NA,NA,0,6265136,276899,0,NA,11,"Nov",2025
"7854",7854,2025-11-10,NA,NA,0,6265136,276899,0,NA,11,"Nov",2025
"7855",7855,2025-11-11,NA,NA,0,6265136,276899,0,NA,11,"Nov",2025
"7856",7856,2025-11-12,NA,NA,0,6265136,276899,0,NA,11,"Nov",2025
"7857",7857,2025-11-13,NA,NA,0,6265136,276899,0,NA,11,"Nov",2025
"7858",7858,2025-11-14,NA,NA,0,6265136,276899,0,NA,11,"Nov",2025
"7859",7859,2025-11-15,NA,NA,0,6265136,276899,0,NA,11,"Nov",2025
"7860",7860,2025-11-16,NA,NA,0,6265136,276899,0,NA,11,"Nov",2025
"7861",7861,2025-11-17,NA,NA,0,6265136,276899,0,NA,11,"Nov",2025
"7862",7862,2025-11-18,NA,NA,0,6265136,276899,0,NA,11,"Nov",2025
"7863",7863,2025-11-19,NA,NA,0,6265136,276899,0,NA,11,"Nov",2025
"7864",7864,2025-11-20,NA,NA,0,6265136,276899,0,NA,11,"Nov",2025
"7865",7865,2025-12-07,NA,NA,0,6265136,276899,0,NA,12,"Dec",2025
